// 4.26.1 0x70bc0893 D2 R0 FRGB565 U565 N0 SExtFlashSection
// Generated by imageconverter. Please, do not edit!

#include <touchgfx/hal/Config.hpp>

LOCATION_PRAGMA("ExtFlashSection")
KEEP extern const unsigned char image_light_theme_images_bars_240x240_bottom_dark[] LOCATION_ATTRIBUTE("ExtFlashSection") = { // 240x50 RGB565 pixels.
    0x29, 0x01, 0x29, 0x01, 0x29, 0x01, 0x29, 0x01, 0x29, 0x01, 0x29, 0x01,
    0x29, 0x01, 0x29, 0x01, 0x29, 0x01, 0x29, 0x01, 0x29, 0x01, 0x29, 0x01,
    0x29, 0x01, 0x29, 0x01, 0x29, 0x01, 0x29, 0x01, 0x29, 0x01, 0x29, 0x01,
    0x29, 0x01, 0x29, 0x01, 0x29, 0x01, 0x29, 0x01, 0x29, 0x01, 0x29, 0x01,
    0x29, 0x01, 0x29, 0x01, 0x29, 0x01, 0x29, 0x01, 0x29, 0x01, 0x29, 0x01,
    0x29, 0x01, 0x29, 0x01, 0x29, 0x01, 0x29, 0x01, 0x29, 0x01, 0x29, 0x01,
    0x29, 0x01, 0x29, 0x01, 0x29, 0x01, 0x29, 0x01, 0x29, 0x01, 0x29, 0x01,
    0x29, 0x01, 0x29, 0x01, 0x29, 0x01, 0x29, 0x01, 0x29, 0x01, 0x29, 0x01,
    0x29, 0x01, 0x29, 0x01, 0x29, 0x01, 0x29, 0x01, 0x29, 0x01, 0x29, 0x01,
    0x29, 0x01, 0x29, 0x01, 0x29, 0x01, 0x29, 0x01, 0x29, 0x01, 0x29, 0x01,
    0x29, 0x01, 0x29, 0x01, 0x29, 0x01, 0x29, 0x01, 0x29, 0x01, 0x29, 0x01,
    0x29, 0x01, 0x29, 0x01, 0x29, 0x01, 0x29, 0x01, 0x29, 0x01, 0x29, 0x01,
    0x29, 0x01, 0x29, 0x01, 0x29, 0x01, 0x29, 0x01, 0x29, 0x01, 0x29, 0x01,
    0x29, 0x01, 0x29, 0x01, 0x29, 0x01, 0x29, 0x01, 0x29, 0x01, 0x29, 0x01,
    0x29, 0x01, 0x29, 0x01, 0x29, 0x01, 0x29, 0x01, 0x29, 0x01, 0x29, 0x01,
    0x29, 0x01, 0x29, 0x01, 0x29, 0x01, 0x29, 0x01, 0x29, 0x01, 0x29, 0x01,
    0x29, 0x01, 0x29, 0x01, 0x29, 0x01, 0x29, 0x01, 0x29, 0x01, 0x29, 0x01,
    0x29, 0x01, 0x29, 0x01, 0x29, 0x01, 0x29, 0x01, 0x29, 0x01, 0x29, 0x01,
    0x29, 0x01, 0x29, 0x01, 0x29, 0x01, 0x29, 0x01, 0x29, 0x01, 0x29, 0x01,
    0x29, 0x01, 0x29, 0x01, 0x29, 0x01, 0x29, 0x01, 0x29, 0x01, 0x29, 0x01,
    0x29, 0x01, 0x29, 0x01, 0x29, 0x01, 0x29, 0x01, 0x29, 0x01, 0x29, 0x01,
    0x29, 0x01, 0x29, 0x01, 0x29, 0x01, 0x29, 0x01, 0x29, 0x01, 0x29, 0x01,
    0x29, 0x01, 0x29, 0x01, 0x29, 0x01, 0x29, 0x01, 0x29, 0x01, 0x29, 0x01,
    0x29, 0x01, 0x29, 0x01, 0x29, 0x01, 0x29, 0x01, 0x29, 0x01, 0x29, 0x01,
    0x29, 0x01, 0x29, 0x01, 0x29, 0x01, 0x29, 0x01, 0x29, 0x01, 0x29, 0x01,
    0x29, 0x01, 0x29, 0x01, 0x29, 0x01, 0x29, 0x01, 0x29, 0x01, 0x29, 0x01,
    0x29, 0x01, 0x29, 0x01, 0x29, 0x01, 0x29, 0x01, 0x29, 0x01, 0x29, 0x01,
    0x29, 0x01, 0x29, 0x01, 0x29, 0x01, 0x29, 0x01, 0x29, 0x01, 0x29, 0x01,
    0x29, 0x01, 0x29, 0x01, 0x29, 0x01, 0x29, 0x01, 0x29, 0x01, 0x29, 0x01,
    0x29, 0x01, 0x29, 0x01, 0x29, 0x01, 0x29, 0x01, 0x29, 0x01, 0x29, 0x01,
    0x29, 0x01, 0x29, 0x01, 0x29, 0x01, 0x29, 0x01, 0x29, 0x01, 0x29, 0x01,
    0x29, 0x01, 0x29, 0x01, 0x29, 0x01, 0x29, 0x01, 0x29, 0x01, 0x29, 0x01,
    0x29, 0x01, 0x29, 0x01, 0x29, 0x01, 0x29, 0x01, 0x29, 0x01, 0x29, 0x01,
    0x29, 0x01, 0x29, 0x01, 0x29, 0x01, 0x29, 0x01, 0x29, 0x01, 0x29, 0x01,
    0x29, 0x01, 0x29, 0x01, 0x29, 0x01, 0x29, 0x01, 0x29, 0x01, 0x29, 0x01,
    0x29, 0x01, 0x29, 0x01, 0x29, 0x01, 0x29, 0x01, 0x29, 0x01, 0x29, 0x01,
    0x29, 0x01, 0x29, 0x01, 0x29, 0x01, 0x29, 0x01, 0x29, 0x01, 0x29, 0x01,
    0x29, 0x01, 0x29, 0x01, 0x29, 0x01, 0x29, 0x01, 0x29, 0x01, 0x29, 0x01,
    0x29, 0x01, 0x29, 0x01, 0x29, 0x01, 0x29, 0x01, 0x29, 0x01, 0x29, 0x01,
    0x29, 0x01, 0x29, 0x01, 0x29, 0x01, 0x29, 0x01, 0x29, 0x01, 0x29, 0x01,
    0x29, 0x01, 0x0a, 0x09, 0x2a, 0x09, 0x09, 0x01, 0x2a, 0x09, 0x0a, 0x09,
    0x29, 0x01, 0x0a, 0x09, 0x2a, 0x09, 0x09, 0x01, 0x2a, 0x09, 0x0a, 0x09,
    0x29, 0x01, 0x0a, 0x09, 0x2a, 0x09, 0x09, 0x01, 0x2a, 0x09, 0x0a, 0x09,
    0x29, 0x01, 0x0a, 0x09, 0x2a, 0x09, 0x09, 0x01, 0x2a, 0x09, 0x0a, 0x09,
    0x29, 0x01, 0x0a, 0x09, 0x2a, 0x09, 0x09, 0x01, 0x2a, 0x09, 0x0a, 0x09,
    0x29, 0x01, 0x0a, 0x09, 0x2a, 0x09, 0x09, 0x01, 0x2a, 0x09, 0x0a, 0x09,
    0x29, 0x01, 0x0a, 0x09, 0x2a, 0x09, 0x09, 0x01, 0x2a, 0x09, 0x0a, 0x09,
    0x29, 0x01, 0x0a, 0x09, 0x2a, 0x09, 0x09, 0x01, 0x2a, 0x09, 0x0a, 0x09,
    0x29, 0x01, 0x0a, 0x09, 0x2a, 0x09, 0x09, 0x01, 0x2a, 0x09, 0x0a, 0x09,
    0x29, 0x01, 0x0a, 0x09, 0x2a, 0x09, 0x09, 0x01, 0x2a, 0x09, 0x0a, 0x09,
    0x29, 0x01, 0x0a, 0x09, 0x2a, 0x09, 0x09, 0x01, 0x2a, 0x09, 0x0a, 0x09,
    0x29, 0x01, 0x0a, 0x09, 0x2a, 0x09, 0x09, 0x01, 0x2a, 0x09, 0x0a, 0x09,
    0x29, 0x01, 0x0a, 0x09, 0x2a, 0x09, 0x09, 0x01, 0x2a, 0x09, 0x0a, 0x09,
    0x29, 0x01, 0x0a, 0x09, 0x2a, 0x09, 0x09, 0x01, 0x2a, 0x09, 0x0a, 0x09,
    0x29, 0x01, 0x0a, 0x09, 0x2a, 0x09, 0x09, 0x01, 0x2a, 0x09, 0x0a, 0x09,
    0x29, 0x01, 0x0a, 0x09, 0x2a, 0x09, 0x09, 0x01, 0x2a, 0x09, 0x0a, 0x09,
    0x29, 0x01, 0x0a, 0x09, 0x2a, 0x09, 0x09, 0x01, 0x2a, 0x09, 0x0a, 0x09,
    0x29, 0x01, 0x0a, 0x09, 0x2a, 0x09, 0x09, 0x01, 0x2a, 0x09, 0x0a, 0x09,
    0x29, 0x01, 0x0a, 0x09, 0x2a, 0x09, 0x09, 0x01, 0x2a, 0x09, 0x0a, 0x09,
    0x29, 0x01, 0x0a, 0x09, 0x2a, 0x09, 0x09, 0x01, 0x2a, 0x09, 0x0a, 0x09,
    0x29, 0x01, 0x0a, 0x09, 0x2a, 0x09, 0x09, 0x01, 0x2a, 0x09, 0x0a, 0x09,
    0x29, 0x01, 0x0a, 0x09, 0x2a, 0x09, 0x09, 0x01, 0x2a, 0x09, 0x0a, 0x09,
    0x29, 0x01, 0x0a, 0x09, 0x2a, 0x09, 0x09, 0x01, 0x2a, 0x09, 0x0a, 0x09,
    0x29, 0x01, 0x0a, 0x09, 0x2a, 0x09, 0x09, 0x01, 0x2a, 0x09, 0x0a, 0x09,
    0x29, 0x01, 0x0a, 0x09, 0x2a, 0x09, 0x09, 0x01, 0x2a, 0x09, 0x0a, 0x09,
    0x29, 0x01, 0x0a, 0x09, 0x2a, 0x09, 0x09, 0x01, 0x2a, 0x09, 0x0a, 0x09,
    0x29, 0x01, 0x0a, 0x09, 0x2a, 0x09, 0x09, 0x01, 0x2a, 0x09, 0x0a, 0x09,
    0x29, 0x01, 0x0a, 0x09, 0x2a, 0x09, 0x09, 0x01, 0x2a, 0x09, 0x0a, 0x09,
    0x29, 0x01, 0x0a, 0x09, 0x2a, 0x09, 0x09, 0x01, 0x2a, 0x09, 0x0a, 0x09,
    0x29, 0x01, 0x0a, 0x09, 0x2a, 0x09, 0x09, 0x01, 0x2a, 0x09, 0x0a, 0x09,
    0x29, 0x01, 0x0a, 0x09, 0x2a, 0x09, 0x09, 0x01, 0x2a, 0x09, 0x0a, 0x09,
    0x29, 0x01, 0x0a, 0x09, 0x2a, 0x09, 0x09, 0x01, 0x2a, 0x09, 0x0a, 0x09,
    0x29, 0x01, 0x0a, 0x09, 0x2a, 0x09, 0x09, 0x01, 0x2a, 0x09, 0x0a, 0x09,
    0x29, 0x01, 0x0a, 0x09, 0x2a, 0x09, 0x09, 0x01, 0x2a, 0x09, 0x0a, 0x09,
    0x29, 0x01, 0x0a, 0x09, 0x2a, 0x09, 0x09, 0x01, 0x2a, 0x09, 0x0a, 0x09,
    0x29, 0x01, 0x0a, 0x09, 0x2a, 0x09, 0x09, 0x01, 0x2a, 0x09, 0x0a, 0x09,
    0x29, 0x01, 0x0a, 0x09, 0x2a, 0x09, 0x09, 0x01, 0x2a, 0x09, 0x0a, 0x09,
    0x29, 0x01, 0x0a, 0x09, 0x2a, 0x09, 0x09, 0x01, 0x2a, 0x09, 0x0a, 0x09,
    0x29, 0x01, 0x0a, 0x09, 0x2a, 0x09, 0x09, 0x01, 0x2a, 0x09, 0x0a, 0x09,
    0x29, 0x01, 0x0a, 0x09, 0x2a, 0x09, 0x09, 0x01, 0x2a, 0x09, 0x29, 0x01,
    0x29, 0x01, 0x29, 0x01, 0x0a, 0x09, 0x29, 0x01, 0x29, 0x01, 0x2a, 0x09,
    0x09, 0x01, 0x29, 0x01, 0x2a, 0x09, 0x29, 0x01, 0x09, 0x01, 0x2a, 0x09,
    0x29, 0x01, 0x29, 0x01, 0x0a, 0x09, 0x29, 0x01, 0x29, 0x01, 0x2a, 0x09,
    0x09, 0x01, 0x29, 0x01, 0x2a, 0x09, 0x29, 0x01, 0x09, 0x01, 0x2a, 0x09,
    0x29, 0x01, 0x29, 0x01, 0x0a, 0x09, 0x29, 0x01, 0x29, 0x01, 0x2a, 0x09,
    0x09, 0x01, 0x29, 0x01, 0x2a, 0x09, 0x29, 0x01, 0x09, 0x01, 0x2a, 0x09,
    0x29, 0x01, 0x29, 0x01, 0x0a, 0x09, 0x29, 0x01, 0x29, 0x01, 0x2a, 0x09,
    0x09, 0x01, 0x29, 0x01, 0x2a, 0x09, 0x29, 0x01, 0x09, 0x01, 0x2a, 0x09,
    0x29, 0x01, 0x29, 0x01, 0x0a, 0x09, 0x29, 0x01, 0x29, 0x01, 0x2a, 0x09,
    0x09, 0x01, 0x29, 0x01, 0x2a, 0x09, 0x29, 0x01, 0x09, 0x01, 0x2a, 0x09,
    0x29, 0x01, 0x29, 0x01, 0x0a, 0x09, 0x29, 0x01, 0x29, 0x01, 0x2a, 0x09,
    0x09, 0x01, 0x29, 0x01, 0x2a, 0x09, 0x29, 0x01, 0x09, 0x01, 0x2a, 0x09,
    0x29, 0x01, 0x29, 0x01, 0x0a, 0x09, 0x29, 0x01, 0x29, 0x01, 0x2a, 0x09,
    0x09, 0x01, 0x29, 0x01, 0x2a, 0x09, 0x29, 0x01, 0x09, 0x01, 0x2a, 0x09,
    0x29, 0x01, 0x29, 0x01, 0x0a, 0x09, 0x29, 0x01, 0x29, 0x01, 0x2a, 0x09,
    0x09, 0x01, 0x29, 0x01, 0x2a, 0x09, 0x29, 0x01, 0x09, 0x01, 0x2a, 0x09,
    0x29, 0x01, 0x29, 0x01, 0x0a, 0x09, 0x29, 0x01, 0x29, 0x01, 0x2a, 0x09,
    0x09, 0x01, 0x29, 0x01, 0x2a, 0x09, 0x29, 0x01, 0x09, 0x01, 0x2a, 0x09,
    0x29, 0x01, 0x29, 0x01, 0x0a, 0x09, 0x29, 0x01, 0x29, 0x01, 0x2a, 0x09,
    0x09, 0x01, 0x29, 0x01, 0x2a, 0x09, 0x29, 0x01, 0x09, 0x01, 0x2a, 0x09,
    0x29, 0x01, 0x29, 0x01, 0x0a, 0x09, 0x29, 0x01, 0x29, 0x01, 0x2a, 0x09,
    0x09, 0x01, 0x29, 0x01, 0x2a, 0x09, 0x29, 0x01, 0x09, 0x01, 0x2a, 0x09,
    0x29, 0x01, 0x29, 0x01, 0x0a, 0x09, 0x29, 0x01, 0x29, 0x01, 0x2a, 0x09,
    0x09, 0x01, 0x29, 0x01, 0x2a, 0x09, 0x29, 0x01, 0x09, 0x01, 0x2a, 0x09,
    0x29, 0x01, 0x29, 0x01, 0x0a, 0x09, 0x29, 0x01, 0x29, 0x01, 0x2a, 0x09,
    0x09, 0x01, 0x29, 0x01, 0x2a, 0x09, 0x29, 0x01, 0x09, 0x01, 0x2a, 0x09,
    0x29, 0x01, 0x29, 0x01, 0x0a, 0x09, 0x29, 0x01, 0x29, 0x01, 0x2a, 0x09,
    0x09, 0x01, 0x29, 0x01, 0x2a, 0x09, 0x29, 0x01, 0x09, 0x01, 0x2a, 0x09,
    0x29, 0x01, 0x29, 0x01, 0x0a, 0x09, 0x29, 0x01, 0x29, 0x01, 0x2a, 0x09,
    0x09, 0x01, 0x29, 0x01, 0x2a, 0x09, 0x29, 0x01, 0x09, 0x01, 0x2a, 0x09,
    0x29, 0x01, 0x29, 0x01, 0x0a, 0x09, 0x29, 0x01, 0x29, 0x01, 0x2a, 0x09,
    0x09, 0x01, 0x29, 0x01, 0x2a, 0x09, 0x29, 0x01, 0x09, 0x01, 0x2a, 0x09,
    0x29, 0x01, 0x29, 0x01, 0x0a, 0x09, 0x29, 0x01, 0x29, 0x01, 0x2a, 0x09,
    0x09, 0x01, 0x29, 0x01, 0x2a, 0x09, 0x29, 0x01, 0x09, 0x01, 0x2a, 0x09,
    0x29, 0x01, 0x29, 0x01, 0x0a, 0x09, 0x29, 0x01, 0x29, 0x01, 0x2a, 0x09,
    0x09, 0x01, 0x29, 0x01, 0x2a, 0x09, 0x29, 0x01, 0x09, 0x01, 0x2a, 0x09,
    0x29, 0x01, 0x29, 0x01, 0x0a, 0x09, 0x29, 0x01, 0x29, 0x01, 0x2a, 0x09,
    0x09, 0x01, 0x29, 0x01, 0x2a, 0x09, 0x29, 0x01, 0x09, 0x01, 0x2a, 0x09,
    0x29, 0x01, 0x29, 0x01, 0x0a, 0x09, 0x29, 0x01, 0x29, 0x01, 0x2a, 0x09,
    0x09, 0x01, 0x29, 0x01, 0x2a, 0x09, 0x29, 0x01, 0x0a, 0x09, 0x29, 0x01,
    0x29, 0x01, 0x29, 0x01, 0x2a, 0x09, 0x29, 0x01, 0x29, 0x01, 0x29, 0x01,
    0x2a, 0x09, 0x29, 0x01, 0x29, 0x01, 0x2a, 0x09, 0x29, 0x01, 0x29, 0x01,
    0x2a, 0x09, 0x29, 0x01, 0x29, 0x01, 0x2a, 0x09, 0x29, 0x01, 0x29, 0x01,
    0x2a, 0x09, 0x29, 0x01, 0x29, 0x01, 0x2a, 0x09, 0x29, 0x01, 0x29, 0x01,
    0x2a, 0x09, 0x29, 0x01, 0x29, 0x01, 0x2a, 0x09, 0x29, 0x01, 0x29, 0x01,
    0x2a, 0x09, 0x29, 0x01, 0x29, 0x01, 0x2a, 0x09, 0x29, 0x01, 0x29, 0x01,
    0x2a, 0x09, 0x29, 0x01, 0x29, 0x01, 0x2a, 0x09, 0x29, 0x01, 0x29, 0x01,
    0x2a, 0x09, 0x29, 0x01, 0x29, 0x01, 0x2a, 0x09, 0x29, 0x01, 0x29, 0x01,
    0x2a, 0x09, 0x29, 0x01, 0x29, 0x01, 0x2a, 0x09, 0x29, 0x01, 0x29, 0x01,
    0x2a, 0x09, 0x29, 0x01, 0x29, 0x01, 0x2a, 0x09, 0x29, 0x01, 0x29, 0x01,
    0x2a, 0x09, 0x29, 0x01, 0x29, 0x01, 0x2a, 0x09, 0x29, 0x01, 0x29, 0x01,
    0x2a, 0x09, 0x29, 0x01, 0x29, 0x01, 0x2a, 0x09, 0x29, 0x01, 0x29, 0x01,
    0x2a, 0x09, 0x29, 0x01, 0x29, 0x01, 0x2a, 0x09, 0x29, 0x01, 0x29, 0x01,
    0x2a, 0x09, 0x29, 0x01, 0x29, 0x01, 0x2a, 0x09, 0x29, 0x01, 0x29, 0x01,
    0x2a, 0x09, 0x29, 0x01, 0x29, 0x01, 0x2a, 0x09, 0x29, 0x01, 0x29, 0x01,
    0x2a, 0x09, 0x29, 0x01, 0x29, 0x01, 0x2a, 0x09, 0x29, 0x01, 0x29, 0x01,
    0x2a, 0x09, 0x29, 0x01, 0x29, 0x01, 0x2a, 0x09, 0x29, 0x01, 0x29, 0x01,
    0x2a, 0x09, 0x29, 0x01, 0x29, 0x01, 0x2a, 0x09, 0x29, 0x01, 0x29, 0x01,
    0x2a, 0x09, 0x29, 0x01, 0x29, 0x01, 0x2a, 0x09, 0x29, 0x01, 0x29, 0x01,
    0x2a, 0x09, 0x29, 0x01, 0x29, 0x01, 0x2a, 0x09, 0x29, 0x01, 0x29, 0x01,
    0x2a, 0x09, 0x29, 0x01, 0x29, 0x01, 0x2a, 0x09, 0x29, 0x01, 0x29, 0x01,
    0x2a, 0x09, 0x29, 0x01, 0x29, 0x01, 0x2a, 0x09, 0x29, 0x01, 0x29, 0x01,
    0x2a, 0x09, 0x29, 0x01, 0x29, 0x01, 0x2a, 0x09, 0x29, 0x01, 0x29, 0x01,
    0x2a, 0x09, 0x29, 0x01, 0x29, 0x01, 0x2a, 0x09, 0x29, 0x01, 0x29, 0x01,
    0x2a, 0x09, 0x29, 0x01, 0x29, 0x01, 0x2a, 0x09, 0x29, 0x01, 0x29, 0x01,
    0x2a, 0x09, 0x29, 0x01, 0x29, 0x01, 0x2a, 0x09, 0x29, 0x01, 0x29, 0x01,
    0x2a, 0x09, 0x29, 0x01, 0x29, 0x01, 0x2a, 0x09, 0x29, 0x01, 0x29, 0x01,
    0x2a, 0x09, 0x29, 0x01, 0x29, 0x01, 0x2a, 0x09, 0x29, 0x01, 0x29, 0x01,
    0x2a, 0x09, 0x29, 0x01, 0x29, 0x01, 0x2a, 0x09, 0x29, 0x01, 0x29, 0x01,
    0x2a, 0x09, 0x29, 0x01, 0x29, 0x01, 0x2a, 0x09, 0x29, 0x01, 0x29, 0x01,
    0x2a, 0x09, 0x29, 0x01, 0x29, 0x01, 0x2a, 0x09, 0x29, 0x01, 0x29, 0x01,
    0x2a, 0x09, 0x29, 0x01, 0x29, 0x01, 0x2a, 0x09, 0x29, 0x01, 0x29, 0x01,
    0x2a, 0x09, 0x29, 0x01, 0x29, 0x01, 0x2a, 0x09, 0x29, 0x01, 0x29, 0x01,
    0x2a, 0x09, 0x29, 0x01, 0x29, 0x01, 0x2a, 0x09, 0x29, 0x01, 0x29, 0x01,
    0x2a, 0x09, 0x29, 0x01, 0x29, 0x01, 0x2a, 0x09, 0x29, 0x01, 0x29, 0x01,
    0x2a, 0x09, 0x29, 0x01, 0x29, 0x01, 0x2a, 0x09, 0x29, 0x01, 0x29, 0x01,
    0x2a, 0x09, 0x29, 0x01, 0x29, 0x01, 0x2a, 0x09, 0x29, 0x01, 0x29, 0x01,
    0x2a, 0x09, 0x29, 0x01, 0x29, 0x01, 0x2a, 0x09, 0x29, 0x01, 0x29, 0x01,
    0x2a, 0x09, 0x29, 0x01, 0x29, 0x01, 0x2a, 0x09, 0x29, 0x01, 0x29, 0x01,
    0x2a, 0x09, 0x29, 0x01, 0x29, 0x01, 0x29, 0x01, 0x09, 0x01, 0x2a, 0x09,
    0x09, 0x01, 0x2a, 0x09, 0x29, 0x01, 0x0a, 0x09, 0x09, 0x01, 0x2a, 0x09,
    0x29, 0x01, 0x09, 0x01, 0x0a, 0x09, 0x29, 0x01, 0x29, 0x01, 0x0a, 0x09,
    0x09, 0x01, 0x29, 0x01, 0x2a, 0x09, 0x09, 0x01, 0x09, 0x01, 0x2a, 0x09,
    0x29, 0x01, 0x09, 0x01, 0x0a, 0x09, 0x29, 0x01, 0x29, 0x01, 0x0a, 0x09,
    0x09, 0x01, 0x29, 0x01, 0x2a, 0x09, 0x09, 0x01, 0x09, 0x01, 0x2a, 0x09,
    0x29, 0x01, 0x09, 0x01, 0x0a, 0x09, 0x29, 0x01, 0x29, 0x01, 0x0a, 0x09,
    0x09, 0x01, 0x29, 0x01, 0x2a, 0x09, 0x09, 0x01, 0x09, 0x01, 0x2a, 0x09,
    0x29, 0x01, 0x09, 0x01, 0x0a, 0x09, 0x29, 0x01, 0x29, 0x01, 0x0a, 0x09,
    0x09, 0x01, 0x29, 0x01, 0x2a, 0x09, 0x09, 0x01, 0x09, 0x01, 0x2a, 0x09,
    0x29, 0x01, 0x09, 0x01, 0x0a, 0x09, 0x29, 0x01, 0x29, 0x01, 0x0a, 0x09,
    0x09, 0x01, 0x29, 0x01, 0x2a, 0x09, 0x09, 0x01, 0x09, 0x01, 0x2a, 0x09,
    0x29, 0x01, 0x09, 0x01, 0x0a, 0x09, 0x29, 0x01, 0x29, 0x01, 0x0a, 0x09,
    0x09, 0x01, 0x29, 0x01, 0x2a, 0x09, 0x09, 0x01, 0x09, 0x01, 0x2a, 0x09,
    0x29, 0x01, 0x09, 0x01, 0x0a, 0x09, 0x29, 0x01, 0x29, 0x01, 0x0a, 0x09,
    0x09, 0x01, 0x29, 0x01, 0x2a, 0x09, 0x09, 0x01, 0x09, 0x01, 0x2a, 0x09,
    0x29, 0x01, 0x09, 0x01, 0x0a, 0x09, 0x29, 0x01, 0x29, 0x01, 0x0a, 0x09,
    0x09, 0x01, 0x29, 0x01, 0x2a, 0x09, 0x09, 0x01, 0x09, 0x01, 0x2a, 0x09,
    0x29, 0x01, 0x09, 0x01, 0x0a, 0x09, 0x29, 0x01, 0x29, 0x01, 0x0a, 0x09,
    0x09, 0x01, 0x29, 0x01, 0x2a, 0x09, 0x09, 0x01, 0x09, 0x01, 0x2a, 0x09,
    0x29, 0x01, 0x09, 0x01, 0x0a, 0x09, 0x29, 0x01, 0x29, 0x01, 0x0a, 0x09,
    0x09, 0x01, 0x29, 0x01, 0x2a, 0x09, 0x09, 0x01, 0x09, 0x01, 0x2a, 0x09,
    0x29, 0x01, 0x09, 0x01, 0x0a, 0x09, 0x29, 0x01, 0x29, 0x01, 0x0a, 0x09,
    0x09, 0x01, 0x29, 0x01, 0x2a, 0x09, 0x09, 0x01, 0x09, 0x01, 0x2a, 0x09,
    0x29, 0x01, 0x09, 0x01, 0x0a, 0x09, 0x29, 0x01, 0x29, 0x01, 0x0a, 0x09,
    0x09, 0x01, 0x29, 0x01, 0x2a, 0x09, 0x09, 0x01, 0x09, 0x01, 0x2a, 0x09,
    0x29, 0x01, 0x09, 0x01, 0x0a, 0x09, 0x29, 0x01, 0x29, 0x01, 0x0a, 0x09,
    0x09, 0x01, 0x29, 0x01, 0x2a, 0x09, 0x09, 0x01, 0x09, 0x01, 0x2a, 0x09,
    0x29, 0x01, 0x09, 0x01, 0x0a, 0x09, 0x29, 0x01, 0x29, 0x01, 0x0a, 0x09,
    0x09, 0x01, 0x29, 0x01, 0x2a, 0x09, 0x09, 0x01, 0x09, 0x01, 0x2a, 0x09,
    0x29, 0x01, 0x09, 0x01, 0x0a, 0x09, 0x29, 0x01, 0x29, 0x01, 0x0a, 0x09,
    0x09, 0x01, 0x29, 0x01, 0x2a, 0x09, 0x09, 0x01, 0x09, 0x01, 0x2a, 0x09,
    0x29, 0x01, 0x09, 0x01, 0x0a, 0x09, 0x29, 0x01, 0x29, 0x01, 0x0a, 0x09,
    0x09, 0x01, 0x29, 0x01, 0x2a, 0x09, 0x09, 0x01, 0x09, 0x01, 0x2a, 0x09,
    0x29, 0x01, 0x09, 0x01, 0x0a, 0x09, 0x29, 0x01, 0x29, 0x01, 0x0a, 0x09,
    0x09, 0x01, 0x29, 0x01, 0x2a, 0x09, 0x09, 0x01, 0x09, 0x01, 0x2a, 0x09,
    0x29, 0x01, 0x09, 0x01, 0x0a, 0x09, 0x29, 0x01, 0x29, 0x01, 0x0a, 0x09,
    0x09, 0x01, 0x29, 0x01, 0x2a, 0x09, 0x09, 0x01, 0x09, 0x01, 0x2a, 0x09,
    0x29, 0x01, 0x09, 0x01, 0x0a, 0x09, 0x29, 0x01, 0x29, 0x01, 0x0a, 0x09,
    0x09, 0x01, 0x29, 0x01, 0x2a, 0x09, 0x09, 0x01, 0x09, 0x01, 0x2a, 0x09,
    0x29, 0x01, 0x0a, 0x09, 0x29, 0x01, 0x2a, 0x09, 0x29, 0x01, 0x29, 0x01,
    0x29, 0x01, 0x29, 0x01, 0x2a, 0x09, 0x29, 0x01, 0x29, 0x01, 0x0a, 0x09,
    0x29, 0x01, 0x2a, 0x09, 0x29, 0x01, 0x29, 0x01, 0x0a, 0x09, 0x29, 0x01,
    0x29, 0x01, 0x2a, 0x09, 0x29, 0x01, 0x29, 0x01, 0x2a, 0x09, 0x09, 0x01,
    0x29, 0x01, 0x2a, 0x09, 0x29, 0x01, 0x29, 0x01, 0x0a, 0x09, 0x29, 0x01,
    0x29, 0x01, 0x2a, 0x09, 0x29, 0x01, 0x29, 0x01, 0x2a, 0x09, 0x09, 0x01,
    0x29, 0x01, 0x2a, 0x09, 0x29, 0x01, 0x29, 0x01, 0x0a, 0x09, 0x29, 0x01,
    0x29, 0x01, 0x2a, 0x09, 0x29, 0x01, 0x29, 0x01, 0x2a, 0x09, 0x09, 0x01,
    0x29, 0x01, 0x2a, 0x09, 0x29, 0x01, 0x29, 0x01, 0x0a, 0x09, 0x29, 0x01,
    0x29, 0x01, 0x2a, 0x09, 0x29, 0x01, 0x29, 0x01, 0x2a, 0x09, 0x09, 0x01,
    0x29, 0x01, 0x2a, 0x09, 0x29, 0x01, 0x29, 0x01, 0x0a, 0x09, 0x29, 0x01,
    0x29, 0x01, 0x2a, 0x09, 0x29, 0x01, 0x29, 0x01, 0x2a, 0x09, 0x09, 0x01,
    0x29, 0x01, 0x2a, 0x09, 0x29, 0x01, 0x29, 0x01, 0x0a, 0x09, 0x29, 0x01,
    0x29, 0x01, 0x2a, 0x09, 0x29, 0x01, 0x29, 0x01, 0x2a, 0x09, 0x09, 0x01,
    0x29, 0x01, 0x2a, 0x09, 0x29, 0x01, 0x29, 0x01, 0x0a, 0x09, 0x29, 0x01,
    0x29, 0x01, 0x2a, 0x09, 0x29, 0x01, 0x29, 0x01, 0x2a, 0x09, 0x09, 0x01,
    0x29, 0x01, 0x2a, 0x09, 0x29, 0x01, 0x29, 0x01, 0x0a, 0x09, 0x29, 0x01,
    0x29, 0x01, 0x2a, 0x09, 0x29, 0x01, 0x29, 0x01, 0x2a, 0x09, 0x09, 0x01,
    0x29, 0x01, 0x2a, 0x09, 0x29, 0x01, 0x29, 0x01, 0x0a, 0x09, 0x29, 0x01,
    0x29, 0x01, 0x2a, 0x09, 0x29, 0x01, 0x29, 0x01, 0x2a, 0x09, 0x09, 0x01,
    0x29, 0x01, 0x2a, 0x09, 0x29, 0x01, 0x29, 0x01, 0x0a, 0x09, 0x29, 0x01,
    0x29, 0x01, 0x2a, 0x09, 0x29, 0x01, 0x29, 0x01, 0x2a, 0x09, 0x09, 0x01,
    0x29, 0x01, 0x2a, 0x09, 0x29, 0x01, 0x29, 0x01, 0x0a, 0x09, 0x29, 0x01,
    0x29, 0x01, 0x2a, 0x09, 0x29, 0x01, 0x29, 0x01, 0x2a, 0x09, 0x09, 0x01,
    0x29, 0x01, 0x2a, 0x09, 0x29, 0x01, 0x29, 0x01, 0x0a, 0x09, 0x29, 0x01,
    0x29, 0x01, 0x2a, 0x09, 0x29, 0x01, 0x29, 0x01, 0x2a, 0x09, 0x09, 0x01,
    0x29, 0x01, 0x2a, 0x09, 0x29, 0x01, 0x29, 0x01, 0x0a, 0x09, 0x29, 0x01,
    0x29, 0x01, 0x2a, 0x09, 0x29, 0x01, 0x29, 0x01, 0x2a, 0x09, 0x09, 0x01,
    0x29, 0x01, 0x2a, 0x09, 0x29, 0x01, 0x29, 0x01, 0x0a, 0x09, 0x29, 0x01,
    0x29, 0x01, 0x2a, 0x09, 0x29, 0x01, 0x29, 0x01, 0x2a, 0x09, 0x09, 0x01,
    0x29, 0x01, 0x2a, 0x09, 0x29, 0x01, 0x29, 0x01, 0x0a, 0x09, 0x29, 0x01,
    0x29, 0x01, 0x2a, 0x09, 0x29, 0x01, 0x29, 0x01, 0x2a, 0x09, 0x09, 0x01,
    0x29, 0x01, 0x2a, 0x09, 0x29, 0x01, 0x29, 0x01, 0x0a, 0x09, 0x29, 0x01,
    0x29, 0x01, 0x2a, 0x09, 0x29, 0x01, 0x29, 0x01, 0x2a, 0x09, 0x09, 0x01,
    0x29, 0x01, 0x2a, 0x09, 0x29, 0x01, 0x29, 0x01, 0x0a, 0x09, 0x29, 0x01,
    0x29, 0x01, 0x2a, 0x09, 0x29, 0x01, 0x29, 0x01, 0x2a, 0x09, 0x09, 0x01,
    0x29, 0x01, 0x2a, 0x09, 0x29, 0x01, 0x29, 0x01, 0x0a, 0x09, 0x29, 0x01,
    0x29, 0x01, 0x2a, 0x09, 0x29, 0x01, 0x29, 0x01, 0x2a, 0x09, 0x09, 0x01,
    0x29, 0x01, 0x2a, 0x09, 0x29, 0x01, 0x29, 0x01, 0x0a, 0x09, 0x29, 0x01,
    0x29, 0x01, 0x2a, 0x09, 0x29, 0x01, 0x29, 0x01, 0x2a, 0x09, 0x09, 0x01,
    0x29, 0x01, 0x2a, 0x09, 0x09, 0x01, 0x2a, 0x09, 0x2a, 0x09, 0x09, 0x01,
    0x29, 0x01, 0x0a, 0x09, 0x29, 0x01, 0x29, 0x01, 0x2a, 0x09, 0x29, 0x01,
    0x29, 0x01, 0x2a, 0x09, 0x29, 0x01, 0x0a, 0x09, 0x2a, 0x09, 0x29, 0x01,
    0x2a, 0x09, 0x09, 0x01, 0x2a, 0x09, 0x29, 0x01, 0x2a, 0x09, 0x29, 0x01,
    0x2a, 0x09, 0x2a, 0x09, 0x29, 0x01, 0x0a, 0x09, 0x29, 0x01, 0x2a, 0x09,
    0x29, 0x01, 0x0a, 0x09, 0x29, 0x01, 0x2a, 0x09, 0x2a, 0x09, 0x29, 0x01,
    0x2a, 0x09, 0x29, 0x01, 0x2a, 0x09, 0x09, 0x01, 0x2a, 0x09, 0x29, 0x01,
    0x2a, 0x09, 0x0a, 0x09, 0x29, 0x01, 0x2a, 0x09, 0x29, 0x01, 0x2a, 0x09,
    0x29, 0x01, 0x2a, 0x09, 0x29, 0x01, 0x0a, 0x09, 0x2a, 0x09, 0x29, 0x01,
    0x2a, 0x09, 0x09, 0x01, 0x2a, 0x09, 0x29, 0x01, 0x2a, 0x09, 0x29, 0x01,
    0x2a, 0x09, 0x2a, 0x09, 0x29, 0x01, 0x0a, 0x09, 0x29, 0x01, 0x2a, 0x09,
    0x29, 0x01, 0x0a, 0x09, 0x29, 0x01, 0x2a, 0x09, 0x2a, 0x09, 0x29, 0x01,
    0x2a, 0x09, 0x29, 0x01, 0x2a, 0x09, 0x09, 0x01, 0x2a, 0x09, 0x29, 0x01,
    0x2a, 0x09, 0x0a, 0x09, 0x29, 0x01, 0x2a, 0x09, 0x29, 0x01, 0x2a, 0x09,
    0x29, 0x01, 0x2a, 0x09, 0x29, 0x01, 0x0a, 0x09, 0x2a, 0x09, 0x29, 0x01,
    0x2a, 0x09, 0x09, 0x01, 0x2a, 0x09, 0x29, 0x01, 0x2a, 0x09, 0x29, 0x01,
    0x2a, 0x09, 0x2a, 0x09, 0x29, 0x01, 0x0a, 0x09, 0x29, 0x01, 0x2a, 0x09,
    0x29, 0x01, 0x0a, 0x09, 0x29, 0x01, 0x2a, 0x09, 0x2a, 0x09, 0x29, 0x01,
    0x2a, 0x09, 0x29, 0x01, 0x2a, 0x09, 0x09, 0x01, 0x2a, 0x09, 0x29, 0x01,
    0x2a, 0x09, 0x0a, 0x09, 0x29, 0x01, 0x2a, 0x09, 0x29, 0x01, 0x2a, 0x09,
    0x29, 0x01, 0x2a, 0x09, 0x29, 0x01, 0x0a, 0x09, 0x2a, 0x09, 0x29, 0x01,
    0x2a, 0x09, 0x09, 0x01, 0x2a, 0x09, 0x29, 0x01, 0x2a, 0x09, 0x29, 0x01,
    0x2a, 0x09, 0x2a, 0x09, 0x29, 0x01, 0x0a, 0x09, 0x29, 0x01, 0x2a, 0x09,
    0x29, 0x01, 0x0a, 0x09, 0x29, 0x01, 0x2a, 0x09, 0x2a, 0x09, 0x29, 0x01,
    0x2a, 0x09, 0x29, 0x01, 0x2a, 0x09, 0x09, 0x01, 0x2a, 0x09, 0x29, 0x01,
    0x2a, 0x09, 0x0a, 0x09, 0x29, 0x01, 0x2a, 0x09, 0x29, 0x01, 0x2a, 0x09,
    0x29, 0x01, 0x2a, 0x09, 0x29, 0x01, 0x0a, 0x09, 0x2a, 0x09, 0x29, 0x01,
    0x2a, 0x09, 0x09, 0x01, 0x2a, 0x09, 0x29, 0x01, 0x2a, 0x09, 0x29, 0x01,
    0x2a, 0x09, 0x2a, 0x09, 0x29, 0x01, 0x0a, 0x09, 0x29, 0x01, 0x2a, 0x09,
    0x29, 0x01, 0x0a, 0x09, 0x29, 0x01, 0x2a, 0x09, 0x2a, 0x09, 0x29, 0x01,
    0x2a, 0x09, 0x29, 0x01, 0x2a, 0x09, 0x09, 0x01, 0x2a, 0x09, 0x29, 0x01,
    0x2a, 0x09, 0x0a, 0x09, 0x29, 0x01, 0x2a, 0x09, 0x29, 0x01, 0x2a, 0x09,
    0x29, 0x01, 0x2a, 0x09, 0x29, 0x01, 0x0a, 0x09, 0x2a, 0x09, 0x29, 0x01,
    0x2a, 0x09, 0x09, 0x01, 0x2a, 0x09, 0x29, 0x01, 0x2a, 0x09, 0x29, 0x01,
    0x2a, 0x09, 0x2a, 0x09, 0x29, 0x01, 0x0a, 0x09, 0x29, 0x01, 0x2a, 0x09,
    0x29, 0x01, 0x0a, 0x09, 0x29, 0x01, 0x2a, 0x09, 0x2a, 0x09, 0x29, 0x01,
    0x2a, 0x09, 0x29, 0x01, 0x2a, 0x09, 0x09, 0x01, 0x2a, 0x09, 0x29, 0x01,
    0x2a, 0x09, 0x0a, 0x09, 0x29, 0x01, 0x2a, 0x09, 0x29, 0x01, 0x2a, 0x09,
    0x29, 0x01, 0x2a, 0x09, 0x29, 0x01, 0x0a, 0x09, 0x2a, 0x09, 0x29, 0x01,
    0x2a, 0x09, 0x09, 0x01, 0x2a, 0x09, 0x29, 0x01, 0x2a, 0x09, 0x29, 0x01,
    0x29, 0x01, 0x29, 0x01, 0x09, 0x01, 0x29, 0x01, 0x29, 0x01, 0x29, 0x01,
    0x29, 0x01, 0x0a, 0x09, 0x29, 0x01, 0x0a, 0x09, 0x09, 0x01, 0x29, 0x01,
    0x0a, 0x09, 0x29, 0x01, 0x29, 0x01, 0x29, 0x01, 0x29, 0x01, 0x29, 0x01,
    0x0a, 0x09, 0x29, 0x01, 0x09, 0x01, 0x0a, 0x09, 0x29, 0x01, 0x09, 0x01,
    0x09, 0x01, 0x29, 0x01, 0x29, 0x01, 0x2a, 0x09, 0x29, 0x01, 0x29, 0x01,
    0x0a, 0x09, 0x29, 0x01, 0x09, 0x01, 0x09, 0x01, 0x29, 0x01, 0x09, 0x01,
    0x0a, 0x09, 0x29, 0x01, 0x29, 0x01, 0x2a, 0x09, 0x29, 0x01, 0x29, 0x01,
    0x09, 0x01, 0x29, 0x01, 0x09, 0x01, 0x0a, 0x09, 0x29, 0x01, 0x09, 0x01,
    0x0a, 0x09, 0x29, 0x01, 0x29, 0x01, 0x29, 0x01, 0x29, 0x01, 0x29, 0x01,
    0x0a, 0x09, 0x29, 0x01, 0x09, 0x01, 0x0a, 0x09, 0x29, 0x01, 0x09, 0x01,
    0x09, 0x01, 0x29, 0x01, 0x29, 0x01, 0x2a, 0x09, 0x29, 0x01, 0x29, 0x01,
    0x0a, 0x09, 0x29, 0x01, 0x09, 0x01, 0x09, 0x01, 0x29, 0x01, 0x09, 0x01,
    0x0a, 0x09, 0x29, 0x01, 0x29, 0x01, 0x2a, 0x09, 0x29, 0x01, 0x29, 0x01,
    0x09, 0x01, 0x29, 0x01, 0x09, 0x01, 0x0a, 0x09, 0x29, 0x01, 0x09, 0x01,
    0x0a, 0x09, 0x29, 0x01, 0x29, 0x01, 0x29, 0x01, 0x29, 0x01, 0x29, 0x01,
    0x0a, 0x09, 0x29, 0x01, 0x09, 0x01, 0x0a, 0x09, 0x29, 0x01, 0x09, 0x01,
    0x09, 0x01, 0x29, 0x01, 0x29, 0x01, 0x2a, 0x09, 0x29, 0x01, 0x29, 0x01,
    0x0a, 0x09, 0x29, 0x01, 0x09, 0x01, 0x09, 0x01, 0x29, 0x01, 0x09, 0x01,
    0x0a, 0x09, 0x29, 0x01, 0x29, 0x01, 0x2a, 0x09, 0x29, 0x01, 0x29, 0x01,
    0x09, 0x01, 0x29, 0x01, 0x09, 0x01, 0x0a, 0x09, 0x29, 0x01, 0x09, 0x01,
    0x0a, 0x09, 0x29, 0x01, 0x29, 0x01, 0x29, 0x01, 0x29, 0x01, 0x29, 0x01,
    0x0a, 0x09, 0x29, 0x01, 0x09, 0x01, 0x0a, 0x09, 0x29, 0x01, 0x09, 0x01,
    0x09, 0x01, 0x29, 0x01, 0x29, 0x01, 0x2a, 0x09, 0x29, 0x01, 0x29, 0x01,
    0x0a, 0x09, 0x29, 0x01, 0x09, 0x01, 0x09, 0x01, 0x29, 0x01, 0x09, 0x01,
    0x0a, 0x09, 0x29, 0x01, 0x29, 0x01, 0x2a, 0x09, 0x29, 0x01, 0x29, 0x01,
    0x09, 0x01, 0x29, 0x01, 0x09, 0x01, 0x0a, 0x09, 0x29, 0x01, 0x09, 0x01,
    0x0a, 0x09, 0x29, 0x01, 0x29, 0x01, 0x29, 0x01, 0x29, 0x01, 0x29, 0x01,
    0x0a, 0x09, 0x29, 0x01, 0x09, 0x01, 0x0a, 0x09, 0x29, 0x01, 0x09, 0x01,
    0x09, 0x01, 0x29, 0x01, 0x29, 0x01, 0x2a, 0x09, 0x29, 0x01, 0x29, 0x01,
    0x0a, 0x09, 0x29, 0x01, 0x09, 0x01, 0x09, 0x01, 0x29, 0x01, 0x09, 0x01,
    0x0a, 0x09, 0x29, 0x01, 0x29, 0x01, 0x2a, 0x09, 0x29, 0x01, 0x29, 0x01,
    0x09, 0x01, 0x29, 0x01, 0x09, 0x01, 0x0a, 0x09, 0x29, 0x01, 0x09, 0x01,
    0x0a, 0x09, 0x29, 0x01, 0x29, 0x01, 0x29, 0x01, 0x29, 0x01, 0x29, 0x01,
    0x0a, 0x09, 0x29, 0x01, 0x09, 0x01, 0x0a, 0x09, 0x29, 0x01, 0x09, 0x01,
    0x09, 0x01, 0x29, 0x01, 0x29, 0x01, 0x2a, 0x09, 0x29, 0x01, 0x29, 0x01,
    0x0a, 0x09, 0x29, 0x01, 0x09, 0x01, 0x09, 0x01, 0x29, 0x01, 0x09, 0x01,
    0x0a, 0x09, 0x29, 0x01, 0x29, 0x01, 0x2a, 0x09, 0x29, 0x01, 0x29, 0x01,
    0x09, 0x01, 0x29, 0x01, 0x09, 0x01, 0x0a, 0x09, 0x29, 0x01, 0x09, 0x01,
    0x0a, 0x09, 0x29, 0x01, 0x29, 0x01, 0x29, 0x01, 0x29, 0x01, 0x29, 0x01,
    0x0a, 0x09, 0x29, 0x01, 0x09, 0x01, 0x0a, 0x09, 0x29, 0x01, 0x0a, 0x09,
    0x2a, 0x09, 0x29, 0x01, 0x2a, 0x09, 0x0a, 0x09, 0x29, 0x01, 0x2a, 0x09,
    0x29, 0x01, 0x29, 0x01, 0x2a, 0x09, 0x29, 0x01, 0x29, 0x01, 0x2a, 0x09,
    0x09, 0x01, 0x2a, 0x09, 0x09, 0x01, 0x2a, 0x09, 0x29, 0x01, 0x09, 0x01,
    0x2a, 0x09, 0x29, 0x01, 0x29, 0x01, 0x2a, 0x09, 0x29, 0x01, 0x2a, 0x09,
    0x2a, 0x09, 0x09, 0x01, 0x29, 0x01, 0x0a, 0x09, 0x29, 0x01, 0x29, 0x01,
    0x2a, 0x09, 0x29, 0x01, 0x2a, 0x09, 0x2a, 0x09, 0x29, 0x01, 0x29, 0x01,
    0x2a, 0x09, 0x09, 0x01, 0x29, 0x01, 0x0a, 0x09, 0x29, 0x01, 0x2a, 0x09,
    0x2a, 0x09, 0x29, 0x01, 0x29, 0x01, 0x2a, 0x09, 0x29, 0x01, 0x29, 0x01,
    0x2a, 0x09, 0x09, 0x01, 0x2a, 0x09, 0x0a, 0x09, 0x29, 0x01, 0x29, 0x01,
    0x2a, 0x09, 0x29, 0x01, 0x29, 0x01, 0x2a, 0x09, 0x29, 0x01, 0x2a, 0x09,
    0x2a, 0x09, 0x09, 0x01, 0x29, 0x01, 0x0a, 0x09, 0x29, 0x01, 0x29, 0x01,
    0x2a, 0x09, 0x29, 0x01, 0x2a, 0x09, 0x2a, 0x09, 0x29, 0x01, 0x29, 0x01,
    0x2a, 0x09, 0x09, 0x01, 0x29, 0x01, 0x0a, 0x09, 0x29, 0x01, 0x2a, 0x09,
    0x2a, 0x09, 0x29, 0x01, 0x29, 0x01, 0x2a, 0x09, 0x29, 0x01, 0x29, 0x01,
    0x2a, 0x09, 0x09, 0x01, 0x2a, 0x09, 0x0a, 0x09, 0x29, 0x01, 0x29, 0x01,
    0x2a, 0x09, 0x29, 0x01, 0x29, 0x01, 0x2a, 0x09, 0x29, 0x01, 0x2a, 0x09,
    0x2a, 0x09, 0x09, 0x01, 0x29, 0x01, 0x0a, 0x09, 0x29, 0x01, 0x29, 0x01,
    0x2a, 0x09, 0x29, 0x01, 0x2a, 0x09, 0x2a, 0x09, 0x29, 0x01, 0x29, 0x01,
    0x2a, 0x09, 0x09, 0x01, 0x29, 0x01, 0x0a, 0x09, 0x29, 0x01, 0x2a, 0x09,
    0x2a, 0x09, 0x29, 0x01, 0x29, 0x01, 0x2a, 0x09, 0x29, 0x01, 0x29, 0x01,
    0x2a, 0x09, 0x09, 0x01, 0x2a, 0x09, 0x0a, 0x09, 0x29, 0x01, 0x29, 0x01,
    0x2a, 0x09, 0x29, 0x01, 0x29, 0x01, 0x2a, 0x09, 0x29, 0x01, 0x2a, 0x09,
    0x2a, 0x09, 0x09, 0x01, 0x29, 0x01, 0x0a, 0x09, 0x29, 0x01, 0x29, 0x01,
    0x2a, 0x09, 0x29, 0x01, 0x2a, 0x09, 0x2a, 0x09, 0x29, 0x01, 0x29, 0x01,
    0x2a, 0x09, 0x09, 0x01, 0x29, 0x01, 0x0a, 0x09, 0x29, 0x01, 0x2a, 0x09,
    0x2a, 0x09, 0x29, 0x01, 0x29, 0x01, 0x2a, 0x09, 0x29, 0x01, 0x29, 0x01,
    0x2a, 0x09, 0x09, 0x01, 0x2a, 0x09, 0x0a, 0x09, 0x29, 0x01, 0x29, 0x01,
    0x2a, 0x09, 0x29, 0x01, 0x29, 0x01, 0x2a, 0x09, 0x29, 0x01, 0x2a, 0x09,
    0x2a, 0x09, 0x09, 0x01, 0x29, 0x01, 0x0a, 0x09, 0x29, 0x01, 0x29, 0x01,
    0x2a, 0x09, 0x29, 0x01, 0x2a, 0x09, 0x2a, 0x09, 0x29, 0x01, 0x29, 0x01,
    0x2a, 0x09, 0x09, 0x01, 0x29, 0x01, 0x0a, 0x09, 0x29, 0x01, 0x2a, 0x09,
    0x2a, 0x09, 0x29, 0x01, 0x29, 0x01, 0x2a, 0x09, 0x29, 0x01, 0x29, 0x01,
    0x2a, 0x09, 0x09, 0x01, 0x2a, 0x09, 0x0a, 0x09, 0x29, 0x01, 0x29, 0x01,
    0x2a, 0x09, 0x29, 0x01, 0x29, 0x01, 0x2a, 0x09, 0x29, 0x01, 0x2a, 0x09,
    0x2a, 0x09, 0x09, 0x01, 0x29, 0x01, 0x0a, 0x09, 0x29, 0x01, 0x29, 0x01,
    0x2a, 0x09, 0x29, 0x01, 0x2a, 0x09, 0x2a, 0x09, 0x29, 0x01, 0x29, 0x01,
    0x2a, 0x09, 0x09, 0x01, 0x29, 0x01, 0x0a, 0x09, 0x29, 0x01, 0x2a, 0x09,
    0x2a, 0x09, 0x29, 0x01, 0x29, 0x01, 0x2a, 0x09, 0x29, 0x01, 0x29, 0x01,
    0x2a, 0x09, 0x09, 0x01, 0x2a, 0x09, 0x0a, 0x09, 0x29, 0x01, 0x29, 0x01,
    0x2a, 0x09, 0x29, 0x01, 0x29, 0x01, 0x2a, 0x09, 0x29, 0x01, 0x29, 0x01,
    0x0a, 0x09, 0x29, 0x01, 0x29, 0x01, 0x0a, 0x09, 0x29, 0x01, 0x29, 0x01,
    0x29, 0x01, 0x2a, 0x09, 0x09, 0x01, 0x29, 0x01, 0x2a, 0x09, 0x29, 0x01,
    0x29, 0x01, 0x2a, 0x09, 0x29, 0x01, 0x0a, 0x09, 0x2a, 0x09, 0x29, 0x01,
    0x29, 0x01, 0x2a, 0x09, 0x29, 0x01, 0x29, 0x01, 0x0a, 0x09, 0x29, 0x01,
    0x29, 0x01, 0x2a, 0x09, 0x29, 0x01, 0x0a, 0x09, 0x29, 0x01, 0x29, 0x01,
    0x0a, 0x09, 0x29, 0x01, 0x29, 0x01, 0x2a, 0x09, 0x29, 0x01, 0x2a, 0x09,
    0x29, 0x01, 0x29, 0x01, 0x2a, 0x09, 0x09, 0x01, 0x29, 0x01, 0x29, 0x01,
    0x0a, 0x09, 0x29, 0x01, 0x2a, 0x09, 0x29, 0x01, 0x29, 0x01, 0x2a, 0x09,
    0x29, 0x01, 0x29, 0x01, 0x29, 0x01, 0x0a, 0x09, 0x29, 0x01, 0x2a, 0x09,
    0x09, 0x01, 0x29, 0x01, 0x2a, 0x09, 0x29, 0x01, 0x29, 0x01, 0x29, 0x01,
    0x2a, 0x09, 0x29, 0x01, 0x2a, 0x09, 0x09, 0x01, 0x29, 0x01, 0x2a, 0x09,
    0x09, 0x01, 0x29, 0x01, 0x29, 0x01, 0x2a, 0x09, 0x29, 0x01, 0x2a, 0x09,
    0x29, 0x01, 0x29, 0x01, 0x2a, 0x09, 0x09, 0x01, 0x29, 0x01, 0x29, 0x01,
    0x0a, 0x09, 0x29, 0x01, 0x2a, 0x09, 0x29, 0x01, 0x29, 0x01, 0x2a, 0x09,
    0x29, 0x01, 0x29, 0x01, 0x29, 0x01, 0x0a, 0x09, 0x29, 0x01, 0x2a, 0x09,
    0x09, 0x01, 0x29, 0x01, 0x2a, 0x09, 0x29, 0x01, 0x29, 0x01, 0x29, 0x01,
    0x2a, 0x09, 0x29, 0x01, 0x2a, 0x09, 0x09, 0x01, 0x29, 0x01, 0x2a, 0x09,
    0x09, 0x01, 0x29, 0x01, 0x29, 0x01, 0x2a, 0x09, 0x29, 0x01, 0x2a, 0x09,
    0x29, 0x01, 0x29, 0x01, 0x2a, 0x09, 0x09, 0x01, 0x29, 0x01, 0x29, 0x01,
    0x0a, 0x09, 0x29, 0x01, 0x2a, 0x09, 0x29, 0x01, 0x29, 0x01, 0x2a, 0x09,
    0x29, 0x01, 0x29, 0x01, 0x29, 0x01, 0x0a, 0x09, 0x29, 0x01, 0x2a, 0x09,
    0x09, 0x01, 0x29, 0x01, 0x2a, 0x09, 0x29, 0x01, 0x29, 0x01, 0x29, 0x01,
    0x2a, 0x09, 0x29, 0x01, 0x2a, 0x09, 0x09, 0x01, 0x29, 0x01, 0x2a, 0x09,
    0x09, 0x01, 0x29, 0x01, 0x29, 0x01, 0x2a, 0x09, 0x29, 0x01, 0x2a, 0x09,
    0x29, 0x01, 0x29, 0x01, 0x2a, 0x09, 0x09, 0x01, 0x29, 0x01, 0x29, 0x01,
    0x0a, 0x09, 0x29, 0x01, 0x2a, 0x09, 0x29, 0x01, 0x29, 0x01, 0x2a, 0x09,
    0x29, 0x01, 0x29, 0x01, 0x29, 0x01, 0x0a, 0x09, 0x29, 0x01, 0x2a, 0x09,
    0x09, 0x01, 0x29, 0x01, 0x2a, 0x09, 0x29, 0x01, 0x29, 0x01, 0x29, 0x01,
    0x2a, 0x09, 0x29, 0x01, 0x2a, 0x09, 0x09, 0x01, 0x29, 0x01, 0x2a, 0x09,
    0x09, 0x01, 0x29, 0x01, 0x29, 0x01, 0x2a, 0x09, 0x29, 0x01, 0x2a, 0x09,
    0x29, 0x01, 0x29, 0x01, 0x2a, 0x09, 0x09, 0x01, 0x29, 0x01, 0x29, 0x01,
    0x0a, 0x09, 0x29, 0x01, 0x2a, 0x09, 0x29, 0x01, 0x29, 0x01, 0x2a, 0x09,
    0x29, 0x01, 0x29, 0x01, 0x29, 0x01, 0x0a, 0x09, 0x29, 0x01, 0x2a, 0x09,
    0x09, 0x01, 0x29, 0x01, 0x2a, 0x09, 0x29, 0x01, 0x29, 0x01, 0x29, 0x01,
    0x2a, 0x09, 0x29, 0x01, 0x2a, 0x09, 0x09, 0x01, 0x29, 0x01, 0x2a, 0x09,
    0x09, 0x01, 0x29, 0x01, 0x29, 0x01, 0x2a, 0x09, 0x29, 0x01, 0x2a, 0x09,
    0x29, 0x01, 0x29, 0x01, 0x2a, 0x09, 0x09, 0x01, 0x29, 0x01, 0x29, 0x01,
    0x0a, 0x09, 0x29, 0x01, 0x2a, 0x09, 0x29, 0x01, 0x29, 0x01, 0x2a, 0x09,
    0x29, 0x01, 0x29, 0x01, 0x29, 0x01, 0x0a, 0x09, 0x29, 0x01, 0x2a, 0x09,
    0x09, 0x01, 0x29, 0x01, 0x2a, 0x09, 0x29, 0x01, 0x29, 0x01, 0x29, 0x01,
    0x0a, 0x09, 0x29, 0x01, 0x29, 0x01, 0x29, 0x01, 0x2a, 0x09, 0x09, 0x01,
    0x29, 0x01, 0x0a, 0x09, 0x29, 0x01, 0x2a, 0x09, 0x0a, 0x09, 0x29, 0x01,
    0x29, 0x01, 0x0a, 0x09, 0x29, 0x01, 0x29, 0x01, 0x09, 0x01, 0x2a, 0x09,
    0x09, 0x01, 0x2a, 0x09, 0x09, 0x01, 0x29, 0x01, 0x2a, 0x09, 0x09, 0x01,
    0x29, 0x01, 0x2a, 0x09, 0x29, 0x01, 0x29, 0x01, 0x2a, 0x09, 0x09, 0x01,
    0x29, 0x01, 0x2a, 0x09, 0x09, 0x01, 0x09, 0x01, 0x2a, 0x09, 0x09, 0x01,
    0x09, 0x01, 0x2a, 0x09, 0x2a, 0x09, 0x29, 0x01, 0x29, 0x01, 0x0a, 0x09,
    0x29, 0x01, 0x29, 0x01, 0x0a, 0x09, 0x09, 0x01, 0x2a, 0x09, 0x09, 0x01,
    0x0a, 0x09, 0x29, 0x01, 0x29, 0x01, 0x29, 0x01, 0x2a, 0x09, 0x09, 0x01,
    0x29, 0x01, 0x2a, 0x09, 0x0a, 0x09, 0x09, 0x01, 0x29, 0x01, 0x0a, 0x09,
    0x09, 0x01, 0x29, 0x01, 0x2a, 0x09, 0x29, 0x01, 0x2a, 0x09, 0x09, 0x01,
    0x2a, 0x09, 0x29, 0x01, 0x09, 0x01, 0x09, 0x01, 0x2a, 0x09, 0x09, 0x01,
    0x09, 0x01, 0x2a, 0x09, 0x2a, 0x09, 0x29, 0x01, 0x29, 0x01, 0x0a, 0x09,
    0x29, 0x01, 0x29, 0x01, 0x0a, 0x09, 0x09, 0x01, 0x2a, 0x09, 0x09, 0x01,
    0x0a, 0x09, 0x29, 0x01, 0x29, 0x01, 0x29, 0x01, 0x2a, 0x09, 0x09, 0x01,
    0x29, 0x01, 0x2a, 0x09, 0x0a, 0x09, 0x09, 0x01, 0x29, 0x01, 0x0a, 0x09,
    0x09, 0x01, 0x29, 0x01, 0x2a, 0x09, 0x29, 0x01, 0x2a, 0x09, 0x09, 0x01,
    0x2a, 0x09, 0x29, 0x01, 0x09, 0x01, 0x09, 0x01, 0x2a, 0x09, 0x09, 0x01,
    0x09, 0x01, 0x2a, 0x09, 0x2a, 0x09, 0x29, 0x01, 0x29, 0x01, 0x0a, 0x09,
    0x29, 0x01, 0x29, 0x01, 0x0a, 0x09, 0x09, 0x01, 0x2a, 0x09, 0x09, 0x01,
    0x0a, 0x09, 0x29, 0x01, 0x29, 0x01, 0x29, 0x01, 0x2a, 0x09, 0x09, 0x01,
    0x29, 0x01, 0x2a, 0x09, 0x0a, 0x09, 0x09, 0x01, 0x29, 0x01, 0x0a, 0x09,
    0x09, 0x01, 0x29, 0x01, 0x2a, 0x09, 0x29, 0x01, 0x2a, 0x09, 0x09, 0x01,
    0x2a, 0x09, 0x29, 0x01, 0x09, 0x01, 0x09, 0x01, 0x2a, 0x09, 0x09, 0x01,
    0x09, 0x01, 0x2a, 0x09, 0x2a, 0x09, 0x29, 0x01, 0x29, 0x01, 0x0a, 0x09,
    0x29, 0x01, 0x29, 0x01, 0x0a, 0x09, 0x09, 0x01, 0x2a, 0x09, 0x09, 0x01,
    0x0a, 0x09, 0x29, 0x01, 0x29, 0x01, 0x29, 0x01, 0x2a, 0x09, 0x09, 0x01,
    0x29, 0x01, 0x2a, 0x09, 0x0a, 0x09, 0x09, 0x01, 0x29, 0x01, 0x0a, 0x09,
    0x09, 0x01, 0x29, 0x01, 0x2a, 0x09, 0x29, 0x01, 0x2a, 0x09, 0x09, 0x01,
    0x2a, 0x09, 0x29, 0x01, 0x09, 0x01, 0x09, 0x01, 0x2a, 0x09, 0x09, 0x01,
    0x09, 0x01, 0x2a, 0x09, 0x2a, 0x09, 0x29, 0x01, 0x29, 0x01, 0x0a, 0x09,
    0x29, 0x01, 0x29, 0x01, 0x0a, 0x09, 0x09, 0x01, 0x2a, 0x09, 0x09, 0x01,
    0x0a, 0x09, 0x29, 0x01, 0x29, 0x01, 0x29, 0x01, 0x2a, 0x09, 0x09, 0x01,
    0x29, 0x01, 0x2a, 0x09, 0x0a, 0x09, 0x09, 0x01, 0x29, 0x01, 0x0a, 0x09,
    0x09, 0x01, 0x29, 0x01, 0x2a, 0x09, 0x29, 0x01, 0x2a, 0x09, 0x09, 0x01,
    0x2a, 0x09, 0x29, 0x01, 0x09, 0x01, 0x09, 0x01, 0x2a, 0x09, 0x09, 0x01,
    0x09, 0x01, 0x2a, 0x09, 0x2a, 0x09, 0x29, 0x01, 0x29, 0x01, 0x0a, 0x09,
    0x29, 0x01, 0x29, 0x01, 0x0a, 0x09, 0x09, 0x01, 0x2a, 0x09, 0x09, 0x01,
    0x0a, 0x09, 0x29, 0x01, 0x29, 0x01, 0x29, 0x01, 0x2a, 0x09, 0x09, 0x01,
    0x29, 0x01, 0x2a, 0x09, 0x09, 0x01, 0x0a, 0x09, 0x29, 0x01, 0x2a, 0x09,
    0x29, 0x01, 0x0a, 0x09, 0x29, 0x01, 0x2a, 0x09, 0x09, 0x01, 0x29, 0x01,
    0x29, 0x01, 0x29, 0x01, 0x29, 0x01, 0x29, 0x01, 0x0a, 0x09, 0x29, 0x01,
    0x29, 0x01, 0x0a, 0x09, 0x29, 0x01, 0x29, 0x01, 0x2a, 0x09, 0x29, 0x01,
    0x29, 0x01, 0x0a, 0x09, 0x29, 0x01, 0x2a, 0x09, 0x29, 0x01, 0x29, 0x01,
    0x0a, 0x09, 0x29, 0x01, 0x09, 0x01, 0x2a, 0x09, 0x2a, 0x09, 0x29, 0x01,
    0x29, 0x01, 0x2a, 0x09, 0x29, 0x01, 0x29, 0x01, 0x2a, 0x09, 0x29, 0x01,
    0x29, 0x01, 0x2a, 0x09, 0x09, 0x01, 0x29, 0x01, 0x2a, 0x09, 0x2a, 0x09,
    0x29, 0x01, 0x29, 0x01, 0x2a, 0x09, 0x29, 0x01, 0x29, 0x01, 0x2a, 0x09,
    0x29, 0x01, 0x2a, 0x09, 0x0a, 0x09, 0x29, 0x01, 0x29, 0x01, 0x2a, 0x09,
    0x29, 0x01, 0x29, 0x01, 0x2a, 0x09, 0x29, 0x01, 0x2a, 0x09, 0x29, 0x01,
    0x29, 0x01, 0x2a, 0x09, 0x09, 0x01, 0x29, 0x01, 0x2a, 0x09, 0x29, 0x01,
    0x29, 0x01, 0x2a, 0x09, 0x2a, 0x09, 0x29, 0x01, 0x29, 0x01, 0x2a, 0x09,
    0x29, 0x01, 0x29, 0x01, 0x0a, 0x09, 0x29, 0x01, 0x2a, 0x09, 0x29, 0x01,
    0x29, 0x01, 0x2a, 0x09, 0x29, 0x01, 0x29, 0x01, 0x2a, 0x09, 0x29, 0x01,
    0x29, 0x01, 0x2a, 0x09, 0x0a, 0x09, 0x29, 0x01, 0x29, 0x01, 0x2a, 0x09,
    0x29, 0x01, 0x29, 0x01, 0x2a, 0x09, 0x29, 0x01, 0x2a, 0x09, 0x29, 0x01,
    0x29, 0x01, 0x2a, 0x09, 0x09, 0x01, 0x29, 0x01, 0x2a, 0x09, 0x29, 0x01,
    0x29, 0x01, 0x2a, 0x09, 0x2a, 0x09, 0x29, 0x01, 0x29, 0x01, 0x2a, 0x09,
    0x29, 0x01, 0x29, 0x01, 0x0a, 0x09, 0x29, 0x01, 0x2a, 0x09, 0x29, 0x01,
    0x29, 0x01, 0x2a, 0x09, 0x29, 0x01, 0x29, 0x01, 0x2a, 0x09, 0x29, 0x01,
    0x29, 0x01, 0x2a, 0x09, 0x0a, 0x09, 0x29, 0x01, 0x29, 0x01, 0x2a, 0x09,
    0x29, 0x01, 0x29, 0x01, 0x2a, 0x09, 0x29, 0x01, 0x2a, 0x09, 0x29, 0x01,
    0x29, 0x01, 0x2a, 0x09, 0x09, 0x01, 0x29, 0x01, 0x2a, 0x09, 0x29, 0x01,
    0x29, 0x01, 0x2a, 0x09, 0x2a, 0x09, 0x29, 0x01, 0x29, 0x01, 0x2a, 0x09,
    0x29, 0x01, 0x29, 0x01, 0x0a, 0x09, 0x29, 0x01, 0x2a, 0x09, 0x29, 0x01,
    0x29, 0x01, 0x2a, 0x09, 0x29, 0x01, 0x29, 0x01, 0x2a, 0x09, 0x29, 0x01,
    0x29, 0x01, 0x2a, 0x09, 0x0a, 0x09, 0x29, 0x01, 0x29, 0x01, 0x2a, 0x09,
    0x29, 0x01, 0x29, 0x01, 0x2a, 0x09, 0x29, 0x01, 0x2a, 0x09, 0x29, 0x01,
    0x29, 0x01, 0x2a, 0x09, 0x09, 0x01, 0x29, 0x01, 0x2a, 0x09, 0x29, 0x01,
    0x29, 0x01, 0x2a, 0x09, 0x2a, 0x09, 0x29, 0x01, 0x29, 0x01, 0x2a, 0x09,
    0x29, 0x01, 0x29, 0x01, 0x0a, 0x09, 0x29, 0x01, 0x2a, 0x09, 0x29, 0x01,
    0x29, 0x01, 0x2a, 0x09, 0x29, 0x01, 0x29, 0x01, 0x2a, 0x09, 0x29, 0x01,
    0x29, 0x01, 0x2a, 0x09, 0x0a, 0x09, 0x29, 0x01, 0x29, 0x01, 0x2a, 0x09,
    0x29, 0x01, 0x29, 0x01, 0x2a, 0x09, 0x29, 0x01, 0x2a, 0x09, 0x29, 0x01,
    0x29, 0x01, 0x2a, 0x09, 0x09, 0x01, 0x29, 0x01, 0x2a, 0x09, 0x29, 0x01,
    0x29, 0x01, 0x2a, 0x09, 0x2a, 0x09, 0x29, 0x01, 0x29, 0x01, 0x2a, 0x09,
    0x29, 0x01, 0x29, 0x01, 0x0a, 0x09, 0x29, 0x01, 0x2a, 0x09, 0x29, 0x01,
    0x29, 0x01, 0x2a, 0x09, 0x29, 0x01, 0x29, 0x01, 0x2a, 0x09, 0x29, 0x01,
    0x29, 0x01, 0x2a, 0x09, 0x0a, 0x09, 0x29, 0x01, 0x29, 0x01, 0x2a, 0x09,
    0x29, 0x01, 0x29, 0x01, 0x2a, 0x09, 0x29, 0x01, 0x0a, 0x09, 0x29, 0x01,
    0x29, 0x01, 0x2a, 0x09, 0x09, 0x01, 0x29, 0x01, 0x2a, 0x09, 0x29, 0x01,
    0x2a, 0x09, 0x09, 0x01, 0x2a, 0x09, 0x29, 0x01, 0x29, 0x01, 0x2a, 0x09,
    0x29, 0x01, 0x29, 0x01, 0x2a, 0x09, 0x09, 0x01, 0x2a, 0x09, 0x29, 0x01,
    0x29, 0x01, 0x2a, 0x09, 0x29, 0x01, 0x09, 0x01, 0x2a, 0x09, 0x29, 0x01,
    0x2a, 0x09, 0x29, 0x01, 0x29, 0x01, 0x0a, 0x09, 0x29, 0x01, 0x09, 0x01,
    0x0a, 0x09, 0x29, 0x01, 0x2a, 0x09, 0x09, 0x01, 0x29, 0x01, 0x2a, 0x09,
    0x29, 0x01, 0x09, 0x01, 0x2a, 0x09, 0x29, 0x01, 0x09, 0x01, 0x29, 0x01,
    0x0a, 0x09, 0x29, 0x01, 0x29, 0x01, 0x0a, 0x09, 0x29, 0x01, 0x29, 0x01,
    0x29, 0x01, 0x09, 0x01, 0x2a, 0x09, 0x29, 0x01, 0x09, 0x01, 0x2a, 0x09,
    0x09, 0x01, 0x29, 0x01, 0x29, 0x01, 0x0a, 0x09, 0x29, 0x01, 0x29, 0x01,
    0x2a, 0x09, 0x09, 0x01, 0x29, 0x01, 0x2a, 0x09, 0x09, 0x01, 0x29, 0x01,
    0x0a, 0x09, 0x29, 0x01, 0x29, 0x01, 0x0a, 0x09, 0x29, 0x01, 0x2a, 0x09,
    0x29, 0x01, 0x09, 0x01, 0x29, 0x01, 0x2a, 0x09, 0x09, 0x01, 0x29, 0x01,
    0x0a, 0x09, 0x29, 0x01, 0x29, 0x01, 0x0a, 0x09, 0x29, 0x01, 0x29, 0x01,
    0x2a, 0x09, 0x09, 0x01, 0x29, 0x01, 0x2a, 0x09, 0x09, 0x01, 0x2a, 0x09,
    0x09, 0x01, 0x29, 0x01, 0x29, 0x01, 0x0a, 0x09, 0x29, 0x01, 0x29, 0x01,
    0x2a, 0x09, 0x09, 0x01, 0x29, 0x01, 0x2a, 0x09, 0x09, 0x01, 0x29, 0x01,
    0x0a, 0x09, 0x29, 0x01, 0x29, 0x01, 0x0a, 0x09, 0x29, 0x01, 0x2a, 0x09,
    0x29, 0x01, 0x09, 0x01, 0x29, 0x01, 0x2a, 0x09, 0x09, 0x01, 0x29, 0x01,
    0x0a, 0x09, 0x29, 0x01, 0x29, 0x01, 0x0a, 0x09, 0x29, 0x01, 0x29, 0x01,
    0x2a, 0x09, 0x09, 0x01, 0x29, 0x01, 0x2a, 0x09, 0x09, 0x01, 0x2a, 0x09,
    0x09, 0x01, 0x29, 0x01, 0x29, 0x01, 0x0a, 0x09, 0x29, 0x01, 0x29, 0x01,
    0x2a, 0x09, 0x09, 0x01, 0x29, 0x01, 0x2a, 0x09, 0x09, 0x01, 0x29, 0x01,
    0x0a, 0x09, 0x29, 0x01, 0x29, 0x01, 0x0a, 0x09, 0x29, 0x01, 0x2a, 0x09,
    0x29, 0x01, 0x09, 0x01, 0x29, 0x01, 0x2a, 0x09, 0x09, 0x01, 0x29, 0x01,
    0x0a, 0x09, 0x29, 0x01, 0x29, 0x01, 0x0a, 0x09, 0x29, 0x01, 0x29, 0x01,
    0x2a, 0x09, 0x09, 0x01, 0x29, 0x01, 0x2a, 0x09, 0x09, 0x01, 0x2a, 0x09,
    0x09, 0x01, 0x29, 0x01, 0x29, 0x01, 0x0a, 0x09, 0x29, 0x01, 0x29, 0x01,
    0x2a, 0x09, 0x09, 0x01, 0x29, 0x01, 0x2a, 0x09, 0x09, 0x01, 0x29, 0x01,
    0x0a, 0x09, 0x29, 0x01, 0x29, 0x01, 0x0a, 0x09, 0x29, 0x01, 0x2a, 0x09,
    0x29, 0x01, 0x09, 0x01, 0x29, 0x01, 0x2a, 0x09, 0x09, 0x01, 0x29, 0x01,
    0x0a, 0x09, 0x29, 0x01, 0x29, 0x01, 0x0a, 0x09, 0x29, 0x01, 0x29, 0x01,
    0x2a, 0x09, 0x09, 0x01, 0x29, 0x01, 0x2a, 0x09, 0x09, 0x01, 0x2a, 0x09,
    0x09, 0x01, 0x29, 0x01, 0x29, 0x01, 0x0a, 0x09, 0x29, 0x01, 0x29, 0x01,
    0x2a, 0x09, 0x09, 0x01, 0x29, 0x01, 0x2a, 0x09, 0x09, 0x01, 0x29, 0x01,
    0x0a, 0x09, 0x29, 0x01, 0x29, 0x01, 0x0a, 0x09, 0x29, 0x01, 0x2a, 0x09,
    0x29, 0x01, 0x09, 0x01, 0x29, 0x01, 0x2a, 0x09, 0x09, 0x01, 0x29, 0x01,
    0x0a, 0x09, 0x29, 0x01, 0x29, 0x01, 0x0a, 0x09, 0x29, 0x01, 0x29, 0x01,
    0x2a, 0x09, 0x09, 0x01, 0x29, 0x01, 0x2a, 0x09, 0x09, 0x01, 0x2a, 0x09,
    0x09, 0x01, 0x29, 0x01, 0x2a, 0x09, 0x29, 0x01, 0x29, 0x01, 0x0a, 0x09,
    0x29, 0x01, 0x29, 0x01, 0x2a, 0x09, 0x29, 0x01, 0x2a, 0x09, 0x09, 0x01,
    0x29, 0x01, 0x0a, 0x09, 0x29, 0x01, 0x2a, 0x09, 0x09, 0x01, 0x0a, 0x09,
    0x29, 0x01, 0x29, 0x01, 0x0a, 0x09, 0x29, 0x01, 0x29, 0x01, 0x0a, 0x09,
    0x09, 0x01, 0x29, 0x01, 0x2a, 0x09, 0x29, 0x01, 0x09, 0x01, 0x2a, 0x09,
    0x29, 0x01, 0x0a, 0x09, 0x29, 0x01, 0x29, 0x01, 0x29, 0x01, 0x2a, 0x09,
    0x29, 0x01, 0x29, 0x01, 0x0a, 0x09, 0x29, 0x01, 0x29, 0x01, 0x0a, 0x09,
    0x29, 0x01, 0x29, 0x01, 0x2a, 0x09, 0x29, 0x01, 0x09, 0x01, 0x2a, 0x09,
    0x29, 0x01, 0x09, 0x01, 0x2a, 0x09, 0x29, 0x01, 0x0a, 0x09, 0x2a, 0x09,
    0x29, 0x01, 0x09, 0x01, 0x2a, 0x09, 0x29, 0x01, 0x2a, 0x09, 0x09, 0x01,
    0x2a, 0x09, 0x2a, 0x09, 0x09, 0x01, 0x29, 0x01, 0x2a, 0x09, 0x09, 0x01,
    0x2a, 0x09, 0x29, 0x01, 0x2a, 0x09, 0x29, 0x01, 0x09, 0x01, 0x2a, 0x09,
    0x29, 0x01, 0x09, 0x01, 0x2a, 0x09, 0x29, 0x01, 0x09, 0x01, 0x2a, 0x09,
    0x2a, 0x09, 0x09, 0x01, 0x2a, 0x09, 0x29, 0x01, 0x29, 0x01, 0x0a, 0x09,
    0x2a, 0x09, 0x29, 0x01, 0x09, 0x01, 0x2a, 0x09, 0x29, 0x01, 0x0a, 0x09,
    0x29, 0x01, 0x29, 0x01, 0x2a, 0x09, 0x29, 0x01, 0x09, 0x01, 0x2a, 0x09,
    0x2a, 0x09, 0x09, 0x01, 0x2a, 0x09, 0x29, 0x01, 0x09, 0x01, 0x2a, 0x09,
    0x2a, 0x09, 0x09, 0x01, 0x29, 0x01, 0x2a, 0x09, 0x29, 0x01, 0x0a, 0x09,
    0x29, 0x01, 0x29, 0x01, 0x0a, 0x09, 0x29, 0x01, 0x29, 0x01, 0x0a, 0x09,
    0x2a, 0x09, 0x29, 0x01, 0x2a, 0x09, 0x29, 0x01, 0x09, 0x01, 0x2a, 0x09,
    0x2a, 0x09, 0x09, 0x01, 0x29, 0x01, 0x2a, 0x09, 0x09, 0x01, 0x2a, 0x09,
    0x29, 0x01, 0x09, 0x01, 0x2a, 0x09, 0x29, 0x01, 0x29, 0x01, 0x0a, 0x09,
    0x2a, 0x09, 0x29, 0x01, 0x0a, 0x09, 0x29, 0x01, 0x29, 0x01, 0x0a, 0x09,
    0x2a, 0x09, 0x29, 0x01, 0x29, 0x01, 0x2a, 0x09, 0x09, 0x01, 0x2a, 0x09,
    0x29, 0x01, 0x09, 0x01, 0x2a, 0x09, 0x29, 0x01, 0x09, 0x01, 0x2a, 0x09,
    0x2a, 0x09, 0x09, 0x01, 0x2a, 0x09, 0x29, 0x01, 0x29, 0x01, 0x0a, 0x09,
    0x2a, 0x09, 0x29, 0x01, 0x09, 0x01, 0x2a, 0x09, 0x29, 0x01, 0x0a, 0x09,
    0x29, 0x01, 0x29, 0x01, 0x2a, 0x09, 0x29, 0x01, 0x09, 0x01, 0x2a, 0x09,
    0x2a, 0x09, 0x09, 0x01, 0x2a, 0x09, 0x29, 0x01, 0x09, 0x01, 0x2a, 0x09,
    0x2a, 0x09, 0x09, 0x01, 0x29, 0x01, 0x2a, 0x09, 0x29, 0x01, 0x0a, 0x09,
    0x29, 0x01, 0x29, 0x01, 0x0a, 0x09, 0x29, 0x01, 0x29, 0x01, 0x0a, 0x09,
    0x2a, 0x09, 0x29, 0x01, 0x2a, 0x09, 0x29, 0x01, 0x09, 0x01, 0x2a, 0x09,
    0x2a, 0x09, 0x09, 0x01, 0x29, 0x01, 0x2a, 0x09, 0x09, 0x01, 0x2a, 0x09,
    0x29, 0x01, 0x09, 0x01, 0x2a, 0x09, 0x29, 0x01, 0x29, 0x01, 0x0a, 0x09,
    0x2a, 0x09, 0x29, 0x01, 0x0a, 0x09, 0x29, 0x01, 0x29, 0x01, 0x0a, 0x09,
    0x2a, 0x09, 0x29, 0x01, 0x29, 0x01, 0x2a, 0x09, 0x09, 0x01, 0x2a, 0x09,
    0x29, 0x01, 0x09, 0x01, 0x2a, 0x09, 0x29, 0x01, 0x09, 0x01, 0x2a, 0x09,
    0x2a, 0x09, 0x09, 0x01, 0x2a, 0x09, 0x29, 0x01, 0x29, 0x01, 0x0a, 0x09,
    0x2a, 0x09, 0x29, 0x01, 0x09, 0x01, 0x2a, 0x09, 0x29, 0x01, 0x0a, 0x09,
    0x29, 0x01, 0x29, 0x01, 0x2a, 0x09, 0x29, 0x01, 0x09, 0x01, 0x2a, 0x09,
    0x29, 0x01, 0x0a, 0x09, 0x09, 0x01, 0x29, 0x01, 0x2a, 0x09, 0x29, 0x01,
    0x09, 0x01, 0x2a, 0x09, 0x29, 0x01, 0x09, 0x01, 0x2a, 0x09, 0x29, 0x01,
    0x29, 0x01, 0x29, 0x01, 0x29, 0x01, 0x29, 0x01, 0x2a, 0x09, 0x29, 0x01,
    0x2a, 0x09, 0x09, 0x01, 0x2a, 0x09, 0x29, 0x01, 0x29, 0x01, 0x2a, 0x09,
    0x29, 0x01, 0x2a, 0x09, 0x09, 0x01, 0x2a, 0x09, 0x29, 0x01, 0x09, 0x01,
    0x2a, 0x09, 0x29, 0x01, 0x0a, 0x09, 0x29, 0x01, 0x2a, 0x09, 0x09, 0x01,
    0x29, 0x01, 0x2a, 0x09, 0x29, 0x01, 0x2a, 0x09, 0x29, 0x01, 0x0a, 0x09,
    0x29, 0x01, 0x2a, 0x09, 0x09, 0x01, 0x2a, 0x09, 0x2a, 0x09, 0x29, 0x01,
    0x29, 0x01, 0x2a, 0x09, 0x29, 0x01, 0x29, 0x01, 0x09, 0x01, 0x2a, 0x09,
    0x29, 0x01, 0x2a, 0x09, 0x29, 0x01, 0x29, 0x01, 0x2a, 0x09, 0x29, 0x01,
    0x29, 0x01, 0x2a, 0x09, 0x29, 0x01, 0x29, 0x01, 0x0a, 0x09, 0x29, 0x01,
    0x29, 0x01, 0x0a, 0x09, 0x29, 0x01, 0x29, 0x01, 0x2a, 0x09, 0x2a, 0x09,
    0x29, 0x01, 0x29, 0x01, 0x2a, 0x09, 0x29, 0x01, 0x09, 0x01, 0x29, 0x01,
    0x29, 0x01, 0x2a, 0x09, 0x29, 0x01, 0x29, 0x01, 0x2a, 0x09, 0x29, 0x01,
    0x29, 0x01, 0x2a, 0x09, 0x29, 0x01, 0x29, 0x01, 0x0a, 0x09, 0x29, 0x01,
    0x29, 0x01, 0x0a, 0x09, 0x2a, 0x09, 0x29, 0x01, 0x29, 0x01, 0x29, 0x01,
    0x29, 0x01, 0x2a, 0x09, 0x29, 0x01, 0x29, 0x01, 0x0a, 0x09, 0x29, 0x01,
    0x29, 0x01, 0x2a, 0x09, 0x29, 0x01, 0x29, 0x01, 0x2a, 0x09, 0x29, 0x01,
    0x29, 0x01, 0x2a, 0x09, 0x2a, 0x09, 0x29, 0x01, 0x09, 0x01, 0x29, 0x01,
    0x29, 0x01, 0x0a, 0x09, 0x29, 0x01, 0x29, 0x01, 0x2a, 0x09, 0x29, 0x01,
    0x29, 0x01, 0x2a, 0x09, 0x29, 0x01, 0x29, 0x01, 0x0a, 0x09, 0x29, 0x01,
    0x29, 0x01, 0x2a, 0x09, 0x2a, 0x09, 0x29, 0x01, 0x29, 0x01, 0x29, 0x01,
    0x29, 0x01, 0x2a, 0x09, 0x29, 0x01, 0x29, 0x01, 0x0a, 0x09, 0x29, 0x01,
    0x29, 0x01, 0x0a, 0x09, 0x29, 0x01, 0x29, 0x01, 0x2a, 0x09, 0x29, 0x01,
    0x29, 0x01, 0x2a, 0x09, 0x2a, 0x09, 0x29, 0x01, 0x09, 0x01, 0x29, 0x01,
    0x29, 0x01, 0x2a, 0x09, 0x29, 0x01, 0x29, 0x01, 0x2a, 0x09, 0x29, 0x01,
    0x29, 0x01, 0x2a, 0x09, 0x29, 0x01, 0x29, 0x01, 0x0a, 0x09, 0x29, 0x01,
    0x29, 0x01, 0x0a, 0x09, 0x2a, 0x09, 0x29, 0x01, 0x29, 0x01, 0x29, 0x01,
    0x29, 0x01, 0x2a, 0x09, 0x29, 0x01, 0x29, 0x01, 0x0a, 0x09, 0x29, 0x01,
    0x29, 0x01, 0x2a, 0x09, 0x29, 0x01, 0x29, 0x01, 0x2a, 0x09, 0x29, 0x01,
    0x29, 0x01, 0x2a, 0x09, 0x2a, 0x09, 0x29, 0x01, 0x09, 0x01, 0x29, 0x01,
    0x29, 0x01, 0x0a, 0x09, 0x29, 0x01, 0x29, 0x01, 0x2a, 0x09, 0x29, 0x01,
    0x29, 0x01, 0x2a, 0x09, 0x29, 0x01, 0x29, 0x01, 0x0a, 0x09, 0x29, 0x01,
    0x29, 0x01, 0x2a, 0x09, 0x2a, 0x09, 0x29, 0x01, 0x29, 0x01, 0x29, 0x01,
    0x29, 0x01, 0x2a, 0x09, 0x29, 0x01, 0x29, 0x01, 0x0a, 0x09, 0x29, 0x01,
    0x29, 0x01, 0x0a, 0x09, 0x29, 0x01, 0x29, 0x01, 0x2a, 0x09, 0x29, 0x01,
    0x29, 0x01, 0x2a, 0x09, 0x2a, 0x09, 0x29, 0x01, 0x09, 0x01, 0x29, 0x01,
    0x29, 0x01, 0x2a, 0x09, 0x29, 0x01, 0x29, 0x01, 0x2a, 0x09, 0x29, 0x01,
    0x29, 0x01, 0x2a, 0x09, 0x29, 0x01, 0x29, 0x01, 0x0a, 0x09, 0x29, 0x01,
    0x29, 0x01, 0x0a, 0x09, 0x2a, 0x09, 0x29, 0x01, 0x29, 0x01, 0x2a, 0x09,
    0x29, 0x01, 0x29, 0x01, 0x2a, 0x09, 0x09, 0x01, 0x2a, 0x09, 0x29, 0x01,
    0x29, 0x01, 0x0a, 0x09, 0x29, 0x01, 0x29, 0x01, 0x0a, 0x09, 0x29, 0x01,
    0x29, 0x01, 0x0a, 0x09, 0x2a, 0x09, 0x09, 0x01, 0x29, 0x01, 0x2a, 0x09,
    0x09, 0x01, 0x29, 0x01, 0x2a, 0x09, 0x29, 0x01, 0x0a, 0x09, 0x29, 0x01,
    0x29, 0x01, 0x2a, 0x09, 0x09, 0x01, 0x29, 0x01, 0x2a, 0x09, 0x29, 0x01,
    0x29, 0x01, 0x29, 0x01, 0x2a, 0x09, 0x29, 0x01, 0x09, 0x01, 0x2a, 0x09,
    0x29, 0x01, 0x09, 0x01, 0x2a, 0x09, 0x29, 0x01, 0x09, 0x01, 0x2a, 0x09,
    0x29, 0x01, 0x29, 0x01, 0x09, 0x01, 0x29, 0x01, 0x2a, 0x09, 0x09, 0x01,
    0x2a, 0x09, 0x09, 0x01, 0x2a, 0x09, 0x29, 0x01, 0x29, 0x01, 0x09, 0x01,
    0x2a, 0x09, 0x29, 0x01, 0x09, 0x01, 0x0a, 0x09, 0x29, 0x01, 0x09, 0x01,
    0x29, 0x01, 0x0a, 0x09, 0x29, 0x01, 0x2a, 0x09, 0x29, 0x01, 0x29, 0x01,
    0x2a, 0x09, 0x09, 0x01, 0x29, 0x01, 0x2a, 0x09, 0x09, 0x01, 0x29, 0x01,
    0x0a, 0x09, 0x29, 0x01, 0x2a, 0x09, 0x0a, 0x09, 0x29, 0x01, 0x2a, 0x09,
    0x09, 0x01, 0x29, 0x01, 0x0a, 0x09, 0x09, 0x01, 0x2a, 0x09, 0x09, 0x01,
    0x29, 0x01, 0x0a, 0x09, 0x29, 0x01, 0x29, 0x01, 0x2a, 0x09, 0x29, 0x01,
    0x29, 0x01, 0x0a, 0x09, 0x29, 0x01, 0x29, 0x01, 0x0a, 0x09, 0x29, 0x01,
    0x09, 0x01, 0x2a, 0x09, 0x29, 0x01, 0x09, 0x01, 0x2a, 0x09, 0x29, 0x01,
    0x09, 0x01, 0x2a, 0x09, 0x09, 0x01, 0x09, 0x01, 0x2a, 0x09, 0x09, 0x01,
    0x29, 0x01, 0x0a, 0x09, 0x29, 0x01, 0x29, 0x01, 0x2a, 0x09, 0x29, 0x01,
    0x29, 0x01, 0x0a, 0x09, 0x29, 0x01, 0x29, 0x01, 0x0a, 0x09, 0x29, 0x01,
    0x09, 0x01, 0x2a, 0x09, 0x29, 0x01, 0x09, 0x01, 0x2a, 0x09, 0x29, 0x01,
    0x09, 0x01, 0x2a, 0x09, 0x09, 0x01, 0x09, 0x01, 0x2a, 0x09, 0x09, 0x01,
    0x29, 0x01, 0x0a, 0x09, 0x29, 0x01, 0x29, 0x01, 0x2a, 0x09, 0x29, 0x01,
    0x29, 0x01, 0x0a, 0x09, 0x29, 0x01, 0x29, 0x01, 0x0a, 0x09, 0x29, 0x01,
    0x09, 0x01, 0x2a, 0x09, 0x29, 0x01, 0x09, 0x01, 0x2a, 0x09, 0x29, 0x01,
    0x09, 0x01, 0x2a, 0x09, 0x09, 0x01, 0x09, 0x01, 0x2a, 0x09, 0x09, 0x01,
    0x29, 0x01, 0x0a, 0x09, 0x29, 0x01, 0x29, 0x01, 0x2a, 0x09, 0x29, 0x01,
    0x29, 0x01, 0x0a, 0x09, 0x29, 0x01, 0x29, 0x01, 0x0a, 0x09, 0x29, 0x01,
    0x09, 0x01, 0x2a, 0x09, 0x29, 0x01, 0x09, 0x01, 0x2a, 0x09, 0x29, 0x01,
    0x09, 0x01, 0x2a, 0x09, 0x09, 0x01, 0x09, 0x01, 0x2a, 0x09, 0x09, 0x01,
    0x29, 0x01, 0x0a, 0x09, 0x29, 0x01, 0x29, 0x01, 0x2a, 0x09, 0x29, 0x01,
    0x29, 0x01, 0x0a, 0x09, 0x29, 0x01, 0x29, 0x01, 0x0a, 0x09, 0x29, 0x01,
    0x09, 0x01, 0x2a, 0x09, 0x29, 0x01, 0x09, 0x01, 0x2a, 0x09, 0x29, 0x01,
    0x09, 0x01, 0x2a, 0x09, 0x09, 0x01, 0x09, 0x01, 0x2a, 0x09, 0x09, 0x01,
    0x29, 0x01, 0x0a, 0x09, 0x29, 0x01, 0x29, 0x01, 0x2a, 0x09, 0x29, 0x01,
    0x29, 0x01, 0x0a, 0x09, 0x29, 0x01, 0x29, 0x01, 0x0a, 0x09, 0x29, 0x01,
    0x09, 0x01, 0x2a, 0x09, 0x29, 0x01, 0x09, 0x01, 0x2a, 0x09, 0x29, 0x01,
    0x09, 0x01, 0x2a, 0x09, 0x09, 0x01, 0x09, 0x01, 0x2a, 0x09, 0x09, 0x01,
    0x29, 0x01, 0x0a, 0x09, 0x29, 0x01, 0x29, 0x01, 0x2a, 0x09, 0x29, 0x01,
    0x29, 0x01, 0x0a, 0x09, 0x29, 0x01, 0x29, 0x01, 0x0a, 0x09, 0x29, 0x01,
    0x29, 0x01, 0x2a, 0x09, 0x29, 0x01, 0x29, 0x01, 0x0a, 0x09, 0x29, 0x01,
    0x2a, 0x09, 0x29, 0x01, 0x2a, 0x09, 0x29, 0x01, 0x29, 0x01, 0x2a, 0x09,
    0x29, 0x01, 0x29, 0x01, 0x0a, 0x09, 0x29, 0x01, 0x29, 0x01, 0x0a, 0x09,
    0x29, 0x01, 0x29, 0x01, 0x2a, 0x09, 0x09, 0x01, 0x29, 0x01, 0x2a, 0x09,
    0x09, 0x01, 0x29, 0x01, 0x2a, 0x09, 0x29, 0x01, 0x0a, 0x09, 0x2a, 0x09,
    0x09, 0x01, 0x2a, 0x09, 0x29, 0x01, 0x09, 0x01, 0x2a, 0x09, 0x2a, 0x09,
    0x29, 0x01, 0x09, 0x01, 0x2a, 0x09, 0x29, 0x01, 0x29, 0x01, 0x2a, 0x09,
    0x09, 0x01, 0x2a, 0x09, 0x2a, 0x09, 0x29, 0x01, 0x29, 0x01, 0x0a, 0x09,
    0x29, 0x01, 0x29, 0x01, 0x0a, 0x09, 0x2a, 0x09, 0x29, 0x01, 0x2a, 0x09,
    0x09, 0x01, 0x29, 0x01, 0x2a, 0x09, 0x29, 0x01, 0x2a, 0x09, 0x29, 0x01,
    0x0a, 0x09, 0x29, 0x01, 0x29, 0x01, 0x0a, 0x09, 0x29, 0x01, 0x2a, 0x09,
    0x09, 0x01, 0x29, 0x01, 0x2a, 0x09, 0x09, 0x01, 0x29, 0x01, 0x2a, 0x09,
    0x09, 0x01, 0x29, 0x01, 0x29, 0x01, 0x29, 0x01, 0x2a, 0x09, 0x29, 0x01,
    0x2a, 0x09, 0x29, 0x01, 0x29, 0x01, 0x2a, 0x09, 0x29, 0x01, 0x29, 0x01,
    0x0a, 0x09, 0x29, 0x01, 0x2a, 0x09, 0x09, 0x01, 0x2a, 0x09, 0x29, 0x01,
    0x09, 0x01, 0x2a, 0x09, 0x29, 0x01, 0x09, 0x01, 0x2a, 0x09, 0x2a, 0x09,
    0x09, 0x01, 0x2a, 0x09, 0x29, 0x01, 0x2a, 0x09, 0x29, 0x01, 0x29, 0x01,
    0x2a, 0x09, 0x29, 0x01, 0x2a, 0x09, 0x29, 0x01, 0x2a, 0x09, 0x29, 0x01,
    0x09, 0x01, 0x2a, 0x09, 0x29, 0x01, 0x09, 0x01, 0x2a, 0x09, 0x2a, 0x09,
    0x09, 0x01, 0x2a, 0x09, 0x29, 0x01, 0x0a, 0x09, 0x29, 0x01, 0x29, 0x01,
    0x0a, 0x09, 0x29, 0x01, 0x2a, 0x09, 0x29, 0x01, 0x2a, 0x09, 0x29, 0x01,
    0x29, 0x01, 0x2a, 0x09, 0x29, 0x01, 0x29, 0x01, 0x2a, 0x09, 0x2a, 0x09,
    0x09, 0x01, 0x2a, 0x09, 0x29, 0x01, 0x0a, 0x09, 0x29, 0x01, 0x29, 0x01,
    0x0a, 0x09, 0x29, 0x01, 0x2a, 0x09, 0x09, 0x01, 0x2a, 0x09, 0x29, 0x01,
    0x09, 0x01, 0x2a, 0x09, 0x29, 0x01, 0x29, 0x01, 0x2a, 0x09, 0x2a, 0x09,
    0x29, 0x01, 0x2a, 0x09, 0x29, 0x01, 0x2a, 0x09, 0x29, 0x01, 0x29, 0x01,
    0x0a, 0x09, 0x29, 0x01, 0x2a, 0x09, 0x09, 0x01, 0x2a, 0x09, 0x29, 0x01,
    0x09, 0x01, 0x2a, 0x09, 0x29, 0x01, 0x09, 0x01, 0x2a, 0x09, 0x2a, 0x09,
    0x09, 0x01, 0x2a, 0x09, 0x29, 0x01, 0x2a, 0x09, 0x29, 0x01, 0x29, 0x01,
    0x2a, 0x09, 0x29, 0x01, 0x2a, 0x09, 0x29, 0x01, 0x2a, 0x09, 0x29, 0x01,
    0x09, 0x01, 0x2a, 0x09, 0x29, 0x01, 0x09, 0x01, 0x2a, 0x09, 0x2a, 0x09,
    0x09, 0x01, 0x2a, 0x09, 0x29, 0x01, 0x0a, 0x09, 0x29, 0x01, 0x29, 0x01,
    0x0a, 0x09, 0x29, 0x01, 0x2a, 0x09, 0x29, 0x01, 0x2a, 0x09, 0x29, 0x01,
    0x29, 0x01, 0x2a, 0x09, 0x29, 0x01, 0x29, 0x01, 0x2a, 0x09, 0x2a, 0x09,
    0x09, 0x01, 0x2a, 0x09, 0x29, 0x01, 0x0a, 0x09, 0x29, 0x01, 0x29, 0x01,
    0x0a, 0x09, 0x29, 0x01, 0x2a, 0x09, 0x09, 0x01, 0x2a, 0x09, 0x29, 0x01,
    0x09, 0x01, 0x2a, 0x09, 0x29, 0x01, 0x29, 0x01, 0x2a, 0x09, 0x2a, 0x09,
    0x29, 0x01, 0x2a, 0x09, 0x29, 0x01, 0x2a, 0x09, 0x29, 0x01, 0x29, 0x01,
    0x0a, 0x09, 0x29, 0x01, 0x2a, 0x09, 0x09, 0x01, 0x2a, 0x09, 0x29, 0x01,
    0x09, 0x01, 0x2a, 0x09, 0x29, 0x01, 0x09, 0x01, 0x2a, 0x09, 0x09, 0x01,
    0x0a, 0x09, 0x29, 0x01, 0x29, 0x01, 0x0a, 0x09, 0x29, 0x01, 0x29, 0x01,
    0x0a, 0x09, 0x29, 0x01, 0x09, 0x01, 0x2a, 0x09, 0x29, 0x01, 0x09, 0x01,
    0x29, 0x01, 0x29, 0x01, 0x2a, 0x09, 0x29, 0x01, 0x29, 0x01, 0x2a, 0x09,
    0x29, 0x01, 0x29, 0x01, 0x0a, 0x09, 0x29, 0x01, 0x29, 0x01, 0x2a, 0x09,
    0x09, 0x01, 0x2a, 0x09, 0x29, 0x01, 0x29, 0x01, 0x29, 0x01, 0x29, 0x01,
    0x0a, 0x09, 0x29, 0x01, 0x29, 0x01, 0x2a, 0x09, 0x29, 0x01, 0x29, 0x01,
    0x0a, 0x09, 0x29, 0x01, 0x2a, 0x09, 0x09, 0x01, 0x2a, 0x09, 0x29, 0x01,
    0x09, 0x01, 0x2a, 0x09, 0x29, 0x01, 0x09, 0x01, 0x2a, 0x09, 0x29, 0x01,
    0x29, 0x01, 0x29, 0x01, 0x29, 0x01, 0x0a, 0x09, 0x29, 0x01, 0x29, 0x01,
    0x2a, 0x09, 0x29, 0x01, 0x29, 0x01, 0x0a, 0x09, 0x29, 0x01, 0x2a, 0x09,
    0x29, 0x01, 0x29, 0x01, 0x2a, 0x09, 0x09, 0x01, 0x29, 0x01, 0x2a, 0x09,
    0x09, 0x01, 0x2a, 0x09, 0x2a, 0x09, 0x29, 0x01, 0x29, 0x01, 0x2a, 0x09,
    0x29, 0x01, 0x0a, 0x09, 0x29, 0x01, 0x09, 0x01, 0x2a, 0x09, 0x09, 0x01,
    0x29, 0x01, 0x2a, 0x09, 0x09, 0x01, 0x29, 0x01, 0x2a, 0x09, 0x29, 0x01,
    0x29, 0x01, 0x2a, 0x09, 0x29, 0x01, 0x09, 0x01, 0x2a, 0x09, 0x29, 0x01,
    0x0a, 0x09, 0x29, 0x01, 0x29, 0x01, 0x2a, 0x09, 0x29, 0x01, 0x29, 0x01,
    0x2a, 0x09, 0x09, 0x01, 0x29, 0x01, 0x0a, 0x09, 0x29, 0x01, 0x0a, 0x09,
    0x29, 0x01, 0x29, 0x01, 0x0a, 0x09, 0x29, 0x01, 0x29, 0x01, 0x2a, 0x09,
    0x29, 0x01, 0x2a, 0x09, 0x29, 0x01, 0x09, 0x01, 0x2a, 0x09, 0x29, 0x01,
    0x09, 0x01, 0x29, 0x01, 0x2a, 0x09, 0x29, 0x01, 0x29, 0x01, 0x2a, 0x09,
    0x29, 0x01, 0x09, 0x01, 0x2a, 0x09, 0x09, 0x01, 0x29, 0x01, 0x0a, 0x09,
    0x29, 0x01, 0x2a, 0x09, 0x09, 0x01, 0x29, 0x01, 0x2a, 0x09, 0x29, 0x01,
    0x29, 0x01, 0x29, 0x01, 0x2a, 0x09, 0x09, 0x01, 0x29, 0x01, 0x2a, 0x09,
    0x09, 0x01, 0x29, 0x01, 0x2a, 0x09, 0x29, 0x01, 0x29, 0x01, 0x2a, 0x09,
    0x29, 0x01, 0x0a, 0x09, 0x29, 0x01, 0x09, 0x01, 0x2a, 0x09, 0x09, 0x01,
    0x29, 0x01, 0x29, 0x01, 0x0a, 0x09, 0x29, 0x01, 0x29, 0x01, 0x2a, 0x09,
    0x29, 0x01, 0x29, 0x01, 0x2a, 0x09, 0x09, 0x01, 0x29, 0x01, 0x2a, 0x09,
    0x09, 0x01, 0x2a, 0x09, 0x29, 0x01, 0x29, 0x01, 0x2a, 0x09, 0x29, 0x01,
    0x29, 0x01, 0x09, 0x01, 0x2a, 0x09, 0x09, 0x01, 0x29, 0x01, 0x0a, 0x09,
    0x29, 0x01, 0x29, 0x01, 0x0a, 0x09, 0x29, 0x01, 0x29, 0x01, 0x2a, 0x09,
    0x29, 0x01, 0x2a, 0x09, 0x29, 0x01, 0x09, 0x01, 0x2a, 0x09, 0x29, 0x01,
    0x09, 0x01, 0x29, 0x01, 0x2a, 0x09, 0x29, 0x01, 0x29, 0x01, 0x2a, 0x09,
    0x29, 0x01, 0x09, 0x01, 0x2a, 0x09, 0x09, 0x01, 0x29, 0x01, 0x0a, 0x09,
    0x29, 0x01, 0x2a, 0x09, 0x09, 0x01, 0x29, 0x01, 0x2a, 0x09, 0x29, 0x01,
    0x29, 0x01, 0x29, 0x01, 0x2a, 0x09, 0x09, 0x01, 0x29, 0x01, 0x2a, 0x09,
    0x09, 0x01, 0x29, 0x01, 0x2a, 0x09, 0x29, 0x01, 0x29, 0x01, 0x2a, 0x09,
    0x29, 0x01, 0x0a, 0x09, 0x29, 0x01, 0x09, 0x01, 0x2a, 0x09, 0x09, 0x01,
    0x29, 0x01, 0x29, 0x01, 0x0a, 0x09, 0x29, 0x01, 0x29, 0x01, 0x2a, 0x09,
    0x29, 0x01, 0x29, 0x01, 0x2a, 0x09, 0x09, 0x01, 0x29, 0x01, 0x2a, 0x09,
    0x09, 0x01, 0x2a, 0x09, 0x29, 0x01, 0x29, 0x01, 0x2a, 0x09, 0x29, 0x01,
    0x29, 0x01, 0x2a, 0x09, 0x09, 0x01, 0x2a, 0x09, 0x29, 0x01, 0x29, 0x01,
    0x2a, 0x09, 0x09, 0x01, 0x29, 0x01, 0x2a, 0x09, 0x09, 0x01, 0x29, 0x01,
    0x09, 0x01, 0x2a, 0x09, 0x29, 0x01, 0x0a, 0x09, 0x29, 0x01, 0x0a, 0x09,
    0x29, 0x01, 0x2a, 0x09, 0x29, 0x01, 0x2a, 0x09, 0x09, 0x01, 0x29, 0x01,
    0x2a, 0x09, 0x29, 0x01, 0x0a, 0x09, 0x09, 0x01, 0x29, 0x01, 0x2a, 0x09,
    0x29, 0x01, 0x09, 0x01, 0x2a, 0x09, 0x29, 0x01, 0x09, 0x01, 0x2a, 0x09,
    0x29, 0x01, 0x29, 0x01, 0x29, 0x01, 0x0a, 0x09, 0x29, 0x01, 0x29, 0x01,
    0x2a, 0x09, 0x29, 0x01, 0x29, 0x01, 0x0a, 0x09, 0x29, 0x01, 0x2a, 0x09,
    0x0a, 0x09, 0x29, 0x01, 0x29, 0x01, 0x2a, 0x09, 0x09, 0x01, 0x29, 0x01,
    0x2a, 0x09, 0x0a, 0x09, 0x29, 0x01, 0x29, 0x01, 0x09, 0x01, 0x2a, 0x09,
    0x29, 0x01, 0x09, 0x01, 0x2a, 0x09, 0x29, 0x01, 0x29, 0x01, 0x2a, 0x09,
    0x29, 0x01, 0x29, 0x01, 0x09, 0x01, 0x2a, 0x09, 0x29, 0x01, 0x09, 0x01,
    0x2a, 0x09, 0x29, 0x01, 0x2a, 0x09, 0x29, 0x01, 0x09, 0x01, 0x2a, 0x09,
    0x29, 0x01, 0x0a, 0x09, 0x29, 0x01, 0x29, 0x01, 0x0a, 0x09, 0x29, 0x01,
    0x09, 0x01, 0x2a, 0x09, 0x29, 0x01, 0x29, 0x01, 0x2a, 0x09, 0x29, 0x01,
    0x29, 0x01, 0x2a, 0x09, 0x09, 0x01, 0x2a, 0x09, 0x29, 0x01, 0x09, 0x01,
    0x2a, 0x09, 0x29, 0x01, 0x29, 0x01, 0x2a, 0x09, 0x09, 0x01, 0x29, 0x01,
    0x2a, 0x09, 0x09, 0x01, 0x29, 0x01, 0x2a, 0x09, 0x09, 0x01, 0x29, 0x01,
    0x0a, 0x09, 0x29, 0x01, 0x2a, 0x09, 0x29, 0x01, 0x29, 0x01, 0x2a, 0x09,
    0x29, 0x01, 0x29, 0x01, 0x0a, 0x09, 0x29, 0x01, 0x2a, 0x09, 0x0a, 0x09,
    0x29, 0x01, 0x29, 0x01, 0x2a, 0x09, 0x29, 0x01, 0x09, 0x01, 0x2a, 0x09,
    0x29, 0x01, 0x09, 0x01, 0x2a, 0x09, 0x29, 0x01, 0x09, 0x01, 0x2a, 0x09,
    0x09, 0x01, 0x29, 0x01, 0x2a, 0x09, 0x29, 0x01, 0x2a, 0x09, 0x2a, 0x09,
    0x29, 0x01, 0x29, 0x01, 0x0a, 0x09, 0x29, 0x01, 0x29, 0x01, 0x0a, 0x09,
    0x29, 0x01, 0x29, 0x01, 0x2a, 0x09, 0x29, 0x01, 0x09, 0x01, 0x2a, 0x09,
    0x29, 0x01, 0x09, 0x01, 0x2a, 0x09, 0x29, 0x01, 0x0a, 0x09, 0x2a, 0x09,
    0x09, 0x01, 0x29, 0x01, 0x2a, 0x09, 0x29, 0x01, 0x29, 0x01, 0x2a, 0x09,
    0x29, 0x01, 0x29, 0x01, 0x0a, 0x09, 0x29, 0x01, 0x29, 0x01, 0x0a, 0x09,
    0x29, 0x01, 0x29, 0x01, 0x2a, 0x09, 0x29, 0x01, 0x0a, 0x09, 0x2a, 0x09,
    0x29, 0x01, 0x09, 0x01, 0x2a, 0x09, 0x29, 0x01, 0x09, 0x01, 0x2a, 0x09,
    0x09, 0x01, 0x29, 0x01, 0x2a, 0x09, 0x29, 0x01, 0x29, 0x01, 0x2a, 0x09,
    0x29, 0x01, 0x29, 0x01, 0x0a, 0x09, 0x29, 0x01, 0x2a, 0x09, 0x0a, 0x09,
    0x29, 0x01, 0x29, 0x01, 0x2a, 0x09, 0x29, 0x01, 0x09, 0x01, 0x2a, 0x09,
    0x29, 0x01, 0x09, 0x01, 0x2a, 0x09, 0x29, 0x01, 0x09, 0x01, 0x2a, 0x09,
    0x09, 0x01, 0x29, 0x01, 0x2a, 0x09, 0x29, 0x01, 0x2a, 0x09, 0x2a, 0x09,
    0x29, 0x01, 0x29, 0x01, 0x0a, 0x09, 0x29, 0x01, 0x29, 0x01, 0x0a, 0x09,
    0x29, 0x01, 0x29, 0x01, 0x2a, 0x09, 0x29, 0x01, 0x09, 0x01, 0x2a, 0x09,
    0x29, 0x01, 0x09, 0x01, 0x2a, 0x09, 0x29, 0x01, 0x0a, 0x09, 0x2a, 0x09,
    0x09, 0x01, 0x29, 0x01, 0x2a, 0x09, 0x29, 0x01, 0x29, 0x01, 0x2a, 0x09,
    0x29, 0x01, 0x29, 0x01, 0x0a, 0x09, 0x29, 0x01, 0x2a, 0x09, 0x29, 0x01,
    0x29, 0x01, 0x0a, 0x09, 0x29, 0x01, 0x29, 0x01, 0x0a, 0x09, 0x29, 0x01,
    0x2a, 0x09, 0x29, 0x01, 0x2a, 0x09, 0x29, 0x01, 0x2a, 0x09, 0x29, 0x01,
    0x29, 0x01, 0x2a, 0x09, 0x09, 0x01, 0x29, 0x01, 0x2a, 0x09, 0x09, 0x01,
    0x29, 0x01, 0x29, 0x01, 0x0a, 0x09, 0x29, 0x01, 0x2a, 0x09, 0x09, 0x01,
    0x29, 0x01, 0x2a, 0x09, 0x29, 0x01, 0x2a, 0x09, 0x2a, 0x09, 0x29, 0x01,
    0x29, 0x01, 0x0a, 0x09, 0x29, 0x01, 0x29, 0x01, 0x0a, 0x09, 0x29, 0x01,
    0x2a, 0x09, 0x09, 0x01, 0x2a, 0x09, 0x29, 0x01, 0x29, 0x01, 0x0a, 0x09,
    0x29, 0x01, 0x29, 0x01, 0x0a, 0x09, 0x29, 0x01, 0x29, 0x01, 0x29, 0x01,
    0x0a, 0x09, 0x29, 0x01, 0x2a, 0x09, 0x29, 0x01, 0x0a, 0x09, 0x29, 0x01,
    0x29, 0x01, 0x0a, 0x09, 0x29, 0x01, 0x29, 0x01, 0x2a, 0x09, 0x09, 0x01,
    0x2a, 0x09, 0x29, 0x01, 0x0a, 0x09, 0x29, 0x01, 0x09, 0x01, 0x2a, 0x09,
    0x29, 0x01, 0x09, 0x01, 0x2a, 0x09, 0x29, 0x01, 0x0a, 0x09, 0x29, 0x01,
    0x29, 0x01, 0x2a, 0x09, 0x09, 0x01, 0x2a, 0x09, 0x29, 0x01, 0x29, 0x01,
    0x2a, 0x09, 0x29, 0x01, 0x2a, 0x09, 0x29, 0x01, 0x2a, 0x09, 0x09, 0x01,
    0x2a, 0x09, 0x29, 0x01, 0x0a, 0x09, 0x29, 0x01, 0x09, 0x01, 0x2a, 0x09,
    0x29, 0x01, 0x09, 0x01, 0x2a, 0x09, 0x29, 0x01, 0x09, 0x01, 0x2a, 0x09,
    0x29, 0x01, 0x29, 0x01, 0x0a, 0x09, 0x29, 0x01, 0x29, 0x01, 0x2a, 0x09,
    0x29, 0x01, 0x2a, 0x09, 0x29, 0x01, 0x2a, 0x09, 0x29, 0x01, 0x09, 0x01,
    0x2a, 0x09, 0x29, 0x01, 0x09, 0x01, 0x2a, 0x09, 0x09, 0x01, 0x2a, 0x09,
    0x29, 0x01, 0x0a, 0x09, 0x29, 0x01, 0x29, 0x01, 0x09, 0x01, 0x29, 0x01,
    0x2a, 0x09, 0x29, 0x01, 0x0a, 0x09, 0x29, 0x01, 0x2a, 0x09, 0x29, 0x01,
    0x29, 0x01, 0x2a, 0x09, 0x2a, 0x09, 0x29, 0x01, 0x29, 0x01, 0x0a, 0x09,
    0x2a, 0x09, 0x29, 0x01, 0x09, 0x01, 0x2a, 0x09, 0x09, 0x01, 0x29, 0x01,
    0x2a, 0x09, 0x09, 0x01, 0x29, 0x01, 0x2a, 0x09, 0x09, 0x01, 0x2a, 0x09,
    0x29, 0x01, 0x29, 0x01, 0x0a, 0x09, 0x29, 0x01, 0x29, 0x01, 0x2a, 0x09,
    0x2a, 0x09, 0x29, 0x01, 0x29, 0x01, 0x2a, 0x09, 0x29, 0x01, 0x09, 0x01,
    0x2a, 0x09, 0x29, 0x01, 0x09, 0x01, 0x2a, 0x09, 0x09, 0x01, 0x2a, 0x09,
    0x29, 0x01, 0x09, 0x01, 0x2a, 0x09, 0x29, 0x01, 0x09, 0x01, 0x2a, 0x09,
    0x2a, 0x09, 0x29, 0x01, 0x09, 0x01, 0x2a, 0x09, 0x29, 0x01, 0x29, 0x01,
    0x2a, 0x09, 0x29, 0x01, 0x29, 0x01, 0x2a, 0x09, 0x29, 0x01, 0x0a, 0x09,
    0x29, 0x01, 0x29, 0x01, 0x0a, 0x09, 0x29, 0x01, 0x09, 0x01, 0x2a, 0x09,
    0x2a, 0x09, 0x09, 0x01, 0x29, 0x01, 0x2a, 0x09, 0x09, 0x01, 0x29, 0x01,
    0x2a, 0x09, 0x29, 0x01, 0x09, 0x01, 0x2a, 0x09, 0x29, 0x01, 0x2a, 0x09,
    0x29, 0x01, 0x29, 0x01, 0x2a, 0x09, 0x29, 0x01, 0x29, 0x01, 0x0a, 0x09,
    0x2a, 0x09, 0x29, 0x01, 0x09, 0x01, 0x2a, 0x09, 0x09, 0x01, 0x29, 0x01,
    0x2a, 0x09, 0x09, 0x01, 0x29, 0x01, 0x2a, 0x09, 0x09, 0x01, 0x2a, 0x09,
    0x29, 0x01, 0x29, 0x01, 0x0a, 0x09, 0x29, 0x01, 0x29, 0x01, 0x2a, 0x09,
    0x2a, 0x09, 0x29, 0x01, 0x29, 0x01, 0x2a, 0x09, 0x29, 0x01, 0x09, 0x01,
    0x2a, 0x09, 0x29, 0x01, 0x09, 0x01, 0x2a, 0x09, 0x09, 0x01, 0x2a, 0x09,
    0x29, 0x01, 0x09, 0x01, 0x2a, 0x09, 0x29, 0x01, 0x09, 0x01, 0x2a, 0x09,
    0x29, 0x01, 0x2a, 0x09, 0x29, 0x01, 0x29, 0x01, 0x2a, 0x09, 0x09, 0x01,
    0x29, 0x01, 0x2a, 0x09, 0x09, 0x01, 0x09, 0x01, 0x2a, 0x09, 0x29, 0x01,
    0x29, 0x01, 0x29, 0x01, 0x2a, 0x09, 0x29, 0x01, 0x29, 0x01, 0x2a, 0x09,
    0x29, 0x01, 0x0a, 0x09, 0x29, 0x01, 0x29, 0x01, 0x2a, 0x09, 0x29, 0x01,
    0x09, 0x01, 0x2a, 0x09, 0x29, 0x01, 0x09, 0x01, 0x29, 0x01, 0x0a, 0x09,
    0x29, 0x01, 0x2a, 0x09, 0x29, 0x01, 0x2a, 0x09, 0x29, 0x01, 0x29, 0x01,
    0x0a, 0x09, 0x29, 0x01, 0x29, 0x01, 0x2a, 0x09, 0x09, 0x01, 0x2a, 0x09,
    0x29, 0x01, 0x09, 0x01, 0x2a, 0x09, 0x29, 0x01, 0x29, 0x01, 0x2a, 0x09,
    0x29, 0x01, 0x09, 0x01, 0x29, 0x01, 0x2a, 0x09, 0x29, 0x01, 0x29, 0x01,
    0x2a, 0x09, 0x29, 0x01, 0x09, 0x01, 0x2a, 0x09, 0x29, 0x01, 0x29, 0x01,
    0x2a, 0x09, 0x29, 0x01, 0x29, 0x01, 0x2a, 0x09, 0x09, 0x01, 0x2a, 0x09,
    0x29, 0x01, 0x2a, 0x09, 0x29, 0x01, 0x29, 0x01, 0x2a, 0x09, 0x29, 0x01,
    0x09, 0x01, 0x2a, 0x09, 0x29, 0x01, 0x29, 0x01, 0x2a, 0x09, 0x09, 0x01,
    0x29, 0x01, 0x0a, 0x09, 0x29, 0x01, 0x29, 0x01, 0x09, 0x01, 0x2a, 0x09,
    0x29, 0x01, 0x29, 0x01, 0x2a, 0x09, 0x09, 0x01, 0x29, 0x01, 0x2a, 0x09,
    0x09, 0x01, 0x29, 0x01, 0x2a, 0x09, 0x29, 0x01, 0x2a, 0x09, 0x29, 0x01,
    0x09, 0x01, 0x2a, 0x09, 0x29, 0x01, 0x29, 0x01, 0x2a, 0x09, 0x09, 0x01,
    0x29, 0x01, 0x0a, 0x09, 0x29, 0x01, 0x29, 0x01, 0x0a, 0x09, 0x29, 0x01,
    0x29, 0x01, 0x2a, 0x09, 0x29, 0x01, 0x09, 0x01, 0x2a, 0x09, 0x29, 0x01,
    0x09, 0x01, 0x2a, 0x09, 0x29, 0x01, 0x2a, 0x09, 0x29, 0x01, 0x29, 0x01,
    0x0a, 0x09, 0x29, 0x01, 0x29, 0x01, 0x2a, 0x09, 0x29, 0x01, 0x09, 0x01,
    0x2a, 0x09, 0x09, 0x01, 0x29, 0x01, 0x2a, 0x09, 0x09, 0x01, 0x29, 0x01,
    0x2a, 0x09, 0x29, 0x01, 0x29, 0x01, 0x0a, 0x09, 0x29, 0x01, 0x29, 0x01,
    0x0a, 0x09, 0x29, 0x01, 0x29, 0x01, 0x2a, 0x09, 0x29, 0x01, 0x29, 0x01,
    0x0a, 0x09, 0x29, 0x01, 0x2a, 0x09, 0x2a, 0x09, 0x29, 0x01, 0x09, 0x01,
    0x2a, 0x09, 0x09, 0x01, 0x29, 0x01, 0x2a, 0x09, 0x09, 0x01, 0x29, 0x01,
    0x2a, 0x09, 0x29, 0x01, 0x29, 0x01, 0x0a, 0x09, 0x29, 0x01, 0x29, 0x01,
    0x0a, 0x09, 0x29, 0x01, 0x2a, 0x09, 0x2a, 0x09, 0x29, 0x01, 0x29, 0x01,
    0x0a, 0x09, 0x29, 0x01, 0x29, 0x01, 0x2a, 0x09, 0x29, 0x01, 0x09, 0x01,
    0x2a, 0x09, 0x09, 0x01, 0x29, 0x01, 0x2a, 0x09, 0x09, 0x01, 0x29, 0x01,
    0x2a, 0x09, 0x29, 0x01, 0x2a, 0x09, 0x0a, 0x09, 0x29, 0x01, 0x29, 0x01,
    0x0a, 0x09, 0x29, 0x01, 0x29, 0x01, 0x2a, 0x09, 0x29, 0x01, 0x29, 0x01,
    0x0a, 0x09, 0x29, 0x01, 0x29, 0x01, 0x2a, 0x09, 0x29, 0x01, 0x09, 0x01,
    0x2a, 0x09, 0x09, 0x01, 0x2a, 0x09, 0x2a, 0x09, 0x09, 0x01, 0x29, 0x01,
    0x2a, 0x09, 0x29, 0x01, 0x29, 0x01, 0x0a, 0x09, 0x29, 0x01, 0x29, 0x01,
    0x0a, 0x09, 0x29, 0x01, 0x29, 0x01, 0x2a, 0x09, 0x29, 0x01, 0x29, 0x01,
    0x0a, 0x09, 0x29, 0x01, 0x2a, 0x09, 0x2a, 0x09, 0x29, 0x01, 0x09, 0x01,
    0x2a, 0x09, 0x09, 0x01, 0x29, 0x01, 0x2a, 0x09, 0x09, 0x01, 0x29, 0x01,
    0x2a, 0x09, 0x29, 0x01, 0x29, 0x01, 0x0a, 0x09, 0x29, 0x01, 0x29, 0x01,
    0x0a, 0x09, 0x29, 0x01, 0x2a, 0x09, 0x29, 0x01, 0x09, 0x01, 0x2a, 0x09,
    0x09, 0x01, 0x29, 0x01, 0x0a, 0x09, 0x29, 0x01, 0x2a, 0x09, 0x29, 0x01,
    0x09, 0x01, 0x2a, 0x09, 0x29, 0x01, 0x29, 0x01, 0x2a, 0x09, 0x09, 0x01,
    0x09, 0x01, 0x2a, 0x09, 0x09, 0x01, 0x2a, 0x09, 0x09, 0x01, 0x29, 0x01,
    0x2a, 0x09, 0x29, 0x01, 0x09, 0x01, 0x2a, 0x09, 0x29, 0x01, 0x29, 0x01,
    0x2a, 0x09, 0x29, 0x01, 0x09, 0x01, 0x2a, 0x09, 0x29, 0x01, 0x29, 0x01,
    0x0a, 0x09, 0x29, 0x01, 0x29, 0x01, 0x0a, 0x09, 0x29, 0x01, 0x29, 0x01,
    0x2a, 0x09, 0x29, 0x01, 0x09, 0x01, 0x2a, 0x09, 0x29, 0x01, 0x29, 0x01,
    0x2a, 0x09, 0x2a, 0x09, 0x29, 0x01, 0x0a, 0x09, 0x09, 0x01, 0x2a, 0x09,
    0x29, 0x01, 0x2a, 0x09, 0x09, 0x01, 0x29, 0x01, 0x0a, 0x09, 0x29, 0x01,
    0x2a, 0x09, 0x09, 0x01, 0x2a, 0x09, 0x2a, 0x09, 0x09, 0x01, 0x29, 0x01,
    0x0a, 0x09, 0x29, 0x01, 0x29, 0x01, 0x2a, 0x09, 0x29, 0x01, 0x09, 0x01,
    0x2a, 0x09, 0x29, 0x01, 0x09, 0x01, 0x0a, 0x09, 0x29, 0x01, 0x2a, 0x09,
    0x09, 0x01, 0x29, 0x01, 0x2a, 0x09, 0x09, 0x01, 0x2a, 0x09, 0x29, 0x01,
    0x09, 0x01, 0x2a, 0x09, 0x29, 0x01, 0x0a, 0x09, 0x29, 0x01, 0x29, 0x01,
    0x0a, 0x09, 0x29, 0x01, 0x29, 0x01, 0x2a, 0x09, 0x2a, 0x09, 0x29, 0x01,
    0x2a, 0x09, 0x29, 0x01, 0x09, 0x01, 0x2a, 0x09, 0x29, 0x01, 0x09, 0x01,
    0x2a, 0x09, 0x2a, 0x09, 0x09, 0x01, 0x2a, 0x09, 0x29, 0x01, 0x09, 0x01,
    0x2a, 0x09, 0x29, 0x01, 0x09, 0x01, 0x2a, 0x09, 0x2a, 0x09, 0x29, 0x01,
    0x09, 0x01, 0x2a, 0x09, 0x29, 0x01, 0x29, 0x01, 0x2a, 0x09, 0x29, 0x01,
    0x29, 0x01, 0x2a, 0x09, 0x09, 0x01, 0x2a, 0x09, 0x2a, 0x09, 0x09, 0x01,
    0x29, 0x01, 0x2a, 0x09, 0x09, 0x01, 0x29, 0x01, 0x2a, 0x09, 0x09, 0x01,
    0x2a, 0x09, 0x29, 0x01, 0x09, 0x01, 0x2a, 0x09, 0x29, 0x01, 0x29, 0x01,
    0x0a, 0x09, 0x29, 0x01, 0x29, 0x01, 0x2a, 0x09, 0x29, 0x01, 0x29, 0x01,
    0x2a, 0x09, 0x29, 0x01, 0x0a, 0x09, 0x29, 0x01, 0x29, 0x01, 0x0a, 0x09,
    0x29, 0x01, 0x29, 0x01, 0x09, 0x01, 0x2a, 0x09, 0x29, 0x01, 0x09, 0x01,
    0x2a, 0x09, 0x29, 0x01, 0x09, 0x01, 0x2a, 0x09, 0x29, 0x01, 0x29, 0x01,
    0x0a, 0x09, 0x29, 0x01, 0x2a, 0x09, 0x29, 0x01, 0x29, 0x01, 0x2a, 0x09,
    0x29, 0x01, 0x29, 0x01, 0x09, 0x01, 0x2a, 0x09, 0x29, 0x01, 0x09, 0x01,
    0x2a, 0x09, 0x29, 0x01, 0x09, 0x01, 0x2a, 0x09, 0x29, 0x01, 0x09, 0x01,
    0x2a, 0x09, 0x29, 0x01, 0x0a, 0x09, 0x29, 0x01, 0x29, 0x01, 0x2a, 0x09,
    0x09, 0x01, 0x29, 0x01, 0x29, 0x01, 0x2a, 0x09, 0x29, 0x01, 0x29, 0x01,
    0x2a, 0x09, 0x29, 0x01, 0x09, 0x01, 0x2a, 0x09, 0x29, 0x01, 0x09, 0x01,
    0x2a, 0x09, 0x29, 0x01, 0x0a, 0x09, 0x29, 0x01, 0x29, 0x01, 0x0a, 0x09,
    0x29, 0x01, 0x29, 0x01, 0x09, 0x01, 0x2a, 0x09, 0x29, 0x01, 0x29, 0x01,
    0x0a, 0x09, 0x29, 0x01, 0x29, 0x01, 0x2a, 0x09, 0x29, 0x01, 0x29, 0x01,
    0x2a, 0x09, 0x29, 0x01, 0x0a, 0x09, 0x29, 0x01, 0x29, 0x01, 0x0a, 0x09,
    0x29, 0x01, 0x29, 0x01, 0x09, 0x01, 0x2a, 0x09, 0x29, 0x01, 0x09, 0x01,
    0x2a, 0x09, 0x29, 0x01, 0x09, 0x01, 0x2a, 0x09, 0x29, 0x01, 0x29, 0x01,
    0x0a, 0x09, 0x29, 0x01, 0x2a, 0x09, 0x29, 0x01, 0x29, 0x01, 0x2a, 0x09,
    0x29, 0x01, 0x29, 0x01, 0x2a, 0x09, 0x09, 0x01, 0x2a, 0x09, 0x29, 0x01,
    0x29, 0x01, 0x2a, 0x09, 0x09, 0x01, 0x29, 0x01, 0x2a, 0x09, 0x09, 0x01,
    0x29, 0x01, 0x2a, 0x09, 0x29, 0x01, 0x2a, 0x09, 0x29, 0x01, 0x29, 0x01,
    0x29, 0x01, 0x29, 0x01, 0x2a, 0x09, 0x29, 0x01, 0x0a, 0x09, 0x29, 0x01,
    0x29, 0x01, 0x0a, 0x09, 0x29, 0x01, 0x2a, 0x09, 0x09, 0x01, 0x0a, 0x09,
    0x29, 0x01, 0x29, 0x01, 0x2a, 0x09, 0x2a, 0x09, 0x29, 0x01, 0x29, 0x01,
    0x2a, 0x09, 0x09, 0x01, 0x29, 0x01, 0x2a, 0x09, 0x09, 0x01, 0x2a, 0x09,
    0x29, 0x01, 0x0a, 0x09, 0x29, 0x01, 0x2a, 0x09, 0x09, 0x01, 0x29, 0x01,
    0x0a, 0x09, 0x29, 0x01, 0x29, 0x01, 0x29, 0x01, 0x2a, 0x09, 0x09, 0x01,
    0x29, 0x01, 0x2a, 0x09, 0x29, 0x01, 0x2a, 0x09, 0x09, 0x01, 0x29, 0x01,
    0x29, 0x01, 0x29, 0x01, 0x29, 0x01, 0x2a, 0x09, 0x29, 0x01, 0x09, 0x01,
    0x2a, 0x09, 0x29, 0x01, 0x0a, 0x09, 0x29, 0x01, 0x29, 0x01, 0x2a, 0x09,
    0x09, 0x01, 0x29, 0x01, 0x2a, 0x09, 0x29, 0x01, 0x29, 0x01, 0x2a, 0x09,
    0x29, 0x01, 0x29, 0x01, 0x0a, 0x09, 0x29, 0x01, 0x29, 0x01, 0x2a, 0x09,
    0x29, 0x01, 0x29, 0x01, 0x2a, 0x09, 0x29, 0x01, 0x2a, 0x09, 0x29, 0x01,
    0x2a, 0x09, 0x09, 0x01, 0x29, 0x01, 0x2a, 0x09, 0x09, 0x01, 0x09, 0x01,
    0x2a, 0x09, 0x29, 0x01, 0x09, 0x01, 0x2a, 0x09, 0x29, 0x01, 0x29, 0x01,
    0x2a, 0x09, 0x29, 0x01, 0x09, 0x01, 0x2a, 0x09, 0x29, 0x01, 0x2a, 0x09,
    0x29, 0x01, 0x29, 0x01, 0x2a, 0x09, 0x09, 0x01, 0x29, 0x01, 0x2a, 0x09,
    0x29, 0x01, 0x0a, 0x09, 0x29, 0x01, 0x0a, 0x09, 0x29, 0x01, 0x09, 0x01,
    0x2a, 0x09, 0x29, 0x01, 0x09, 0x01, 0x29, 0x01, 0x2a, 0x09, 0x29, 0x01,
    0x29, 0x01, 0x2a, 0x09, 0x09, 0x01, 0x29, 0x01, 0x2a, 0x09, 0x29, 0x01,
    0x29, 0x01, 0x2a, 0x09, 0x29, 0x01, 0x09, 0x01, 0x2a, 0x09, 0x29, 0x01,
    0x29, 0x01, 0x0a, 0x09, 0x29, 0x01, 0x09, 0x01, 0x2a, 0x09, 0x09, 0x01,
    0x29, 0x01, 0x2a, 0x09, 0x09, 0x01, 0x2a, 0x09, 0x29, 0x01, 0x2a, 0x09,
    0x2a, 0x09, 0x29, 0x01, 0x09, 0x01, 0x2a, 0x09, 0x29, 0x01, 0x29, 0x01,
    0x2a, 0x09, 0x29, 0x01, 0x29, 0x01, 0x0a, 0x09, 0x29, 0x01, 0x29, 0x01,
    0x2a, 0x09, 0x09, 0x01, 0x29, 0x01, 0x0a, 0x09, 0x29, 0x01, 0x0a, 0x09,
    0x2a, 0x09, 0x29, 0x01, 0x09, 0x01, 0x2a, 0x09, 0x29, 0x01, 0x29, 0x01,
    0x2a, 0x09, 0x29, 0x01, 0x09, 0x01, 0x2a, 0x09, 0x29, 0x01, 0x29, 0x01,
    0x2a, 0x09, 0x29, 0x01, 0x29, 0x01, 0x0a, 0x09, 0x29, 0x01, 0x2a, 0x09,
    0x2a, 0x09, 0x09, 0x01, 0x29, 0x01, 0x0a, 0x09, 0x29, 0x01, 0x09, 0x01,
    0x2a, 0x09, 0x29, 0x01, 0x09, 0x01, 0x2a, 0x09, 0x29, 0x01, 0x29, 0x01,
    0x2a, 0x09, 0x29, 0x01, 0x09, 0x01, 0x2a, 0x09, 0x29, 0x01, 0x2a, 0x09,
    0x2a, 0x09, 0x29, 0x01, 0x29, 0x01, 0x0a, 0x09, 0x29, 0x01, 0x29, 0x01,
    0x2a, 0x09, 0x09, 0x01, 0x29, 0x01, 0x0a, 0x09, 0x29, 0x01, 0x09, 0x01,
    0x2a, 0x09, 0x29, 0x01, 0x09, 0x01, 0x2a, 0x09, 0x29, 0x01, 0x2a, 0x09,
    0x2a, 0x09, 0x29, 0x01, 0x09, 0x01, 0x2a, 0x09, 0x29, 0x01, 0x29, 0x01,
    0x2a, 0x09, 0x29, 0x01, 0x29, 0x01, 0x0a, 0x09, 0x29, 0x01, 0x29, 0x01,
    0x2a, 0x09, 0x09, 0x01, 0x29, 0x01, 0x0a, 0x09, 0x29, 0x01, 0x0a, 0x09,
    0x29, 0x01, 0x29, 0x01, 0x0a, 0x09, 0x29, 0x01, 0x29, 0x01, 0x2a, 0x09,
    0x29, 0x01, 0x2a, 0x09, 0x29, 0x01, 0x29, 0x01, 0x2a, 0x09, 0x29, 0x01,
    0x2a, 0x09, 0x09, 0x01, 0x09, 0x01, 0x2a, 0x09, 0x09, 0x01, 0x29, 0x01,
    0x29, 0x01, 0x2a, 0x09, 0x29, 0x01, 0x09, 0x01, 0x2a, 0x09, 0x29, 0x01,
    0x2a, 0x09, 0x29, 0x01, 0x29, 0x01, 0x29, 0x01, 0x2a, 0x09, 0x29, 0x01,
    0x0a, 0x09, 0x29, 0x01, 0x29, 0x01, 0x09, 0x01, 0x0a, 0x09, 0x29, 0x01,
    0x29, 0x01, 0x2a, 0x09, 0x29, 0x01, 0x29, 0x01, 0x0a, 0x09, 0x29, 0x01,
    0x29, 0x01, 0x09, 0x01, 0x2a, 0x09, 0x29, 0x01, 0x29, 0x01, 0x2a, 0x09,
    0x29, 0x01, 0x09, 0x01, 0x2a, 0x09, 0x29, 0x01, 0x29, 0x01, 0x2a, 0x09,
    0x09, 0x01, 0x29, 0x01, 0x2a, 0x09, 0x29, 0x01, 0x2a, 0x09, 0x0a, 0x09,
    0x29, 0x01, 0x0a, 0x09, 0x29, 0x01, 0x29, 0x01, 0x2a, 0x09, 0x29, 0x01,
    0x29, 0x01, 0x2a, 0x09, 0x09, 0x01, 0x29, 0x01, 0x2a, 0x09, 0x09, 0x01,
    0x29, 0x01, 0x2a, 0x09, 0x2a, 0x09, 0x09, 0x01, 0x29, 0x01, 0x0a, 0x09,
    0x29, 0x01, 0x2a, 0x09, 0x29, 0x01, 0x29, 0x01, 0x0a, 0x09, 0x2a, 0x09,
    0x29, 0x01, 0x09, 0x01, 0x2a, 0x09, 0x09, 0x01, 0x29, 0x01, 0x2a, 0x09,
    0x09, 0x01, 0x2a, 0x09, 0x29, 0x01, 0x29, 0x01, 0x29, 0x01, 0x2a, 0x09,
    0x29, 0x01, 0x2a, 0x09, 0x29, 0x01, 0x0a, 0x09, 0x29, 0x01, 0x09, 0x01,
    0x2a, 0x09, 0x29, 0x01, 0x29, 0x01, 0x09, 0x01, 0x2a, 0x09, 0x29, 0x01,
    0x09, 0x01, 0x2a, 0x09, 0x29, 0x01, 0x29, 0x01, 0x0a, 0x09, 0x29, 0x01,
    0x29, 0x01, 0x29, 0x01, 0x2a, 0x09, 0x29, 0x01, 0x0a, 0x09, 0x29, 0x01,
    0x2a, 0x09, 0x29, 0x01, 0x29, 0x01, 0x0a, 0x09, 0x29, 0x01, 0x09, 0x01,
    0x2a, 0x09, 0x29, 0x01, 0x2a, 0x09, 0x09, 0x01, 0x29, 0x01, 0x2a, 0x09,
    0x09, 0x01, 0x2a, 0x09, 0x29, 0x01, 0x29, 0x01, 0x0a, 0x09, 0x29, 0x01,
    0x2a, 0x09, 0x29, 0x01, 0x2a, 0x09, 0x29, 0x01, 0x0a, 0x09, 0x29, 0x01,
    0x29, 0x01, 0x2a, 0x09, 0x29, 0x01, 0x09, 0x01, 0x29, 0x01, 0x09, 0x01,
    0x2a, 0x09, 0x29, 0x01, 0x29, 0x01, 0x0a, 0x09, 0x29, 0x01, 0x29, 0x01,
    0x0a, 0x09, 0x29, 0x01, 0x2a, 0x09, 0x29, 0x01, 0x0a, 0x09, 0x29, 0x01,
    0x2a, 0x09, 0x29, 0x01, 0x29, 0x01, 0x2a, 0x09, 0x09, 0x01, 0x29, 0x01,
    0x2a, 0x09, 0x29, 0x01, 0x29, 0x01, 0x0a, 0x09, 0x29, 0x01, 0x09, 0x01,
    0x2a, 0x09, 0x29, 0x01, 0x2a, 0x09, 0x09, 0x01, 0x2a, 0x09, 0x29, 0x01,
    0x0a, 0x09, 0x29, 0x01, 0x29, 0x01, 0x2a, 0x09, 0x09, 0x01, 0x29, 0x01,
    0x2a, 0x09, 0x29, 0x01, 0x29, 0x01, 0x2a, 0x09, 0x09, 0x01, 0x29, 0x01,
    0x2a, 0x09, 0x29, 0x01, 0x2a, 0x09, 0x09, 0x01, 0x2a, 0x09, 0x09, 0x01,
    0x2a, 0x09, 0x29, 0x01, 0x29, 0x01, 0x0a, 0x09, 0x29, 0x01, 0x29, 0x01,
    0x0a, 0x09, 0x29, 0x01, 0x29, 0x01, 0x2a, 0x09, 0x09, 0x01, 0x29, 0x01,
    0x2a, 0x09, 0x29, 0x01, 0x2a, 0x09, 0x29, 0x01, 0x0a, 0x09, 0x29, 0x01,
    0x2a, 0x09, 0x29, 0x01, 0x29, 0x01, 0x0a, 0x09, 0x29, 0x01, 0x09, 0x01,
    0x2a, 0x09, 0x29, 0x01, 0x29, 0x01, 0x0a, 0x09, 0x29, 0x01, 0x29, 0x01,
    0x0a, 0x09, 0x29, 0x01, 0x2a, 0x09, 0x29, 0x01, 0x0a, 0x09, 0x29, 0x01,
    0x2a, 0x09, 0x29, 0x01, 0x29, 0x01, 0x2a, 0x09, 0x09, 0x01, 0x29, 0x01,
    0x2a, 0x09, 0x09, 0x01, 0x2a, 0x09, 0x29, 0x01, 0x09, 0x01, 0x0a, 0x09,
    0x29, 0x01, 0x09, 0x01, 0x2a, 0x09, 0x09, 0x01, 0x09, 0x01, 0x2a, 0x09,
    0x29, 0x01, 0x29, 0x01, 0x2a, 0x09, 0x29, 0x01, 0x2a, 0x09, 0x09, 0x01,
    0x09, 0x01, 0x2a, 0x09, 0x29, 0x01, 0x29, 0x01, 0x2a, 0x09, 0x09, 0x01,
    0x29, 0x01, 0x0a, 0x09, 0x29, 0x01, 0x0a, 0x09, 0x29, 0x01, 0x29, 0x01,
    0x2a, 0x09, 0x0a, 0x09, 0x29, 0x01, 0x29, 0x01, 0x2a, 0x09, 0x09, 0x01,
    0x2a, 0x09, 0x09, 0x01, 0x2a, 0x09, 0x29, 0x01, 0x29, 0x01, 0x2a, 0x09,
    0x29, 0x01, 0x2a, 0x09, 0x29, 0x01, 0x09, 0x01, 0x2a, 0x09, 0x29, 0x01,
    0x29, 0x01, 0x0a, 0x09, 0x2a, 0x09, 0x29, 0x01, 0x09, 0x01, 0x2a, 0x09,
    0x29, 0x01, 0x09, 0x01, 0x2a, 0x09, 0x09, 0x01, 0x29, 0x01, 0x29, 0x01,
    0x2a, 0x09, 0x29, 0x01, 0x0a, 0x09, 0x09, 0x01, 0x2a, 0x09, 0x09, 0x01,
    0x29, 0x01, 0x2a, 0x09, 0x29, 0x01, 0x0a, 0x09, 0x2a, 0x09, 0x29, 0x01,
    0x29, 0x01, 0x2a, 0x09, 0x09, 0x01, 0x29, 0x01, 0x2a, 0x09, 0x29, 0x01,
    0x09, 0x01, 0x2a, 0x09, 0x29, 0x01, 0x09, 0x01, 0x2a, 0x09, 0x29, 0x01,
    0x09, 0x01, 0x2a, 0x09, 0x29, 0x01, 0x09, 0x01, 0x2a, 0x09, 0x29, 0x01,
    0x29, 0x01, 0x0a, 0x09, 0x2a, 0x09, 0x09, 0x01, 0x2a, 0x09, 0x29, 0x01,
    0x09, 0x01, 0x29, 0x01, 0x2a, 0x09, 0x29, 0x01, 0x2a, 0x09, 0x29, 0x01,
    0x09, 0x01, 0x2a, 0x09, 0x29, 0x01, 0x2a, 0x09, 0x09, 0x01, 0x29, 0x01,
    0x2a, 0x09, 0x0a, 0x09, 0x29, 0x01, 0x29, 0x01, 0x2a, 0x09, 0x09, 0x01,
    0x2a, 0x09, 0x29, 0x01, 0x09, 0x01, 0x2a, 0x09, 0x29, 0x01, 0x29, 0x01,
    0x0a, 0x09, 0x29, 0x01, 0x2a, 0x09, 0x29, 0x01, 0x29, 0x01, 0x0a, 0x09,
    0x29, 0x01, 0x29, 0x01, 0x2a, 0x09, 0x29, 0x01, 0x0a, 0x09, 0x29, 0x01,
    0x29, 0x01, 0x0a, 0x09, 0x29, 0x01, 0x2a, 0x09, 0x29, 0x01, 0x09, 0x01,
    0x2a, 0x09, 0x29, 0x01, 0x09, 0x01, 0x2a, 0x09, 0x29, 0x01, 0x2a, 0x09,
    0x09, 0x01, 0x29, 0x01, 0x2a, 0x09, 0x2a, 0x09, 0x29, 0x01, 0x09, 0x01,
    0x2a, 0x09, 0x29, 0x01, 0x29, 0x01, 0x2a, 0x09, 0x09, 0x01, 0x2a, 0x09,
    0x29, 0x01, 0x09, 0x01, 0x2a, 0x09, 0x29, 0x01, 0x29, 0x01, 0x0a, 0x09,
    0x29, 0x01, 0x2a, 0x09, 0x09, 0x01, 0x29, 0x01, 0x2a, 0x09, 0x29, 0x01,
    0x09, 0x01, 0x2a, 0x09, 0x29, 0x01, 0x2a, 0x09, 0x29, 0x01, 0x0a, 0x09,
    0x29, 0x01, 0x29, 0x01, 0x2a, 0x09, 0x29, 0x01, 0x09, 0x01, 0x2a, 0x09,
    0x29, 0x01, 0x0a, 0x09, 0x29, 0x01, 0x29, 0x01, 0x2a, 0x09, 0x09, 0x01,
    0x29, 0x01, 0x2a, 0x09, 0x09, 0x01, 0x2a, 0x09, 0x29, 0x01, 0x2a, 0x09,
    0x09, 0x01, 0x29, 0x01, 0x2a, 0x09, 0x29, 0x01, 0x29, 0x01, 0x0a, 0x09,
    0x29, 0x01, 0x2a, 0x09, 0x29, 0x01, 0x29, 0x01, 0x0a, 0x09, 0x29, 0x01,
    0x29, 0x01, 0x0a, 0x09, 0x29, 0x01, 0x2a, 0x09, 0x29, 0x01, 0x0a, 0x09,
    0x29, 0x01, 0x29, 0x01, 0x0a, 0x09, 0x29, 0x01, 0x29, 0x01, 0x2a, 0x09,
    0x09, 0x01, 0x2a, 0x09, 0x29, 0x01, 0x29, 0x01, 0x2a, 0x09, 0x09, 0x01,
    0x29, 0x01, 0x2a, 0x09, 0x29, 0x01, 0x2a, 0x09, 0x09, 0x01, 0x2a, 0x09,
    0x29, 0x01, 0x09, 0x01, 0x2a, 0x09, 0x29, 0x01, 0x29, 0x01, 0x0a, 0x09,
    0x29, 0x01, 0x2a, 0x09, 0x09, 0x01, 0x2a, 0x09, 0x29, 0x01, 0x29, 0x01,
    0x2a, 0x09, 0x29, 0x01, 0x29, 0x01, 0x2a, 0x09, 0x29, 0x01, 0x2a, 0x09,
    0x29, 0x01, 0x29, 0x01, 0x2a, 0x09, 0x2a, 0x09, 0x29, 0x01, 0x09, 0x01,
    0x2a, 0x09, 0x29, 0x01, 0x09, 0x01, 0x2a, 0x09, 0x29, 0x01, 0x29, 0x01,
    0x29, 0x01, 0x09, 0x01, 0x2a, 0x09, 0x29, 0x01, 0x09, 0x01, 0x2a, 0x09,
    0x29, 0x01, 0x29, 0x01, 0x2a, 0x09, 0x29, 0x01, 0x09, 0x01, 0x29, 0x01,
    0x29, 0x01, 0x2a, 0x09, 0x29, 0x01, 0x2a, 0x09, 0x29, 0x01, 0x29, 0x01,
    0x2a, 0x09, 0x09, 0x01, 0x29, 0x01, 0x2a, 0x09, 0x09, 0x01, 0x0a, 0x09,
    0x29, 0x01, 0x29, 0x01, 0x0a, 0x09, 0x29, 0x01, 0x2a, 0x09, 0x09, 0x01,
    0x29, 0x01, 0x2a, 0x09, 0x29, 0x01, 0x09, 0x01, 0x2a, 0x09, 0x29, 0x01,
    0x2a, 0x09, 0x29, 0x01, 0x29, 0x01, 0x2a, 0x09, 0x09, 0x01, 0x29, 0x01,
    0x2a, 0x09, 0x29, 0x01, 0x29, 0x01, 0x2a, 0x09, 0x29, 0x01, 0x2a, 0x09,
    0x09, 0x01, 0x29, 0x01, 0x2a, 0x09, 0x29, 0x01, 0x09, 0x01, 0x2a, 0x09,
    0x29, 0x01, 0x09, 0x01, 0x29, 0x01, 0x2a, 0x09, 0x29, 0x01, 0x29, 0x01,
    0x0a, 0x09, 0x29, 0x01, 0x2a, 0x09, 0x09, 0x01, 0x29, 0x01, 0x2a, 0x09,
    0x29, 0x01, 0x2a, 0x09, 0x29, 0x01, 0x29, 0x01, 0x0a, 0x09, 0x29, 0x01,
    0x29, 0x01, 0x29, 0x01, 0x29, 0x01, 0x0a, 0x09, 0x29, 0x01, 0x2a, 0x09,
    0x09, 0x01, 0x2a, 0x09, 0x29, 0x01, 0x09, 0x01, 0x2a, 0x09, 0x29, 0x01,
    0x2a, 0x09, 0x09, 0x01, 0x2a, 0x09, 0x29, 0x01, 0x29, 0x01, 0x2a, 0x09,
    0x29, 0x01, 0x09, 0x01, 0x2a, 0x09, 0x29, 0x01, 0x29, 0x01, 0x0a, 0x09,
    0x29, 0x01, 0x2a, 0x09, 0x09, 0x01, 0x29, 0x01, 0x2a, 0x09, 0x29, 0x01,
    0x09, 0x01, 0x2a, 0x09, 0x29, 0x01, 0x09, 0x01, 0x2a, 0x09, 0x2a, 0x09,
    0x09, 0x01, 0x29, 0x01, 0x2a, 0x09, 0x09, 0x01, 0x29, 0x01, 0x2a, 0x09,
    0x29, 0x01, 0x29, 0x01, 0x0a, 0x09, 0x29, 0x01, 0x29, 0x01, 0x2a, 0x09,
    0x09, 0x01, 0x29, 0x01, 0x2a, 0x09, 0x09, 0x01, 0x29, 0x01, 0x2a, 0x09,
    0x09, 0x01, 0x29, 0x01, 0x2a, 0x09, 0x09, 0x01, 0x29, 0x01, 0x2a, 0x09,
    0x09, 0x01, 0x2a, 0x09, 0x29, 0x01, 0x09, 0x01, 0x2a, 0x09, 0x29, 0x01,
    0x29, 0x01, 0x2a, 0x09, 0x09, 0x01, 0x29, 0x01, 0x2a, 0x09, 0x29, 0x01,
    0x09, 0x01, 0x2a, 0x09, 0x29, 0x01, 0x09, 0x01, 0x2a, 0x09, 0x29, 0x01,
    0x09, 0x01, 0x2a, 0x09, 0x29, 0x01, 0x09, 0x01, 0x2a, 0x09, 0x29, 0x01,
    0x09, 0x01, 0x2a, 0x09, 0x29, 0x01, 0x09, 0x01, 0x2a, 0x09, 0x29, 0x01,
    0x29, 0x01, 0x2a, 0x09, 0x09, 0x01, 0x29, 0x01, 0x2a, 0x09, 0x29, 0x01,
    0x09, 0x01, 0x2a, 0x09, 0x29, 0x01, 0x09, 0x01, 0x2a, 0x09, 0x29, 0x01,
    0x09, 0x01, 0x2a, 0x09, 0x29, 0x01, 0x09, 0x01, 0x2a, 0x09, 0x29, 0x01,
    0x09, 0x01, 0x2a, 0x09, 0x29, 0x01, 0x09, 0x01, 0x2a, 0x09, 0x29, 0x01,
    0x29, 0x01, 0x2a, 0x09, 0x09, 0x01, 0x29, 0x01, 0x2a, 0x09, 0x29, 0x01,
    0x09, 0x01, 0x2a, 0x09, 0x29, 0x01, 0x09, 0x01, 0x2a, 0x09, 0x29, 0x01,
    0x09, 0x01, 0x2a, 0x09, 0x29, 0x01, 0x09, 0x01, 0x2a, 0x09, 0x29, 0x01,
    0x09, 0x01, 0x2a, 0x09, 0x29, 0x01, 0x09, 0x01, 0x2a, 0x09, 0x29, 0x01,
    0x29, 0x01, 0x2a, 0x09, 0x09, 0x01, 0x29, 0x01, 0x2a, 0x09, 0x29, 0x01,
    0x09, 0x01, 0x29, 0x01, 0x2a, 0x09, 0x09, 0x01, 0x2a, 0x09, 0x29, 0x01,
    0x0a, 0x09, 0x29, 0x01, 0x09, 0x01, 0x2a, 0x09, 0x29, 0x01, 0x29, 0x01,
    0x0a, 0x09, 0x29, 0x01, 0x29, 0x01, 0x2a, 0x09, 0x29, 0x01, 0x29, 0x01,
    0x2a, 0x09, 0x09, 0x01, 0x29, 0x01, 0x2a, 0x09, 0x09, 0x01, 0x2a, 0x09,
    0x29, 0x01, 0x2a, 0x09, 0x09, 0x01, 0x2a, 0x09, 0x29, 0x01, 0x2a, 0x09,
    0x09, 0x01, 0x29, 0x01, 0x2a, 0x09, 0x2a, 0x09, 0x29, 0x01, 0x0a, 0x09,
    0x29, 0x01, 0x29, 0x01, 0x0a, 0x09, 0x09, 0x01, 0x29, 0x01, 0x2a, 0x09,
    0x29, 0x01, 0x29, 0x01, 0x2a, 0x09, 0x29, 0x01, 0x29, 0x01, 0x2a, 0x09,
    0x29, 0x01, 0x09, 0x01, 0x2a, 0x09, 0x29, 0x01, 0x29, 0x01, 0x0a, 0x09,
    0x29, 0x01, 0x29, 0x01, 0x0a, 0x09, 0x29, 0x01, 0x29, 0x01, 0x0a, 0x09,
    0x29, 0x01, 0x2a, 0x09, 0x09, 0x01, 0x2a, 0x09, 0x29, 0x01, 0x0a, 0x09,
    0x29, 0x01, 0x09, 0x01, 0x2a, 0x09, 0x29, 0x01, 0x29, 0x01, 0x2a, 0x09,
    0x09, 0x01, 0x29, 0x01, 0x2a, 0x09, 0x29, 0x01, 0x29, 0x01, 0x0a, 0x09,
    0x29, 0x01, 0x2a, 0x09, 0x2a, 0x09, 0x09, 0x01, 0x29, 0x01, 0x2a, 0x09,
    0x29, 0x01, 0x29, 0x01, 0x2a, 0x09, 0x29, 0x01, 0x29, 0x01, 0x0a, 0x09,
    0x29, 0x01, 0x09, 0x01, 0x2a, 0x09, 0x29, 0x01, 0x2a, 0x09, 0x0a, 0x09,
    0x29, 0x01, 0x29, 0x01, 0x2a, 0x09, 0x29, 0x01, 0x29, 0x01, 0x29, 0x01,
    0x2a, 0x09, 0x09, 0x01, 0x29, 0x01, 0x2a, 0x09, 0x09, 0x01, 0x29, 0x01,
    0x2a, 0x09, 0x29, 0x01, 0x09, 0x01, 0x2a, 0x09, 0x09, 0x01, 0x2a, 0x09,
    0x29, 0x01, 0x29, 0x01, 0x0a, 0x09, 0x29, 0x01, 0x29, 0x01, 0x2a, 0x09,
    0x29, 0x01, 0x29, 0x01, 0x2a, 0x09, 0x09, 0x01, 0x2a, 0x09, 0x29, 0x01,
    0x29, 0x01, 0x2a, 0x09, 0x09, 0x01, 0x29, 0x01, 0x2a, 0x09, 0x29, 0x01,
    0x29, 0x01, 0x0a, 0x09, 0x29, 0x01, 0x29, 0x01, 0x2a, 0x09, 0x09, 0x01,
    0x2a, 0x09, 0x29, 0x01, 0x29, 0x01, 0x0a, 0x09, 0x29, 0x01, 0x2a, 0x09,
    0x29, 0x01, 0x29, 0x01, 0x2a, 0x09, 0x29, 0x01, 0x29, 0x01, 0x2a, 0x09,
    0x29, 0x01, 0x2a, 0x09, 0x09, 0x01, 0x29, 0x01, 0x2a, 0x09, 0x29, 0x01,
    0x29, 0x01, 0x0a, 0x09, 0x29, 0x01, 0x29, 0x01, 0x2a, 0x09, 0x09, 0x01,
    0x2a, 0x09, 0x29, 0x01, 0x29, 0x01, 0x0a, 0x09, 0x29, 0x01, 0x29, 0x01,
    0x2a, 0x09, 0x29, 0x01, 0x2a, 0x09, 0x29, 0x01, 0x2a, 0x09, 0x29, 0x01,
    0x29, 0x01, 0x2a, 0x09, 0x09, 0x01, 0x29, 0x01, 0x2a, 0x09, 0x29, 0x01,
    0x2a, 0x09, 0x09, 0x01, 0x29, 0x01, 0x2a, 0x09, 0x29, 0x01, 0x09, 0x01,
    0x2a, 0x09, 0x29, 0x01, 0x2a, 0x09, 0x09, 0x01, 0x2a, 0x09, 0x29, 0x01,
    0x29, 0x01, 0x2a, 0x09, 0x29, 0x01, 0x29, 0x01, 0x2a, 0x09, 0x29, 0x01,
    0x2a, 0x09, 0x29, 0x01, 0x09, 0x01, 0x2a, 0x09, 0x29, 0x01, 0x29, 0x01,
    0x2a, 0x09, 0x09, 0x01, 0x2a, 0x09, 0x29, 0x01, 0x2a, 0x09, 0x09, 0x01,
    0x29, 0x01, 0x2a, 0x09, 0x29, 0x01, 0x09, 0x01, 0x2a, 0x09, 0x29, 0x01,
    0x2a, 0x09, 0x29, 0x01, 0x29, 0x01, 0x2a, 0x09, 0x29, 0x01, 0x29, 0x01,
    0x2a, 0x09, 0x29, 0x01, 0x0a, 0x09, 0x29, 0x01, 0x2a, 0x09, 0x29, 0x01,
    0x29, 0x01, 0x0a, 0x09, 0x29, 0x01, 0x29, 0x01, 0x2a, 0x09, 0x09, 0x01,
    0x2a, 0x09, 0x29, 0x01, 0x29, 0x01, 0x0a, 0x09, 0x29, 0x01, 0x2a, 0x09,
    0x29, 0x01, 0x29, 0x01, 0x2a, 0x09, 0x29, 0x01, 0x29, 0x01, 0x0a, 0x09,
    0x29, 0x01, 0x2a, 0x09, 0x29, 0x01, 0x09, 0x01, 0x2a, 0x09, 0x09, 0x01,
    0x2a, 0x09, 0x09, 0x01, 0x09, 0x01, 0x2a, 0x09, 0x09, 0x01, 0x2a, 0x09,
    0x29, 0x01, 0x2a, 0x09, 0x29, 0x01, 0x29, 0x01, 0x2a, 0x09, 0x09, 0x01,
    0x29, 0x01, 0x29, 0x01, 0x2a, 0x09, 0x09, 0x01, 0x29, 0x01, 0x2a, 0x09,
    0x09, 0x01, 0x29, 0x01, 0x0a, 0x09, 0x29, 0x01, 0x29, 0x01, 0x0a, 0x09,
    0x29, 0x01, 0x29, 0x01, 0x2a, 0x09, 0x29, 0x01, 0x09, 0x01, 0x2a, 0x09,
    0x09, 0x01, 0x2a, 0x09, 0x09, 0x01, 0x09, 0x01, 0x2a, 0x09, 0x29, 0x01,
    0x2a, 0x09, 0x29, 0x01, 0x2a, 0x09, 0x29, 0x01, 0x09, 0x01, 0x2a, 0x09,
    0x29, 0x01, 0x2a, 0x09, 0x29, 0x01, 0x29, 0x01, 0x2a, 0x09, 0x09, 0x01,
    0x29, 0x01, 0x29, 0x01, 0x0a, 0x09, 0x29, 0x01, 0x29, 0x01, 0x2a, 0x09,
    0x29, 0x01, 0x29, 0x01, 0x0a, 0x09, 0x09, 0x01, 0x29, 0x01, 0x2a, 0x09,
    0x29, 0x01, 0x0a, 0x09, 0x29, 0x01, 0x29, 0x01, 0x0a, 0x09, 0x29, 0x01,
    0x29, 0x01, 0x29, 0x01, 0x0a, 0x09, 0x29, 0x01, 0x2a, 0x09, 0x09, 0x01,
    0x29, 0x01, 0x0a, 0x09, 0x29, 0x01, 0x2a, 0x09, 0x09, 0x01, 0x29, 0x01,
    0x2a, 0x09, 0x29, 0x01, 0x09, 0x01, 0x2a, 0x09, 0x29, 0x01, 0x29, 0x01,
    0x0a, 0x09, 0x2a, 0x09, 0x09, 0x01, 0x29, 0x01, 0x0a, 0x09, 0x29, 0x01,
    0x29, 0x01, 0x2a, 0x09, 0x29, 0x01, 0x2a, 0x09, 0x09, 0x01, 0x29, 0x01,
    0x2a, 0x09, 0x09, 0x01, 0x29, 0x01, 0x2a, 0x09, 0x29, 0x01, 0x09, 0x01,
    0x2a, 0x09, 0x29, 0x01, 0x2a, 0x09, 0x09, 0x01, 0x2a, 0x09, 0x09, 0x01,
    0x29, 0x01, 0x2a, 0x09, 0x29, 0x01, 0x29, 0x01, 0x0a, 0x09, 0x29, 0x01,
    0x2a, 0x09, 0x09, 0x01, 0x2a, 0x09, 0x29, 0x01, 0x29, 0x01, 0x0a, 0x09,
    0x29, 0x01, 0x2a, 0x09, 0x29, 0x01, 0x2a, 0x09, 0x09, 0x01, 0x29, 0x01,
    0x2a, 0x09, 0x09, 0x01, 0x29, 0x01, 0x2a, 0x09, 0x09, 0x01, 0x29, 0x01,
    0x2a, 0x09, 0x09, 0x01, 0x2a, 0x09, 0x09, 0x01, 0x2a, 0x09, 0x09, 0x01,
    0x29, 0x01, 0x2a, 0x09, 0x29, 0x01, 0x2a, 0x09, 0x09, 0x01, 0x29, 0x01,
    0x2a, 0x09, 0x29, 0x01, 0x0a, 0x09, 0x29, 0x01, 0x29, 0x01, 0x0a, 0x09,
    0x29, 0x01, 0x2a, 0x09, 0x09, 0x01, 0x2a, 0x09, 0x29, 0x01, 0x0a, 0x09,
    0x29, 0x01, 0x09, 0x01, 0x29, 0x01, 0x2a, 0x09, 0x09, 0x01, 0x2a, 0x09,
    0x29, 0x01, 0x0a, 0x09, 0x29, 0x01, 0x29, 0x01, 0x2a, 0x09, 0x09, 0x01,
    0x29, 0x01, 0x2a, 0x09, 0x29, 0x01, 0x2a, 0x09, 0x09, 0x01, 0x2a, 0x09,
    0x29, 0x01, 0x09, 0x01, 0x29, 0x01, 0x2a, 0x09, 0x09, 0x01, 0x2a, 0x09,
    0x29, 0x01, 0x0a, 0x09, 0x29, 0x01, 0x09, 0x01, 0x2a, 0x09, 0x09, 0x01,
    0x29, 0x01, 0x2a, 0x09, 0x29, 0x01, 0x2a, 0x09, 0x09, 0x01, 0x2a, 0x09,
    0x29, 0x01, 0x29, 0x01, 0x09, 0x01, 0x2a, 0x09, 0x29, 0x01, 0x0a, 0x09,
    0x29, 0x01, 0x2a, 0x09, 0x09, 0x01, 0x29, 0x01, 0x2a, 0x09, 0x09, 0x01,
    0x29, 0x01, 0x0a, 0x09, 0x29, 0x01, 0x2a, 0x09, 0x09, 0x01, 0x2a, 0x09,
    0x29, 0x01, 0x09, 0x01, 0x29, 0x01, 0x2a, 0x09, 0x29, 0x01, 0x0a, 0x09,
    0x29, 0x01, 0x2a, 0x09, 0x29, 0x01, 0x29, 0x01, 0x0a, 0x09, 0x29, 0x01,
    0x29, 0x01, 0x0a, 0x09, 0x29, 0x01, 0x29, 0x01, 0x0a, 0x09, 0x29, 0x01,
    0x2a, 0x09, 0x09, 0x01, 0x09, 0x01, 0x2a, 0x09, 0x29, 0x01, 0x29, 0x01,
    0x29, 0x01, 0x2a, 0x09, 0x09, 0x01, 0x2a, 0x09, 0x29, 0x01, 0x29, 0x01,
    0x2a, 0x09, 0x29, 0x01, 0x2a, 0x09, 0x29, 0x01, 0x29, 0x01, 0x0a, 0x09,
    0x29, 0x01, 0x09, 0x01, 0x2a, 0x09, 0x29, 0x01, 0x29, 0x01, 0x29, 0x01,
    0x29, 0x01, 0x0a, 0x09, 0x29, 0x01, 0x29, 0x01, 0x2a, 0x09, 0x29, 0x01,
    0x2a, 0x09, 0x29, 0x01, 0x29, 0x01, 0x0a, 0x09, 0x29, 0x01, 0x29, 0x01,
    0x2a, 0x09, 0x09, 0x01, 0x2a, 0x09, 0x29, 0x01, 0x2a, 0x09, 0x29, 0x01,
    0x29, 0x01, 0x2a, 0x09, 0x29, 0x01, 0x2a, 0x09, 0x09, 0x01, 0x29, 0x01,
    0x0a, 0x09, 0x29, 0x01, 0x29, 0x01, 0x0a, 0x09, 0x2a, 0x09, 0x29, 0x01,
    0x09, 0x01, 0x2a, 0x09, 0x29, 0x01, 0x0a, 0x09, 0x29, 0x01, 0x2a, 0x09,
    0x29, 0x01, 0x29, 0x01, 0x2a, 0x09, 0x29, 0x01, 0x09, 0x01, 0x2a, 0x09,
    0x29, 0x01, 0x2a, 0x09, 0x29, 0x01, 0x29, 0x01, 0x0a, 0x09, 0x29, 0x01,
    0x29, 0x01, 0x0a, 0x09, 0x29, 0x01, 0x29, 0x01, 0x2a, 0x09, 0x29, 0x01,
    0x09, 0x01, 0x2a, 0x09, 0x29, 0x01, 0x29, 0x01, 0x2a, 0x09, 0x09, 0x01,
    0x2a, 0x09, 0x29, 0x01, 0x09, 0x01, 0x2a, 0x09, 0x29, 0x01, 0x29, 0x01,
    0x2a, 0x09, 0x29, 0x01, 0x29, 0x01, 0x0a, 0x09, 0x29, 0x01, 0x29, 0x01,
    0x29, 0x01, 0x2a, 0x09, 0x29, 0x01, 0x0a, 0x09, 0x2a, 0x09, 0x29, 0x01,
    0x09, 0x01, 0x2a, 0x09, 0x29, 0x01, 0x09, 0x01, 0x2a, 0x09, 0x29, 0x01,
    0x29, 0x01, 0x2a, 0x09, 0x29, 0x01, 0x29, 0x01, 0x2a, 0x09, 0x09, 0x01,
    0x29, 0x01, 0x2a, 0x09, 0x29, 0x01, 0x29, 0x01, 0x2a, 0x09, 0x09, 0x01,
    0x2a, 0x09, 0x09, 0x01, 0x29, 0x01, 0x2a, 0x09, 0x09, 0x01, 0x29, 0x01,
    0x29, 0x01, 0x2a, 0x09, 0x29, 0x01, 0x09, 0x01, 0x2a, 0x09, 0x29, 0x01,
    0x09, 0x01, 0x29, 0x01, 0x2a, 0x09, 0x09, 0x01, 0x29, 0x01, 0x2a, 0x09,
    0x29, 0x01, 0x0a, 0x09, 0x29, 0x01, 0x2a, 0x09, 0x29, 0x01, 0x09, 0x01,
    0x2a, 0x09, 0x29, 0x01, 0x09, 0x01, 0x2a, 0x09, 0x29, 0x01, 0x29, 0x01,
    0x0a, 0x09, 0x29, 0x01, 0x29, 0x01, 0x0a, 0x09, 0x29, 0x01, 0x2a, 0x09,
    0x29, 0x01, 0x29, 0x01, 0x2a, 0x09, 0x29, 0x01, 0x29, 0x01, 0x2a, 0x09,
    0x29, 0x01, 0x29, 0x01, 0x0a, 0x09, 0x29, 0x01, 0x29, 0x01, 0x2a, 0x09,
    0x09, 0x01, 0x2a, 0x09, 0x29, 0x01, 0x09, 0x01, 0x2a, 0x09, 0x29, 0x01,
    0x09, 0x01, 0x2a, 0x09, 0x29, 0x01, 0x2a, 0x09, 0x09, 0x01, 0x29, 0x01,
    0x2a, 0x09, 0x09, 0x01, 0x29, 0x01, 0x2a, 0x09, 0x09, 0x01, 0x29, 0x01,
    0x2a, 0x09, 0x29, 0x01, 0x2a, 0x09, 0x29, 0x01, 0x29, 0x01, 0x09, 0x01,
    0x2a, 0x09, 0x29, 0x01, 0x0a, 0x09, 0x29, 0x01, 0x29, 0x01, 0x2a, 0x09,
    0x09, 0x01, 0x29, 0x01, 0x2a, 0x09, 0x09, 0x01, 0x29, 0x01, 0x2a, 0x09,
    0x29, 0x01, 0x2a, 0x09, 0x29, 0x01, 0x29, 0x01, 0x2a, 0x09, 0x29, 0x01,
    0x29, 0x01, 0x2a, 0x09, 0x09, 0x01, 0x2a, 0x09, 0x29, 0x01, 0x29, 0x01,
    0x0a, 0x09, 0x29, 0x01, 0x29, 0x01, 0x0a, 0x09, 0x29, 0x01, 0x29, 0x01,
    0x0a, 0x09, 0x29, 0x01, 0x2a, 0x09, 0x29, 0x01, 0x09, 0x01, 0x29, 0x01,
    0x2a, 0x09, 0x09, 0x01, 0x2a, 0x09, 0x29, 0x01, 0x09, 0x01, 0x2a, 0x09,
    0x29, 0x01, 0x2a, 0x09, 0x29, 0x01, 0x29, 0x01, 0x2a, 0x09, 0x09, 0x01,
    0x29, 0x01, 0x2a, 0x09, 0x29, 0x01, 0x0a, 0x09, 0x29, 0x01, 0x29, 0x01,
    0x0a, 0x09, 0x29, 0x01, 0x29, 0x01, 0x2a, 0x09, 0x29, 0x01, 0x09, 0x01,
    0x2a, 0x09, 0x29, 0x01, 0x29, 0x01, 0x2a, 0x09, 0x09, 0x01, 0x29, 0x01,
    0x2a, 0x09, 0x29, 0x01, 0x0a, 0x09, 0x0a, 0x09, 0x29, 0x01, 0x2a, 0x09,
    0x29, 0x01, 0x2a, 0x09, 0x09, 0x01, 0x29, 0x01, 0x2a, 0x09, 0x09, 0x01,
    0x29, 0x01, 0x2a, 0x09, 0x29, 0x01, 0x2a, 0x09, 0x09, 0x01, 0x2a, 0x09,
    0x29, 0x01, 0x09, 0x01, 0x29, 0x01, 0x2a, 0x09, 0x09, 0x01, 0x29, 0x01,
    0x2a, 0x09, 0x09, 0x01, 0x29, 0x01, 0x2a, 0x09, 0x29, 0x01, 0x29, 0x01,
    0x0a, 0x09, 0x29, 0x01, 0x29, 0x01, 0x0a, 0x09, 0x29, 0x01, 0x29, 0x01,
    0x2a, 0x09, 0x09, 0x01, 0x29, 0x01, 0x2a, 0x09, 0x09, 0x01, 0x29, 0x01,
    0x2a, 0x09, 0x0a, 0x09, 0x29, 0x01, 0x29, 0x01, 0x0a, 0x09, 0x29, 0x01,
    0x09, 0x01, 0x2a, 0x09, 0x29, 0x01, 0x2a, 0x09, 0x29, 0x01, 0x29, 0x01,
    0x2a, 0x09, 0x29, 0x01, 0x0a, 0x09, 0x29, 0x01, 0x2a, 0x09, 0x09, 0x01,
    0x2a, 0x09, 0x2a, 0x09, 0x09, 0x01, 0x29, 0x01, 0x29, 0x01, 0x2a, 0x09,
    0x29, 0x01, 0x29, 0x01, 0x2a, 0x09, 0x09, 0x01, 0x2a, 0x09, 0x09, 0x01,
    0x0a, 0x09, 0x29, 0x01, 0x2a, 0x09, 0x29, 0x01, 0x0a, 0x09, 0x29, 0x01,
    0x29, 0x01, 0x09, 0x01, 0x29, 0x01, 0x29, 0x01, 0x29, 0x01, 0x2a, 0x09,
    0x09, 0x01, 0x29, 0x01, 0x2a, 0x09, 0x09, 0x01, 0x2a, 0x09, 0x29, 0x01,
    0x09, 0x01, 0x2a, 0x09, 0x09, 0x01, 0x2a, 0x09, 0x29, 0x01, 0x2a, 0x09,
    0x09, 0x01, 0x29, 0x01, 0x0a, 0x09, 0x29, 0x01, 0x29, 0x01, 0x2a, 0x09,
    0x29, 0x01, 0x29, 0x01, 0x0a, 0x09, 0x2a, 0x09, 0x29, 0x01, 0x29, 0x01,
    0x0a, 0x09, 0x29, 0x01, 0x29, 0x01, 0x0a, 0x09, 0x29, 0x01, 0x2a, 0x09,
    0x29, 0x01, 0x29, 0x01, 0x0a, 0x09, 0x29, 0x01, 0x2a, 0x09, 0x29, 0x01,
    0x29, 0x01, 0x2a, 0x09, 0x29, 0x01, 0x29, 0x01, 0x2a, 0x09, 0x29, 0x01,
    0x2a, 0x09, 0x29, 0x01, 0x29, 0x01, 0x2a, 0x09, 0x29, 0x01, 0x29, 0x01,
    0x0a, 0x09, 0x29, 0x01, 0x29, 0x01, 0x2a, 0x09, 0x09, 0x01, 0x29, 0x01,
    0x0a, 0x09, 0x09, 0x01, 0x2a, 0x09, 0x09, 0x01, 0x2a, 0x09, 0x09, 0x01,
    0x29, 0x01, 0x2a, 0x09, 0x29, 0x01, 0x29, 0x01, 0x2a, 0x09, 0x29, 0x01,
    0x29, 0x01, 0x2a, 0x09, 0x29, 0x01, 0x09, 0x01, 0x2a, 0x09, 0x29, 0x01,
    0x29, 0x01, 0x2a, 0x09, 0x09, 0x01, 0x29, 0x01, 0x2a, 0x09, 0x29, 0x01,
    0x2a, 0x09, 0x09, 0x01, 0x29, 0x01, 0x2a, 0x09, 0x29, 0x01, 0x29, 0x01,
    0x0a, 0x09, 0x29, 0x01, 0x09, 0x01, 0x2a, 0x09, 0x29, 0x01, 0x2a, 0x09,
    0x29, 0x01, 0x29, 0x01, 0x2a, 0x09, 0x29, 0x01, 0x29, 0x01, 0x2a, 0x09,
    0x09, 0x01, 0x29, 0x01, 0x2a, 0x09, 0x29, 0x01, 0x09, 0x01, 0x2a, 0x09,
    0x09, 0x01, 0x09, 0x01, 0x2a, 0x09, 0x09, 0x01, 0x29, 0x01, 0x0a, 0x09,
    0x29, 0x01, 0x29, 0x01, 0x2a, 0x09, 0x29, 0x01, 0x29, 0x01, 0x2a, 0x09,
    0x2a, 0x09, 0x29, 0x01, 0x29, 0x01, 0x0a, 0x09, 0x29, 0x01, 0x29, 0x01,
    0x2a, 0x09, 0x29, 0x01, 0x09, 0x01, 0x2a, 0x09, 0x29, 0x01, 0x2a, 0x09,
    0x29, 0x01, 0x09, 0x01, 0x2a, 0x09, 0x29, 0x01, 0x29, 0x01, 0x2a, 0x09,
    0x09, 0x01, 0x29, 0x01, 0x0a, 0x09, 0x29, 0x01, 0x2a, 0x09, 0x29, 0x01,
    0x29, 0x01, 0x2a, 0x09, 0x29, 0x01, 0x29, 0x01, 0x0a, 0x09, 0x2a, 0x09,
    0x29, 0x01, 0x09, 0x01, 0x2a, 0x09, 0x29, 0x01, 0x0a, 0x09, 0x29, 0x01,
    0x29, 0x01, 0x0a, 0x09, 0x29, 0x01, 0x2a, 0x09, 0x09, 0x01, 0x29, 0x01,
    0x2a, 0x09, 0x29, 0x01, 0x29, 0x01, 0x29, 0x01, 0x0a, 0x09, 0x29, 0x01,
    0x29, 0x01, 0x2a, 0x09, 0x29, 0x01, 0x0a, 0x09, 0x29, 0x01, 0x29, 0x01,
    0x0a, 0x09, 0x09, 0x01, 0x29, 0x01, 0x29, 0x01, 0x2a, 0x09, 0x29, 0x01,
    0x2a, 0x09, 0x29, 0x01, 0x2a, 0x09, 0x09, 0x01, 0x29, 0x01, 0x2a, 0x09,
    0x09, 0x01, 0x29, 0x01, 0x2a, 0x09, 0x09, 0x01, 0x2a, 0x09, 0x29, 0x01,
    0x29, 0x01, 0x2a, 0x09, 0x29, 0x01, 0x29, 0x01, 0x29, 0x01, 0x2a, 0x09,
    0x29, 0x01, 0x29, 0x01, 0x2a, 0x09, 0x29, 0x01, 0x29, 0x01, 0x0a, 0x09,
    0x29, 0x01, 0x29, 0x01, 0x0a, 0x09, 0x29, 0x01, 0x2a, 0x09, 0x29, 0x01,
    0x29, 0x01, 0x0a, 0x09, 0x29, 0x01, 0x09, 0x01, 0x2a, 0x09, 0x09, 0x01,
    0x29, 0x01, 0x2a, 0x09, 0x29, 0x01, 0x09, 0x01, 0x29, 0x01, 0x2a, 0x09,
    0x29, 0x01, 0x29, 0x01, 0x0a, 0x09, 0x29, 0x01, 0x2a, 0x09, 0x09, 0x01,
    0x29, 0x01, 0x2a, 0x09, 0x09, 0x01, 0x29, 0x01, 0x2a, 0x09, 0x29, 0x01,
    0x29, 0x01, 0x0a, 0x09, 0x29, 0x01, 0x29, 0x01, 0x2a, 0x09, 0x0a, 0x09,
    0x29, 0x01, 0x2a, 0x09, 0x0a, 0x09, 0x29, 0x01, 0x29, 0x01, 0x0a, 0x09,
    0x29, 0x01, 0x2a, 0x09, 0x29, 0x01, 0x29, 0x01, 0x2a, 0x09, 0x09, 0x01,
    0x2a, 0x09, 0x29, 0x01, 0x09, 0x01, 0x2a, 0x09, 0x29, 0x01, 0x09, 0x01,
    0x2a, 0x09, 0x29, 0x01, 0x2a, 0x09, 0x09, 0x01, 0x29, 0x01, 0x2a, 0x09,
    0x09, 0x01, 0x29, 0x01, 0x2a, 0x09, 0x29, 0x01, 0x29, 0x01, 0x0a, 0x09,
    0x2a, 0x09, 0x29, 0x01, 0x2a, 0x09, 0x29, 0x01, 0x29, 0x01, 0x0a, 0x09,
    0x2a, 0x09, 0x29, 0x01, 0x29, 0x01, 0x2a, 0x09, 0x09, 0x01, 0x09, 0x01,
    0x2a, 0x09, 0x29, 0x01, 0x09, 0x01, 0x0a, 0x09, 0x29, 0x01, 0x09, 0x01,
    0x2a, 0x09, 0x09, 0x01, 0x2a, 0x09, 0x09, 0x01, 0x2a, 0x09, 0x29, 0x01,
    0x2a, 0x09, 0x09, 0x01, 0x2a, 0x09, 0x29, 0x01, 0x29, 0x01, 0x2a, 0x09,
    0x29, 0x01, 0x29, 0x01, 0x29, 0x01, 0x2a, 0x09, 0x09, 0x01, 0x29, 0x01,
    0x2a, 0x09, 0x09, 0x01, 0x29, 0x01, 0x0a, 0x09, 0x09, 0x01, 0x29, 0x01,
    0x2a, 0x09, 0x09, 0x01, 0x2a, 0x09, 0x29, 0x01, 0x2a, 0x09, 0x09, 0x01,
    0x29, 0x01, 0x2a, 0x09, 0x29, 0x01, 0x09, 0x01, 0x2a, 0x09, 0x29, 0x01,
    0x09, 0x01, 0x2a, 0x09, 0x29, 0x01, 0x0a, 0x09, 0x29, 0x01, 0x2a, 0x09,
    0x29, 0x01, 0x09, 0x01, 0x2a, 0x09, 0x29, 0x01, 0x0a, 0x09, 0x29, 0x01,
    0x09, 0x01, 0x2a, 0x09, 0x09, 0x01, 0x2a, 0x09, 0x09, 0x01, 0x2a, 0x09,
    0x29, 0x01, 0x0a, 0x09, 0x29, 0x01, 0x2a, 0x09, 0x29, 0x01, 0x29, 0x01,
    0x2a, 0x09, 0x29, 0x01, 0x2a, 0x09, 0x29, 0x01, 0x09, 0x01, 0x2a, 0x09,
    0x29, 0x01, 0x09, 0x01, 0x2a, 0x09, 0x09, 0x01, 0x09, 0x01, 0x2a, 0x09,
    0x29, 0x01, 0x09, 0x01, 0x2a, 0x09, 0x29, 0x01, 0x2a, 0x09, 0x09, 0x01,
    0x2a, 0x09, 0x29, 0x01, 0x29, 0x01, 0x0a, 0x09, 0x29, 0x01, 0x29, 0x01,
    0x0a, 0x09, 0x29, 0x01, 0x29, 0x01, 0x0a, 0x09, 0x29, 0x01, 0x2a, 0x09,
    0x29, 0x01, 0x09, 0x01, 0x2a, 0x09, 0x29, 0x01, 0x09, 0x01, 0x2a, 0x09,
    0x09, 0x01, 0x0a, 0x09, 0x29, 0x01, 0x29, 0x01, 0x2a, 0x09, 0x29, 0x01,
    0x29, 0x01, 0x0a, 0x09, 0x29, 0x01, 0x29, 0x01, 0x2a, 0x09, 0x29, 0x01,
    0x29, 0x01, 0x0a, 0x09, 0x29, 0x01, 0x29, 0x01, 0x2a, 0x09, 0x29, 0x01,
    0x09, 0x01, 0x2a, 0x09, 0x29, 0x01, 0x29, 0x01, 0x29, 0x01, 0x29, 0x01,
    0x09, 0x01, 0x29, 0x01, 0x2a, 0x09, 0x29, 0x01, 0x29, 0x01, 0x2a, 0x09,
    0x2a, 0x09, 0x29, 0x01, 0x0a, 0x09, 0x29, 0x01, 0x29, 0x01, 0x0a, 0x09,
    0x29, 0x01, 0x29, 0x01, 0x0a, 0x09, 0x29, 0x01, 0x2a, 0x09, 0x2a, 0x09,
    0x29, 0x01, 0x2a, 0x09, 0x29, 0x01, 0x09, 0x01, 0x2a, 0x09, 0x29, 0x01,
    0x09, 0x01, 0x2a, 0x09, 0x0a, 0x09, 0x29, 0x01, 0x0a, 0x09, 0x09, 0x01,
    0x29, 0x01, 0x0a, 0x09, 0x29, 0x01, 0x29, 0x01, 0x0a, 0x09, 0x29, 0x01,
    0x29, 0x01, 0x2a, 0x09, 0x29, 0x01, 0x29, 0x01, 0x2a, 0x09, 0x09, 0x01,
    0x2a, 0x09, 0x29, 0x01, 0x29, 0x01, 0x2a, 0x09, 0x0a, 0x09, 0x29, 0x01,
    0x29, 0x01, 0x0a, 0x09, 0x29, 0x01, 0x2a, 0x09, 0x29, 0x01, 0x09, 0x01,
    0x29, 0x01, 0x29, 0x01, 0x2a, 0x09, 0x29, 0x01, 0x09, 0x01, 0x2a, 0x09,
    0x29, 0x01, 0x0a, 0x09, 0x29, 0x01, 0x29, 0x01, 0x2a, 0x09, 0x29, 0x01,
    0x29, 0x01, 0x2a, 0x09, 0x09, 0x01, 0x29, 0x01, 0x29, 0x01, 0x29, 0x01,
    0x2a, 0x09, 0x29, 0x01, 0x2a, 0x09, 0x29, 0x01, 0x0a, 0x09, 0x29, 0x01,
    0x29, 0x01, 0x0a, 0x09, 0x29, 0x01, 0x29, 0x01, 0x0a, 0x09, 0x29, 0x01,
    0x29, 0x01, 0x2a, 0x09, 0x29, 0x01, 0x29, 0x01, 0x2a, 0x09, 0x29, 0x01,
    0x29, 0x01, 0x2a, 0x09, 0x29, 0x01, 0x09, 0x01, 0x2a, 0x09, 0x29, 0x01,
    0x0a, 0x09, 0x29, 0x01, 0x29, 0x01, 0x0a, 0x09, 0x29, 0x01, 0x29, 0x01,
    0x29, 0x01, 0x0a, 0x09, 0x29, 0x01, 0x29, 0x01, 0x0a, 0x09, 0x29, 0x01,
    0x29, 0x01, 0x0a, 0x09, 0x29, 0x01, 0x29, 0x01, 0x2a, 0x09, 0x29, 0x01,
    0x2a, 0x09, 0x09, 0x01, 0x29, 0x01, 0x2a, 0x09, 0x29, 0x01, 0x29, 0x01,
    0x0a, 0x09, 0x29, 0x01, 0x29, 0x01, 0x2a, 0x09, 0x09, 0x01, 0x29, 0x01,
    0x29, 0x01, 0x2a, 0x09, 0x09, 0x01, 0x29, 0x01, 0x2a, 0x09, 0x09, 0x01,
    0x2a, 0x09, 0x29, 0x01, 0x2a, 0x09, 0x29, 0x01, 0x29, 0x01, 0x2a, 0x09,
    0x2a, 0x09, 0x29, 0x01, 0x2a, 0x09, 0x29, 0x01, 0x29, 0x01, 0x2a, 0x09,
    0x09, 0x01, 0x29, 0x01, 0x2a, 0x09, 0x29, 0x01, 0x09, 0x01, 0x2a, 0x09,
    0x29, 0x01, 0x0a, 0x09, 0x29, 0x01, 0x2a, 0x09, 0x29, 0x01, 0x09, 0x01,
    0x2a, 0x09, 0x29, 0x01, 0x29, 0x01, 0x29, 0x01, 0x0a, 0x09, 0x29, 0x01,
    0x29, 0x01, 0x2a, 0x09, 0x29, 0x01, 0x29, 0x01, 0x2a, 0x09, 0x09, 0x01,
    0x29, 0x01, 0x2a, 0x09, 0x29, 0x01, 0x09, 0x01, 0x2a, 0x09, 0x29, 0x01,
    0x29, 0x01, 0x2a, 0x09, 0x09, 0x01, 0x29, 0x01, 0x2a, 0x09, 0x09, 0x01,
    0x29, 0x01, 0x2a, 0x09, 0x29, 0x01, 0x2a, 0x09, 0x29, 0x01, 0x2a, 0x09,
    0x29, 0x01, 0x2a, 0x09, 0x29, 0x01, 0x2a, 0x09, 0x29, 0x01, 0x29, 0x01,
    0x09, 0x01, 0x2a, 0x09, 0x29, 0x01, 0x29, 0x01, 0x09, 0x01, 0x2a, 0x09,
    0x29, 0x01, 0x0a, 0x09, 0x29, 0x01, 0x2a, 0x09, 0x29, 0x01, 0x09, 0x01,
    0x2a, 0x09, 0x29, 0x01, 0x2a, 0x09, 0x29, 0x01, 0x09, 0x01, 0x2a, 0x09,
    0x29, 0x01, 0x2a, 0x09, 0x29, 0x01, 0x29, 0x01, 0x2a, 0x09, 0x29, 0x01,
    0x29, 0x01, 0x2a, 0x09, 0x09, 0x01, 0x29, 0x01, 0x2a, 0x09, 0x09, 0x01,
    0x29, 0x01, 0x2a, 0x09, 0x29, 0x01, 0x09, 0x01, 0x2a, 0x09, 0x29, 0x01,
    0x0a, 0x09, 0x29, 0x01, 0x29, 0x01, 0x0a, 0x09, 0x29, 0x01, 0x2a, 0x09,
    0x09, 0x01, 0x2a, 0x09, 0x0a, 0x09, 0x29, 0x01, 0x2a, 0x09, 0x0a, 0x09,
    0x29, 0x01, 0x2a, 0x09, 0x09, 0x01, 0x29, 0x01, 0x0a, 0x09, 0x29, 0x01,
    0x29, 0x01, 0x29, 0x01, 0x2a, 0x09, 0x09, 0x01, 0x29, 0x01, 0x2a, 0x09,
    0x09, 0x01, 0x29, 0x01, 0x2a, 0x09, 0x29, 0x01, 0x09, 0x01, 0x29, 0x01,
    0x09, 0x01, 0x2a, 0x09, 0x29, 0x01, 0x29, 0x01, 0x2a, 0x09, 0x09, 0x01,
    0x29, 0x01, 0x2a, 0x09, 0x29, 0x01, 0x29, 0x01, 0x2a, 0x09, 0x29, 0x01,
    0x2a, 0x09, 0x0a, 0x09, 0x29, 0x01, 0x2a, 0x09, 0x29, 0x01, 0x29, 0x01,
    0x0a, 0x09, 0x29, 0x01, 0x09, 0x01, 0x2a, 0x09, 0x29, 0x01, 0x09, 0x01,
    0x2a, 0x09, 0x29, 0x01, 0x09, 0x01, 0x2a, 0x09, 0x29, 0x01, 0x29, 0x01,
    0x2a, 0x09, 0x09, 0x01, 0x29, 0x01, 0x2a, 0x09, 0x0a, 0x09, 0x29, 0x01,
    0x2a, 0x09, 0x0a, 0x09, 0x29, 0x01, 0x29, 0x01, 0x2a, 0x09, 0x29, 0x01,
    0x29, 0x01, 0x2a, 0x09, 0x29, 0x01, 0x0a, 0x09, 0x29, 0x01, 0x0a, 0x09,
    0x29, 0x01, 0x29, 0x01, 0x2a, 0x09, 0x0a, 0x09, 0x29, 0x01, 0x09, 0x01,
    0x29, 0x01, 0x09, 0x01, 0x29, 0x01, 0x2a, 0x09, 0x29, 0x01, 0x29, 0x01,
    0x2a, 0x09, 0x09, 0x01, 0x2a, 0x09, 0x29, 0x01, 0x29, 0x01, 0x2a, 0x09,
    0x09, 0x01, 0x2a, 0x09, 0x29, 0x01, 0x09, 0x01, 0x0a, 0x09, 0x29, 0x01,
    0x09, 0x01, 0x2a, 0x09, 0x29, 0x01, 0x2a, 0x09, 0x29, 0x01, 0x29, 0x01,
    0x2a, 0x09, 0x29, 0x01, 0x09, 0x01, 0x2a, 0x09, 0x29, 0x01, 0x29, 0x01,
    0x0a, 0x09, 0x29, 0x01, 0x29, 0x01, 0x0a, 0x09, 0x29, 0x01, 0x29, 0x01,
    0x29, 0x01, 0x0a, 0x09, 0x29, 0x01, 0x29, 0x01, 0x0a, 0x09, 0x29, 0x01,
    0x29, 0x01, 0x2a, 0x09, 0x29, 0x01, 0x2a, 0x09, 0x29, 0x01, 0x2a, 0x09,
    0x29, 0x01, 0x29, 0x01, 0x2a, 0x09, 0x29, 0x01, 0x09, 0x01, 0x2a, 0x09,
    0x29, 0x01, 0x29, 0x01, 0x0a, 0x09, 0x29, 0x01, 0x29, 0x01, 0x0a, 0x09,
    0x29, 0x01, 0x0a, 0x09, 0x09, 0x01, 0x29, 0x01, 0x2a, 0x09, 0x09, 0x01,
    0x09, 0x01, 0x29, 0x01, 0x2a, 0x09, 0x09, 0x01, 0x2a, 0x09, 0x2a, 0x09,
    0x29, 0x01, 0x09, 0x01, 0x2a, 0x09, 0x29, 0x01, 0x29, 0x01, 0x2a, 0x09,
    0x29, 0x01, 0x09, 0x01, 0x2a, 0x09, 0x29, 0x01, 0x29, 0x01, 0x2a, 0x09,
    0x2a, 0x09, 0x09, 0x01, 0x2a, 0x09, 0x29, 0x01, 0x29, 0x01, 0x0a, 0x09,
    0x29, 0x01, 0x2a, 0x09, 0x09, 0x01, 0x29, 0x01, 0x2a, 0x09, 0x29, 0x01,
    0x2a, 0x09, 0x29, 0x01, 0x29, 0x01, 0x2a, 0x09, 0x29, 0x01, 0x09, 0x01,
    0x2a, 0x09, 0x29, 0x01, 0x29, 0x01, 0x0a, 0x09, 0x2a, 0x09, 0x29, 0x01,
    0x09, 0x01, 0x2a, 0x09, 0x09, 0x01, 0x09, 0x01, 0x2a, 0x09, 0x09, 0x01,
    0x29, 0x01, 0x09, 0x01, 0x2a, 0x09, 0x29, 0x01, 0x2a, 0x09, 0x09, 0x01,
    0x2a, 0x09, 0x29, 0x01, 0x2a, 0x09, 0x09, 0x01, 0x2a, 0x09, 0x29, 0x01,
    0x29, 0x01, 0x29, 0x01, 0x0a, 0x09, 0x29, 0x01, 0x2a, 0x09, 0x29, 0x01,
    0x29, 0x01, 0x0a, 0x09, 0x29, 0x01, 0x29, 0x01, 0x2a, 0x09, 0x09, 0x01,
    0x29, 0x01, 0x2a, 0x09, 0x09, 0x01, 0x0a, 0x09, 0x29, 0x01, 0x29, 0x01,
    0x2a, 0x09, 0x29, 0x01, 0x2a, 0x09, 0x09, 0x01, 0x29, 0x01, 0x2a, 0x09,
    0x09, 0x01, 0x2a, 0x09, 0x29, 0x01, 0x0a, 0x09, 0x29, 0x01, 0x29, 0x01,
    0x0a, 0x09, 0x29, 0x01, 0x2a, 0x09, 0x29, 0x01, 0x09, 0x01, 0x2a, 0x09,
    0x29, 0x01, 0x29, 0x01, 0x29, 0x01, 0x0a, 0x09, 0x29, 0x01, 0x29, 0x01,
    0x29, 0x01, 0x2a, 0x09, 0x29, 0x01, 0x09, 0x01, 0x2a, 0x09, 0x29, 0x01,
    0x09, 0x01, 0x2a, 0x09, 0x29, 0x01, 0x2a, 0x09, 0x29, 0x01, 0x2a, 0x09,
    0x09, 0x01, 0x2a, 0x09, 0x29, 0x01, 0x09, 0x01, 0x2a, 0x09, 0x29, 0x01,
    0x29, 0x01, 0x0a, 0x09, 0x29, 0x01, 0x2a, 0x09, 0x09, 0x01, 0x2a, 0x09,
    0x29, 0x01, 0x09, 0x01, 0x29, 0x01, 0x2a, 0x09, 0x09, 0x01, 0x29, 0x01,
    0x29, 0x01, 0x29, 0x01, 0x09, 0x01, 0x2a, 0x09, 0x29, 0x01, 0x0a, 0x09,
    0x2a, 0x09, 0x29, 0x01, 0x29, 0x01, 0x0a, 0x09, 0x29, 0x01, 0x29, 0x01,
    0x2a, 0x09, 0x29, 0x01, 0x09, 0x01, 0x2a, 0x09, 0x29, 0x01, 0x09, 0x01,
    0x2a, 0x09, 0x29, 0x01, 0x29, 0x01, 0x29, 0x01, 0x2a, 0x09, 0x29, 0x01,
    0x29, 0x01, 0x0a, 0x09, 0x29, 0x01, 0x29, 0x01, 0x0a, 0x09, 0x09, 0x01,
    0x29, 0x01, 0x2a, 0x09, 0x09, 0x01, 0x29, 0x01, 0x2a, 0x09, 0x29, 0x01,
    0x0a, 0x09, 0x29, 0x01, 0x29, 0x01, 0x2a, 0x09, 0x2a, 0x09, 0x29, 0x01,
    0x0a, 0x09, 0x2a, 0x09, 0x29, 0x01, 0x09, 0x01, 0x2a, 0x09, 0x29, 0x01,
    0x09, 0x01, 0x2a, 0x09, 0x29, 0x01, 0x0a, 0x09, 0x29, 0x01, 0x29, 0x01,
    0x0a, 0x09, 0x29, 0x01, 0x2a, 0x09, 0x29, 0x01, 0x2a, 0x09, 0x29, 0x01,
    0x0a, 0x09, 0x29, 0x01, 0x29, 0x01, 0x0a, 0x09, 0x09, 0x01, 0x29, 0x01,
    0x2a, 0x09, 0x09, 0x01, 0x2a, 0x09, 0x29, 0x01, 0x2a, 0x09, 0x0a, 0x09,
    0x29, 0x01, 0x29, 0x01, 0x2a, 0x09, 0x29, 0x01, 0x2a, 0x09, 0x2a, 0x09,
    0x09, 0x01, 0x2a, 0x09, 0x29, 0x01, 0x2a, 0x09, 0x09, 0x01, 0x29, 0x01,
    0x2a, 0x09, 0x09, 0x01, 0x29, 0x01, 0x0a, 0x09, 0x09, 0x01, 0x29, 0x01,
    0x2a, 0x09, 0x09, 0x01, 0x2a, 0x09, 0x29, 0x01, 0x2a, 0x09, 0x0a, 0x09,
    0x29, 0x01, 0x29, 0x01, 0x2a, 0x09, 0x2a, 0x09, 0x29, 0x01, 0x29, 0x01,
    0x29, 0x01, 0x2a, 0x09, 0x29, 0x01, 0x2a, 0x09, 0x09, 0x01, 0x29, 0x01,
    0x2a, 0x09, 0x29, 0x01, 0x09, 0x01, 0x2a, 0x09, 0x29, 0x01, 0x09, 0x01,
    0x2a, 0x09, 0x29, 0x01, 0x09, 0x01, 0x2a, 0x09, 0x09, 0x01, 0x29, 0x01,
    0x2a, 0x09, 0x29, 0x01, 0x09, 0x01, 0x2a, 0x09, 0x09, 0x01, 0x29, 0x01,
    0x29, 0x01, 0x2a, 0x09, 0x09, 0x01, 0x2a, 0x09, 0x29, 0x01, 0x29, 0x01,
    0x0a, 0x09, 0x29, 0x01, 0x2a, 0x09, 0x09, 0x01, 0x29, 0x01, 0x0a, 0x09,
    0x29, 0x01, 0x09, 0x01, 0x0a, 0x09, 0x29, 0x01, 0x29, 0x01, 0x2a, 0x09,
    0x09, 0x01, 0x29, 0x01, 0x2a, 0x09, 0x29, 0x01, 0x29, 0x01, 0x2a, 0x09,
    0x29, 0x01, 0x29, 0x01, 0x2a, 0x09, 0x29, 0x01, 0x29, 0x01, 0x2a, 0x09,
    0x09, 0x01, 0x2a, 0x09, 0x29, 0x01, 0x09, 0x01, 0x2a, 0x09, 0x29, 0x01,
    0x29, 0x01, 0x0a, 0x09, 0x29, 0x01, 0x29, 0x01, 0x2a, 0x09, 0x09, 0x01,
    0x29, 0x01, 0x2a, 0x09, 0x29, 0x01, 0x09, 0x01, 0x2a, 0x09, 0x29, 0x01,
    0x09, 0x01, 0x2a, 0x09, 0x29, 0x01, 0x0a, 0x09, 0x29, 0x01, 0x29, 0x01,
    0x0a, 0x09, 0x29, 0x01, 0x29, 0x01, 0x2a, 0x09, 0x09, 0x01, 0x0a, 0x09,
    0x29, 0x01, 0x29, 0x01, 0x0a, 0x09, 0x29, 0x01, 0x2a, 0x09, 0x29, 0x01,
    0x29, 0x01, 0x2a, 0x09, 0x29, 0x01, 0x29, 0x01, 0x2a, 0x09, 0x29, 0x01,
    0x29, 0x01, 0x2a, 0x09, 0x29, 0x01, 0x29, 0x01, 0x2a, 0x09, 0x29, 0x01,
    0x29, 0x01, 0x0a, 0x09, 0x29, 0x01, 0x29, 0x01, 0x29, 0x01, 0x29, 0x01,
    0x09, 0x01, 0x29, 0x01, 0x2a, 0x09, 0x29, 0x01, 0x2a, 0x09, 0x29, 0x01,
    0x0a, 0x09, 0x29, 0x01, 0x29, 0x01, 0x0a, 0x09, 0x29, 0x01, 0x29, 0x01,
    0x2a, 0x09, 0x29, 0x01, 0x29, 0x01, 0x2a, 0x09, 0x2a, 0x09, 0x29, 0x01,
    0x2a, 0x09, 0x09, 0x01, 0x29, 0x01, 0x2a, 0x09, 0x29, 0x01, 0x29, 0x01,
    0x2a, 0x09, 0x0a, 0x09, 0x29, 0x01, 0x2a, 0x09, 0x09, 0x01, 0x2a, 0x09,
    0x2a, 0x09, 0x29, 0x01, 0x29, 0x01, 0x0a, 0x09, 0x29, 0x01, 0x29, 0x01,
    0x29, 0x01, 0x2a, 0x09, 0x29, 0x01, 0x2a, 0x09, 0x09, 0x01, 0x2a, 0x09,
    0x29, 0x01, 0x2a, 0x09, 0x29, 0x01, 0x29, 0x01, 0x2a, 0x09, 0x09, 0x01,
    0x2a, 0x09, 0x2a, 0x09, 0x09, 0x01, 0x29, 0x01, 0x0a, 0x09, 0x29, 0x01,
    0x29, 0x01, 0x2a, 0x09, 0x09, 0x01, 0x29, 0x01, 0x2a, 0x09, 0x2a, 0x09,
    0x29, 0x01, 0x09, 0x01, 0x2a, 0x09, 0x29, 0x01, 0x29, 0x01, 0x29, 0x01,
    0x2a, 0x09, 0x09, 0x01, 0x29, 0x01, 0x29, 0x01, 0x09, 0x01, 0x2a, 0x09,
    0x29, 0x01, 0x29, 0x01, 0x2a, 0x09, 0x09, 0x01, 0x2a, 0x09, 0x29, 0x01,
    0x29, 0x01, 0x2a, 0x09, 0x29, 0x01, 0x09, 0x01, 0x2a, 0x09, 0x29, 0x01,
    0x29, 0x01, 0x2a, 0x09, 0x09, 0x01, 0x29, 0x01, 0x29, 0x01, 0x2a, 0x09,
    0x29, 0x01, 0x29, 0x01, 0x2a, 0x09, 0x29, 0x01, 0x2a, 0x09, 0x29, 0x01,
    0x09, 0x01, 0x2a, 0x09, 0x29, 0x01, 0x29, 0x01, 0x09, 0x01, 0x2a, 0x09,
    0x29, 0x01, 0x09, 0x01, 0x2a, 0x09, 0x09, 0x01, 0x29, 0x01, 0x29, 0x01,
    0x2a, 0x09, 0x29, 0x01, 0x29, 0x01, 0x0a, 0x09, 0x29, 0x01, 0x2a, 0x09,
    0x09, 0x01, 0x29, 0x01, 0x2a, 0x09, 0x29, 0x01, 0x29, 0x01, 0x0a, 0x09,
    0x29, 0x01, 0x29, 0x01, 0x09, 0x01, 0x29, 0x01, 0x29, 0x01, 0x0a, 0x09,
    0x29, 0x01, 0x29, 0x01, 0x0a, 0x09, 0x29, 0x01, 0x09, 0x01, 0x2a, 0x09,
    0x29, 0x01, 0x09, 0x01, 0x2a, 0x09, 0x29, 0x01, 0x29, 0x01, 0x2a, 0x09,
    0x2a, 0x09, 0x29, 0x01, 0x29, 0x01, 0x2a, 0x09, 0x29, 0x01, 0x09, 0x01,
    0x2a, 0x09, 0x29, 0x01, 0x29, 0x01, 0x2a, 0x09, 0x2a, 0x09, 0x09, 0x01,
    0x2a, 0x09, 0x29, 0x01, 0x29, 0x01, 0x2a, 0x09, 0x2a, 0x09, 0x09, 0x01,
    0x29, 0x01, 0x29, 0x01, 0x2a, 0x09, 0x09, 0x01, 0x2a, 0x09, 0x29, 0x01,
    0x29, 0x01, 0x2a, 0x09, 0x29, 0x01, 0x2a, 0x09, 0x09, 0x01, 0x29, 0x01,
    0x2a, 0x09, 0x29, 0x01, 0x2a, 0x09, 0x29, 0x01, 0x0a, 0x09, 0x2a, 0x09,
    0x29, 0x01, 0x09, 0x01, 0x2a, 0x09, 0x29, 0x01, 0x09, 0x01, 0x0a, 0x09,
    0x29, 0x01, 0x29, 0x01, 0x0a, 0x09, 0x29, 0x01, 0x29, 0x01, 0x2a, 0x09,
    0x29, 0x01, 0x29, 0x01, 0x2a, 0x09, 0x09, 0x01, 0x29, 0x01, 0x2a, 0x09,
    0x09, 0x01, 0x29, 0x01, 0x2a, 0x09, 0x29, 0x01, 0x09, 0x01, 0x2a, 0x09,
    0x2a, 0x09, 0x09, 0x01, 0x29, 0x01, 0x2a, 0x09, 0x29, 0x01, 0x0a, 0x09,
    0x29, 0x01, 0x29, 0x01, 0x2a, 0x09, 0x29, 0x01, 0x29, 0x01, 0x2a, 0x09,
    0x2a, 0x09, 0x29, 0x01, 0x29, 0x01, 0x2a, 0x09, 0x29, 0x01, 0x29, 0x01,
    0x2a, 0x09, 0x09, 0x01, 0x29, 0x01, 0x2a, 0x09, 0x09, 0x01, 0x29, 0x01,
    0x2a, 0x09, 0x09, 0x01, 0x09, 0x01, 0x2a, 0x09, 0x09, 0x01, 0x2a, 0x09,
    0x09, 0x01, 0x29, 0x01, 0x0a, 0x09, 0x09, 0x01, 0x2a, 0x09, 0x29, 0x01,
    0x09, 0x01, 0x2a, 0x09, 0x2a, 0x09, 0x09, 0x01, 0x2a, 0x09, 0x2a, 0x09,
    0x29, 0x01, 0x2a, 0x09, 0x09, 0x01, 0x29, 0x01, 0x2a, 0x09, 0x09, 0x01,
    0x29, 0x01, 0x2a, 0x09, 0x09, 0x01, 0x29, 0x01, 0x0a, 0x09, 0x29, 0x01,
    0x09, 0x01, 0x2a, 0x09, 0x09, 0x01, 0x29, 0x01, 0x09, 0x01, 0x2a, 0x09,
    0x29, 0x01, 0x29, 0x01, 0x0a, 0x09, 0x29, 0x01, 0x09, 0x01, 0x2a, 0x09,
    0x29, 0x01, 0x29, 0x01, 0x2a, 0x09, 0x29, 0x01, 0x29, 0x01, 0x09, 0x01,
    0x2a, 0x09, 0x29, 0x01, 0x2a, 0x09, 0x29, 0x01, 0x09, 0x01, 0x2a, 0x09,
    0x09, 0x01, 0x09, 0x01, 0x2a, 0x09, 0x29, 0x01, 0x29, 0x01, 0x09, 0x01,
    0x2a, 0x09, 0x09, 0x01, 0x2a, 0x09, 0x29, 0x01, 0x09, 0x01, 0x2a, 0x09,
    0x29, 0x01, 0x29, 0x01, 0x2a, 0x09, 0x09, 0x01, 0x29, 0x01, 0x2a, 0x09,
    0x09, 0x01, 0x29, 0x01, 0x2a, 0x09, 0x29, 0x01, 0x29, 0x01, 0x2a, 0x09,
    0x09, 0x01, 0x29, 0x01, 0x2a, 0x09, 0x0a, 0x09, 0x29, 0x01, 0x2a, 0x09,
    0x09, 0x01, 0x2a, 0x09, 0x2a, 0x09, 0x09, 0x01, 0x29, 0x01, 0x2a, 0x09,
    0x29, 0x01, 0x09, 0x01, 0x2a, 0x09, 0x29, 0x01, 0x09, 0x01, 0x2a, 0x09,
    0x29, 0x01, 0x09, 0x01, 0x2a, 0x09, 0x29, 0x01, 0x2a, 0x09, 0x09, 0x01,
    0x29, 0x01, 0x2a, 0x09, 0x09, 0x01, 0x2a, 0x09, 0x09, 0x01, 0x2a, 0x09,
    0x09, 0x01, 0x0a, 0x09, 0x29, 0x01, 0x29, 0x01, 0x0a, 0x09, 0x29, 0x01,
    0x29, 0x01, 0x2a, 0x09, 0x29, 0x01, 0x09, 0x01, 0x2a, 0x09, 0x29, 0x01,
    0x29, 0x01, 0x2a, 0x09, 0x29, 0x01, 0x0a, 0x09, 0x29, 0x01, 0x29, 0x01,
    0x0a, 0x09, 0x29, 0x01, 0x29, 0x01, 0x0a, 0x09, 0x29, 0x01, 0x29, 0x01,
    0x2a, 0x09, 0x29, 0x01, 0x2a, 0x09, 0x29, 0x01, 0x2a, 0x09, 0x29, 0x01,
    0x2a, 0x09, 0x2a, 0x09, 0x09, 0x01, 0x2a, 0x09, 0x29, 0x01, 0x29, 0x01,
    0x2a, 0x09, 0x09, 0x01, 0x29, 0x01, 0x2a, 0x09, 0x09, 0x01, 0x2a, 0x09,
    0x29, 0x01, 0x09, 0x01, 0x2a, 0x09, 0x29, 0x01, 0x09, 0x01, 0x2a, 0x09,
    0x09, 0x01, 0x09, 0x01, 0x2a, 0x09, 0x29, 0x01, 0x09, 0x01, 0x2a, 0x09,
    0x29, 0x01, 0x2a, 0x09, 0x09, 0x01, 0x29, 0x01, 0x29, 0x01, 0x29, 0x01,
    0x0a, 0x09, 0x29, 0x01, 0x29, 0x01, 0x0a, 0x09, 0x29, 0x01, 0x2a, 0x09,
    0x09, 0x01, 0x2a, 0x09, 0x29, 0x01, 0x29, 0x01, 0x0a, 0x09, 0x29, 0x01,
    0x09, 0x01, 0x2a, 0x09, 0x29, 0x01, 0x09, 0x01, 0x2a, 0x09, 0x29, 0x01,
    0x29, 0x01, 0x2a, 0x09, 0x29, 0x01, 0x09, 0x01, 0x29, 0x01, 0x29, 0x01,
    0x2a, 0x09, 0x29, 0x01, 0x0a, 0x09, 0x29, 0x01, 0x29, 0x01, 0x2a, 0x09,
    0x29, 0x01, 0x0a, 0x09, 0x29, 0x01, 0x2a, 0x09, 0x09, 0x01, 0x2a, 0x09,
    0x09, 0x01, 0x29, 0x01, 0x2a, 0x09, 0x29, 0x01, 0x29, 0x01, 0x0a, 0x09,
    0x29, 0x01, 0x29, 0x01, 0x2a, 0x09, 0x09, 0x01, 0x29, 0x01, 0x2a, 0x09,
    0x29, 0x01, 0x29, 0x01, 0x0a, 0x09, 0x29, 0x01, 0x29, 0x01, 0x2a, 0x09,
    0x29, 0x01, 0x09, 0x01, 0x2a, 0x09, 0x29, 0x01, 0x09, 0x01, 0x2a, 0x09,
    0x09, 0x01, 0x29, 0x01, 0x0a, 0x09, 0x29, 0x01, 0x29, 0x01, 0x2a, 0x09,
    0x09, 0x01, 0x2a, 0x09, 0x29, 0x01, 0x29, 0x01, 0x2a, 0x09, 0x09, 0x01,
    0x2a, 0x09, 0x29, 0x01, 0x2a, 0x09, 0x29, 0x01, 0x29, 0x01, 0x0a, 0x09,
    0x29, 0x01, 0x29, 0x01, 0x2a, 0x09, 0x29, 0x01, 0x29, 0x01, 0x0a, 0x09,
    0x29, 0x01, 0x29, 0x01, 0x29, 0x01, 0x0a, 0x09, 0x29, 0x01, 0x29, 0x01,
    0x29, 0x01, 0x2a, 0x09, 0x09, 0x01, 0x29, 0x01, 0x2a, 0x09, 0x29, 0x01,
    0x29, 0x01, 0x2a, 0x09, 0x29, 0x01, 0x29, 0x01, 0x2a, 0x09, 0x29, 0x01,
    0x29, 0x01, 0x0a, 0x09, 0x2a, 0x09, 0x29, 0x01, 0x09, 0x01, 0x2a, 0x09,
    0x29, 0x01, 0x09, 0x01, 0x2a, 0x09, 0x29, 0x01, 0x2a, 0x09, 0x09, 0x01,
    0x29, 0x01, 0x09, 0x01, 0x2a, 0x09, 0x29, 0x01, 0x09, 0x01, 0x2a, 0x09,
    0x29, 0x01, 0x09, 0x01, 0x2a, 0x09, 0x29, 0x01, 0x2a, 0x09, 0x29, 0x01,
    0x2a, 0x09, 0x29, 0x01, 0x09, 0x01, 0x2a, 0x09, 0x29, 0x01, 0x2a, 0x09,
    0x29, 0x01, 0x09, 0x01, 0x2a, 0x09, 0x29, 0x01, 0x29, 0x01, 0x2a, 0x09,
    0x09, 0x01, 0x29, 0x01, 0x2a, 0x09, 0x29, 0x01, 0x29, 0x01, 0x2a, 0x09,
    0x09, 0x01, 0x29, 0x01, 0x2a, 0x09, 0x09, 0x01, 0x29, 0x01, 0x0a, 0x09,
    0x29, 0x01, 0x29, 0x01, 0x2a, 0x09, 0x09, 0x01, 0x29, 0x01, 0x29, 0x01,
    0x09, 0x01, 0x29, 0x01, 0x2a, 0x09, 0x29, 0x01, 0x2a, 0x09, 0x09, 0x01,
    0x29, 0x01, 0x2a, 0x09, 0x29, 0x01, 0x29, 0x01, 0x2a, 0x09, 0x0a, 0x09,
    0x29, 0x01, 0x29, 0x01, 0x0a, 0x09, 0x29, 0x01, 0x29, 0x01, 0x2a, 0x09,
    0x09, 0x01, 0x29, 0x01, 0x2a, 0x09, 0x29, 0x01, 0x29, 0x01, 0x29, 0x01,
    0x2a, 0x09, 0x29, 0x01, 0x29, 0x01, 0x0a, 0x09, 0x29, 0x01, 0x2a, 0x09,
    0x09, 0x01, 0x2a, 0x09, 0x29, 0x01, 0x2a, 0x09, 0x2a, 0x09, 0x09, 0x01,
    0x29, 0x01, 0x2a, 0x09, 0x29, 0x01, 0x29, 0x01, 0x0a, 0x09, 0x29, 0x01,
    0x29, 0x01, 0x0a, 0x09, 0x29, 0x01, 0x29, 0x01, 0x2a, 0x09, 0x29, 0x01,
    0x09, 0x01, 0x2a, 0x09, 0x09, 0x01, 0x09, 0x01, 0x2a, 0x09, 0x09, 0x01,
    0x29, 0x01, 0x2a, 0x09, 0x29, 0x01, 0x0a, 0x09, 0x29, 0x01, 0x29, 0x01,
    0x0a, 0x09, 0x29, 0x01, 0x29, 0x01, 0x2a, 0x09, 0x29, 0x01, 0x29, 0x01,
    0x2a, 0x09, 0x29, 0x01, 0x2a, 0x09, 0x09, 0x01, 0x29, 0x01, 0x2a, 0x09,
    0x29, 0x01, 0x29, 0x01, 0x2a, 0x09, 0x09, 0x01, 0x29, 0x01, 0x2a, 0x09,
    0x29, 0x01, 0x09, 0x01, 0x2a, 0x09, 0x2a, 0x09, 0x09, 0x01, 0x29, 0x01,
    0x2a, 0x09, 0x09, 0x01, 0x29, 0x01, 0x29, 0x01, 0x29, 0x01, 0x29, 0x01,
    0x2a, 0x09, 0x09, 0x01, 0x29, 0x01, 0x2a, 0x09, 0x29, 0x01, 0x2a, 0x09,
    0x09, 0x01, 0x29, 0x01, 0x2a, 0x09, 0x29, 0x01, 0x2a, 0x09, 0x09, 0x01,
    0x09, 0x01, 0x2a, 0x09, 0x29, 0x01, 0x2a, 0x09, 0x29, 0x01, 0x09, 0x01,
    0x2a, 0x09, 0x29, 0x01, 0x29, 0x01, 0x2a, 0x09, 0x29, 0x01, 0x29, 0x01,
    0x0a, 0x09, 0x29, 0x01, 0x29, 0x01, 0x2a, 0x09, 0x29, 0x01, 0x09, 0x01,
    0x2a, 0x09, 0x29, 0x01, 0x0a, 0x09, 0x29, 0x01, 0x2a, 0x09, 0x29, 0x01,
    0x2a, 0x09, 0x09, 0x01, 0x2a, 0x09, 0x29, 0x01, 0x2a, 0x09, 0x09, 0x01,
    0x29, 0x01, 0x2a, 0x09, 0x29, 0x01, 0x09, 0x01, 0x2a, 0x09, 0x29, 0x01,
    0x0a, 0x09, 0x29, 0x01, 0x2a, 0x09, 0x09, 0x01, 0x29, 0x01, 0x2a, 0x09,
    0x29, 0x01, 0x09, 0x01, 0x2a, 0x09, 0x29, 0x01, 0x0a, 0x09, 0x29, 0x01,
    0x29, 0x01, 0x2a, 0x09, 0x09, 0x01, 0x29, 0x01, 0x2a, 0x09, 0x29, 0x01,
    0x09, 0x01, 0x2a, 0x09, 0x29, 0x01, 0x29, 0x01, 0x2a, 0x09, 0x29, 0x01,
    0x2a, 0x09, 0x29, 0x01, 0x0a, 0x09, 0x29, 0x01, 0x29, 0x01, 0x2a, 0x09,
    0x2a, 0x09, 0x29, 0x01, 0x09, 0x01, 0x2a, 0x09, 0x29, 0x01, 0x09, 0x01,
    0x29, 0x01, 0x2a, 0x09, 0x29, 0x01, 0x0a, 0x09, 0x29, 0x01, 0x0a, 0x09,
    0x29, 0x01, 0x0a, 0x09, 0x29, 0x01, 0x2a, 0x09, 0x09, 0x01, 0x2a, 0x09,
    0x29, 0x01, 0x29, 0x01, 0x2a, 0x09, 0x29, 0x01, 0x29, 0x01, 0x2a, 0x09,
    0x09, 0x01, 0x2a, 0x09, 0x29, 0x01, 0x29, 0x01, 0x2a, 0x09, 0x29, 0x01,
    0x2a, 0x09, 0x0a, 0x09, 0x29, 0x01, 0x29, 0x01, 0x2a, 0x09, 0x2a, 0x09,
    0x29, 0x01, 0x09, 0x01, 0x29, 0x01, 0x0a, 0x09, 0x29, 0x01, 0x29, 0x01,
    0x2a, 0x09, 0x29, 0x01, 0x29, 0x01, 0x0a, 0x09, 0x29, 0x01, 0x29, 0x01,
    0x2a, 0x09, 0x29, 0x01, 0x09, 0x01, 0x2a, 0x09, 0x29, 0x01, 0x09, 0x01,
    0x2a, 0x09, 0x29, 0x01, 0x0a, 0x09, 0x29, 0x01, 0x2a, 0x09, 0x09, 0x01,
    0x2a, 0x09, 0x2a, 0x09, 0x29, 0x01, 0x0a, 0x09, 0x29, 0x01, 0x29, 0x01,
    0x2a, 0x09, 0x29, 0x01, 0x29, 0x01, 0x2a, 0x09, 0x29, 0x01, 0x2a, 0x09,
    0x2a, 0x09, 0x29, 0x01, 0x09, 0x01, 0x2a, 0x09, 0x29, 0x01, 0x09, 0x01,
    0x2a, 0x09, 0x29, 0x01, 0x09, 0x01, 0x2a, 0x09, 0x29, 0x01, 0x29, 0x01,
    0x2a, 0x09, 0x29, 0x01, 0x29, 0x01, 0x0a, 0x09, 0x29, 0x01, 0x2a, 0x09,
    0x29, 0x01, 0x29, 0x01, 0x2a, 0x09, 0x09, 0x01, 0x2a, 0x09, 0x29, 0x01,
    0x09, 0x01, 0x2a, 0x09, 0x29, 0x01, 0x29, 0x01, 0x2a, 0x09, 0x29, 0x01,
    0x09, 0x01, 0x29, 0x01, 0x2a, 0x09, 0x09, 0x01, 0x29, 0x01, 0x29, 0x01,
    0x0a, 0x09, 0x09, 0x01, 0x29, 0x01, 0x2a, 0x09, 0x29, 0x01, 0x2a, 0x09,
    0x29, 0x01, 0x2a, 0x09, 0x09, 0x01, 0x29, 0x01, 0x2a, 0x09, 0x09, 0x01,
    0x29, 0x01, 0x2a, 0x09, 0x29, 0x01, 0x29, 0x01, 0x2a, 0x09, 0x09, 0x01,
    0x29, 0x01, 0x29, 0x01, 0x09, 0x01, 0x2a, 0x09, 0x29, 0x01, 0x2a, 0x09,
    0x29, 0x01, 0x2a, 0x09, 0x09, 0x01, 0x29, 0x01, 0x2a, 0x09, 0x09, 0x01,
    0x29, 0x01, 0x2a, 0x09, 0x09, 0x01, 0x2a, 0x09, 0x29, 0x01, 0x29, 0x01,
    0x0a, 0x09, 0x29, 0x01, 0x2a, 0x09, 0x29, 0x01, 0x2a, 0x09, 0x29, 0x01,
    0x09, 0x01, 0x2a, 0x09, 0x29, 0x01, 0x29, 0x01, 0x2a, 0x09, 0x2a, 0x09,
    0x29, 0x01, 0x2a, 0x09, 0x0a, 0x09, 0x2a, 0x09, 0x09, 0x01, 0x2a, 0x09,
    0x29, 0x01, 0x29, 0x01, 0x0a, 0x09, 0x29, 0x01, 0x29, 0x01, 0x2a, 0x09,
    0x29, 0x01, 0x09, 0x01, 0x2a, 0x09, 0x29, 0x01, 0x29, 0x01, 0x2a, 0x09,
    0x29, 0x01, 0x09, 0x01, 0x2a, 0x09, 0x29, 0x01, 0x0a, 0x09, 0x2a, 0x09,
    0x29, 0x01, 0x09, 0x01, 0x2a, 0x09, 0x0a, 0x09, 0x29, 0x01, 0x29, 0x01,
    0x0a, 0x09, 0x29, 0x01, 0x29, 0x01, 0x0a, 0x09, 0x29, 0x01, 0x29, 0x01,
    0x2a, 0x09, 0x29, 0x01, 0x09, 0x01, 0x2a, 0x09, 0x29, 0x01, 0x09, 0x01,
    0x2a, 0x09, 0x29, 0x01, 0x09, 0x01, 0x2a, 0x09, 0x29, 0x01, 0x09, 0x01,
    0x2a, 0x09, 0x29, 0x01, 0x2a, 0x09, 0x29, 0x01, 0x09, 0x01, 0x2a, 0x09,
    0x29, 0x01, 0x29, 0x01, 0x2a, 0x09, 0x29, 0x01, 0x0a, 0x09, 0x29, 0x01,
    0x29, 0x01, 0x2a, 0x09, 0x29, 0x01, 0x29, 0x01, 0x0a, 0x09, 0x29, 0x01,
    0x29, 0x01, 0x2a, 0x09, 0x09, 0x01, 0x2a, 0x09, 0x29, 0x01, 0x29, 0x01,
    0x2a, 0x09, 0x09, 0x01, 0x29, 0x01, 0x0a, 0x09, 0x09, 0x01, 0x29, 0x01,
    0x2a, 0x09, 0x09, 0x01, 0x29, 0x01, 0x2a, 0x09, 0x09, 0x01, 0x29, 0x01,
    0x2a, 0x09, 0x09, 0x01, 0x29, 0x01, 0x2a, 0x09, 0x29, 0x01, 0x29, 0x01,
    0x09, 0x01, 0x29, 0x01, 0x2a, 0x09, 0x29, 0x01, 0x29, 0x01, 0x29, 0x01,
    0x0a, 0x09, 0x29, 0x01, 0x29, 0x01, 0x0a, 0x09, 0x29, 0x01, 0x29, 0x01,
    0x0a, 0x09, 0x29, 0x01, 0x29, 0x01, 0x0a, 0x09, 0x29, 0x01, 0x29, 0x01,
    0x2a, 0x09, 0x29, 0x01, 0x09, 0x01, 0x2a, 0x09, 0x09, 0x01, 0x29, 0x01,
    0x29, 0x01, 0x2a, 0x09, 0x09, 0x01, 0x29, 0x01, 0x2a, 0x09, 0x09, 0x01,
    0x29, 0x01, 0x2a, 0x09, 0x29, 0x01, 0x29, 0x01, 0x0a, 0x09, 0x09, 0x01,
    0x29, 0x01, 0x2a, 0x09, 0x29, 0x01, 0x2a, 0x09, 0x09, 0x01, 0x29, 0x01,
    0x0a, 0x09, 0x29, 0x01, 0x2a, 0x09, 0x0a, 0x09, 0x29, 0x01, 0x29, 0x01,
    0x2a, 0x09, 0x29, 0x01, 0x09, 0x01, 0x2a, 0x09, 0x29, 0x01, 0x29, 0x01,
    0x29, 0x01, 0x29, 0x01, 0x09, 0x01, 0x2a, 0x09, 0x29, 0x01, 0x29, 0x01,
    0x0a, 0x09, 0x09, 0x01, 0x29, 0x01, 0x2a, 0x09, 0x09, 0x01, 0x09, 0x01,
    0x2a, 0x09, 0x29, 0x01, 0x09, 0x01, 0x2a, 0x09, 0x29, 0x01, 0x2a, 0x09,
    0x29, 0x01, 0x0a, 0x09, 0x29, 0x01, 0x2a, 0x09, 0x09, 0x01, 0x29, 0x01,
    0x0a, 0x09, 0x29, 0x01, 0x2a, 0x09, 0x29, 0x01, 0x09, 0x01, 0x2a, 0x09,
    0x29, 0x01, 0x0a, 0x09, 0x29, 0x01, 0x29, 0x01, 0x0a, 0x09, 0x2a, 0x09,
    0x29, 0x01, 0x0a, 0x09, 0x29, 0x01, 0x29, 0x01, 0x0a, 0x09, 0x29, 0x01,
    0x2a, 0x09, 0x29, 0x01, 0x09, 0x01, 0x2a, 0x09, 0x29, 0x01, 0x2a, 0x09,
    0x29, 0x01, 0x29, 0x01, 0x0a, 0x09, 0x29, 0x01, 0x29, 0x01, 0x0a, 0x09,
    0x29, 0x01, 0x29, 0x01, 0x2a, 0x09, 0x09, 0x01, 0x2a, 0x09, 0x2a, 0x09,
    0x29, 0x01, 0x2a, 0x09, 0x09, 0x01, 0x29, 0x01, 0x2a, 0x09, 0x29, 0x01,
    0x2a, 0x09, 0x2a, 0x09, 0x29, 0x01, 0x29, 0x01, 0x0a, 0x09, 0x29, 0x01,
    0x29, 0x01, 0x0a, 0x09, 0x29, 0x01, 0x2a, 0x09, 0x0a, 0x09, 0x29, 0x01,
    0x29, 0x01, 0x0a, 0x09, 0x29, 0x01, 0x29, 0x01, 0x2a, 0x09, 0x09, 0x01,
    0x29, 0x01, 0x2a, 0x09, 0x09, 0x01, 0x29, 0x01, 0x2a, 0x09, 0x09, 0x01,
    0x29, 0x01, 0x2a, 0x09, 0x09, 0x01, 0x29, 0x01, 0x09, 0x01, 0x29, 0x01,
    0x29, 0x01, 0x09, 0x01, 0x29, 0x01, 0x29, 0x01, 0x2a, 0x09, 0x09, 0x01,
    0x2a, 0x09, 0x29, 0x01, 0x2a, 0x09, 0x09, 0x01, 0x29, 0x01, 0x0a, 0x09,
    0x29, 0x01, 0x2a, 0x09, 0x09, 0x01, 0x29, 0x01, 0x0a, 0x09, 0x2a, 0x09,
    0x29, 0x01, 0x29, 0x01, 0x0a, 0x09, 0x29, 0x01, 0x29, 0x01, 0x29, 0x01,
    0x2a, 0x09, 0x29, 0x01, 0x09, 0x01, 0x29, 0x01, 0x2a, 0x09, 0x29, 0x01,
    0x2a, 0x09, 0x29, 0x01, 0x2a, 0x09, 0x09, 0x01, 0x2a, 0x09, 0x29, 0x01,
    0x09, 0x01, 0x2a, 0x09, 0x29, 0x01, 0x29, 0x01, 0x0a, 0x09, 0x29, 0x01,
    0x29, 0x01, 0x2a, 0x09, 0x29, 0x01, 0x29, 0x01, 0x2a, 0x09, 0x29, 0x01,
    0x09, 0x01, 0x2a, 0x09, 0x29, 0x01, 0x0a, 0x09, 0x29, 0x01, 0x29, 0x01,
    0x0a, 0x09, 0x29, 0x01, 0x29, 0x01, 0x0a, 0x09, 0x29, 0x01, 0x29, 0x01,
    0x0a, 0x09, 0x2a, 0x09, 0x29, 0x01, 0x09, 0x01, 0x2a, 0x09, 0x29, 0x01,
    0x0a, 0x09, 0x29, 0x01, 0x29, 0x01, 0x0a, 0x09, 0x29, 0x01, 0x2a, 0x09,
    0x09, 0x01, 0x29, 0x01, 0x2a, 0x09, 0x2a, 0x09, 0x29, 0x01, 0x29, 0x01,
    0x0a, 0x09, 0x29, 0x01, 0x29, 0x01, 0x2a, 0x09, 0x09, 0x01, 0x29, 0x01,
    0x2a, 0x09, 0x29, 0x01, 0x2a, 0x09, 0x09, 0x01, 0x2a, 0x09, 0x29, 0x01,
    0x29, 0x01, 0x0a, 0x09, 0x29, 0x01, 0x29, 0x01, 0x0a, 0x09, 0x29, 0x01,
    0x29, 0x01, 0x2a, 0x09, 0x29, 0x01, 0x29, 0x01, 0x2a, 0x09, 0x29, 0x01,
    0x0a, 0x09, 0x29, 0x01, 0x29, 0x01, 0x0a, 0x09, 0x29, 0x01, 0x29, 0x01,
    0x0a, 0x09, 0x29, 0x01, 0x2a, 0x09, 0x29, 0x01, 0x0a, 0x09, 0x29, 0x01,
    0x29, 0x01, 0x2a, 0x09, 0x29, 0x01, 0x09, 0x01, 0x2a, 0x09, 0x29, 0x01,
    0x09, 0x01, 0x2a, 0x09, 0x2a, 0x09, 0x29, 0x01, 0x2a, 0x09, 0x29, 0x01,
    0x09, 0x01, 0x2a, 0x09, 0x09, 0x01, 0x29, 0x01, 0x2a, 0x09, 0x29, 0x01,
    0x29, 0x01, 0x2a, 0x09, 0x29, 0x01, 0x29, 0x01, 0x0a, 0x09, 0x29, 0x01,
    0x29, 0x01, 0x0a, 0x09, 0x29, 0x01, 0x29, 0x01, 0x0a, 0x09, 0x2a, 0x09,
    0x29, 0x01, 0x09, 0x01, 0x2a, 0x09, 0x29, 0x01, 0x2a, 0x09, 0x29, 0x01,
    0x2a, 0x09, 0x29, 0x01, 0x0a, 0x09, 0x29, 0x01, 0x29, 0x01, 0x2a, 0x09,
    0x29, 0x01, 0x29, 0x01, 0x2a, 0x09, 0x29, 0x01, 0x09, 0x01, 0x29, 0x01,
    0x2a, 0x09, 0x29, 0x01, 0x29, 0x01, 0x0a, 0x09, 0x29, 0x01, 0x29, 0x01,
    0x2a, 0x09, 0x09, 0x01, 0x29, 0x01, 0x2a, 0x09, 0x29, 0x01, 0x09, 0x01,
    0x2a, 0x09, 0x29, 0x01, 0x29, 0x01, 0x2a, 0x09, 0x29, 0x01, 0x29, 0x01,
    0x29, 0x01, 0x2a, 0x09, 0x09, 0x01, 0x2a, 0x09, 0x29, 0x01, 0x09, 0x01,
    0x2a, 0x09, 0x29, 0x01, 0x29, 0x01, 0x2a, 0x09, 0x09, 0x01, 0x29, 0x01,
    0x2a, 0x09, 0x2a, 0x09, 0x29, 0x01, 0x09, 0x01, 0x2a, 0x09, 0x29, 0x01,
    0x09, 0x01, 0x2a, 0x09, 0x29, 0x01, 0x29, 0x01, 0x09, 0x01, 0x29, 0x01,
    0x2a, 0x09, 0x09, 0x01, 0x29, 0x01, 0x2a, 0x09, 0x09, 0x01, 0x29, 0x01,
    0x0a, 0x09, 0x29, 0x01, 0x29, 0x01, 0x0a, 0x09, 0x29, 0x01, 0x29, 0x01,
    0x0a, 0x09, 0x29, 0x01, 0x29, 0x01, 0x29, 0x01, 0x29, 0x01, 0x2a, 0x09,
    0x29, 0x01, 0x29, 0x01, 0x2a, 0x09, 0x09, 0x01, 0x2a, 0x09, 0x29, 0x01,
    0x29, 0x01, 0x2a, 0x09, 0x09, 0x01, 0x29, 0x01, 0x2a, 0x09, 0x29, 0x01,
    0x2a, 0x09, 0x29, 0x01, 0x2a, 0x09, 0x0a, 0x09, 0x29, 0x01, 0x2a, 0x09,
    0x0a, 0x09, 0x29, 0x01, 0x29, 0x01, 0x2a, 0x09, 0x29, 0x01, 0x29, 0x01,
    0x09, 0x01, 0x2a, 0x09, 0x29, 0x01, 0x2a, 0x09, 0x29, 0x01, 0x29, 0x01,
    0x2a, 0x09, 0x29, 0x01, 0x29, 0x01, 0x2a, 0x09, 0x09, 0x01, 0x29, 0x01,
    0x2a, 0x09, 0x29, 0x01, 0x29, 0x01, 0x0a, 0x09, 0x29, 0x01, 0x09, 0x01,
    0x2a, 0x09, 0x29, 0x01, 0x29, 0x01, 0x2a, 0x09, 0x09, 0x01, 0x09, 0x01,
    0x29, 0x01, 0x2a, 0x09, 0x09, 0x01, 0x29, 0x01, 0x2a, 0x09, 0x29, 0x01,
    0x0a, 0x09, 0x29, 0x01, 0x2a, 0x09, 0x09, 0x01, 0x2a, 0x09, 0x29, 0x01,
    0x09, 0x01, 0x2a, 0x09, 0x29, 0x01, 0x0a, 0x09, 0x29, 0x01, 0x2a, 0x09,
    0x09, 0x01, 0x29, 0x01, 0x2a, 0x09, 0x29, 0x01, 0x2a, 0x09, 0x29, 0x01,
    0x0a, 0x09, 0x29, 0x01, 0x29, 0x01, 0x2a, 0x09, 0x29, 0x01, 0x29, 0x01,
    0x0a, 0x09, 0x29, 0x01, 0x29, 0x01, 0x2a, 0x09, 0x29, 0x01, 0x29, 0x01,
    0x2a, 0x09, 0x29, 0x01, 0x29, 0x01, 0x2a, 0x09, 0x09, 0x01, 0x29, 0x01,
    0x2a, 0x09, 0x29, 0x01, 0x29, 0x01, 0x09, 0x01, 0x2a, 0x09, 0x29, 0x01,
    0x29, 0x01, 0x2a, 0x09, 0x29, 0x01, 0x0a, 0x09, 0x29, 0x01, 0x2a, 0x09,
    0x09, 0x01, 0x29, 0x01, 0x29, 0x01, 0x0a, 0x09, 0x29, 0x01, 0x29, 0x01,
    0x29, 0x01, 0x2a, 0x09, 0x29, 0x01, 0x0a, 0x09, 0x2a, 0x09, 0x29, 0x01,
    0x29, 0x01, 0x0a, 0x09, 0x29, 0x01, 0x09, 0x01, 0x2a, 0x09, 0x29, 0x01,
    0x29, 0x01, 0x2a, 0x09, 0x29, 0x01, 0x2a, 0x09, 0x09, 0x01, 0x2a, 0x09,
    0x29, 0x01, 0x09, 0x01, 0x2a, 0x09, 0x29, 0x01, 0x29, 0x01, 0x0a, 0x09,
    0x29, 0x01, 0x2a, 0x09, 0x09, 0x01, 0x29, 0x01, 0x2a, 0x09, 0x29, 0x01,
    0x29, 0x01, 0x0a, 0x09, 0x29, 0x01, 0x09, 0x01, 0x2a, 0x09, 0x29, 0x01,
    0x2a, 0x09, 0x29, 0x01, 0x29, 0x01, 0x0a, 0x09, 0x2a, 0x09, 0x29, 0x01,
    0x09, 0x01, 0x2a, 0x09, 0x29, 0x01, 0x29, 0x01, 0x2a, 0x09, 0x09, 0x01,
    0x29, 0x01, 0x2a, 0x09, 0x29, 0x01, 0x29, 0x01, 0x0a, 0x09, 0x29, 0x01,
    0x2a, 0x09, 0x2a, 0x09, 0x29, 0x01, 0x09, 0x01, 0x0a, 0x09, 0x29, 0x01,
    0x29, 0x01, 0x2a, 0x09, 0x29, 0x01, 0x29, 0x01, 0x2a, 0x09, 0x09, 0x01,
    0x29, 0x01, 0x0a, 0x09, 0x29, 0x01, 0x2a, 0x09, 0x09, 0x01, 0x29, 0x01,
    0x2a, 0x09, 0x09, 0x01, 0x29, 0x01, 0x2a, 0x09, 0x29, 0x01, 0x29, 0x01,
    0x2a, 0x09, 0x09, 0x01, 0x29, 0x01, 0x2a, 0x09, 0x29, 0x01, 0x29, 0x01,
    0x0a, 0x09, 0x29, 0x01, 0x0a, 0x09, 0x29, 0x01, 0x09, 0x01, 0x2a, 0x09,
    0x29, 0x01, 0x09, 0x01, 0x2a, 0x09, 0x29, 0x01, 0x29, 0x01, 0x2a, 0x09,
    0x09, 0x01, 0x2a, 0x09, 0x29, 0x01, 0x09, 0x01, 0x2a, 0x09, 0x29, 0x01,
    0x09, 0x01, 0x2a, 0x09, 0x29, 0x01, 0x2a, 0x09, 0x29, 0x01, 0x29, 0x01,
    0x0a, 0x09, 0x2a, 0x09, 0x29, 0x01, 0x2a, 0x09, 0x29, 0x01, 0x09, 0x01,
    0x2a, 0x09, 0x29, 0x01, 0x2a, 0x09, 0x29, 0x01, 0x29, 0x01, 0x0a, 0x09,
    0x29, 0x01, 0x29, 0x01, 0x0a, 0x09, 0x29, 0x01, 0x29, 0x01, 0x2a, 0x09,
    0x29, 0x01, 0x2a, 0x09, 0x0a, 0x09, 0x29, 0x01, 0x09, 0x01, 0x0a, 0x09,
    0x29, 0x01, 0x2a, 0x09, 0x09, 0x01, 0x29, 0x01, 0x2a, 0x09, 0x09, 0x01,
    0x2a, 0x09, 0x29, 0x01, 0x2a, 0x09, 0x09, 0x01, 0x29, 0x01, 0x0a, 0x09,
    0x29, 0x01, 0x29, 0x01, 0x29, 0x01, 0x2a, 0x09, 0x29, 0x01, 0x29, 0x01,
    0x2a, 0x09, 0x29, 0x01, 0x0a, 0x09, 0x2a, 0x09, 0x29, 0x01, 0x09, 0x01,
    0x2a, 0x09, 0x29, 0x01, 0x09, 0x01, 0x2a, 0x09, 0x09, 0x01, 0x29, 0x01,
    0x0a, 0x09, 0x29, 0x01, 0x2a, 0x09, 0x29, 0x01, 0x29, 0x01, 0x0a, 0x09,
    0x29, 0x01, 0x2a, 0x09, 0x29, 0x01, 0x2a, 0x09, 0x29, 0x01, 0x2a, 0x09,
    0x09, 0x01, 0x2a, 0x09, 0x2a, 0x09, 0x29, 0x01, 0x2a, 0x09, 0x29, 0x01,
    0x2a, 0x09, 0x09, 0x01, 0x29, 0x01, 0x2a, 0x09, 0x29, 0x01, 0x29, 0x01,
    0x2a, 0x09, 0x29, 0x01, 0x29, 0x01, 0x2a, 0x09, 0x29, 0x01, 0x2a, 0x09,
    0x09, 0x01, 0x29, 0x01, 0x2a, 0x09, 0x09, 0x01, 0x29, 0x01, 0x2a, 0x09,
    0x29, 0x01, 0x09, 0x01, 0x2a, 0x09, 0x29, 0x01, 0x09, 0x01, 0x2a, 0x09,
    0x29, 0x01, 0x29, 0x01, 0x0a, 0x09, 0x29, 0x01, 0x2a, 0x09, 0x09, 0x01,
    0x29, 0x01, 0x2a, 0x09, 0x09, 0x01, 0x2a, 0x09, 0x09, 0x01, 0x29, 0x01,
    0x0a, 0x09, 0x29, 0x01, 0x2a, 0x09, 0x09, 0x01, 0x29, 0x01, 0x2a, 0x09,
    0x09, 0x01, 0x2a, 0x09, 0x29, 0x01, 0x09, 0x01, 0x2a, 0x09, 0x29, 0x01,
    0x0a, 0x09, 0x29, 0x01, 0x29, 0x01, 0x2a, 0x09, 0x29, 0x01, 0x29, 0x01,
    0x0a, 0x09, 0x29, 0x01, 0x2a, 0x09, 0x29, 0x01, 0x09, 0x01, 0x2a, 0x09,
    0x29, 0x01, 0x29, 0x01, 0x09, 0x01, 0x29, 0x01, 0x2a, 0x09, 0x29, 0x01,
    0x0a, 0x09, 0x29, 0x01, 0x2a, 0x09, 0x29, 0x01, 0x09, 0x01, 0x2a, 0x09,
    0x09, 0x01, 0x29, 0x01, 0x2a, 0x09, 0x09, 0x01, 0x29, 0x01, 0x2a, 0x09,
    0x29, 0x01, 0x29, 0x01, 0x0a, 0x09, 0x29, 0x01, 0x29, 0x01, 0x2a, 0x09,
    0x09, 0x01, 0x29, 0x01, 0x2a, 0x09, 0x29, 0x01, 0x0a, 0x09, 0x29, 0x01,
    0x29, 0x01, 0x2a, 0x09, 0x29, 0x01, 0x29, 0x01, 0x09, 0x01, 0x2a, 0x09,
    0x29, 0x01, 0x09, 0x01, 0x2a, 0x09, 0x29, 0x01, 0x09, 0x01, 0x2a, 0x09,
    0x29, 0x01, 0x09, 0x01, 0x0a, 0x09, 0x29, 0x01, 0x29, 0x01, 0x2a, 0x09,
    0x29, 0x01, 0x0a, 0x09, 0x29, 0x01, 0x29, 0x01, 0x29, 0x01, 0x09, 0x01,
    0x29, 0x01, 0x2a, 0x09, 0x29, 0x01, 0x29, 0x01, 0x2a, 0x09, 0x09, 0x01,
    0x29, 0x01, 0x0a, 0x09, 0x29, 0x01, 0x2a, 0x09, 0x09, 0x01, 0x2a, 0x09,
    0x29, 0x01, 0x29, 0x01, 0x0a, 0x09, 0x29, 0x01, 0x2a, 0x09, 0x29, 0x01,
    0x0a, 0x09, 0x29, 0x01, 0x2a, 0x09, 0x09, 0x01, 0x2a, 0x09, 0x09, 0x01,
    0x2a, 0x09, 0x29, 0x01, 0x0a, 0x09, 0x29, 0x01, 0x2a, 0x09, 0x09, 0x01,
    0x29, 0x01, 0x2a, 0x09, 0x29, 0x01, 0x09, 0x01, 0x2a, 0x09, 0x2a, 0x09,
    0x09, 0x01, 0x29, 0x01, 0x2a, 0x09, 0x09, 0x01, 0x2a, 0x09, 0x29, 0x01,
    0x29, 0x01, 0x0a, 0x09, 0x29, 0x01, 0x2a, 0x09, 0x29, 0x01, 0x29, 0x01,
    0x0a, 0x09, 0x29, 0x01, 0x29, 0x01, 0x0a, 0x09, 0x29, 0x01, 0x29, 0x01,
    0x2a, 0x09, 0x09, 0x01, 0x29, 0x01, 0x2a, 0x09, 0x0a, 0x09, 0x29, 0x01,
    0x29, 0x01, 0x0a, 0x09, 0x29, 0x01, 0x29, 0x01, 0x2a, 0x09, 0x29, 0x01,
    0x29, 0x01, 0x2a, 0x09, 0x29, 0x01, 0x09, 0x01, 0x2a, 0x09, 0x09, 0x01,
    0x29, 0x01, 0x29, 0x01, 0x2a, 0x09, 0x29, 0x01, 0x2a, 0x09, 0x29, 0x01,
    0x29, 0x01, 0x0a, 0x09, 0x29, 0x01, 0x29, 0x01, 0x2a, 0x09, 0x09, 0x01,
    0x29, 0x01, 0x2a, 0x09, 0x29, 0x01, 0x2a, 0x09, 0x29, 0x01, 0x09, 0x01,
    0x2a, 0x09, 0x09, 0x01, 0x09, 0x01, 0x2a, 0x09, 0x09, 0x01, 0x29, 0x01,
    0x29, 0x01, 0x09, 0x01, 0x29, 0x01, 0x2a, 0x09, 0x09, 0x01, 0x2a, 0x09,
    0x29, 0x01, 0x29, 0x01, 0x2a, 0x09, 0x09, 0x01, 0x2a, 0x09, 0x29, 0x01,
    0x09, 0x01, 0x2a, 0x09, 0x09, 0x01, 0x29, 0x01, 0x2a, 0x09, 0x09, 0x01,
    0x29, 0x01, 0x09, 0x01, 0x0a, 0x09, 0x29, 0x01, 0x29, 0x01, 0x2a, 0x09,
    0x09, 0x01, 0x29, 0x01, 0x09, 0x01, 0x09, 0x01, 0x2a, 0x09, 0x29, 0x01,
    0x29, 0x01, 0x2a, 0x09, 0x29, 0x01, 0x0a, 0x09, 0x29, 0x01, 0x09, 0x01,
    0x2a, 0x09, 0x09, 0x01, 0x29, 0x01, 0x29, 0x01, 0x0a, 0x09, 0x29, 0x01,
    0x2a, 0x09, 0x29, 0x01, 0x29, 0x01, 0x2a, 0x09, 0x09, 0x01, 0x29, 0x01,
    0x2a, 0x09, 0x29, 0x01, 0x09, 0x01, 0x2a, 0x09, 0x29, 0x01, 0x09, 0x01,
    0x2a, 0x09, 0x29, 0x01, 0x09, 0x01, 0x2a, 0x09, 0x29, 0x01, 0x2a, 0x09,
    0x29, 0x01, 0x29, 0x01, 0x2a, 0x09, 0x09, 0x01, 0x29, 0x01, 0x2a, 0x09,
    0x29, 0x01, 0x09, 0x01, 0x2a, 0x09, 0x29, 0x01, 0x2a, 0x09, 0x29, 0x01,
    0x09, 0x01, 0x2a, 0x09, 0x2a, 0x09, 0x29, 0x01, 0x29, 0x01, 0x0a, 0x09,
    0x29, 0x01, 0x29, 0x01, 0x0a, 0x09, 0x29, 0x01, 0x29, 0x01, 0x0a, 0x09,
    0x29, 0x01, 0x2a, 0x09, 0x29, 0x01, 0x29, 0x01, 0x2a, 0x09, 0x29, 0x01,
    0x2a, 0x09, 0x09, 0x01, 0x2a, 0x09, 0x29, 0x01, 0x29, 0x01, 0x0a, 0x09,
    0x29, 0x01, 0x29, 0x01, 0x2a, 0x09, 0x29, 0x01, 0x2a, 0x09, 0x09, 0x01,
    0x2a, 0x09, 0x29, 0x01, 0x09, 0x01, 0x2a, 0x09, 0x29, 0x01, 0x09, 0x01,
    0x2a, 0x09, 0x29, 0x01, 0x2a, 0x09, 0x09, 0x01, 0x2a, 0x09, 0x29, 0x01,
    0x29, 0x01, 0x0a, 0x09, 0x29, 0x01, 0x29, 0x01, 0x0a, 0x09, 0x29, 0x01,
    0x2a, 0x09, 0x09, 0x01, 0x2a, 0x09, 0x29, 0x01, 0x2a, 0x09, 0x09, 0x01,
    0x29, 0x01, 0x2a, 0x09, 0x29, 0x01, 0x29, 0x01, 0x2a, 0x09, 0x29, 0x01,
    0x29, 0x01, 0x2a, 0x09, 0x29, 0x01, 0x0a, 0x09, 0x29, 0x01, 0x29, 0x01,
    0x0a, 0x09, 0x29, 0x01, 0x2a, 0x09, 0x0a, 0x09, 0x29, 0x01, 0x2a, 0x09,
    0x09, 0x01, 0x29, 0x01, 0x0a, 0x09, 0x29, 0x01, 0x29, 0x01, 0x2a, 0x09,
    0x29, 0x01, 0x09, 0x01, 0x2a, 0x09, 0x29, 0x01, 0x09, 0x01, 0x2a, 0x09,
    0x29, 0x01, 0x29, 0x01, 0x2a, 0x09, 0x29, 0x01, 0x29, 0x01, 0x0a, 0x09,
    0x29, 0x01, 0x29, 0x01, 0x29, 0x01, 0x2a, 0x09, 0x09, 0x01, 0x29, 0x01,
    0x29, 0x01, 0x2a, 0x09, 0x29, 0x01, 0x09, 0x01, 0x2a, 0x09, 0x29, 0x01,
    0x29, 0x01, 0x2a, 0x09, 0x29, 0x01, 0x29, 0x01, 0x2a, 0x09, 0x29, 0x01,
    0x29, 0x01, 0x2a, 0x09, 0x29, 0x01, 0x09, 0x01, 0x2a, 0x09, 0x29, 0x01,
    0x29, 0x01, 0x2a, 0x09, 0x09, 0x01, 0x29, 0x01, 0x2a, 0x09, 0x09, 0x01,
    0x2a, 0x09, 0x29, 0x01, 0x09, 0x01, 0x2a, 0x09, 0x09, 0x01, 0x29, 0x01,
    0x2a, 0x09, 0x09, 0x01, 0x29, 0x01, 0x29, 0x01, 0x2a, 0x09, 0x29, 0x01,
    0x29, 0x01, 0x0a, 0x09, 0x29, 0x01, 0x0a, 0x09, 0x0a, 0x09, 0x29, 0x01,
    0x09, 0x01, 0x2a, 0x09, 0x29, 0x01, 0x2a, 0x09, 0x2a, 0x09, 0x29, 0x01,
    0x09, 0x01, 0x2a, 0x09, 0x09, 0x01, 0x29, 0x01, 0x2a, 0x09, 0x29, 0x01,
    0x09, 0x01, 0x2a, 0x09, 0x29, 0x01, 0x2a, 0x09, 0x29, 0x01, 0x29, 0x01,
    0x0a, 0x09, 0x29, 0x01, 0x09, 0x01, 0x2a, 0x09, 0x29, 0x01, 0x29, 0x01,
    0x2a, 0x09, 0x2a, 0x09, 0x29, 0x01, 0x29, 0x01, 0x2a, 0x09, 0x0a, 0x09,
    0x29, 0x01, 0x2a, 0x09, 0x29, 0x01, 0x29, 0x01, 0x2a, 0x09, 0x29, 0x01,
    0x09, 0x01, 0x2a, 0x09, 0x29, 0x01, 0x29, 0x01, 0x2a, 0x09, 0x29, 0x01,
    0x29, 0x01, 0x2a, 0x09, 0x29, 0x01, 0x0a, 0x09, 0x29, 0x01, 0x2a, 0x09,
    0x29, 0x01, 0x29, 0x01, 0x2a, 0x09, 0x09, 0x01, 0x29, 0x01, 0x2a, 0x09,
    0x29, 0x01, 0x29, 0x01, 0x2a, 0x09, 0x29, 0x01, 0x09, 0x01, 0x2a, 0x09,
    0x09, 0x01, 0x29, 0x01, 0x2a, 0x09, 0x29, 0x01, 0x09, 0x01, 0x2a, 0x09,
    0x29, 0x01, 0x2a, 0x09, 0x09, 0x01, 0x2a, 0x09, 0x29, 0x01, 0x09, 0x01,
    0x2a, 0x09, 0x09, 0x01, 0x29, 0x01, 0x2a, 0x09, 0x29, 0x01, 0x0a, 0x09,
    0x2a, 0x09, 0x29, 0x01, 0x29, 0x01, 0x2a, 0x09, 0x29, 0x01, 0x29, 0x01,
    0x2a, 0x09, 0x29, 0x01, 0x2a, 0x09, 0x09, 0x01, 0x29, 0x01, 0x2a, 0x09,
    0x09, 0x01, 0x29, 0x01, 0x2a, 0x09, 0x29, 0x01, 0x2a, 0x09, 0x29, 0x01,
    0x29, 0x01, 0x2a, 0x09, 0x09, 0x01, 0x29, 0x01, 0x2a, 0x09, 0x29, 0x01,
    0x29, 0x01, 0x29, 0x01, 0x0a, 0x09, 0x29, 0x01, 0x29, 0x01, 0x2a, 0x09,
    0x29, 0x01, 0x0a, 0x09, 0x29, 0x01, 0x29, 0x01, 0x0a, 0x09, 0x29, 0x01,
    0x29, 0x01, 0x0a, 0x09, 0x09, 0x01, 0x2a, 0x09, 0x29, 0x01, 0x09, 0x01,
    0x29, 0x01, 0x2a, 0x09, 0x29, 0x01, 0x2a, 0x09, 0x09, 0x01, 0x29, 0x01,
    0x2a, 0x09, 0x09, 0x01, 0x09, 0x01, 0x2a, 0x09, 0x29, 0x01, 0x29, 0x01,
    0x2a, 0x09, 0x29, 0x01, 0x29, 0x01, 0x2a, 0x09, 0x29, 0x01, 0x0a, 0x09,
    0x29, 0x01, 0x29, 0x01, 0x29, 0x01, 0x2a, 0x09, 0x09, 0x01, 0x29, 0x01,
    0x2a, 0x09, 0x2a, 0x09, 0x29, 0x01, 0x29, 0x01, 0x2a, 0x09, 0x29, 0x01,
    0x09, 0x01, 0x2a, 0x09, 0x29, 0x01, 0x09, 0x01, 0x2a, 0x09, 0x29, 0x01,
    0x0a, 0x09, 0x29, 0x01, 0x29, 0x01, 0x0a, 0x09, 0x29, 0x01, 0x09, 0x01,
    0x2a, 0x09, 0x29, 0x01, 0x29, 0x01, 0x2a, 0x09, 0x09, 0x01, 0x29, 0x01,
    0x2a, 0x09, 0x29, 0x01, 0x29, 0x01, 0x2a, 0x09, 0x29, 0x01, 0x2a, 0x09,
    0x29, 0x01, 0x29, 0x01, 0x0a, 0x09, 0x29, 0x01, 0x2a, 0x09, 0x09, 0x01,
    0x2a, 0x09, 0x29, 0x01, 0x29, 0x01, 0x2a, 0x09, 0x29, 0x01, 0x09, 0x01,
    0x2a, 0x09, 0x09, 0x01, 0x2a, 0x09, 0x29, 0x01, 0x09, 0x01, 0x2a, 0x09,
    0x29, 0x01, 0x0a, 0x09, 0x29, 0x01, 0x29, 0x01, 0x2a, 0x09, 0x29, 0x01,
    0x0a, 0x09, 0x29, 0x01, 0x29, 0x01, 0x2a, 0x09, 0x09, 0x01, 0x2a, 0x09,
    0x09, 0x01, 0x2a, 0x09, 0x09, 0x01, 0x29, 0x01, 0x0a, 0x09, 0x29, 0x01,
    0x09, 0x01, 0x2a, 0x09, 0x29, 0x01, 0x29, 0x01, 0x0a, 0x09, 0x29, 0x01,
    0x2a, 0x09, 0x09, 0x01, 0x29, 0x01, 0x2a, 0x09, 0x09, 0x01, 0x29, 0x01,
    0x2a, 0x09, 0x29, 0x01, 0x29, 0x01, 0x2a, 0x09, 0x29, 0x01, 0x2a, 0x09,
    0x29, 0x01, 0x2a, 0x09, 0x09, 0x01, 0x29, 0x01, 0x0a, 0x09, 0x29, 0x01,
    0x29, 0x01, 0x2a, 0x09, 0x29, 0x01, 0x29, 0x01, 0x29, 0x01, 0x2a, 0x09,
    0x29, 0x01, 0x09, 0x01, 0x2a, 0x09, 0x29, 0x01, 0x09, 0x01, 0x2a, 0x09,
    0x29, 0x01, 0x2a, 0x09, 0x09, 0x01, 0x29, 0x01, 0x2a, 0x09, 0x09, 0x01,
    0x2a, 0x09, 0x29, 0x01, 0x09, 0x01, 0x2a, 0x09, 0x29, 0x01, 0x0a, 0x09,
    0x29, 0x01, 0x29, 0x01, 0x2a, 0x09, 0x09, 0x01, 0x2a, 0x09, 0x29, 0x01,
    0x09, 0x01, 0x2a, 0x09, 0x29, 0x01, 0x29, 0x01, 0x2a, 0x09, 0x29, 0x01,
    0x09, 0x01, 0x2a, 0x09, 0x09, 0x01, 0x29, 0x01, 0x2a, 0x09, 0x09, 0x01,
    0x2a, 0x09, 0x29, 0x01, 0x09, 0x01, 0x2a, 0x09, 0x29, 0x01, 0x0a, 0x09,
    0x29, 0x01, 0x29, 0x01, 0x2a, 0x09, 0x29, 0x01, 0x29, 0x01, 0x2a, 0x09,
    0x0a, 0x09, 0x29, 0x01, 0x2a, 0x09, 0x29, 0x01, 0x09, 0x01, 0x2a, 0x09,
    0x29, 0x01, 0x0a, 0x09, 0x2a, 0x09, 0x29, 0x01, 0x29, 0x01, 0x2a, 0x09,
    0x29, 0x01, 0x09, 0x01, 0x2a, 0x09, 0x29, 0x01, 0x2a, 0x09, 0x29, 0x01,
    0x29, 0x01, 0x2a, 0x09, 0x09, 0x01, 0x29, 0x01, 0x2a, 0x09, 0x29, 0x01,
    0x29, 0x01, 0x2a, 0x09, 0x09, 0x01, 0x29, 0x01, 0x2a, 0x09, 0x29, 0x01,
    0x09, 0x01, 0x2a, 0x09, 0x29, 0x01, 0x0a, 0x09, 0x09, 0x01, 0x2a, 0x09,
    0x09, 0x01, 0x29, 0x01, 0x2a, 0x09, 0x29, 0x01, 0x09, 0x01, 0x2a, 0x09,
    0x29, 0x01, 0x0a, 0x09, 0x29, 0x01, 0x29, 0x01, 0x0a, 0x09, 0x09, 0x01,
    0x2a, 0x09, 0x29, 0x01, 0x29, 0x01, 0x0a, 0x09, 0x29, 0x01, 0x0a, 0x09,
    0x29, 0x01, 0x29, 0x01, 0x0a, 0x09, 0x29, 0x01, 0x2a, 0x09, 0x09, 0x01,
    0x29, 0x01, 0x2a, 0x09, 0x29, 0x01, 0x2a, 0x09, 0x29, 0x01, 0x29, 0x01,
    0x2a, 0x09, 0x29, 0x01, 0x29, 0x01, 0x2a, 0x09, 0x09, 0x01, 0x29, 0x01,
    0x29, 0x01, 0x09, 0x01, 0x29, 0x01, 0x2a, 0x09, 0x09, 0x01, 0x29, 0x01,
    0x2a, 0x09, 0x29, 0x01, 0x29, 0x01, 0x0a, 0x09, 0x29, 0x01, 0x29, 0x01,
    0x0a, 0x09, 0x29, 0x01, 0x0a, 0x09, 0x29, 0x01, 0x29, 0x01, 0x2a, 0x09,
    0x0a, 0x09, 0x29, 0x01, 0x29, 0x01, 0x0a, 0x09, 0x29, 0x01, 0x29, 0x01,
    0x0a, 0x09, 0x29, 0x01, 0x09, 0x01, 0x2a, 0x09, 0x29, 0x01, 0x09, 0x01,
    0x2a, 0x09, 0x29, 0x01, 0x29, 0x01, 0x0a, 0x09, 0x29, 0x01, 0x29, 0x01,
    0x2a, 0x09, 0x29, 0x01, 0x0a, 0x09, 0x2a, 0x09, 0x29, 0x01, 0x0a, 0x09,
    0x2a, 0x09, 0x09, 0x01, 0x29, 0x01, 0x2a, 0x09, 0x29, 0x01, 0x0a, 0x09,
    0x29, 0x01, 0x09, 0x01, 0x29, 0x01, 0x09, 0x01, 0x2a, 0x09, 0x09, 0x01,
    0x29, 0x01, 0x2a, 0x09, 0x29, 0x01, 0x29, 0x01, 0x0a, 0x09, 0x29, 0x01,
    0x29, 0x01, 0x0a, 0x09, 0x29, 0x01, 0x2a, 0x09, 0x29, 0x01, 0x2a, 0x09,
    0x29, 0x01, 0x09, 0x01, 0x2a, 0x09, 0x29, 0x01, 0x29, 0x01, 0x2a, 0x09,
    0x29, 0x01, 0x29, 0x01, 0x0a, 0x09, 0x29, 0x01, 0x2a, 0x09, 0x09, 0x01,
    0x29, 0x01, 0x2a, 0x09, 0x09, 0x01, 0x29, 0x01, 0x2a, 0x09, 0x29, 0x01,
    0x29, 0x01, 0x0a, 0x09, 0x29, 0x01, 0x2a, 0x09, 0x29, 0x01, 0x09, 0x01,
    0x2a, 0x09, 0x29, 0x01, 0x0a, 0x09, 0x29, 0x01, 0x29, 0x01, 0x0a, 0x09,
    0x29, 0x01, 0x29, 0x01, 0x2a, 0x09, 0x2a, 0x09, 0x29, 0x01, 0x29, 0x01,
    0x0a, 0x09, 0x29, 0x01, 0x2a, 0x09, 0x09, 0x01, 0x29, 0x01, 0x0a, 0x09,
    0x29, 0x01, 0x29, 0x01, 0x2a, 0x09, 0x29, 0x01, 0x2a, 0x09, 0x09, 0x01,
    0x29, 0x01, 0x2a, 0x09, 0x09, 0x01, 0x29, 0x01, 0x2a, 0x09, 0x29, 0x01,
    0x2a, 0x09, 0x09, 0x01, 0x29, 0x01, 0x29, 0x01, 0x0a, 0x09, 0x29, 0x01,
    0x29, 0x01, 0x2a, 0x09, 0x29, 0x01, 0x29, 0x01, 0x0a, 0x09, 0x29, 0x01,
    0x29, 0x01, 0x2a, 0x09, 0x09, 0x01, 0x29, 0x01, 0x2a, 0x09, 0x29, 0x01,
    0x29, 0x01, 0x2a, 0x09, 0x29, 0x01, 0x09, 0x01, 0x2a, 0x09, 0x29, 0x01,
    0x09, 0x01, 0x2a, 0x09, 0x09, 0x01, 0x09, 0x01, 0x2a, 0x09, 0x29, 0x01,
    0x29, 0x01, 0x2a, 0x09, 0x29, 0x01, 0x0a, 0x09, 0x29, 0x01, 0x29, 0x01,
    0x2a, 0x09, 0x29, 0x01, 0x0a, 0x09, 0x29, 0x01, 0x29, 0x01, 0x0a, 0x09,
    0x29, 0x01, 0x09, 0x01, 0x0a, 0x09, 0x29, 0x01, 0x29, 0x01, 0x09, 0x01,
    0x29, 0x01, 0x2a, 0x09, 0x29, 0x01, 0x29, 0x01, 0x2a, 0x09, 0x09, 0x01,
    0x29, 0x01, 0x29, 0x01, 0x0a, 0x09, 0x29, 0x01, 0x2a, 0x09, 0x09, 0x01,
    0x2a, 0x09, 0x29, 0x01, 0x09, 0x01, 0x2a, 0x09, 0x29, 0x01, 0x09, 0x01,
    0x2a, 0x09, 0x29, 0x01, 0x29, 0x01, 0x0a, 0x09, 0x29, 0x01, 0x29, 0x01,
    0x0a, 0x09, 0x2a, 0x09, 0x29, 0x01, 0x09, 0x01, 0x2a, 0x09, 0x29, 0x01,
    0x29, 0x01, 0x09, 0x01, 0x2a, 0x09, 0x29, 0x01, 0x29, 0x01, 0x2a, 0x09,
    0x29, 0x01, 0x09, 0x01, 0x2a, 0x09, 0x29, 0x01, 0x2a, 0x09, 0x29, 0x01,
    0x29, 0x01, 0x0a, 0x09, 0x29, 0x01, 0x29, 0x01, 0x2a, 0x09, 0x29, 0x01,
    0x09, 0x01, 0x2a, 0x09, 0x29, 0x01, 0x29, 0x01, 0x2a, 0x09, 0x09, 0x01,
    0x2a, 0x09, 0x2a, 0x09, 0x29, 0x01, 0x29, 0x01, 0x0a, 0x09, 0x29, 0x01,
    0x29, 0x01, 0x0a, 0x09, 0x29, 0x01, 0x09, 0x01, 0x2a, 0x09, 0x09, 0x01,
    0x2a, 0x09, 0x29, 0x01, 0x29, 0x01, 0x0a, 0x09, 0x2a, 0x09, 0x29, 0x01,
    0x29, 0x01, 0x0a, 0x09, 0x29, 0x01, 0x29, 0x01, 0x2a, 0x09, 0x29, 0x01,
    0x2a, 0x09, 0x29, 0x01, 0x2a, 0x09, 0x29, 0x01, 0x09, 0x01, 0x2a, 0x09,
    0x29, 0x01, 0x09, 0x01, 0x2a, 0x09, 0x29, 0x01, 0x09, 0x01, 0x29, 0x01,
    0x2a, 0x09, 0x09, 0x01, 0x2a, 0x09, 0x29, 0x01, 0x2a, 0x09, 0x29, 0x01,
    0x29, 0x01, 0x0a, 0x09, 0x29, 0x01, 0x2a, 0x09, 0x09, 0x01, 0x29, 0x01,
    0x2a, 0x09, 0x29, 0x01, 0x09, 0x01, 0x2a, 0x09, 0x29, 0x01, 0x29, 0x01,
    0x0a, 0x09, 0x29, 0x01, 0x29, 0x01, 0x29, 0x01, 0x29, 0x01, 0x29, 0x01,
    0x29, 0x01, 0x2a, 0x09, 0x09, 0x01, 0x29, 0x01, 0x2a, 0x09, 0x29, 0x01,
    0x2a, 0x09, 0x2a, 0x09, 0x09, 0x01, 0x2a, 0x09, 0x29, 0x01, 0x29, 0x01,
    0x0a, 0x09, 0x2a, 0x09, 0x29, 0x01, 0x09, 0x01, 0x2a, 0x09, 0x29, 0x01,
    0x29, 0x01, 0x2a, 0x09, 0x09, 0x01, 0x09, 0x01, 0x2a, 0x09, 0x29, 0x01,
    0x29, 0x01, 0x2a, 0x09, 0x09, 0x01, 0x2a, 0x09, 0x29, 0x01, 0x09, 0x01,
    0x2a, 0x09, 0x29, 0x01, 0x29, 0x01, 0x0a, 0x09, 0x29, 0x01, 0x29, 0x01,
    0x2a, 0x09, 0x2a, 0x09, 0x29, 0x01, 0x09, 0x01, 0x2a, 0x09, 0x29, 0x01,
    0x29, 0x01, 0x2a, 0x09, 0x29, 0x01, 0x29, 0x01, 0x2a, 0x09, 0x29, 0x01,
    0x29, 0x01, 0x2a, 0x09, 0x29, 0x01, 0x2a, 0x09, 0x29, 0x01, 0x29, 0x01,
    0x0a, 0x09, 0x29, 0x01, 0x29, 0x01, 0x0a, 0x09, 0x29, 0x01, 0x29, 0x01,
    0x0a, 0x09, 0x29, 0x01, 0x29, 0x01, 0x0a, 0x09, 0x29, 0x01, 0x29, 0x01,
    0x0a, 0x09, 0x29, 0x01, 0x29, 0x01, 0x0a, 0x09, 0x29, 0x01, 0x2a, 0x09,
    0x09, 0x01, 0x2a, 0x09, 0x29, 0x01, 0x0a, 0x09, 0x29, 0x01, 0x09, 0x01,
    0x2a, 0x09, 0x2a, 0x09, 0x29, 0x01, 0x2a, 0x09, 0x29, 0x01, 0x09, 0x01,
    0x2a, 0x09, 0x09, 0x01, 0x2a, 0x09, 0x29, 0x01, 0x29, 0x01, 0x2a, 0x09,
    0x29, 0x01, 0x2a, 0x09, 0x29, 0x01, 0x09, 0x01, 0x2a, 0x09, 0x29, 0x01,
    0x0a, 0x09, 0x29, 0x01, 0x29, 0x01, 0x2a, 0x09, 0x29, 0x01, 0x29, 0x01,
    0x2a, 0x09, 0x29, 0x01, 0x29, 0x01, 0x2a, 0x09, 0x09, 0x01, 0x29, 0x01,
    0x2a, 0x09, 0x09, 0x01, 0x29, 0x01, 0x2a, 0x09, 0x09, 0x01, 0x29, 0x01,
    0x2a, 0x09, 0x09, 0x01, 0x29, 0x01, 0x2a, 0x09, 0x29, 0x01, 0x29, 0x01,
    0x2a, 0x09, 0x29, 0x01, 0x2a, 0x09, 0x2a, 0x09, 0x09, 0x01, 0x2a, 0x09,
    0x29, 0x01, 0x09, 0x01, 0x2a, 0x09, 0x29, 0x01, 0x0a, 0x09, 0x2a, 0x09,
    0x29, 0x01, 0x29, 0x01, 0x29, 0x01, 0x2a, 0x09, 0x09, 0x01, 0x29, 0x01,
    0x2a, 0x09, 0x29, 0x01, 0x29, 0x01, 0x0a, 0x09, 0x29, 0x01, 0x2a, 0x09,
    0x09, 0x01, 0x29, 0x01, 0x2a, 0x09, 0x2a, 0x09, 0x29, 0x01, 0x09, 0x01,
    0x2a, 0x09, 0x29, 0x01, 0x29, 0x01, 0x2a, 0x09, 0x09, 0x01, 0x2a, 0x09,
    0x29, 0x01, 0x2a, 0x09, 0x29, 0x01, 0x29, 0x01, 0x0a, 0x09, 0x29, 0x01,
    0x2a, 0x09, 0x29, 0x01, 0x09, 0x01, 0x2a, 0x09, 0x09, 0x01, 0x29, 0x01,
    0x2a, 0x09, 0x29, 0x01, 0x09, 0x01, 0x2a, 0x09, 0x29, 0x01, 0x29, 0x01,
    0x2a, 0x09, 0x0a, 0x09, 0x29, 0x01, 0x29, 0x01, 0x2a, 0x09, 0x29, 0x01,
    0x09, 0x01, 0x29, 0x01, 0x29, 0x01, 0x0a, 0x09, 0x29, 0x01, 0x29, 0x01,
    0x2a, 0x09, 0x29, 0x01, 0x09, 0x01, 0x2a, 0x09, 0x29, 0x01, 0x29, 0x01,
    0x0a, 0x09, 0x29, 0x01, 0x29, 0x01, 0x29, 0x01, 0x2a, 0x09, 0x29, 0x01,
    0x29, 0x01, 0x2a, 0x09, 0x2a, 0x09, 0x09, 0x01, 0x29, 0x01, 0x0a, 0x09,
    0x09, 0x01, 0x29, 0x01, 0x2a, 0x09, 0x29, 0x01, 0x2a, 0x09, 0x29, 0x01,
    0x29, 0x01, 0x2a, 0x09, 0x29, 0x01, 0x2a, 0x09, 0x29, 0x01, 0x29, 0x01,
    0x29, 0x01, 0x2a, 0x09, 0x09, 0x01, 0x29, 0x01, 0x2a, 0x09, 0x09, 0x01,
    0x29, 0x01, 0x2a, 0x09, 0x29, 0x01, 0x29, 0x01, 0x2a, 0x09, 0x29, 0x01,
    0x0a, 0x09, 0x29, 0x01, 0x2a, 0x09, 0x29, 0x01, 0x2a, 0x09, 0x09, 0x01,
    0x29, 0x01, 0x2a, 0x09, 0x09, 0x01, 0x2a, 0x09, 0x0a, 0x09, 0x29, 0x01,
    0x29, 0x01, 0x2a, 0x09, 0x09, 0x01, 0x29, 0x01, 0x2a, 0x09, 0x09, 0x01,
    0x29, 0x01, 0x2a, 0x09, 0x29, 0x01, 0x29, 0x01, 0x2a, 0x09, 0x29, 0x01,
    0x09, 0x01, 0x29, 0x01, 0x2a, 0x09, 0x29, 0x01, 0x29, 0x01, 0x0a, 0x09,
    0x29, 0x01, 0x2a, 0x09, 0x29, 0x01, 0x29, 0x01, 0x0a, 0x09, 0x29, 0x01,
    0x2a, 0x09, 0x09, 0x01, 0x29, 0x01, 0x2a, 0x09, 0x09, 0x01, 0x2a, 0x09,
    0x2a, 0x09, 0x09, 0x01, 0x29, 0x01, 0x2a, 0x09, 0x29, 0x01, 0x09, 0x01,
    0x2a, 0x09, 0x29, 0x01, 0x29, 0x01, 0x2a, 0x09, 0x09, 0x01, 0x2a, 0x09,
    0x09, 0x01, 0x29, 0x01, 0x0a, 0x09, 0x09, 0x01, 0x2a, 0x09, 0x29, 0x01,
    0x09, 0x01, 0x2a, 0x09, 0x09, 0x01, 0x29, 0x01, 0x2a, 0x09, 0x29, 0x01,
    0x2a, 0x09, 0x09, 0x01, 0x29, 0x01, 0x2a, 0x09, 0x09, 0x01, 0x29, 0x01,
    0x2a, 0x09, 0x29, 0x01, 0x29, 0x01, 0x2a, 0x09, 0x29, 0x01, 0x29, 0x01,
    0x2a, 0x09, 0x09, 0x01, 0x29, 0x01, 0x2a, 0x09, 0x29, 0x01, 0x29, 0x01,
    0x2a, 0x09, 0x29, 0x01, 0x29, 0x01, 0x2a, 0x09, 0x29, 0x01, 0x29, 0x01,
    0x09, 0x01, 0x29, 0x01, 0x0a, 0x09, 0x29, 0x01, 0x29, 0x01, 0x2a, 0x09,
    0x29, 0x01, 0x29, 0x01, 0x0a, 0x09, 0x29, 0x01, 0x09, 0x01, 0x0a, 0x09,
    0x29, 0x01, 0x29, 0x01, 0x0a, 0x09, 0x29, 0x01, 0x29, 0x01, 0x0a, 0x09,
    0x29, 0x01, 0x09, 0x01, 0x2a, 0x09, 0x0a, 0x09, 0x29, 0x01, 0x09, 0x01,
    0x2a, 0x09, 0x29, 0x01, 0x2a, 0x09, 0x29, 0x01, 0x2a, 0x09, 0x09, 0x01,
    0x2a, 0x09, 0x29, 0x01, 0x29, 0x01, 0x2a, 0x09, 0x29, 0x01, 0x0a, 0x09,
    0x29, 0x01, 0x29, 0x01, 0x2a, 0x09, 0x09, 0x01, 0x2a, 0x09, 0x29, 0x01,
    0x09, 0x01, 0x2a, 0x09, 0x29, 0x01, 0x29, 0x01, 0x2a, 0x09, 0x29, 0x01,
    0x2a, 0x09, 0x09, 0x01, 0x29, 0x01, 0x2a, 0x09, 0x09, 0x01, 0x29, 0x01,
    0x2a, 0x09, 0x0a, 0x09, 0x29, 0x01, 0x29, 0x01, 0x2a, 0x09, 0x29, 0x01,
    0x09, 0x01, 0x2a, 0x09, 0x29, 0x01, 0x29, 0x01, 0x2a, 0x09, 0x29, 0x01,
    0x09, 0x01, 0x2a, 0x09, 0x29, 0x01, 0x09, 0x01, 0x2a, 0x09, 0x29, 0x01,
    0x29, 0x01, 0x0a, 0x09, 0x29, 0x01, 0x29, 0x01, 0x2a, 0x09, 0x09, 0x01,
    0x29, 0x01, 0x0a, 0x09, 0x29, 0x01, 0x29, 0x01, 0x0a, 0x09, 0x29, 0x01,
    0x29, 0x01, 0x0a, 0x09, 0x29, 0x01, 0x29, 0x01, 0x2a, 0x09, 0x09, 0x01,
    0x2a, 0x09, 0x29, 0x01, 0x2a, 0x09, 0x09, 0x01, 0x29, 0x01, 0x2a, 0x09,
    0x09, 0x01, 0x29, 0x01, 0x2a, 0x09, 0x09, 0x01, 0x29, 0x01, 0x2a, 0x09,
    0x29, 0x01, 0x0a, 0x09, 0x29, 0x01, 0x2a, 0x09, 0x29, 0x01, 0x0a, 0x09,
    0x29, 0x01, 0x29, 0x01, 0x2a, 0x09, 0x2a, 0x09, 0x29, 0x01, 0x29, 0x01,
    0x0a, 0x09, 0x2a, 0x09, 0x29, 0x01, 0x09, 0x01, 0x29, 0x01, 0x2a, 0x09,
    0x29, 0x01, 0x29, 0x01, 0x0a, 0x09, 0x29, 0x01, 0x29, 0x01, 0x2a, 0x09,
    0x29, 0x01, 0x09, 0x01, 0x2a, 0x09, 0x09, 0x01, 0x29, 0x01, 0x0a, 0x09,
    0x29, 0x01, 0x0a, 0x09, 0x29, 0x01, 0x09, 0x01, 0x2a, 0x09, 0x0a, 0x09,
    0x29, 0x01, 0x29, 0x01, 0x2a, 0x09, 0x09, 0x01, 0x29, 0x01, 0x2a, 0x09,
    0x09, 0x01, 0x29, 0x01, 0x2a, 0x09, 0x09, 0x01, 0x29, 0x01, 0x2a, 0x09,
    0x09, 0x01, 0x29, 0x01, 0x2a, 0x09, 0x09, 0x01, 0x29, 0x01, 0x2a, 0x09,
    0x29, 0x01, 0x29, 0x01, 0x2a, 0x09, 0x29, 0x01, 0x29, 0x01, 0x0a, 0x09,
    0x29, 0x01, 0x2a, 0x09, 0x29, 0x01, 0x2a, 0x09, 0x09, 0x01, 0x29, 0x01,
    0x29, 0x01, 0x0a, 0x09, 0x29, 0x01, 0x09, 0x01, 0x2a, 0x09, 0x2a, 0x09,
    0x29, 0x01, 0x09, 0x01, 0x2a, 0x09, 0x29, 0x01, 0x0a, 0x09, 0x29, 0x01,
    0x29, 0x01, 0x0a, 0x09, 0x29, 0x01, 0x29, 0x01, 0x2a, 0x09, 0x09, 0x01,
    0x29, 0x01, 0x2a, 0x09, 0x29, 0x01, 0x29, 0x01, 0x2a, 0x09, 0x29, 0x01,
    0x09, 0x01, 0x2a, 0x09, 0x29, 0x01, 0x2a, 0x09, 0x09, 0x01, 0x29, 0x01,
    0x2a, 0x09, 0x09, 0x01, 0x29, 0x01, 0x2a, 0x09, 0x29, 0x01, 0x29, 0x01,
    0x2a, 0x09, 0x29, 0x01, 0x29, 0x01, 0x2a, 0x09, 0x29, 0x01, 0x0a, 0x09,
    0x29, 0x01, 0x29, 0x01, 0x0a, 0x09, 0x29, 0x01, 0x09, 0x01, 0x2a, 0x09,
    0x29, 0x01, 0x29, 0x01, 0x2a, 0x09, 0x29, 0x01, 0x2a, 0x09, 0x09, 0x01,
    0x2a, 0x09, 0x29, 0x01, 0x0a, 0x09, 0x29, 0x01, 0x0a, 0x09, 0x29, 0x01,
    0x2a, 0x09, 0x29, 0x01, 0x0a, 0x09, 0x29, 0x01, 0x09, 0x01, 0x2a, 0x09,
    0x09, 0x01, 0x29, 0x01, 0x0a, 0x09, 0x29, 0x01, 0x2a, 0x09, 0x2a, 0x09,
    0x29, 0x01, 0x29, 0x01, 0x2a, 0x09, 0x09, 0x01, 0x2a, 0x09, 0x29, 0x01,
    0x09, 0x01, 0x2a, 0x09, 0x29, 0x01, 0x2a, 0x09, 0x29, 0x01, 0x2a, 0x09,
    0x29, 0x01, 0x09, 0x01, 0x2a, 0x09, 0x29, 0x01, 0x29, 0x01, 0x2a, 0x09,
    0x29, 0x01, 0x29, 0x01, 0x2a, 0x09, 0x29, 0x01, 0x09, 0x01, 0x2a, 0x09,
    0x29, 0x01, 0x09, 0x01, 0x0a, 0x09, 0x29, 0x01, 0x29, 0x01, 0x2a, 0x09,
    0x09, 0x01, 0x2a, 0x09, 0x09, 0x01, 0x29, 0x01, 0x2a, 0x09, 0x29, 0x01,
    0x29, 0x01, 0x2a, 0x09, 0x09, 0x01, 0x29, 0x01, 0x2a, 0x09, 0x09, 0x01,
    0x29, 0x01, 0x2a, 0x09, 0x09, 0x01, 0x09, 0x01, 0x29, 0x01, 0x29, 0x01,
    0x0a, 0x09, 0x29, 0x01, 0x29, 0x01, 0x2a, 0x09, 0x29, 0x01, 0x29, 0x01,
    0x29, 0x01, 0x0a, 0x09, 0x29, 0x01, 0x29, 0x01, 0x0a, 0x09, 0x29, 0x01,
    0x2a, 0x09, 0x0a, 0x09, 0x29, 0x01, 0x09, 0x01, 0x2a, 0x09, 0x29, 0x01,
    0x2a, 0x09, 0x09, 0x01, 0x29, 0x01, 0x2a, 0x09, 0x09, 0x01, 0x29, 0x01,
    0x2a, 0x09, 0x29, 0x01, 0x09, 0x01, 0x2a, 0x09, 0x29, 0x01, 0x29, 0x01,
    0x2a, 0x09, 0x09, 0x01, 0x2a, 0x09, 0x29, 0x01, 0x29, 0x01, 0x2a, 0x09,
    0x29, 0x01, 0x2a, 0x09, 0x29, 0x01, 0x2a, 0x09, 0x29, 0x01, 0x09, 0x01,
    0x29, 0x01, 0x2a, 0x09, 0x09, 0x01, 0x2a, 0x09, 0x29, 0x01, 0x0a, 0x09,
    0x29, 0x01, 0x29, 0x01, 0x2a, 0x09, 0x09, 0x01, 0x29, 0x01, 0x2a, 0x09,
    0x09, 0x01, 0x29, 0x01, 0x2a, 0x09, 0x29, 0x01, 0x09, 0x01, 0x2a, 0x09,
    0x29, 0x01, 0x09, 0x01, 0x2a, 0x09, 0x09, 0x01, 0x29, 0x01, 0x2a, 0x09,
    0x29, 0x01, 0x09, 0x01, 0x2a, 0x09, 0x2a, 0x09, 0x09, 0x01, 0x29, 0x01,
    0x29, 0x01, 0x09, 0x01, 0x2a, 0x09, 0x29, 0x01, 0x29, 0x01, 0x2a, 0x09,
    0x29, 0x01, 0x2a, 0x09, 0x09, 0x01, 0x29, 0x01, 0x2a, 0x09, 0x29, 0x01,
    0x09, 0x01, 0x2a, 0x09, 0x29, 0x01, 0x29, 0x01, 0x0a, 0x09, 0x29, 0x01,
    0x29, 0x01, 0x0a, 0x09, 0x29, 0x01, 0x2a, 0x09, 0x29, 0x01, 0x2a, 0x09,
    0x29, 0x01, 0x2a, 0x09, 0x09, 0x01, 0x2a, 0x09, 0x29, 0x01, 0x29, 0x01,
    0x2a, 0x09, 0x29, 0x01, 0x29, 0x01, 0x0a, 0x09, 0x29, 0x01, 0x2a, 0x09,
    0x09, 0x01, 0x29, 0x01, 0x0a, 0x09, 0x29, 0x01, 0x29, 0x01, 0x0a, 0x09,
    0x29, 0x01, 0x29, 0x01, 0x0a, 0x09, 0x29, 0x01, 0x2a, 0x09, 0x29, 0x01,
    0x2a, 0x09, 0x29, 0x01, 0x29, 0x01, 0x0a, 0x09, 0x29, 0x01, 0x29, 0x01,
    0x0a, 0x09, 0x29, 0x01, 0x29, 0x01, 0x2a, 0x09, 0x29, 0x01, 0x29, 0x01,
    0x2a, 0x09, 0x09, 0x01, 0x2a, 0x09, 0x29, 0x01, 0x29, 0x01, 0x2a, 0x09,
    0x09, 0x01, 0x2a, 0x09, 0x29, 0x01, 0x09, 0x01, 0x2a, 0x09, 0x29, 0x01,
    0x29, 0x01, 0x29, 0x01, 0x0a, 0x09, 0x29, 0x01, 0x2a, 0x09, 0x29, 0x01,
    0x29, 0x01, 0x0a, 0x09, 0x29, 0x01, 0x09, 0x01, 0x2a, 0x09, 0x29, 0x01,
    0x0a, 0x09, 0x29, 0x01, 0x29, 0x01, 0x2a, 0x09, 0x09, 0x01, 0x29, 0x01,
    0x2a, 0x09, 0x29, 0x01, 0x2a, 0x09, 0x29, 0x01, 0x29, 0x01, 0x0a, 0x09,
    0x29, 0x01, 0x0a, 0x09, 0x29, 0x01, 0x29, 0x01, 0x09, 0x01, 0x2a, 0x09,
    0x29, 0x01, 0x09, 0x01, 0x2a, 0x09, 0x29, 0x01, 0x29, 0x01, 0x0a, 0x09,
    0x29, 0x01, 0x29, 0x01, 0x2a, 0x09, 0x29, 0x01, 0x29, 0x01, 0x0a, 0x09,
    0x29, 0x01, 0x29, 0x01, 0x2a, 0x09, 0x09, 0x01, 0x09, 0x01, 0x2a, 0x09,
    0x29, 0x01, 0x0a, 0x09, 0x29, 0x01, 0x29, 0x01, 0x0a, 0x09, 0x29, 0x01,
    0x2a, 0x09, 0x09, 0x01, 0x29, 0x01, 0x2a, 0x09, 0x29, 0x01, 0x29, 0x01,
    0x0a, 0x09, 0x29, 0x01, 0x2a, 0x09, 0x0a, 0x09, 0x29, 0x01, 0x2a, 0x09,
    0x09, 0x01, 0x29, 0x01, 0x2a, 0x09, 0x29, 0x01, 0x29, 0x01, 0x2a, 0x09,
    0x29, 0x01, 0x29, 0x01, 0x2a, 0x09, 0x09, 0x01, 0x29, 0x01, 0x2a, 0x09,
    0x29, 0x01, 0x29, 0x01, 0x2a, 0x09, 0x09, 0x01, 0x2a, 0x09, 0x09, 0x01,
    0x2a, 0x09, 0x29, 0x01, 0x09, 0x01, 0x2a, 0x09, 0x29, 0x01, 0x2a, 0x09,
    0x29, 0x01, 0x29, 0x01, 0x2a, 0x09, 0x2a, 0x09, 0x29, 0x01, 0x0a, 0x09,
    0x29, 0x01, 0x2a, 0x09, 0x09, 0x01, 0x29, 0x01, 0x2a, 0x09, 0x09, 0x01,
    0x29, 0x01, 0x2a, 0x09, 0x29, 0x01, 0x09, 0x01, 0x2a, 0x09, 0x29, 0x01,
    0x29, 0x01, 0x29, 0x01, 0x2a, 0x09, 0x09, 0x01, 0x29, 0x01, 0x2a, 0x09,
    0x09, 0x01, 0x29, 0x01, 0x2a, 0x09, 0x29, 0x01, 0x29, 0x01, 0x0a, 0x09,
    0x29, 0x01, 0x2a, 0x09, 0x29, 0x01, 0x0a, 0x09, 0x29, 0x01, 0x29, 0x01,
    0x2a, 0x09, 0x29, 0x01, 0x09, 0x01, 0x2a, 0x09, 0x29, 0x01, 0x09, 0x01,
    0x0a, 0x09, 0x29, 0x01, 0x09, 0x01, 0x2a, 0x09, 0x29, 0x01, 0x2a, 0x09,
    0x29, 0x01, 0x29, 0x01, 0x0a, 0x09, 0x29, 0x01, 0x29, 0x01, 0x2a, 0x09,
    0x29, 0x01, 0x29, 0x01, 0x0a, 0x09, 0x29, 0x01, 0x2a, 0x09, 0x29, 0x01,
    0x29, 0x01, 0x2a, 0x09, 0x29, 0x01, 0x09, 0x01, 0x2a, 0x09, 0x29, 0x01,
    0x2a, 0x09, 0x29, 0x01, 0x09, 0x01, 0x2a, 0x09, 0x29, 0x01, 0x09, 0x01,
    0x2a, 0x09, 0x29, 0x01, 0x29, 0x01, 0x2a, 0x09, 0x09, 0x01, 0x29, 0x01,
    0x29, 0x01, 0x2a, 0x09, 0x29, 0x01, 0x09, 0x01, 0x0a, 0x09, 0x29, 0x01,
    0x29, 0x01, 0x2a, 0x09, 0x29, 0x01, 0x2a, 0x09, 0x29, 0x01, 0x29, 0x01,
    0x2a, 0x09, 0x29, 0x01, 0x2a, 0x09, 0x29, 0x01, 0x29, 0x01, 0x2a, 0x09,
    0x29, 0x01, 0x29, 0x01, 0x0a, 0x09, 0x29, 0x01, 0x29, 0x01, 0x09, 0x01,
    0x2a, 0x09, 0x29, 0x01, 0x29, 0x01, 0x0a, 0x09, 0x29, 0x01, 0x09, 0x01,
    0x2a, 0x09, 0x29, 0x01, 0x09, 0x01, 0x2a, 0x09, 0x29, 0x01, 0x29, 0x01,
    0x0a, 0x09, 0x29, 0x01, 0x2a, 0x09, 0x09, 0x01, 0x29, 0x01, 0x2a, 0x09,
    0x29, 0x01, 0x09, 0x01, 0x2a, 0x09, 0x29, 0x01, 0x09, 0x01, 0x2a, 0x09,
    0x09, 0x01, 0x29, 0x01, 0x2a, 0x09, 0x29, 0x01, 0x29, 0x01, 0x2a, 0x09,
    0x29, 0x01, 0x2a, 0x09, 0x09, 0x01, 0x29, 0x01, 0x0a, 0x09, 0x29, 0x01,
    0x29, 0x01, 0x2a, 0x09, 0x09, 0x01, 0x2a, 0x09, 0x29, 0x01, 0x09, 0x01,
    0x2a, 0x09, 0x29, 0x01, 0x09, 0x01, 0x2a, 0x09, 0x09, 0x01, 0x2a, 0x09,
    0x29, 0x01, 0x0a, 0x09, 0x29, 0x01, 0x29, 0x01, 0x0a, 0x09, 0x29, 0x01,
    0x29, 0x01, 0x2a, 0x09, 0x29, 0x01, 0x0a, 0x09, 0x29, 0x01, 0x29, 0x01,
    0x0a, 0x09, 0x29, 0x01, 0x2a, 0x09, 0x09, 0x01, 0x29, 0x01, 0x2a, 0x09,
    0x29, 0x01, 0x09, 0x01, 0x2a, 0x09, 0x29, 0x01, 0x2a, 0x09, 0x29, 0x01,
    0x09, 0x01, 0x2a, 0x09, 0x29, 0x01, 0x0a, 0x09, 0x29, 0x01, 0x29, 0x01,
    0x2a, 0x09, 0x29, 0x01, 0x29, 0x01, 0x2a, 0x09, 0x29, 0x01, 0x09, 0x01,
    0x2a, 0x09, 0x29, 0x01, 0x09, 0x01, 0x2a, 0x09, 0x29, 0x01, 0x2a, 0x09,
    0x29, 0x01, 0x29, 0x01, 0x2a, 0x09, 0x29, 0x01, 0x29, 0x01, 0x09, 0x01,
    0x2a, 0x09, 0x29, 0x01, 0x29, 0x01, 0x2a, 0x09, 0x29, 0x01, 0x29, 0x01,
    0x2a, 0x09, 0x29, 0x01, 0x09, 0x01, 0x2a, 0x09, 0x09, 0x01, 0x29, 0x01,
    0x2a, 0x09, 0x29, 0x01, 0x29, 0x01, 0x09, 0x01, 0x29, 0x01, 0x2a, 0x09,
    0x09, 0x01, 0x2a, 0x09, 0x09, 0x01, 0x09, 0x01, 0x2a, 0x09, 0x09, 0x01,
    0x2a, 0x09, 0x29, 0x01, 0x2a, 0x09, 0x29, 0x01, 0x09, 0x01, 0x2a, 0x09,
    0x29, 0x01, 0x09, 0x01, 0x2a, 0x09, 0x29, 0x01, 0x29, 0x01, 0x2a, 0x09,
    0x09, 0x01, 0x29, 0x01, 0x2a, 0x09, 0x29, 0x01, 0x09, 0x01, 0x2a, 0x09,
    0x09, 0x01, 0x29, 0x01, 0x2a, 0x09, 0x29, 0x01, 0x09, 0x01, 0x2a, 0x09,
    0x29, 0x01, 0x29, 0x01, 0x2a, 0x09, 0x09, 0x01, 0x2a, 0x09, 0x29, 0x01,
    0x0a, 0x09, 0x29, 0x01, 0x2a, 0x09, 0x29, 0x01, 0x09, 0x01, 0x2a, 0x09,
    0x09, 0x01, 0x29, 0x01, 0x2a, 0x09, 0x29, 0x01, 0x29, 0x01, 0x0a, 0x09,
    0x29, 0x01, 0x2a, 0x09, 0x09, 0x01, 0x2a, 0x09, 0x29, 0x01, 0x29, 0x01,
    0x0a, 0x09, 0x29, 0x01, 0x29, 0x01, 0x2a, 0x09, 0x09, 0x01, 0x2a, 0x09,
    0x29, 0x01, 0x09, 0x01, 0x2a, 0x09, 0x2a, 0x09, 0x29, 0x01, 0x29, 0x01,
    0x2a, 0x09, 0x29, 0x01, 0x09, 0x01, 0x2a, 0x09, 0x29, 0x01, 0x0a, 0x09,
    0x29, 0x01, 0x29, 0x01, 0x2a, 0x09, 0x29, 0x01, 0x09, 0x01, 0x2a, 0x09,
    0x29, 0x01, 0x0a, 0x09, 0x29, 0x01, 0x29, 0x01, 0x0a, 0x09, 0x29, 0x01,
    0x0a, 0x09, 0x29, 0x01, 0x29, 0x01, 0x2a, 0x09, 0x29, 0x01, 0x09, 0x01,
    0x2a, 0x09, 0x29, 0x01, 0x29, 0x01, 0x2a, 0x09, 0x29, 0x01, 0x09, 0x01,
    0x2a, 0x09, 0x29, 0x01, 0x09, 0x01, 0x2a, 0x09, 0x29, 0x01, 0x2a, 0x09
};
