:020000040800F2
:1000000000000C2071A00008213E0008233E0008DB
:10001000253E0008273E0008293E0008C1A0000830
:10002000000000000000000000000000F180000857
:100030002B3E00080000000081800008739C00082F
:10004000C1A00008C1A00008C1A00008C1A000080C
:10005000C1A00008C1A00008C1A00008C1A00008FC
:10006000C1A00008C1A00008C1A00008C1A00008EC
:10007000C1A00008C1A00008C1A00008C1A00008DC
:100080002D3E0008C1A00008C1A00008C1A00008C2
:10009000C1A00008C1A00008C1A00008C1A00008BC
:1000A000333E0008C1A00008C1A00008C1A000089C
:1000B00000000000C1A00008C1A00008C1A0000805
:1000C000C1A00008C1A00008C1A00008C1A000088C
:1000D000C1A00008C1A00008C1A00008C1A000087C
:1000E000C1A00008C1A00008C1A00008C1A000086C
:1000F000C1A00008C1A00008C1A00008C1A000085C
:10010000C1A000083D3E0008C1A00008C1A0000831
:10011000C1A00008C1A00008C1A00008C1A000083B
:10012000C1A00008C1A00008C1A00008C1A000082B
:10013000C1A00008C1A00008C1A00008C1A000081B
:10014000C1A00008C1A00008C1A00008C1A000080B
:10015000C1A00008C1A00008C1A00008C1A00008FB
:10016000C1A00008C1A00008C1A00008C1A00008EB
:10017000C1A00008C1A00008C1A00008C1A00008DB
:10018000C1A00008C1A00008C1A00008C1A00008CB
:10019000C1A00008493E0008C1A00008C1A0000895
:1001A000C1A00008C1A00008C1A00008C1A00008AB
:1001B000C1A0000800000000C1A00008C1A0000804
:1001C000C1A0000800000000C1A00008C1A00008F4
:1001D000C1A00008C1A00008C1A00008C1A000087B
:1001E000C1A00008C1A00008C1A00008C1A000086B
:1001F0000000000000000000C1A00008C1A000082D
:10020000C1A00008C1A00008C1A00008C1A000084A
:10021000C1A00008C1A00008553E0008C1A0000808
:10022000C1A00008C1A00008C1A00008C1A000082A
:08023000C1A00008000000005D
:100240000348044B834202D0034B03B11847704765
:1002500000B1042000B1042000000000064B074953
:10026000C91A891048BF0131491003D0044B0BB1A2
:1002700001481847704700BF00B1042000B10420B6
:100280000000000010B5064C237843B9FFF7D8FFF3
:10029000044B13B10448AFF300800123237010BD59
:1002A00000B3042000000000DC57020808B5054B2D
:1002B0001BB105490548AFF30080BDE80840FFF7D2
:1002C000CDBF00BF0000000004B30420DC570208CB
:1002D000704770477047704710B50446024B036083
:1002E00000F05AF9204610BD4058020810B50446E7
:1002F000FFF7F2FF20464FF43B7123F030FA20461F
:1003000010BD000010B5044600F090FA014B2046E5
:10031000236010BD4058020800F03FB97047043810
:100320007047704710B50446102123F018FA204694
:1003300010BDA0F10400F5E700228260024AC1600E
:10034000026018324260704774580208818070471A
:10035000C180704701817047418170477047704785
:1003600070477047704710B4C4880368121B8488B4
:100370005B6D091B12B25DF8044B09B21847806A25
:10038000704790F8252012B103685B6918477047E1
:100390007047000010B50446024B036000F0DDFB1F
:1003A000204610BD9C58020810B50446FFF7F2FF26
:1003B00020464FF4C36123F0D2F9204610BD00005F
:1003C00010B5044600F05AFC014B2046236010BDD6
:1003D0009C58020800F0C2BB704704387047704751
:1003E00010B50446102123F0BAF9204610BDA0F143
:1003F0000400F5E700228260024AC1600260183200
:1004000042607047D05802087047000010B504469B
:10041000024B036000F053FF204610BDF85802085D
:1004200010B50446FFF7F2FF20464FF43B7123F06E
:1004300096F9204610BD000010B5044600F076FF86
:10044000014B2046236010BDF858020800F038BF69
:10045000704704387047704710B50446102123F0E8
:100460007EF9204610BDA0F10400F5E7002282606D
:10047000024AC16002601832426070472C5902087B
:1004800000220260704770477047000010B50446B4
:10049000024B036001F0DFF8204610BD54590208FA
:1004A00010B50446FFF7F2FF20464FF43B7123F0EE
:1004B00056F9204610BD000010B5044601F002F9BF
:1004C000014B2046236010BD5459020801F0C4B806
:1004D000704704387047704710B50446102123F068
:1004E0003EF9204610BDA0F10400F5E7002282602D
:1004F000024AC1600260183242607047885902089F
:10050000704700F598730868496803C370477047DF
:1005100001F0EEBA10B504464FF4AE7123F01FF9A6
:10052000204610BD10B50446D0F85801FFF7ABFFC8
:100530002046BDE8104010F03FBE10B50446D0F88C
:10054000400158B10368DB68984738B1D4F84001DE
:1005500003689B6898470023C4F8403110BD000031
:1005600010B5044601F090FA014B2046236010BDFF
:10057000B0590208002070474FF6FF7383814FF097
:10058000FF3303621368C3611060704770477047A0
:10059000704770477047704770477047034630B4E4
:1005A000C2684468551004EB6200D20748BF625924
:1005B0009B6830BC48BFD35818470346406830B1E9
:1005C0009A681AB9D86800F0010070470120704796
:1005D00090F82D3080F85C307047014691F82C304F
:1005E000343013B162310EF036B86031FBE710B52C
:1005F0000446082123F0B3F8204610BD10B5044688
:10060000642123F0ACF8204610BD10B504462C211F
:1006100023F0A5F8204610BD10B50446102123F0A4
:100620009EF8204610BD10B504464FF43B7123F0F0
:1006300096F8204610BD0B898A89D21A4B89C98841
:1006400012B2591A09B211F049BF08B590F8283012
:100650000BB1FFF796FE08BD10B50446006B50B114
:100660000368DB68984730B1206B2146BDE8104035
:1006700003689B68184710BD90F825201AB190F8C0
:10068000242002B11860704770B50B7904460D46FE
:1006900090F82C600BB916B170BD002EFCD0B3FAE7
:1006A00083F35B0984F82C3023682046D3F88C3020
:1006B0009847236820465B699847002EECD02B7939
:1006C000012BE9D123682046BDE87040D3F888307B
:1006D000184700F51E70884208B505D110F0CAFC15
:1006E000BDE8084001F004BA08BD70B504461546DF
:1006F00003681B6B9847236829462046BDE8704075
:100700005B6B184770B50446154603689B6B9847AA
:10071000236829462046BDE87040DB6B184738B592
:1007200004461D46FFF7E1FF29462046BDF910208B
:10073000FFF7E8FF38BD70B505460B880446A0F802
:100740006030138825F8623F284613F00DFE0646F8
:10075000284613F03DFE314602462046FFF7D2FF01
:1007600023682046BDE87040D3F88C30184700005D
:100770000022C0E90122C0E90322C0E90522C0E944
:1007800007224FF480728284014A0260704700BFE2
:10079000045A020838B504460D462622002124F0EA
:1007A000ECF92046FFF7E4FF064B204623602B8838
:1007B0002946E384FF2384F828300DF04CFF2046BF
:1007C00038BD00BF007402084FF47F43F7B583853E
:1007D00040F201130025064604464FF6FF77838456
:1007E000114BC0E90155C0E90355C0E90555C0E901
:1007F00007558562056346F8343B01A93046ADF8DC
:100800000470FFF7C7FF2A4629463046A4F86070F7
:10081000A4F86270FFF769FF2046314609F089FCB1
:10082000204603B0F0BD00BFF05A02082DE9F04F9A
:1008300004460025A146262791B012F039FCBF4B93
:10084000E56349F8403B3A462946484624F095F985
:100850004846FFF78DFFBA4B4FF6FF7623644FF003
:10086000FF3384F8663004F16C0304F1980A1846EB
:100870000EA9A56604F1C4080693ADF83860FFF729
:1008800089FF0EA95046ADF838600DF035FA2946BB
:100890003A46404624F071F94046FFF769FFA94BFC
:1008A0004FF0FF32C4F8C430A74B04F5867BC4F880
:1008B000EC304FF47F03C4E94125C4F8F830A4F8C4
:1008C000F0605846C4F8F450A4F8FC50C4F8005145
:1008D0000AF0DAF904F5E47202924FF0FF320127D0
:1008E0000EA90298ADF838200DF006FA04F5FA7258
:1008F0000EA910460392ADF838600DF0FDF904F52D
:1009000008720EA910460592ADF838600DF0F4F9A2
:100910008E4B04F513720EA9C4F82032104684F8E9
:1009200044720492ADF838600DF0E6F9874B04F597
:100930001E72C4F84C32104684F870720792FFF7AA
:1009400043FF834B2A46C4E9B734824B2946C4E9A6
:10095000B9354FF4F073484600934FF4A073FFF796
:10096000DEFE4FF07F42261D49463046A26609F062
:10097000E0FB2A4629460698FFF7B7FE06980EA91F
:10098000ADF838500DF067FE3046069909F0D1FBFE
:100990004FF03209062350460EA9ADF838300DF05D
:1009A0005AFE4FF4A3732A4650466FF00501CDF866
:1009B0000090FFF7B4FE294650460DF039F9514634
:1009C000304609F0B6FB40460B227F21FFF78DFE33
:1009D0004FF0FF320DF1200A41465046C4F8F42092
:1009E000A4F8F8500DF016FB9AE8070004F58073A0
:1009F00083E80700544B40460EA90E93ADF83C70B7
:100A00000DF0CEFD4146304609F093FB2F234FF009
:100A1000020A4FF028080093032258464FF48771CA
:100A2000FFF77DFE58464FF07F410AF069FC5846BB
:100A3000FF210AF06AFC02980EA9ADF838A00DF06B
:100A40000AFE4346032202980421CDF80080FFF7F6
:100A500066FE394602980DF0EBF8584602990AF006
:100A60002AFC082303980EA9ADF838300DF0F3FDE9
:100A7000292303225146039800932E23FFF74FFEAC
:100A8000294603980DF0D4F8584603990AF013FC50
:100A90005946304609F04DFB05980EA9ADF838705F
:100AA0000DF0D9FD2E235246009305980B21FFF738
:100AB00036FE294605980DF0BBF83046059909F039
:100AC00038FB092304980EA9ADF838300DF0C3FDAA
:100AD00025230722049800930C214346FFF71FFEAD
:100AE000294604980DF0A4F83046049909F021FB3A
:100AF0000423ADF834300D2307980EAA0DA9ADF8E4
:100B00003830FFF718FE2A46294604F52B70FFF708
:100B1000ECFD04F53773C4F8A83233233A4607983E
:100B200000934FF487714B46FFF7F9FD3046079964
:100B300009F0FFFA204611B0BDE8F08FA85B02086B
:100B400098730208087302086C5A02087C5A02085B
:100B5000905B0208D3060008704770477047034651
:100B600030B4C2684468551004EB6200D20748BF35
:100B700062599B6830BC48BFD35818470346406849
:100B800030B19A681AB9D86800F0010070470120A6
:100B9000704710B50446102122F0E1FD204610BD3B
:100BA00010B504464FF4C36122F0D9FD204610BDB4
:100BB00038B500F53B73994204460D4603D110F059
:100BC00059FA00F0C5FF04F58E739D4203D110F071
:100BD00051FA00F0ADFF04F50174A54205D110F003
:100BE00049FABDE8384000F093BF38BD4FF480713A
:100BF000002281840549C0E90122C0E90322C0E93D
:100C00000522C0E90722016082627047E06F020896
:100C100010B504462622002123F0AFFF2046FFF73F
:100C2000A7FD0A4B4FF47F022360094B2046A362C5
:100C30004FF6FF73A3850023C4E90C324FF0FF3257
:100C4000C4E910232387E36310BD00BF08730208C3
:100C50006C5A02084FF6FF7313B5044601A9ADF8AC
:100C600004300DF049F8044B20462360012384F83A
:100C7000243002B010BD00BF7C5A02082DE9F04FAD
:100C80000446002527469FB012F012FAD84BE563C0
:100C900047F8403B26222946384623F06EFF384667
:100CA000FFF766FDD34B4FF6FF7623644FF0FF331B
:100CB00004F16C081CA904F1980984F866304046D8
:100CC000A56604F1C40BADF87060FFF763FD4846FC
:100CD000FFF78CFF04F1F00A5846FFF7BBFF5046C0
:100CE000FFF7B8FF04F58E7318461293FFF76CFDFB
:100CF00004F5C07318460393FFF778FF04F5D67325
:100D000018460593FFF7A6FF04F5EC731846069303
:100D1000FFF7A0FF04F5017318461393FFF754FD86
:100D200004F51A7318460493FFF760FF04F5257362
:100D300018460793FFF78EFF04F5307318460893A3
:100D4000FFF788FF04F53B7318461493FFF73CFD4B
:100D500004F554731CA918460993ADF870600CF0A3
:100D6000CBFF04F55F731CA918460A93ADF87060B9
:100D70000CF0C2FF04F56A731CA918460B93ADF87A
:100D800070600CF0B9FF04F5757318460C93FFF70B
:100D90003FFF04F21C431846029309F075FF04F567
:100DA0009B631CA918460D93ADF870600CF0A4FF6E
:100DB00004F204531CA918460E93ADF870600CF0B1
:100DC0009BFF04F5A66318460F93FFF721FF04F578
:100DD000AF6318461093FFF71BFF04F5B86318467E
:100DE0001193FFF715FF844B2A46C4F80836834B4E
:100DF0002946C4F810364FF4F0733846C4F80C4650
:100E0000C4F8145600934FF4A073FFF788FC4FF01A
:100E10007F43261DA3663946304609F08AF92A46E3
:100E200029464046FFF761FC40461CA9ADF87050CA
:100E30000DF011FC41464FF03308304609F079F9C6
:100E400068224846CDF8008032233B213227FFF745
:100E500066FC4FF0010358461CA9ADF870300DF048
:100E6000FAFB3B460122294658460097FFF757FCFC
:100E7000294658460CF0DCFE5946484609F059F917
:100E8000092350461CA9ADF870300DF0E4FB252372
:100E900008225046009303212823FFF740FC2946EF
:100EA00050460CF0C5FE4FF00D0B51464FF0040AB2
:100EB000484609F03EF912981CAA1BA9ADF86CA08F
:100EC000ADF870B0FFF737FC2A46294604F5A87044
:100ED000FFF70BFC04F5C1632A46C4F84C312946E0
:100EE00012981593CDF800803B46FFF718FC484652
:100EF000129909F01EF949464FF00109304609F0F0
:100F000018F93B46C9220398CDF800803B21FFF732
:100F100006FC05981CA9ADF870900DF09CFB3B46B3
:100F20000122294605980097FFF7F9FB2946059805
:100F30000CF07EFE0599039809F0FBF806981CA9B1
:100F4000ADF870A00DF087FB2623072206980093CA
:100F500005212823FFF7E3FB294606980CF068FEDD
:100F60000699039809F0E5F813981CAA1BA9ADF897
:100F70006CA0ADF870B0FFF7DEFB2A46294604F5F9
:100F80000E70FFF7B2FB159B2A46C4F83432139853
:100F90003B46CDF800806FF00101FFF7C0FB1399CD
:100FA000039809F0C6F83046039909F0C2F83B46A9
:100FB00040F22D120498CDF800803B21FFF7AFFBE3
:100FC00007981CA9ADF870900DF045FB3B46012237
:100FD000294607980097FFF7A2FB294607980CF0CF
:100FE00027FE0799049809F0A4F8072308E000BF3A
:100FF000F45B020898730208DC5B0208B10B00087E
:1010000008981CA9ADF870300DF025FB27230622A7
:101010005146089800932823FFF781FB294608983A
:101020000CF006FE0899049809F083F814981CAA9D
:101030001BA9ADF86CA0ADF870B0FFF77CFB2A4699
:10104000294604F54870FFF750FB159B2A46C4F863
:101050001C3329463B461498CDF80080FFF75FFB10
:101060001499049809F065F83046049909F061F87C
:101070000B2309981CA9ADF870300DF0ECFA2A4644
:101080004FF4A07329460998CDF80080FFF747FB7D
:10109000294609980CF0CCFD3046099909F049F829
:1010A0000A230A981CA9ADF870300DF0D4FA4FF459
:1010B000CB729C230A98CDF800805421FFF72FFBB8
:1010C00029460A980CF0B4FD30460A9909F031F827
:1010D0000C230B981CA9ADF870300DF0BCFA3D2321
:1010E0002A4629460B98CDF80080FFF718FB2946C1
:1010F0000B980CF09DFD30460B9909F01AF80E2262
:101100000C984C21FFF7F1FA4FF0FF3316AF384639
:101110000C99C4F80434A4F808540CF07BFF97E849
:10112000070004F5826383E807000623DFF888815F
:101130000C981CA9ADF87430CDF870800DF030FA21
:1011400030460C9908F0F5FF2F234FF00209009369
:10115000032202984FF48771FFF7E1FA02984FF0EB
:101160007F410AF0CDF80298FF210AF0CEF80D98E1
:101170001CA9ADF870900DF06EFA2823032200939D
:1011800051460D98FFF7CBFA0D9801210CF050FD58
:101190000D9902980AF08FF808230E981CA9ADF853
:1011A00070300DF058FA292349464FF022090322E6
:1011B0000E9800932E23FFF7B2FA29460E980CF0F2
:1011C00037FD0E9902980AF076F83046029908F039
:1011D000B0FF71220F9899238121CDF80090FFF77D
:1011E0009EFA4FF07F4338460F99C4F86035A4F853
:1011F00064550CF00FFF97E8070004F26C5383E886
:10120000070005230F981CA9ADF87430CDF8708045
:101210000DF0C6F930460F9908F08BFF4FF49B7222
:101220001098AE238121CDF80090FFF778FA4FF0A7
:101230007F4338461099C4F8A835A4F8AC550CF093
:10124000E9FE97E8070004F2B45383E8070003239C
:1012500010981CA9ADF87430CDF870800DF0A0F98D
:101260003046109908F065FF1E23D4221198009390
:101270008121A323FFF753FA4FF07F43384611999A
:10128000C4F8F035A4F8F4550CF0C4FE97E8070054
:1012900004F2FC5383E8070011981CA9CDF8708074
:1012A000ADF874A00DF07CF93046119908F041FFBB
:1012B00020461FB0BDE8F08F6C5A02087047704797
:1012C0007047034630B4C2684468551004EB6200AE
:1012D000D20748BF62599B6830BC48BFD3581847F3
:1012E0000346406830B19A681AB9D86800F0010026
:1012F00070470120704710B50446102122F02FFAE4
:10130000204610BD10B504464FF43B7122F027FA79
:10131000204610BD00F51E70884208B505D10FF0BB
:10132000A9FEBDE8084000F0E3BB08BD2DE9F04F81
:1013300004460025A14691B011F0BAFEBE4BE5630C
:1013400049F8403B26222946484623F016FC4846E9
:10135000FFF70EFAB94B4FF6FF7623644FF0FF33D9
:1013600004F16C0B84F866300EA95846A566ADF8FA
:101370003860FFF70FFA04F1980304F1C408184627
:101380000EA90293ADF838600CF0B6FC294626226F
:10139000404623F0F2FB4046FFF7EAF9A84B4FF036
:1013A000FF32C4F8C430A74B04F58677C4F8EC309C
:1013B0004FF47F03C4E94125C4F8F830A4F8F06085
:1013C0003846C4F8F450A4F8FC50C4F8005109F0B1
:1013D0005BFC04F5E47203924FF0FF324FF0010A18
:1013E0000EA90398ADF838200CF086FC04F5FA72CB
:1013F0000EA910460492ADF838600CF07DFC04F59F
:1014000008720EA910460692ADF838600CF074FC14
:101410008D4B04F513720EA9C4F82032104684F8DF
:1014200044A20592ADF838600CF066FC864B04F5DA
:101430001E72C4F84C32104684F870A20792FFF76F
:10144000C3F9824B2A46C4E9B734814B2946C4E923
:10145000B9354FF4F073484600934FF4A073FFF78B
:101460005EF94FF07F42261D49463046A26608F0DD
:1014700060FE2A4629465846FFF737F958460EA916
:10148000ADF838500DF0E7F859464FF0060B3046EE
:1014900008F04FFE02980EA9ADF838B00DF0DBF859
:1014A00032224FF4A373029800926FF005012A468E
:1014B000FFF735F9294602980CF0BAFB304602993D
:1014C00008F037FE40460B226C21FFF70EF94FF073
:1014D000FF320DF1200941464846C4F8F420A4F833
:1014E000F8500CF097FD99E8070004F5807383E845
:1014F0000700544B40460EA90E93ADF83C500DF03A
:101500004FF84146304608F014FE2F234FF00209F1
:101510004FF028080093032238464FF48771FFF7F5
:10152000FEF838464FF07F4109F0EAFE3846FF21C9
:1015300009F0EBFE03980EA9ADF838900DF08BF88A
:101540004346032203980421CDF80080FFF7E7F813
:10155000514603980CF06CFB3846039909F0ABFE3A
:10156000082304980EA9ADF838300DF074F829233B
:1015700003224946049800932E23FFF7D0F829460A
:1015800004980CF055FB3846049909F094FE39464E
:10159000304608F0CEFD06980EA9ADF838A00DF043
:1015A0005AF82E2304274A46009306980B21FFF78A
:1015B000B6F8294606980CF03BFB3046069908F031
:1015C000B8FD05980EA9ADF838700DF044F8262343
:1015D0005A46059800930E214346FFF7A0F8294686
:1015E00005980CF025FB3046059908F0A2FD0D2367
:1015F00007980EAA0DA9ADF83830ADF83470FFF792
:101600009AF82A46294604F52B70FFF76EF804F580
:101610003773C4F8A83233235246079800934FF427
:1016200087713223FFF77BF83046079908F081FD78
:10163000204611B0BDE8F08F405C020898730208A4
:10164000087302086C5A02087C5A0208285C0208D7
:1016500015130008704770477047034630B4C268DE
:101660004468551004EB6200D20748BF62599B687A
:1016700030BC48BFD35818470346406830B19A6819
:101680001AB9D86800F0010070470120704710B502
:101690000446102122F063F8204610BD10B5044620
:1016A0004FF43B7122F05BF8204610BD00F51E7030
:1016B000884208B505D10FF0DDFCBDE8084000F018
:1016C00017BA08BD2DE9F04F04460025A14691B098
:1016D00011F0EEFCBD4BE56349F8403B262229465C
:1016E000484623F04AFA4846FFF742F8B84B4FF60F
:1016F000FF7623644FF0FF3304F16C0B84F86630FF
:101700000EA95846A566ADF83860FFF743F804F116
:10171000980304F1C40818460EA90293ADF8386086
:101720000CF0EAFA29462622404623F026FA4046E3
:10173000FFF71EF8A74B4FF0FF32C4F8C430A64B9A
:1017400004F58677C4F8EC304FF47F03C4E94125F3
:10175000C4F8F830A4F8F0603846C4F8F450A4F89F
:10176000FC50C4F8005109F08FFA04F5E4720392BA
:101770004FF0FF324FF0010A0EA90398ADF8382060
:101780000CF0BAFA04F5FA720EA910460492ADF8FC
:1017900038600CF0B1FA04F508720EA910460692F2
:1017A000ADF838600CF0A8FA8C4B04F513720EA952
:1017B000C4F82032104684F844A20592ADF838608F
:1017C0000CF09AFA854B04F51E72C4F84C321046A0
:1017D00084F870A20792FEF7F7FF814B2A46C4E90E
:1017E000B734804B2946C4E9B9354FF4F073484605
:1017F00000934FF4A073FEF792FF4FF07F42261D37
:1018000049463046A26608F094FC2A4629465846C6
:10181000FEF76BFF58460EA9ADF838500CF01BFFD1
:1018200059464FF0060B304608F083FC02980EA98B
:10183000ADF838B00CF00FFF32224FF4A3730298CA
:1018400000926FF005012A46FEF769FF29460298CB
:101850000CF0EEF93046029908F06BFC40460B2282
:101860005921FEF742FF4FF0FF320DF120094146AA
:101870004846C4F8F420A4F8F8500CF0CBFB99E8E3
:1018800007004FF0020904F5807383E80700524B0C
:1018900040460EA90E93ADF83C900CF081FE4146F7
:1018A000304608F046FC2F230322009338464FF4BD
:1018B0008771FEF734FF38464FF07F4109F020FD75
:1018C0003846FF2109F021FD03980EA9ADF83890A4
:1018D0000CF0C1FE28230322009303980421FEF795
:1018E0001EFF514603980CF0A3F93846039909F0FE
:1018F000E2FC082304980EA9ADF838300CF0ABFEDA
:10190000292303224946049800932E23FEF707FF5C
:10191000294604980CF08CF93846049909F0CBFC60
:101920003946304608F005FC06980EA9ADF838A0F7
:101930000CF091FE2E234A46009306980B21FEF7E9
:10194000EEFE294606980CF073F93046069908F029
:10195000F0FB072305980EA9ADF838300CF07BFE9C
:1019600025235A46059800930E212623FEF7D7FE1D
:10197000294605980CF05CF93046059908F0D9FB2A
:101980000423ADF834300D2307980EAA0DA9ADF845
:101990003830FEF7D0FE2A46294604F52B70FEF7B4
:1019A000A4FE04F53773C4F8A832332352460798CF
:1019B00000934FF487713223FEF7B1FE304607994A
:1019C00008F0B7FB204611B0BDE8F08F8C5C020830
:1019D00098730208087302086C5A02087C5A0208BD
:1019E000745C0208AD16000870477047704741608C
:1019F0007047704770470123037270477047034672
:101A000010B4C2684168541001EB6200D20748BFAD
:101A10000A599B685DF8044B48BFD35818470346E2
:101A2000406830B19A681AB9D86800F00100704770
:101A30000120704710B504460C2121F090FE20468D
:101A400010BD10B50446102121F089FE204610BDBE
:101A500010B504464FF4AE7121F081FE204610BD52
:101A600010B50FF007FBBDE810400368DB6B1847AB
:101A7000044B1B6893F85C200AB1186D00B9986894
:101A8000704700BFD09E0520F8B5044600251746D4
:101A90000E460FF001FC124BC4E94F551C60114B70
:101AA000C4E953552360104BC4E95576C4E9513558
:101AB0000E4B0121186803689B689847284600F080
:101AC00001FDFFF7D5FF19F030FEFFF7D1FF19F048
:101AD000A3FEFFF7CDFF19F0ABFE2046F8BD00BF17
:101AE000209F05204C69020834690208D09E052019
:101AF000064BC0F84801C0F84C310023C0F8503103
:101B000000F5A273C0F84031704700BF511F0008B4
:101B1000064BC0F84801C0F84C310023C0F85031E2
:101B200000F5A273C0F84031704700BF091E0008DD
:101B3000064BC0F84801C0F84C310023C0F85031C2
:101B400000F5A273C0F84031704700BFC11C000807
:101B5000064BC0F84801C0F84C310023C0F85031A2
:101B600000F5A273C0F84031704700BF791B000830
:101B700003685B6A184700002DE9F14F0746D0E97A
:101B8000556AB06803681B6A9847B0F53B7F05D279
:101B9000A321434B434A444822F0E8FD70680368A0
:101BA0001B6A98470F2803D8A421404B3D4AF2E70F
:101BB000F06803681B6A98470B2803D8A5213C4BA3
:101BC000384AE8E70FF056FADFF8EC9004300FF0EF
:101BD00091FAD9F8000010B10368DB689847D9F88A
:101BE000000010B103681B689847DFF8D080D8F870
:101BF000000010B103685B699847D7F83C0110B149
:101C000003685B689847D8F8000010B103681B6848
:101C10009847D7F83C0110B103689B6898470021AA
:101C2000F068FFF7A5FF4FF0000B224BC0F804B09F
:101C300080F808B003600446B068594603685B6AE0
:101C400098470546FEF738FC7068594603685B6A9A
:101C5000984706462946FEF749FC331DC7F83C6104
:101C6000C9F80040C8F80050CAF80030C6F808A00B
:101C70002B68EE632846DB689847336830461B685C
:101C800098472146284611F0AEFB236820461B6981
:101C90009847204623685B6901B0BDE8F04F1847BC
:101CA000B85C0208465D0208245E0208655E020810
:101CB000085F0208A0690208189F05201C9F0520E4
:101CC0002DE9F14F0746D0E9556AB06803681B6AF1
:101CD0009847B0F53B7F05D2A321434B434A444884
:101CE00022F044FD706803681B6A98470F2803D8E8
:101CF000A421404B3D4AF2E7F06803681B6A98470D
:101D00000B2803D8A5213C4B384AE8E70FF0B2F97D
:101D1000DFF8EC9004300FF0EDF9D9F8000010B1C5
:101D20000368DB689847D9F8000010B103681B68A6
:101D30009847DFF8D080D8F8000010B103685B69DD
:101D40009847D7F83C0110B103685B689847D8F80A
:101D5000000010B103681B689847D7F83C0110B128
:101D600003689B6898470021F068FFF701FF4FF078
:101D7000000B224BC0F804B080F808B003600446A2
:101D8000B068594603685B6A98470546FEF7BAFA99
:101D90007068594603685B6A984706462946FEF70D
:101DA000CBFA331DC7F83C61C9F80040C8F80050B1
:101DB000CAF80030C6F808A02B68EE632846DB6836
:101DC0009847336830461B6898472146284611F0EB
:101DD0000AFB236820461B699847204623685B69F5
:101DE00001B0BDE8F04F1847B85C0208AB5F0208CD
:101DF000245E0208655E0208085F0208A069020806
:101E0000189F05201C9F05202DE9F14F0746D0E9BA
:101E1000556AB06803681B6A9847B0F53B7F05D2E6
:101E2000A321434B434A444822F0A0FC7068036856
:101E30001B6A98470F2803D8A421404B3D4AF2E77C
:101E4000F06803681B6A98470B2803D8A5213C4B10
:101E5000384AE8E70FF00EF9DFF8EC9004300FF0A5
:101E600049F9D9F8000010B10368DB689847D9F840
:101E7000000010B103681B689847DFF8D080D8F8DD
:101E8000000010B103685B699847D7F83C0110B1B6
:101E900003685B689847D8F8000010B103681B68B6
:101EA0009847D7F83C0110B103689B689847002118
:101EB000F068FFF75DFE4FF0000B224BC0F804B056
:101EC00080F808B003600446B068594603685B6A4E
:101ED00098470546FEF7B0FA7068594603685B6A92
:101EE000984706462946FEF7C1FA331DC7F83C61FC
:101EF000C9F80040C8F80050CAF80030C6F808A079
:101F00002B68EE632846DB689847336830461B68C9
:101F100098472146284611F066FA236820461B6937
:101F20009847204623685B6901B0BDE8F04F184729
:101F3000B85C020887600208245E0208655E020839
:101F4000085F0208A0690208189F05201C9F052051
:101F50002DE9F14F0746D0E9556AB06803681B6A5E
:101F60009847B0F5C36F05D2A321434B434A444879
:101F700022F0FCFB706803681B6A98470F2803D89F
:101F8000A421404B3D4AF2E7F06803681B6A98477A
:101F90000B2803D8A5213C4B384AE8E70FF06AF834
:101FA000DFF8EC9004300FF0A5F8D9F8000010B17C
:101FB0000368DB689847D9F8000010B103681B6814
:101FC0009847DFF8D080D8F8000010B103685B694B
:101FD0009847D7F83C0110B103685B689847D8F878
:101FE000000010B103681B689847D7F83C0110B196
:101FF00003689B6898470021F068FFF7B9FD4FF030
:10200000000B224BC0F804B080F808B0036004460F
:10201000B068594603685B6A98470546FEF7D0F9F1
:102020007068594603685B6A984706462946FEF77A
:10203000E1F9331DC7F83C61C9F80040C8F8005009
:10204000CAF80030C6F808A02B68EE632846DB68A3
:102050009847336830461B6898472146284611F058
:10206000C2F9236820461B699847204623685B69AC
:1020700001B0BDE8F04F1847B85C0208696102087A
:10208000245E0208655E0208085F0208A069020873
:10209000189F05201C9F052013B5002451B103682B
:1020A00001948DF8034001AA9C680DF10303A04739
:1020B00002B010BD0846FBE7C0897047008A704730
:1020C000C088704780887047807A00F07F00704732
:1020D000807AC00970470020704700207047406A2E
:1020E0007047806A7047704710B58A880B884C88A3
:1020F000C169D20A51F822009BB243EA0443184452
:1021000010BD10B50446BAB1107B68B1537BD27ACA
:102110001B0203F4E0631A43236A03EB82031A8869
:102120008A4202D193F9020010BD05D8013880B26D
:1021300004330028F3D1F7E70020F5E710B5044693
:102140002C2121F00CFB204610BD000030B50446C8
:102150008BB0BDF860500895BDF85C5007959DF8B0
:10216000505006959DF84C5005959DF848500495A3
:102170009DF8445003959DF8405002959DF83C50C1
:102180000195BDF83850009510F098FD2046064B9B
:102190002360159BE361169B2362199B63621A9B64
:1021A000A3620BB030BD00BFC469020870470000D5
:1021B00030B5124C8FB0236813F001031BD13F22BE
:1021C00009920F4A012508920E4ACDE90B33CDE959
:1021D0000632CDE9013304220A9305931923CDE990
:1021E000032509490D2209480093FFF7AFFF08486E
:1021F000256022F0D9FA05480FB030BD1CB3042089
:10220000B87C0208B07C0208F404009020B30420DB
:10221000AD2100087047000030B5124D8FB02B681B
:1022200013F001031BD13F2209920F4A01240892A7
:102230000E4ACDE90B33CDE90632CDE90133042254
:102240000A9305930A23CDE9032409492246094844
:102250000093FFF77BFF08482C6022F0A5FA0548A1
:102260000FB030BD4CB30420A87C0208B47C020837
:10227000AC05009050B30420152200087047000000
:1022800030B5124C8FB0236813F001031BD13F22ED
:1022900009920F4A012508920E4ACDE90B33CDE988
:1022A0000632CDE9013304220A9305931723CDE9C1
:1022B00003250949112209480093FFF747FF084801
:1022C000256022F071FA05480FB030BD7CB30420C0
:1022D000AC7C0208BC7C0208BC05009080B30420E2
:1022E0007D22000810B5002404600C6014601C609E
:1022F00010BD704730B5124D8FB02B6813F001033D
:102300001BD13F2209920F4A012408920E4ACDE9BF
:102310000B33CDE90632CDE9013304220A9305934C
:102320001423CDE903240949224609480093FFF705
:102330000DFF08482C6022F037FA05480FB030BD79
:10234000ACB30420C07C0208C47C0208500C00908E
:10235000B0B30420F3220008704710B504460421EE
:1023600021F0FDF9204610BD08B5032913D8DFE898
:1023700001F002060A0E00F019F8006808BD00F02E
:1023800015F84068FAE700F011F88068F6E700F009
:102390000DF8C068F2E70020F0E700000048704741
:1023A000386A02080E2070470720704700487047BF
:1023B000DCB3042010B5FFF79DFF064C2060FFF74B
:1023C000F7FE6060FFF728FFA060FFF759FFE060AD
:1023D00010BD00BFDCB30420002070470020704710
:1023E0000EB403B503AB53F8042B002101930FF097
:1023F000CFFE02B05DF804EB03B070470CB407B534
:1024000004AB53F8042B01930FF0C2FE03B05DF848
:1024100004EB02B07047000010B5436C044673B380
:10242000038F2BB9C521184B184A194822F09EF981
:10243000C38E00EB43035B8C0BB311F018FD238FAD
:10244000012B03D8CB21134B134AEEE7E28E40F663
:102450003F10531C9BB21946092B88BFA3F10A01F8
:1024600004EB4101498C814209D10A2B28BF00238A
:1024700004EB4202508C04EB430358845184204601
:10248000BDE8104011F0F5BB4B620208546202082F
:10249000FF620208436302085163020811F0B1BBF6
:1024A00010B586B002AC84E806001A460AAB059364
:1024B0000193099B21460093089B0EF09BF906B0FF
:1024C00010BD000038B518BB124B13481C681349E7
:1024D000B4B1226822440260626822440A60A268A1
:1024E000144400220E4B1A80FFF760FF0546FFF7E9
:1024F0005BFF0C4B1C600C4B1D600C4B188007E005
:102500000B4B03600B4B0B600B4B1C68002CE8D192
:1025100038BD00BFF8B30420F0B30420ECB30420AE
:10252000F4B30420309F0520289F0520249F052018
:10253000F47C0208C87C0208506B0208044B1B683C
:1025400053F82100034B1B6803EB4000704700BFAA
:10255000ECB30420F0B30420012380F87C1080F851
:102560007D3070477047002070470000816400395B
:1025700018BF0121014B1970704700BFC39E052091
:10258000704700207047C36B0BB10846184770476F
:10259000406803689B6918477047704770477047E9
:1025A00000207047B1F904308380012070477047E4
:1025B00080F82610704790F826007047002210B56A
:1025C000B1F90840B1F90A10028042808480C180CC
:1025D00010BD0022028042808280C2807047017755
:1025E00070470162704780F82410704780F825100A
:1025F000704701207047983070478C3070478430A6
:1026000070477047704770479022024B83F87623DB
:10261000704700BF00E100E07047000000487047CD
:1026200000000020704710B504462C2121F097F8D7
:10263000204610BD10B50446BC2121F090F820467C
:1026400010BD000070B5044608F0C7FE23689D6EFB
:102650000EF010FD01462046A84723682046D3F817
:102660008C500023AC46BDE870401A4600496047D4
:102670000000002008F098BE08F0A2BE08F05DBE81
:1026800008F0DBBF10B5044609F070FC2368204653
:10269000BDE81040D3F8BC301847000010B590F8E2
:1026A0007C4090F838100C4B8C421A7809D03AB91B
:1026B0000A490B4A08881488108001220C801A707D
:1026C00010BD002AFCD0064A0449148808880C80F2
:1026D00010800022F3E700BFC29E0520CA9E05209D
:1026E000CC9E052008B5094B1B888B4203D8084BAC
:1026F0001B88934205D9A521064B074A074822F0BB
:1027000035F8074B1980074B1A8008BDCC9E052071
:10271000CA9E05202364020886640208C964020870
:10272000C89E0520C69E05202DE9F0410D460446B1
:10273000194635B940F20131144B154A154822F0BB
:1027400015F8C0E91052003A18BF01220368124E72
:10275000D3F8903032709847E569A5B12B681F68AF
:10276000337873B1236820465B6B9847236C8342B0
:1027700007D1616C094B28461A883B46BDE8F041F9
:102780001847216CF6E7BDE8F08100BF0865020834
:1027900040650208C9640208C49E0520C89E052041
:1027A0004FF48002034BC3F88C20BFF34F8FBFF36D
:1027B0006F8F704700E100E04FF48002014BDA6058
:1027C000704700BF00E100E0034690F87E0018B1BA
:1027D000586803681B68184770470000002370B5ED
:1027E0008380124E124B05460360336893F85C20D9
:1027F0000AB1186D00B9986803681B6B9847B0FA66
:1028000080F433686409186D30B103681B6B984716
:10281000002808BF44F001042CB92C21054B064ABE
:10282000064821F0A3FF284670BD00BFD09E0520BA
:102830005C6B02088E650208EC65020825660208DA
:1028400070B5214E356815F001053AD11F4C204B6B
:1028500004F13400C4E90035C4E902552561E5847A
:10286000A562A58510F059F904F158000BF0CAF9DA
:102870002046184BA365184B40F8843BFFF7AEFF8A
:10288000164B1748C4F884302433C4F88C304FF406
:10289000C803C4E928350023C4F8AC30C4F8B0300C
:1028A000C4F8B430C4F8B8300E4BC4F89050C4F833
:1028B00098300123C4F89C50C4F8A850336021F02C
:1028C00073FF024870BD00BFFCB3042000B40420B5
:1028D000D07102087C6B0208F46B02088471020854
:1028E000072600086471020803685B6C1847012022
:1028F000704703689B6A1847FEE740F2EF30704765
:102900004FF48002044B0360044BC3F88C20BFF3E8
:102910004F8FBFF36F8F7047406C020800E100E0FB
:1029200010B504464FF45A61FFF7EAFF204620F045
:1029300016FF204610BD0000104B82B0D3F888204F
:1029400042F48022C3F88820D3F8882002F4802241
:102950000192019A1A6E42F480221A661A6E22F4CB
:1029600080221A66064B074A5A62074A1A624FF4D7
:102970008002064BDA6002B0704700BF000C0246CE
:1029800068CD0420F9280008E52B000800E100E0EC
:1029900008B50A2809D8DFE800F006100E08080874
:1029A000081010101000022008BD9021044B054AA9
:1029B000054821F0DBFE0020F6E70120F4E700BF28
:1029C000816602089C660208E766020810B5887FE7
:1029D0000C46FFF7DDFF174B5863A18AE28A42EAF3
:1029E00001425A642269DA63628BA18A521A1A641C
:1029F0002268082A16D1A18A628B521A9A61A18A8A
:102A0000628B521A1A615862217F0B4A42EA0162B4
:102A1000DA61E2681A6222695A612269DA60074A59
:102A20001A6010BD0022D8611A61E2689A63044AF4
:102A3000F6E700BF00B002400900010001230200D8
:102A40000123030008B50B280BD8DFE800F00612BD
:102A5000100A0A0A0A0808080808022008BD05200A
:102A6000FCE76F21044B054A054821F07FFE00205A
:102A7000F4E70120F2E700BF816602080E67020852
:102A8000E7660208F8B50C46487FFFF7DBFFA77F33
:102A900005463846FFF7D6FF06463846FFF778FF6B
:102AA000A38A628BD21A474B1A64A18A628B521A8C
:102AB0009A61A18A228B521A1A615863A18AE28A0A
:102AC00042EA01425A642269DA636268DA60216884
:102AD00080292BD0227F11D8202969D0402967D0A6
:102AE00004291DD045EA0265364B45F40035DD6109
:102AF000617FA27F914261D0334A46E0B1F5807F89
:102B000004D0B1F5007FEDD1304900E0304941EA11
:102B10000262DA61E2681A625E6222695A6133E037
:102B200045EA026242F40032DA61F5E7A068021D6C
:102B3000DA62227F45EA026242F40032DA615E62C2
:102B400022695A61027842B1012A20D04FF48D7176
:102B5000204B214A214821F009FEDA69418822F4FC
:102B60007F42013922F0100242EA01220121DA619A
:102B7000144BDA6942F02002DA61DA699206FCD479
:102B800010229A600029B7D0154A1A60F8BDDA6998
:102B9000408822F47F42217F013822F0100242EA6D
:102BA0000022FF3942F0100218BF0121DA61DFE78D
:102BB00045EA0262034B42F40032B5E742F20132C9
:102BC000E3E700BF00B0024001230100090002005A
:102BD0000A0002005867020872670208E7660208E6
:102BE00001230200024B1B68586803685B691847A1
:102BF000D09E052070B5044600262546094B0C30B2
:102C000060602672667245F8203B6022294609F012
:102C10002FFB04F55A63EE6024359D42FBD120461C
:102C200070BD00BF406C0208034B1A68D207FCD489
:102C300023229A60704700BF00B002407047000036
:102C400030B50F4C2568ED07FCD42325A56002257F
:102C5000090441F00101FF2B65636164E0630AD060
:102C60000849656241EA0363E361074B22626061E0
:102C7000E060236030BDE561039BA363034BF8E78D
:102C800000B0024009000100010002000100030041
:102C900030B50E4C2568ED07FCD42325A560022530
:102CA000120442F00102FF2B65636264E063E1609D
:102CB00008D01B0643F00213E361054B65626061B7
:102CC000236030BD034BE3610123F9E700B002400C
:102CD00001000200020002FF30B50B4C2568ED0731
:102CE000FCD42325A560022512041B0643F40033FF
:102CF00042F0010265636264E063E160E361034BFB
:102D000065626061236030BD00B0024001000200D6
:102D1000012108B50022084607F047F80A4B186061
:102D200028B92821094B0A4A0A4821F01FFD002230
:102D30000421012007F0DEF8074B186018B92C2198
:102D4000064B034AF0E708BDC0B40420B067020890
:102D5000F967020828680208BCB404205168020818
:102D6000024B4FF0FF31186807F06EB8C0B4042072
:102D7000014B186807F096B8C0B40420024B00213C
:102D8000186807F061B800BFC0B40420FFF7F0BFB7
:102D9000002303481A460349006807F0EAB800BF59
:102DA000BCB4042004B00420002313B5074C1A4619
:102DB00001A9206807F011F94FF0FF3300222068C5
:102DC00001A907F00AF902B010BD00BFBCB404208D
:102DD00006F0DDBF012070470C2070470C2303FB79
:102DE0000100083070470C2303FB010008307047D6
:102DF000012070474FF4C36070474FF4C36303FB77
:102E00000100083070474FF4C36303FB0100083032
:102E10007047012070471020704700EB0110083008
:102E2000704700EB0110083070470846FEF760BE9F
:102E300010B50446024B036007F066F9204610BD4A
:102E4000F86C020810B50446FFF7F2FF2046142183
:102E500020F085FC204610BD10B50446024B0360EF
:102E600007F052F9204610BDC46C020810B50446A4
:102E7000FFF7F2FF20464FF4C46120F070FC2046BB
:102E800010BD000010B50446024B036007F03CF98A
:102E9000204610BD906C020810B50446FFF7F2FF03
:102EA0002046182120F05BFC204610BD10B50446DA
:102EB000074B036000F24C60FFF7BAFF04F12C00EF
:102EC000FFF7CAFF04F11400FFF7DCFF204610BD36
:102ED0002C6D020808B50248FFF7E8FF08BD00BFE7
:102EE000ACC3042010B50446FFF7E0FF20464FF4C2
:102EF000F86120F034FC204610BD00002DE9F341BC
:102F0000FFF74CFA00240546FFF74CFA234601462A
:102F100022462846009411F011FA234B234A2046FA
:102F20001A60234EFFF7CEFA224B234A23489A60B9
:102F300011F06AF93368DB0730D4214C214B04F2DD
:102F4000646504F1140004F12C0804F24C6723605A
:102F50006060C4F80880E760256107F0D7F81A4B75
:102F60004046636107F0D2F8184B3846E36207F039
:102F7000CDF8174B04F5CC60C4F84C36FDF780FA59
:102F8000224604F5CC612846FDF7EAFA2846FEF70A
:102F9000AFFD01230F48336021F006FC0E4802B05C
:102FA000BDE8F04100F016BA2C9F052058B504206A
:102FB000A8C3042078B504205CB5042008B0042020
:102FC000ACC304202C6D0208906C0208C46C02088B
:102FD000F86C0208D52E0008C4B404207047000025
:102FE000014808F00EBA00BFC4B4042070B52B4EDF
:102FF0002B4B2C4C2C4D30462360FFF7FBFD284615
:1030000016F002FD29480FF09DFA00224FF480715E
:10301000274B2848C3E913122749C3E90422C3E90F
:103020001B122649C3E906220B604FF4A0710180F0
:103030002348C3E9082201804FF4F0712148C3E915
:103040000A2201802048C3E90F22C3E91122C3E903
:103050001522C3E918221A639A8683F85C209A66BF
:1030600083F87420C3E90165DC60018017491848C2
:103070000A70012183F838101649C3F88C201960B2
:1030800015499A67C3E91F01C3F890201349144AF0
:10309000C3F88410C3F8882070BD00BF04B60420B4
:1030A000486E0208A4C3042078B504205CB504204F
:1030B000C4B40420CC9E052001000001D09E052050
:1030C000C89E0520CA9E0520C69E0520C29E0520DA
:1030D000000001015C6D0208000478002800140063
:1030E000606E02080148FFF70BBC00BF04B6042065
:1030F000704770477047000010B509480C464FF400
:10310000005103F087FA01280CBF01220022054B71
:1031100004D1197811B920701A7010BD0020FBE796
:10312000000802426CCB042010B50446082120F0B0
:1031300016FB204610BD0000014B186880B2704796
:103140000CB004204FF0C04382B08DF807009DF80A
:1031500007201A70BFF34F8F02B0704782B08DF80E
:1031600007009DF80720034B1A70BFF34F8F02B082
:10317000704700BF0000106072B6FEE770470000A5
:103180004FF4F072034B1A600022034B1A60FFF7F2
:1031900071BA00BF78CB042074CB042013B50C4661
:1031A000FFF76CFA144B1B78D3B9B4F90230E288FC
:1031B000009313441BB2114A00981168019388428E
:1031C000ACBF1168009911600D4A11689942ACBFFB
:1031D0001368019B136001220A4B1A7002B010BDE4
:1031E000B4F90030A2881A4412B2C2F5F07200920B
:1031F000C3F5F073DFE700BFC29E052078CB042043
:1032000074CB04207CCB0420FFF708BAFFF70ABA7E
:10321000FFF736BAFFF7F8B9FFF7CEBAFFF7C0BA33
:10322000FFF7FAB9FFF728BA08F081B810B50446DD
:10323000942120F094FA204610BD000010B5644C93
:1032400000224FF40061204603F0EAF90A2004F05E
:10325000ADFA01224FF40061204603F0E1F9782035
:1032600004F0A4FAE020FFF76DFF0020FFF776FFDF
:103270001020FFF773FF1420FFF770FF0120FFF706
:103280006DFF0E20FFF76AFF0420FFF767FF332072
:10329000FFF764FF5620FFF761FF4820FFF75EFF4E
:1032A0000320FFF75BFF0C20FFF758FF0B20FFF711
:1032B00055FF2B20FFF752FF3420FFF74FFF0F2061
:1032C000FFF74CFFE120FFF73DFF0020FFF746FF2F
:1032D0001220FFF743FF1820FFF740FF0520FFF7FC
:1032E0003DFF1220FFF73AFF0620FFF737FF40208F
:1032F000FFF734FF3420FFF731FF5720FFF72EFF91
:103300000620FFF72BFF1020FFF728FF0C20FFF708
:1033100025FF3B20FFF722FF3F20FFF71FFF0F2075
:10332000FFF71CFFC020FFF70DFF0F20FFF716FF70
:103330000C20FFF713FFC120FFF704FF4120FFF728
:103340000DFFC520FFF7FEFE0020FFF707FF252039
:10335000FFF704FF8020FFF701FF3620FFF7F2FEA2
:103360004820FFF7FBFE3A20FFF7ECFE5520FFF761
:10337000F5FEB020FFF7E6FE0020FFF7EFFEB120DC
:10338000FFF7E0FEA020FFF7E9FEB620FFF7DAFE28
:103390000220FFF7E3FEFFF7E1FE2120FFF7D2FE58
:1033A0001120FFF7CFFE782004F000FA3520FFF758
:1033B000C9FE0020FFF7D2FE3520FFF7C3FE002034
:1033C000FFF7CCFEBDE810402920FFF7BBBE00BFD1
:1033D0000010024238B50446FFF730FF154B0021BC
:1033E0006361154A154802F085FD04F18805022144
:1033F000134A124802F07EFD284600F093F9256139
:103400000125104B84F87450E36323682046D3F8F9
:10341000A83098474FF6FF73984204D00A4B1B78A8
:103420000BB984F84C502046FFF70CF9226C074B7F
:103430001A6038BD88CB042029350008F0CC042060
:1034400079310008D12D0008C49E052070CB0420DE
:10345000F8B5044616461D462A20FFF773FEE7B26C
:10346000C4F30720FFF77AFE013E3846FFF776FEE9
:103470003019C0F30720FFF771FEB819C0B2FFF78B
:103480006DFE2B20FFF75EFECEB2C1F30720FFF7E3
:1034900065FE013D3046FFF761FE6818C0F3072066
:1034A000FFF75CFE7019C0B2FFF758FEBDE8F840A8
:1034B0002C20FFF747BE000070B5154D154B2A684C
:1034C0001A60154A14682A68A41A002C1BDD142CF3
:1034D000A8BF1424296823464FF4A0720020FFF7E8
:1034E000B7FF4FF420700D4B2E6819682B6800FB56
:1034F000061123442B600A4A00FB04F3BDE8704028
:10350000084802F0EFBB4FF4F0721A6070BD00BFC4
:1035100084CB04200CB0042080CB042070CB04208A
:1035200000001060F0CC0420024B834201D1FFF771
:10353000C3BF7047F0CC0420B0F5005F10B51ED1BA
:1035400000240F4B1B6893F86E2083F880400132F3
:1035500083F86E20FFF71CFC204600F043F8094B6F
:103560001A7862B11C70084B1A68084B1A60084B35
:103570001A68084B1A60BDE81040FFF79DBF10BDE8
:10358000D09E05207CCB042078CB042084CB042063
:1035900074CB042080CB0420B0F5005F02D1002062
:1035A00000F03EB8202802BF0122014B1A7070477C
:1035B00090CB0420014608B5034B186801B10121E6
:1035C00008F0FCFC012008BDD09E05200248034BFA
:1035D0000360FFF78FBD00BF88CB0420406D020859
:1035E00070470000032815D8DFE800F002080C102F
:1035F00001224FF40051084803F012B801224FF4A1
:103600008041F8E701224FF40041F4E701228021D4
:103610000248F1E7704700BF00140242001802425E
:10362000032815D8DFE800F002080C1000224FF440
:103630000051084802F0F4BF00224FF48041F8E73F
:1036400000224FF40041F4E7002280210248F1E714
:10365000704700BF0014024200180242032811D82C
:10366000DFE800F002070A0D4FF40051064802F0AF
:10367000DCBF4FF48041F9E74FF40041F6E78021C9
:103680000248F4E7704700BF0014024200180242EB
:103690007047000010B5094C00224021204602F07E
:1036A000BFFF0A2004F082F820460122402102F0E8
:1036B000B7FFBDE810400A2004F078B800100242BD
:1036C0007FB5104B15461A780C4602F0FF061AB962
:1036D0000026304604B070BD00221A700A238321F0
:1036E00000930948062302AA02F0A0F80028EFD1AF
:1036F000BDF80A302B60BDF80C30C3F5A073236011
:10370000E7E700BF90CB04209CCC042010B5044612
:10371000042120F024F8204610BD40687047416025
:10372000704700004FF0E022D2F8FC3D43F0807378
:10373000C2F8FC3D054B064AD3F8B01F0A43C3F854
:10374000B02F1A6842F001021A607047001000E0C2
:1037500055CEACC5521A02EB5302B2FBF3F07047E0
:10376000014B5868704700BF001000E0704710B56B
:1037700004460C211FF0F3FF204610BD10B503686E
:1037800004461B6931B19847A26863689B1A0344D9
:10379000636010BD9847A060FBE7000001220E485F
:1037A000D0F8883043F47003C0F888300B4B1A60AF
:1037B0000022DA611A625A62196821F0A85121F4D4
:1037C000102119609A62196821F4802119601A6524
:1037D0004FF000638360704700ED00E0000C02468C
:1037E00008B5012006F0D3FAFBE7000000200149EC
:1037F00005F02EBEB535000808B50021064A074879
:1038000006F07AFA064B00211860064A064806F0D0
:1038100073FA064B186008BDFC6E0208E137000819
:1038200098CB0420D86E0208E57F000894CB0420D2
:1038300070B51F4B88B0D3F89C20694642F0100247
:10384000C3F89C20D3F89C30064603F01003019384
:1038500002A8184D019B01F0BBFD01F0A9FD164B1C
:103860002B6040F2E733EB60144BB0FBF3F0002326
:103870000138686028462B61AB6003F003FF044603
:1038800068B9284603F03CFD044640B90F2E0CD819
:1038900002463146312002F0D7FB094B1E60312031
:1038A00002F002FC204608B070BD0124F7E700BF1B
:1038B000000C02469CCB04200010004040420F0048
:1038C00018B0042000B59FB06022002106A821F0A6
:1038D00054F918220021684621F04FF94FF4403086
:1038E00000F030FE08B172B6FEE710224FF480718E
:1038F0000223CDE909122822CDE91630CDE914338F
:10390000CDE91823CDE91A3306930C23CDE91C30F9
:1039100006A801F0DFF808B172B6FEE71F22032304
:10392000CDE90200CDE9040004216846CDE9002379
:1039300000F064FF08B172B6FEE71FB05DF804FB4B
:103940004FF01008002480B592B0424600210AA82A
:1039500021F013F9ADF8244002F000FC4FF0C04311
:1039600001260B9303F5801301330C93BF4B0AA878
:103970000D93ADF8286002F005FC09A8ADF82440CD
:1039800002F026FC042002F0D7FB03F0D3FE00F087
:103990004DFE00F053FE022000F01CFE044608B16C
:1039A00072B6FEE7B24DFFF78DFF142221460AA83A
:1039B00021F0E3F8D5F88C30202743F01003C5F848
:1039C0008C30D5F88C30224603F010030393039B10
:1039D000D5F88C3040F6420143F00403C5F88C3032
:1039E000D5F88C30A34803F004030493049BD5F866
:1039F0008C304FF4005943F02003C5F88C30D5F8D3
:103A00008C304FF0800A03F020030593059BD5F816
:103A10008C3043F00103C5F88C30D5F88C3003F0BE
:103A200001030693069BD5F88C3043F00203C5F8DA
:103A30008C30D5F88C3003F002030793079BD5F840
:103A40008C3043F00803C5F88C30D5F88C3003F087
:103A500008030893089BD5F88C3043F04003C5F861
:103A60008C30D5F88C3003F040030993099B02F0A9
:103A7000D7FD22464FF460417F4802F0D1FD224637
:103A800084217E4802F0CCFD224680217C4802F051
:103A9000C7FD224680217B4802F0C2FD7A4B754863
:103AA0000AA9CDE90A730C9602F0AAFC4FF404634C
:103AB00070480AA9CDE90A36CDE90C4402F0A0FC11
:103AC0006F480AA90227CDE90A940C9402F098FCE9
:103AD0004FF4604368480AA9CDE90A360C940D9763
:103AE00002F08EFCCDF828904FF00409674B614836
:103AF0000AA9CDE90B3402F083FC60480AA9CDE99C
:103B00000A96CDE90C4402F07BFC5C480AA9CDE999
:103B10000AA6CDE90C4702F073FC59480AA9CDE981
:103B20000AA6CDE90C4402F06BFC56480AA9CDE97F
:103B30000AA6CDE90C4402F063FC4E480AA9CDE97F
:103B40000A76CDE90C6702F05BFC2246052140466F
:103B500002F07AFA404602F0A7FA2246072118201E
:103B600002F072FA182002F09FFACDE90A44D5F863
:103B70008830224643F00103C5F88830D5F88830F4
:103B8000072103F0010355200293029B02F05CFA27
:103B9000552002F089FA4FF40073DFF8FCA0DFF83B
:103BA000FCC008254FF4803ECAE900C3CAE90243BD
:103BB0004FF400035046CAE90454CAE907E3CAE9CE
:103BC0000966CAE90B44CAF81860CAF8344001F023
:103BD000C5FE08B172B6FEE74FF080630AA9CDE9D1
:103BE0000A30504601F04AFC08B172B6FEE7414681
:103BF000504602F09BF908B172B6FEE704F0E0F916
:103C0000044608B172B6FEE7014614220DA820F062
:103C1000B4FF1F481F4B0AA9036003F58273C0E974
:103C200001344FF48053C0E909344FF40013C363E7
:103C300011232246C0E90344C0E90544C0E9074412
:103C4000C0E90B44C0E90D44C0E91044CDE90A665F
:103C5000CDE90E6880F84840CDF83090109301F01F
:103C6000D9FB0146E0B172B6FEE700BF00010100DA
:103C7000000C0246001002420014024200180242E8
:103C8000000802420004024200002110000031102E
:103C9000E8CB042000040D42F0CC0420D006024002
:103CA000019018220AA820F068FF4C4C4C4B019957
:103CB000C4E900391723C4E904374FF08043204694
:103CC000C4E90211C4E90611C4E90816C4E90A31BD
:103CD000C4E90C15C4E90E1102F0BCFD08B172B6BE
:103CE000FEE74FF0011341F2883220460AA90A96F6
:103CF0000C960D9302F09EFF08B172B6FEE72046C7
:103D000000F03AFA00B1FEE7304603F04FFD2046DE
:103D100000F0D8FB00B1FEE7012003F047FD2F487B
:103D200000F0B9FA00B1FEE72C4800F0EDFA0346C6
:103D300000B1FEE701252B482B4AC0E905338380FB
:103D40000260056204F000F9034608B172B6FEE7AE
:103D50004FF440322548264CC0E90633C0E9004202
:103D60000222C0E9022303F0F7F908B172B6FEE7B8
:103D70004FF000431F482049C0E9001302F00AFB3E
:103D800008B172B6FEE71D4C1D4A1E4BC4E9020580
:103D9000C4E90400C4E9060020622046C4E9002307
:103DA00001F0E8FC014608B172B6FEE7204602F0D9
:103DB000DBF8014608B172B6FEE7204602F000F9D2
:103DC00008B172B6FEE704F006F904F003F905F055
:103DD0005DFFFFF711FD05F06FFFFEE740CC04200B
:103DE00000140D42F4CD04200030024068CD0420C0
:103DF00000B00240C8CD0420001403409CCC042035
:103E000000580040FF7BF0000268034B9A4201D14A
:103E100003F0BABC704700BF0010004072B6FEE766
:103E2000FEE7FEE7FEE7FEE7FEE77047202002F030
:103E300005BC4FF4005002F001BC0000014803F043
:103E4000BFBA00BF9CCB0420014801F08EBF00BF69
:103E5000F0CC0420014803F0C1B900BF68CD0420B4
:103E600007B50C4BD3F8942042F00402C3F8942019
:103E7000D3F8943003F004030193019B00F0D6FBC8
:103E800000220F216FF0010003B05DF804EB02F097
:103E9000DBB800BF000C02460268094B82B09A42B0
:103EA0000CD1084BD3F8882042F48052C3F8882004
:103EB000D3F8883003F480530193019B02B070471C
:103EC00000300240000C02460268094B82B09A4260
:103ED0000CD1084BD3F8882042F08042C3F88820E8
:103EE000D3F8883003F080430193019B02B0704700
:103EF00000140340000C024607B50F4B02689A42BB
:103F000017D10E4B0721D3F88820762042F4802267
:103F1000C3F88820D3F88830002203F4802301936B
:103F2000019B02F091F8762003B05DF804EB02F0FB
:103F3000BBB803B05DF804FB00B00240000C0246C1
:103F400010B50446B8B01422002103A820F015FED5
:103F5000C022002108A820F010FE22681A4B9A42C5
:103F60002FD18022002308A8CDE9082303F004FD07
:103F700008B1FFF753FF154C0322D4F88C301448D6
:103F800043F02003C4F88C30D4F88C3003A903F03C
:103F900020030193019B1223CDE903230023CDE9E4
:103FA00005330423079302F02BFAD4F89C3043F432
:103FB0008003C4F89C30D4F89C3003F4800302934F
:103FC000029B38B010BD00BF00580040000C0246F4
:103FD000001402421422F0B50446BBB000210DEBE0
:103FE000020020F0CAFDC02200210AA820F0C5FD71
:103FF0002268404B9A427AD14FF080620023CDE98B
:104000000A234FF440130422852135930223CDE97E
:104010000C32CDE90E13CDE910234FF400330AA87A
:10402000149303F0A9FC08B1FFF7F8FE324B022706
:10403000D3F88C20002642F40012C3F88C20D3F869
:104040008C20032502F400120092009AD3F89020ED
:104050000A2442F01002C3F89020D3F89020274899
:1040600002F010020192019AD3F88C2005A942F0C7
:104070000102C3F88C20D3F88C2002F001020292D6
:10408000029AD3F88C2042F00202C3F88C20D3F8B5
:104090008C2002F002020392039AD3F88C2042F0A3
:1040A0001002C3F88C20D3F88C30CDE9076503F0FB
:1040B00010030493049B04230994CDE9053702F00F
:1040C0009FF940F201430E4805A9CDE90537CDE936
:1040D0000765099402F094F94FF45043094805A983
:1040E000CDE90537CDE90765099402F089F93BB0C0
:1040F000F0BD00BF00140D42000C02460000024259
:1041000000040242001002420023F0B587B003937E
:10411000154B1E6836BB01221A60144B0227D3F8D8
:104120009020032542F00102C3F89020D3F890308C
:104130000C2403F001030093009B4FF4F2630C483E
:1041400001A9CDE90137CDE9045402F059F94CF247
:10415000B303084801A9CDE90137CDE9036505940A
:1041600002F04EF907B0F0BD18CE0420000C024654
:1041700000100242000C024270B594B00546502275
:104180000021684620F0F9FC01244FF40056662314
:1041900041F288326946284603940896029302F059
:1041A000D7FBF8B99923CDE90000CDE91200CDE99C
:1041B0000A00CDE90C00CDE90340CDE906000590E9
:1041C000099010900E9011900F9041F2883269463C
:1041D00028460896029302F0BBFB003818BF012066
:1041E00014B070BD2046FBE7062270B50023012500
:1041F0004FF400569AB0089206A941F2883204465C
:10420000CDE90633CDE91833CDE91033CDE91233CA
:10421000CDE90953CDE90C330B930F9316930E960A
:1042200014931793159302F093FB10B101201AB069
:1042300070BD052308934FF08073CDE90600CDE9EA
:104240001800CDE91000CDE91200CDE90950CDE903
:104250000C000B900F901690179041F28832204678
:1042600006A90E961493159502F072FB0028DDD175
:1042700002231022CDE901334FF480030390CDE9EE
:104280000432204641F2883201A902F04BFC00388A
:1042900018BF0120CBE74FF4005230B59BB00E920F
:1042A000052208924FF0807200230124149206A97F
:1042B00041F288320546CDE90633CDE91833CDE920
:1042C0001033CDE91233CDE90943CDE90C330B931B
:1042D0000F9316931793159402F03AFB90B94FF48D
:1042E00080031022CDE90104CDE90432039041F2AC
:1042F0008832284601A902F015FC003818BF0120B9
:104300001BB030BD2046FBE7F0B597B004464C2209
:10431000002103A820F031FC0023CDE90033EB237A
:1043200004934FF4407301254FF400574FF040764B
:104330000993062341F28832204602A90295059589
:104340000A971096139302F003FB10B1012017B0E7
:10435000F0BD0223CDE90230322304934FF4807381
:10436000CDE91400CDE90C00CDE90E00CDE90550F2
:10437000CDE9080307900B9012901390119041F231
:104380008832204602A90A97109602F0E1FA002826
:10439000DCD100906946204602F018FC003818BFB6
:1043A0000120D4E770B594B01446054650220E465D
:1043B0006846002120F0E1FB4FF4005201230892EF
:1043C0004FF080729C42CDE90E23039306D0022C5D
:1043D00018D0032C18D0012014B070BD052341F271
:1043E000883269462846029302F0B2FA0028F2D1D8
:1043F00041F288323146284602F03DFB003818BFB2
:104400000120E9E73523EAE71523E8E770B55026F0
:1044100096B004468DF8071015460021324602A8D2
:1044200020F0ABFB012305934FF400530A930423C0
:1044300041F28832204602A9049302F089FA10B1B1
:10444000012016B070BD2046FFF725FF0028F7D1E8
:1044500041F28832204602A9049602F079FA002837
:10446000EED12046FFF717FF0028E9D1012D04D037
:10447000022D25D0032DE3D111254FF080720123A9
:104480002046CDE910230495FFF7AEFE0028D7D1D2
:1044900041F28832204602A902F05AFA0028CFD110
:1044A00041F2883220460DF1070102F0A0FA0028FF
:1044B000C6D12046FFF7EFFE003818BF0120C0E745
:1044C0003125DAE7002373B501220DF10501044619
:1044D0008DF805308DF806308DF80730FFF762FF54
:1044E00010B1012002B070BD022220460DF106017C
:1044F000FFF758FF0028F4D1032220460DF10701F1
:10450000FFF750FF0028ECD1012220469DF805104E
:104510009DF806609DF80750FFF778FF0028E0D16E
:104520000222204646EA0201FFF770FF0028D8D198
:104530000322204605F09F01FFF768FF003818BFEF
:104540000120CFE71D4BDA6B02F44032824208D1E2
:10455000B2F5803F82BFDA6842F48022DA60002040
:104560007047DA68B0F5803F22F4E02242EA0002A8
:1045700088BF42F48022DA604FF47A72104B322105
:104580001B68B3FBF2F34B43B3FBF2F301331A4660
:104590000A49C868000404D40AB903207047013AE4
:1045A000F7E7002AF9D0054AD16B090403D4002BA0
:1045B000F3D0013BF8E7002BD1D1EEE7000802462B
:1045C00010B00420024BD86B00F44030704700BF9D
:1045D000000802464FF47A72124B32211B68B3FB7B
:1045E000F2F34B43B3FBF2F30F4A0133916850B936
:1045F00021F002019160D16B88070ED50BB9032021
:104600007047013BF7E741F002019160D16B8907E8
:1046100003D4002BF3D0013BF8E7002BEFD00020B0
:10462000704700BF10B0042000080246024A136918
:1046300043F000531361704700080246024AD36AF0
:1046400043F00103D36270470008024637B52B4D93
:104650000446D5F894305B0718D5FFF7B3FF20F474
:104660008033B3F5003F26D1B4F1805F2CBF00202A
:104670000120234A136823F00F03034313601368D8
:1046800003F00F03181A18BF01201BE0D5F894306F
:1046900043F00403C5F89430D5F8943003F00403D4
:1046A0000193019BFFF78EFFD5F8943023F00403AC
:1046B000C5F89430D3E7B4F1805F05D2B0F5803F00
:1046C00015D0012003B030BDB4F1005F06D980B928
:1046D000B4F1405F8CBF00200120CAE7B4F1805FD5
:1046E00009D1B0F5803F0CBF01200220C1E70320B3
:1046F000BFE70020BDE70120BBE700BF000C02467A
:104700000020024010B5384AD369916A13F00C03B7
:1047100005D00C2B36D101F00301012932D191686B
:10472000090254BFD2F8F4209268304954BFC2F352
:104730000332120F51F82200002B51D02A4ADFED2C
:104740002C5A916A936A946AC3F30323013306EEE9
:10475000903A936BC4F30014C3F3CC03634307EEA6
:10476000903A01F003010229B8EEE77AF8EEE66A22
:10477000B7EE006A14D0032912D007EE900AF8EEC3
:10478000677A0FE0D26902F00C02042A06D0082BE7
:1047900027D000200C2B23D10020CFE71548F9E7C4
:1047A000DFED157A536B87EEA65AC3F3080307EEC5
:1047B000903AF8EEE77AE7EE257A0B4B77EE867AB9
:1047C0005B6B67EE857AC3F30663013307EE103A3D
:1047D000F8EEC76A87EEA67AFCEEC77A17EE900A63
:1047E00010BD0448FCE700BF000C0246806E0208C2
:1047F000000000390024F4000024744B2DE9F3413B
:104800000D46044618B9012002B0BDE8F081994A6E
:10481000136803F00F038B4275D32368DA067ED446
:1048200023681B070DD5944A2169136A1B0903F0FD
:104830007003994281BF136A23F4E06343EA0113D2
:10484000136223685F070BD58B4AE168136A03F094
:104850007003994281BF136A23F070030B43136204
:1048600023689E070BD5844AA168136A03F00F03DF
:10487000994281BF136A23F00F030B43136223682D
:10488000D80759D42368990700F1DB80794A136867
:1048900003F00F03AB4200F2E1802368590700F1F7
:1048A000F58023681A070DD5734A2169136A1B091D
:1048B00003F0700399423FBF136A23F4E06343EAB5
:1048C000011313622368DB060BD56B4A6169536AD7
:1048D00003F0700399423FBF536A23F070030B4308
:1048E0005362FFF70FFF644B644A1B6A03F00F0328
:1048F000D35CD840624B1860624B186802B0BDE8C8
:10490000F041FEF795BF136823F00F030B431360CC
:10491000136803F00F038B427FF475AF7DE7564AAF
:104920006169536A03F07003994281BF536A23F0AF
:1049300070030B43536273E762684F4B032A4ED1F7
:10494000D3F8942052073DD40127D3F8942042F0A5
:104950000402C3F89420D3F8943003F004030193C5
:10496000019B02F01DFFDFF820810646D8F80C30CD
:104970005B0329D4404B2FB1D3F8942022F00402DA
:10498000C3F894201B6813F0007F3FF43CAF3A4E0D
:104990006268F36941F2883823F003031343F3613B
:1049A00002F0FEFE63680746032B25D1F36903F08E
:1049B0000C030C2B3FF466AF02F0F2FEC01B404527
:1049C000F4D90AE00027CCE7D8F80C305804D1D449
:1049D00002F0E6FE801B0228F6D9032014E7022A23
:1049E0001B6802D113F4003FCFE712B913F0040F94
:1049F000CBE713F4806FC8E7022B0BD1F36903F008
:104A00000C03082B3FF43EAF02F0CAFEC01B40452A
:104A1000F4D9E2E77BB9F36913F00C0F3FF432AF3E
:104A200002F0BEFEC01B4045F5D9D6E702F0B8FE45
:104A3000C01B4045D1D8F36903F00C03042BF5D11A
:104A400020E70D4AA168136A03F00F0399423FBFA4
:104A5000136A23F00F030B43136217E7136823F065
:104A60000F032B431360136803F00F03AB427FF473
:104A7000CAAE12E700200240000C0246C86E0208CF
:104A800010B0042018B0042000080246064AE1686D
:104A9000136A03F0700399423FBF136A23F0700357
:104AA0000B431362FDE600BF000C024608B5FFF79A
:104AB00029FE054B054A1B6A03F00F03D35CD8405F
:104AC000034B186008BD00BF000C0246C86E020808
:104AD00010B004202DE9FF41044600283AD09E4B37
:104AE000DE699F6A036806F00C06D80607F0030724
:104AF00040F1A180E3691EB10C2E7BD1012F79D149
:104B000043B3954D606AAB68190256BFD5F8F430CF
:104B1000AB681B0403F0704398423AD9B6B1AB6856
:104B200043F40003AB60AB68626A23F07043134345
:104B3000AB60636A226AB3F1404F0DD2002B1BDADF
:104B4000EB6823F4787343EA421309E0FFF77EFD34
:104B50000028E4D001200CE0EB6823F01F0313438E
:104B6000EB60FFF7A3FF7D4B1868FEF761FE00289E
:104B700061D004B0BDE8F081B3F1804FEB682BBF8A
:104B800023F4F84323F4782343EA822343EAC2332D
:104B9000E6E7AB6843F40003AB60AB68626A23F0FE
:104BA00070431343AB60636A226AB3F1404F0CD386
:104BB000EB6823F01F031343EB60002ED1D1606A32
:104BC000FFF744FD0028CCD0C4E7002B05DAEB68E2
:104BD00023F4787343EA4213EEE7B3F1804FEB68B6
:104BE0002BBF23F4F84323F4782343EA822343EAD8
:104BF000C233E1E7584D002B77D02B6843F0010317
:104C00002B6002F0CDFD80462B685A074FD5AB686C
:104C100043F40003AB60AB68626A23F07043134354
:104C2000AB60636A226AB3F1404F48D3EB6823F06C
:104C30001F031343EB602368DD0767D423689807DD
:104C400000F1C2802368180740F13D81424BD3F840
:104C50009420510700F1F6800127D3F8942042F008
:104C60000402C3F89420D3F8943003F004030193B2
:104C7000019B3B4DAB6ADA0740F1E6806369364D34
:104C8000002B40F0F280D5F8F03023F0A053C5F8A7
:104C9000F03002F085FD0646D5F8F0301B0140F1FA
:104CA0000A8102F07DFD801B0528F5D905E002F0A0
:104CB00077FDA0EB08000228A6D9032059E7002BB6
:104CC00005DAEB6823F4787343EA4213B2E7B3F1F1
:104CD000804FEB6804D323F4F84343EA8223A9E727
:104CE00023F4782343EAC233A4E72B6823F00103BB
:104CF0002B6002F055FD80462B685B079BD502F0C8
:104D00004FFDA0EB08000228F6D9D6E7082E62680E
:104D100003D00C2E04D1032F02D1002A8ED119E723
:104D2000B2F5803F0C4B1DD11A6842F480321A60F4
:104D30006368002B38D002F033FD0546DFF8188099
:104D4000D8F8003099033FF579AF02F029FD401BF8
:104D50006428F5D9B1E700BF000C024618B0042062
:104D600000080246B2F5A02F08D11A6842F480224A
:104D70001A601A6822F480121A60D5E7B2F5A81FEB
:104D80001A6806D142F480221A601A6842F480122E
:104D9000F2E722F480321A601A6822F480221A6044
:104DA0001A6822F48012C2E702F0FAFC0546DFF826
:104DB000D482D8F800309A037FF540AF02F0F0FCBF
:104DC000401B6428F5D978E7042EE36803D00C2E45
:104DD0000DD1022F0BD1002B3FF4BCAEA94A2169A3
:104DE000136923F4F81343EA014313612AE7A54D3D
:104DF000BBB12B6843F480732B6002F0D1FC0646F4
:104E00002B685B0507D52B69226923F4F81343EA65
:104E100002432B6116E702F0C3FC801B0228EFD986
:104E20004BE72B6823F480732B6002F0B9FC064635
:104E30002B685F057FF506AF02F0B2FC801B0228ED
:104E4000F6D93AE7002714E7AB6A43F00103AB62F7
:104E500002F0A6FC0646AB6ADB073FF50FAF02F097
:104E60009FFC801B0228F6D927E7D5F8F030A1690E
:104E700003F08052914210D003F04062B2F1006F13
:104E80003FF468AE580148D47E4AA169D2F8F030A8
:104E900023F080530B43C2F8F0307A4DD5F8F03050
:104EA00043F08063C5F8F03002F07AFC0646D5F88E
:104EB000F0301A0144D537B1724AD2F8943023F059
:104EC0000403C2F8943023685D0740F186806D4B7F
:104ED000D3F89420500739D40127D3F8942042F016
:104EE0000402C3F89420D3F8943003F0040302932F
:104EF000029B654DAB6AD9072AD5A268614B12F0B7
:104F0000010F35D1D3F8F02022F00102C3F8F020D0
:104F1000D3F8F02022F0040237E0D5F8F03023F087
:104F2000A053C5F8F03002F03BFC0646D5F8F0304F
:104F30001901A9D502F034FC801B0528F6D9BCE67E
:104F400002F02EFC801B0528B1D9B6E60027D0E779
:104F5000AB6A43F00103AB6202F022FC0646AB6A87
:104F6000DA07CAD402F01CFC801B0228F7D9A4E699
:104F700012F0040FD3F8F0201EBF42F00402C3F871
:104F8000F020D3F8F02042F00102C3F8F020A3682B
:104F9000002B4FD002F004FC41F288380546394E10
:104FA000D6F8F0309B0728D5A36813F0800FD6F809
:104FB000F0302ED041F2883843F08003C6F8F0304C
:104FC000304ED6F8F03018051DD537B12D4AD2F83D
:104FD000943023F00403C2F894302368990655D422
:104FE00023681A0675D42368580600F19780A16BD0
:104FF000002940F0E3800020BBE502F0D1FB401B1C
:105000004045CDD959E602F0CBFB401B4045D8D9ED
:1050100053E641F2883823F08003C6F8F030194E89
:10502000D6F8F0301905D0D502F0BAFB401B404548
:10503000F6D942E602F0B4FB41F288380546114E3B
:10504000D6F8F0309A0716D4D6F8F0301B06BCD547
:1050500041F28838D6F8F03023F08003C6F8F030FB
:10506000084ED6F8F0301805AFD502F099FB401B7A
:105070004045F6D921E602F093FB401B4045DFD9BD
:105080001BE600BF000C024600080246E36A9C4D86
:105090007BB12B6843F480532B6002F081FB064602
:1050A0002B689B049CD402F07BFB801B0228F7D961
:1050B00003E62B6823F480532B6002F071FB064655
:1050C0002B689F048CD502F06BFB801B0228F7D95C
:1050D000F3E5236B8A4D83B12B6843F480432B6047
:1050E00002F05EFB06462B6819043FF57CAF02F028
:1050F00057FB801B0228F6D9DFE52B6823F4804399
:105100002B6002F04DFB06462B681A047FF56BAF4F
:1051100002F046FB801B0228F6D9CEE5636B784D82
:10512000002B3AD0AB6843F40003AB60AB68A26AD3
:1051300023F070631343AB60636A226AB3F1404F9C
:1051400016D3EB6823F01F031343EB606C4D2B6801
:1051500043F010032B6002F023FB06462B689B06EE
:105160003FF545AF02F01CFB801B0228F6D9A4E5F1
:10517000002B05DAEB6823F4787343EA4213E4E783
:10518000B3F1804FEB682BBF23F4F84323F478236B
:1051900043EA822343EAC233D7E72B6823F01003A4
:1051A0002B6002F0FDFA06462B689F067FF51FAFC5
:1051B00002F0F6FA801B0228F6D97EE5504DEB6925
:1051C00003F00C030C2B00F0A1802B68022923F0C4
:1051D00080732B6040F0818002F0E2FA0646296875
:1051E00011F000716DD1D5F894305E070CD4012117
:1051F000D5F8943043F00403C5F89430D5F89430D2
:1052000003F004030393039B3E4DEE68EB6823F425
:105210008023EB603A4B676C986AE26B20F47F4026
:105220003A4320F003000243206C013842EA002296
:105230009A62A26C5F6B3448013A3840C2F30802AC
:105240000243E06C0138400280B20243206D013815
:10525000000400F4FE000243606D0138000600F017
:10526000FE4002435A639A6A22F010029A62E26D8B
:10527000D2009A639A6A42F010029A629A6AA06D0A
:1052800022F00C0202439A62700342BFEA6842F4C1
:105290008022EA6029B1D3F8942022F00402C3F8F6
:1052A00094201A68164C42F080721A6002F078FA64
:1052B000054623689A010AD5A36A43F48023A362B2
:1052C00099E602F06DFA801B022888D9F5E402F015
:1052D00067FA401B0228ECD9EFE402F061FA0446B9
:1052E0002B689B0106D4AB6A23F4E02323F003036D
:1052F000AB6280E602F054FA001B0228F0D9DCE42D
:10530000000C024600080246000080800129AA6ABB
:105310006B6B3FF41FACE06B02F0030181427FF442
:1053200019AC216CC2F30320013988427FF412AC1E
:10533000616C02F470428A427FF40CACA26CC3F33D
:105340000801013A91427FF405ACE26CC3F34621B7
:10535000013A91427FF4FEAB226DC3F30641013A5C
:1053600091427FF4F7AB626DC3F30663013A934257
:105370007FF4F0AB0D4BE16D9A6BC2F3CC028A4225
:105380003FF439AE9A6A22F010029A6202F008FAEB
:10539000054602F005FAA842FBD0E26D034BD200AD
:1053A0009A639A6A42F010029A6224E6000C02465E
:1053B00008B5FFF77BFB044B044A1B6AC3F30213D7
:1053C000D35CD84008BD00BF000C0246C06E020886
:1053D0001F2303600D4BDA6902F0030242601A6A70
:1053E00002F00F0282601A6A02F07002C2601A6A4A
:1053F000120902F0700202615B6A03F070034361FC
:10540000034B1B6803F00F030B607047000C024650
:105410000020024070B50E461546044650B390F881
:10542000513003F0FF021BB980F85020FEF76CFEEC
:1054300004F10801206800F0E5FE3146A26820680A
:1054400000F048FF2946E36AA268606800F06CFF3C
:105450002268A168002052F8213043F0010342F88D
:105460002130054A136843F000431360012384F898
:10547000513070BD0120FCE700040D42B0B1A9B16C
:1054800090F85430012B0CD1D1E9001300680B4384
:10549000026C22F0406222F4605213430364002045
:1054A000704740238365002380F84C30012070470B
:1054B00003689A69910744BF00229A6203689A6957
:1054C000D2075EBF9A6942F001029A6170470000FC
:1054D00030B5039D04682B4343EA0243064A6068E3
:1054E000C1F309010B4342EA555223F0004320EA7D
:1054F00002000343636030BDFF63FF032DE9F04109
:10550000036805469C690F4614F01004164672D0D5
:1055100000241022A046DA612B689A69900664D4B0
:10552000B8F1000F38D0012044F004042A689369D0
:10553000D90541BF4FF48071012044F00104D161CD
:105540005A0506D54FF4806101202A6844F008040A
:10555000D1619B0551D54FF400722B6844F00204D1
:10556000DA612846FFF7A4FF2A680120536823F078
:10557000FF7323F48B3323F4FF7323F00103536091
:105580006B6C23436B64202385F84130002385F83E
:10559000423085F8403032E07A1CBED002F000F98B
:1055A000801BB84201D8002FB6D12B68596895F8F6
:1055B00042209869D2B200040AD5490408D4202AAE
:1055C00006D05A6842F480425A6002F0E9F8064672
:1055D0002B689B699B069FD402F0E2F8801B192878
:1055E000F6D920244FF0010896E7B8F1000F9AD1C0
:1055F0002022DA6197E7204698E70028B1D1BDE87C
:10560000F0812DE9F04104460F4616461D46DDF8AF
:10561000188023689B6937EA03030CBF012300232A
:10562000B34201D0002025E0424629462046FFF73C
:1056300065FFF0B96B1CECD002F0B2F8A0EB0800EB
:10564000A84201D8002DE4D123689B6937EA0303FF
:105650000CBF01230023B342DBD1636C43F0200372
:105660006364202384F84130002384F8423084F8B6
:1056700040300120BDE8F08170B504460D46164665
:1056800023689B699B0601D500201DE03246294610
:105690002046FFF733FFB0B902F082F8801BA84222
:1056A00001D8002DECD123689B6913F02003E7D1CA
:1056B000626C84F8403042F020026264202284F858
:1056C000412084F84230012070BD00002DE9F843EC
:1056D00004460E46174600254FF01008DFF890905C
:1056E00023689B695B0700D415B12846BDE8F883A1
:1056F0003A4631462046FFF701FF236805469A697E
:1057000090060CD4003D18BF012502F049F8C01BDB
:10571000B04201D8002EE3D1E5B10125E0E7ADB9F3
:105720009A699A69D10613D5C3F81C8004232022F4
:1057300063642368DA6121684B6803EA09034B60FC
:1057400084F8412084F8405084F842500125DCE779
:105750006564DAE723689B695A07C1D4636C84F8EF
:10576000405043F020036364202384F84130D4E7A1
:1057700000E800FE10B50446002855D090F84130EE
:1057800003F0FF021BB980F84020FEF7D9FB242369
:10579000226884F841301368002023F0010313606D
:1057A000D4E9002323F0706313612268936823F423
:1057B00000439360E3682268012BA3680CBF43F4A5
:1057C000004343F4044393602368E268022A5A6862
:1057D0000CBF42F4006222F400625A6022685368EF
:1057E00043F0007343F4004353602268D36823F40A
:1057F0000043D360D4E904310B43A169226843EA32
:105800000123D3602268D4E907310B431360226877
:10581000136843F0010313602023606484F841306F
:10582000206384F8420010BD0120FCE72DE9F34716
:10583000984690F841300446202B0E4691460A9F28
:1058400040F0888090F84030012B00F083804FF0CA
:10585000010A80F840A001F0A3FF1923054600903B
:1058600052464FF400412046FFF7CBFE18B101200D
:1058700002B0BDE8F087222384F84130102384F879
:1058800042306064A4F82A80638DC4F824909BB2EF
:10589000FF2B6063304B27D9FF22228500934FF006
:1058A000807331462046FFF713FE638D2A469BB274
:1058B0003946204603BBFFF7DFFE0028D7D1202260
:1058C0002368DA6121684B6823F0FF7323F48B337C
:1058D00023F4FF7323F001034B6084F8412084F824
:1058E000400084F84200C3E7628D92B222850093A3
:1058F0004FF00073D2B2D4E7FFF7E8FE0028B6D12C
:1059000023685A6A636A1A70636A228D013363627C
:10591000638D013A013B9BB26385638D92B29BB26A
:105920002285002BC1D0002ABFD13B4680212046D2
:105930000095FFF766FE002899D1638D9BB2FF2B7F
:1059400003D9FF2222850090A9E7628D92B22285B9
:105950000090CDE702208BE70024008038B5044694
:1059600001F01EFF0546002C00F0B381002394F8DF
:10597000541084F84C30226801F0FF0321B9C4E9C7
:105980001833C4E91A332367022384F85430536967
:1059900043F00603536122685369DB0700F18E81EF
:1059A0005369216A23F443030B435361E36962693A
:1059B000AE4D1A432369AE481A43A3691A432368BC
:1059C000AB4200F08780AB498B4200F0838001F14D
:1059D000704180318B427DD001F180518B4279D072
:1059E00001F1704180318B4274D001F180518B42C2
:1059F00070D001F1704180318B426BD001F1805148
:105A00008B4267D001F1704180318B4262D001F14D
:105A100080518B425ED001F1704180318B4259D070
:105A200001F180518B4255D001F1704180318B42A0
:105A300050D001F180518B424CD001F17041803146
:105A40008B4247D001F180518B4243D001F170412C
:105A500080318B423ED001F180518B423AD001F12E
:105A6000704180318B4235D001F180518B4231D071
:105A700001F1704180318B422CD001F180518B4279
:105A800028D001F1704180318B4223D001F1805147
:105A90008B421FD083421DD080318B421AD001F13E
:105AA000704180318B4215D001F180518B4211D071
:105AB00001F1704180318B420CD001F180518B4259
:105AC00008D001F1704180318B4203D001F1805147
:105AD0008B420DD1A16A0139090501F07C71114396
:105AE000E26A1143626A013A120102F47C720A43CB
:105AF000196C01F080210A431A64236BA168E268E3
:105B000019436368B2F5806F03F07F0341EA030134
:105B1000236840F0E080AB4200F08780554A934212
:105B200000F0838002F17042803293427DD002F116
:105B30008052934279D002F170428032934274D005
:105B400002F18052934270D002F17042803293424F
:105B50006BD002F18052934267D002F170428032E2
:105B6000934262D002F1805293425ED002F17042C1
:105B70008032934259D002F18052934255D002F1C3
:105B800070428032934250D002F1805293424CD006
:105B900002F170428032934247D002F18052934228
:105BA00043D002F17042803293423ED002F18052E3
:105BB00093423AD002F170428032934235D002F1E2
:105BC0008052934231D002F17042803293422CD005
:105BD00002F18052934228D002F170428032934207
:105BE00023D002F1805293421FD083421DD08032D5
:105BF00093421AD002F170428032934215D002F1E2
:105C00008052934211D002F17042803293420CD004
:105C100002F18052934208D002F1704280329342E6
:105C200003D002F18052934201D141F480615A6C59
:105C300022F0434222F47F1222F4676222F00F0224
:105C40000A435A64002223689A642368834227D057
:105C5000094A934224D002F17042803293421FD00D
:105C600002F1805293421BD008E000BF5000024076
:105C700050060240500002505006025002F170429D
:105C8000803293420CD002F18052934208D002F14C
:105C900070428032934203D002F18052934203D18A
:105CA00000225A6523689A6500202368D867636BD1
:105CB000A0652365012384F854300BE001F070FDEA
:105CC000401B05287FF667AE1023A365032384F8E5
:105CD0005430012038BDB2F5007F08BF41F4007197
:105CE000A5E700BF30B500283BD090F84C40012C10
:105CF00039D0012480F84C4090F85440012C4FF0EA
:105D000000042AD1022580F8545005688465AC6CE3
:105D100063F30F04AC644FF4FE440368DC60036873
:105D2000D96403681A650268536943F4BA4353613E
:105D3000436E23B10268536943F400735361036FE8
:105D400023B10268536943F4005353610268002091
:105D5000536943F00103536130BD402380F84C4048
:105D600083650120F8E70220F6E7012110B50368FA
:105D7000044623F47F6222F00F02D068C3F30B02C3
:105D8000503AC2F3C41201FA02F2024200F0B180AA
:105D90001A69500508D55A69520505D54FF4806235
:105DA000DA60A36D0B43A36523681A69100509D552
:105DB0005A69110506D54FF40062DA60A36D43F00D
:105DC0000203A36523681A69D20409D55A69D0046D
:105DD00006D54FF48052DA60A36D43F00403A36547
:105DE00023681A69510409D55A69520406D54FF43B
:105DF0008042DA60A36D43F00803A36523681A6943
:105E0000900509D55A69910506D54FF40072DA60FC
:105E1000636E0BB12046984723681A6992042FD508
:105E20005A6990042CD54FF40052DA6094F854303B
:105E3000042B1ED12268536923F400535361226856
:105E4000536943F0020353610123226D84F85430F7
:105E5000110604D5626F1373002223689A6400232D
:105E600084F84C30E36E002B43D02046BDE8104050
:105E70001847052384F85430236F0BB12046984708
:105E800023681A69D20519D55A69D00516D5226D2D
:105E9000110627D5DA6F32B99B6C23B90123626FE3
:105EA00084F8543013734FF440722368DA6000238F
:105EB00084F84C30236E0BB120469847A36DC3B1D4
:105EC0002268536943F0020353610123226D84F871
:105ED0005430120644BF626F1373002384F84C30B1
:105EE000A36EC0E79B6C002BDDD1012384F85430F6
:105EF000D9E710BD034610B5B0B190F85440012C5D
:105F0000E0B211D1042906D8DFE801F00306080A3F
:105F10000C001A66002010BD5A66FBE79A66F9E786
:105F2000DA66F7E71A67F5E70120F4E7D0B1CB06A8
:105F300001D4002070470368012023F47F62C3F37B
:105F40000B0322F00F0201F01101503B1129C3F3A2
:105F5000C413516800FA03F30CBF0B4321EA030397
:105F60005360E6E70120704710B590F841200346E2
:105F7000202AD4B222D190F84020012A1ED001223A
:105F800080F84020242280F841200068026822F036
:105F9000010202601868026822F4805202601868E8
:105FA000026811430160002019680A6842F001028A
:105FB0000A6083F8414083F8400010BD0220FCE7EE
:105FC00010B590F841200346202AD4B220D190F891
:105FD0004020012A1CD0012280F84020242280F891
:105FE00041200068026822F001020260186802681D
:105FF00022F4706242EA01210160002019680A68F7
:1060000042F001020A6083F8414083F8400010BD6D
:106010000220FCE770477047704770477047704731
:106020007047000007490302CA6803F4E06322F4E2
:10603000E0621204120C134343F0BF6343F40033D5
:10604000CB60704700ED00E030B5154BDC68C4F361
:106050000224C4F10703251D042B28BF0423062DA9
:106060004FF0FF3594BF0024033C05FA03F321EA07
:106070000303A54022EA0502A340002843EA0203E5
:10608000ACBF00F16040074A4FEA0313DBB2ABBF7D
:1060900000F5614000F00F0080F80033135430BD6C
:1060A00000ED00E014ED00E0002807DB01234109CA
:1060B000034A00F01F00834042F82130704700BFC0
:1060C00000E100E0042818D8DFE800F00A182617DD
:1060D00003004FF0E022136943F00403136170479B
:1060E0004FF0E022136923F004031361114AD2F840
:1060F000E03023F44003C2F8E03070474FF0E02274
:10610000136923F0040313610A4AD2F8E03023F440
:10611000400343F48003EEE74FF0E022136923F0DD
:1061200004031361034AD2F8E03023F4400343F43C
:106130000003E0E7000C0246BFF35F8F064B40F020
:106140000100C3F894005A6A42F480325A62BFF3E5
:106150004F8FBFF36F8F704700ED00E0BFF35F8F8D
:10616000074B5A6A22F480325A62D3F8942022F004
:106170000102C3F89420BFF34F8FBFF36F8F7047B6
:1061800000ED00E0BFF35F8F104A4378C2F898300B
:10619000D2F8A03023F00103C2F8A0304368817B1D
:1061A00023F01F030B43C17B43EAC103417B43EA56
:1061B0004103C2F89C308368017823F01F030B432E
:1061C000017B43EA4103C2F8A030704700ED00E0D4
:1061D00010B5BFF35F8FFF2403784078032B92BF85
:1061E00006490749043B0A68DB009C4022EA040296
:1061F00000FA03F313430B6010BD00BFC0ED00E0D5
:10620000C4ED00E070B50A6850F8223023F00103B5
:1062100040F822308C684B68CE68234333430E69C4
:106220000A6833434E6950F8225033438E69334332
:10623000CE6933430E6A33434E6A33438E6A334327
:10624000CE6A33430E6B33434E6B3343CE6B3343D3
:106250008E6B33431E4E2E40A4F108056C426C41F8
:10626000334343EA841340F822300B6BB3F5801FAD
:1062700005D10B684BB1036843F4801303600B68CE
:106280001BB103684A6B1343036091F84030012B44
:106290000FD1036A4A6C6FF30F03134303620B6859
:1062A000022B08D0042B0AD06BB9036A43F4803365
:1062B0000362002070BD036A43F40033F8E7036A09
:1062C00043F48023F4E7036A43F40023F0E700BFBC
:1062D000800400FF10B50B68CC69013223434C6881
:1062E00043EA04138C6843EA0423CC6843EA8473CA
:1062F0000C6943EA04434C69013C43EA04538C694A
:10630000023C43EA046340F822300368DB0209D50B
:10631000436844684A692343013A23F4700343EA1B
:1063200002534360002010BDB3F5804F30B517D144
:10633000CD690B6850F822402B434D6843EA0513A2
:106340008D6843EA0523CD68096943EA857343EA0A
:10635000014304F07F610B4340F82230002030BD40
:106360006FF07043F8E770477047704770477047A9
:10637000024650B10168486810F0090007D19062E8
:106380000B6843F001030B60704701207047022047
:106390007047000010B5044620B390F8243083B94C
:1063A000114B8360114BC360114B0361114B43616F
:1063B000114B8361C3690BB9104BC3612046E3697C
:1063C00098470023A3620123226884F824301368CD
:1063D000616823F000430B4313602046BDE8104082
:1063E000FFF7C6BF012010BD67630008696300089E
:1063F0006B6300086F6300086D630008C93E000806
:106400002DE9F74F7F4B002203EA902301930346C7
:10641000DFF8FCC17C4D0C6834FA02F602D103B0FF
:10642000BDE8F08F012606FA02FE1EEA040400F021
:10643000A980764F4E68B84240F0A8800F270368C5
:1064400006F0010623EA0E0396401E430660DCE9CF
:10645000003E0EF00706B60007FA06F90B2707FA0A
:1064600006F603274FEADE0803EB8808D8F820A0D9
:106470002AEA090946EA0906C8F820604FEA4E06EA
:1064800007FA06F90227D3F8008007FA06F628EA89
:10649000090846EA08061E604E6826F01006013E0E
:1064A000012E1BD803274FEA4E0907FA09F80127E6
:1064B0009E6826EA0808CE6806FA09F646EA080643
:1064C0009E605E6807FA0EF826EA08084E68C6F372
:1064D000001606FA0EF646EA08065E60D1E9016883
:1064E000032E02D1B8F1010F4CD00327DE684FEA2A
:1064F0004E0E07FA0EF926EA090608FA0EF848EADF
:106500000606DE604E68F6003CD502EA0706BE408D
:106510000F2722F0030E0EF18C4E0EF5083EDEF82A
:10652000609007FA06F8019F29EA080807FA06F6BC
:1065300046EA0806CEF860606FEA040E4F682E68DF
:10654000FF024CBF26430EEA06062E604F686E68B7
:10655000BF024CBF26430EEA06066E604F68D5F8B0
:106560008460BF034CBF26430EEA0606C5F884606C
:106570004F68D5F88060FF0354BF0EEA0604344329
:10658000C5F8804001320CF1080C44E703274FEABC
:10659000420A26F0100807FA0AFEB8F1020F6FEA65
:1065A0000E0E23D122FA07F80F2700EB880802F01D
:1065B0000709D8F820604FEA890907FA09FB26EA9B
:1065C0000B0B0E693E4006FA09F646EA0B06C8F8C0
:1065D00020601E6806EA0E0E4E6806F0030606FAF4
:1065E0000AF646EA0E0696461E6055E7D3F8008086
:1065F00006F0030608EA0E0806FA0AF646EA080656
:10660000F1E700BF7F7F2F00002002460000024616
:10661000206F02080369194214BF0120002070474F
:106620000AB18161704781627047436901EA0302E0
:1066300021EA030141EA02418161704738B5084D02
:106640000446EB68034202D0E860FCF775FF2B6953
:106650001C4203D020462C61FCF79EFF38BD00BFD2
:10666000002002462DE9F0410268136823F04053F0
:106670001360836833B902684C68136823F08003A1
:10668000234313600A680368022A49D103F5C072E4
:1066900003F5C47503F5C87403F5D073D1E9126727
:1066A0003E431660CE6A5EB18E6A1E604F6BCB6A47
:1066B00016683B430F6B26F47C163B433343136051
:1066C0002B684E6C23F01F0333432B608B6B2BB175
:1066D0000B681BB9CB6B0568013B2B64CD68CE6999
:1066E000002D6AD0D1E904838F6B002E42D0D1E90E
:1066F00008CE354343EA080316682FB33B4343EA09
:106700000E030F6C43EA0C033B432B433A4D3540D9
:106710002B4313608B68236003688A699A6439E0AD
:10672000032A03BF03F5A07203F5A47503F5A8744B
:1067300003F580721BBF03F5847503F5887403F5B8
:10674000B07303F59073A9E743EA0E0343EA0C0321
:106750002B4326F47C5525F03F052B431360C36A79
:10676000B3F1805FD6D14B69082BD3D1136843F0C6
:106770000063CEE71D4345EA080513686FB1086C56
:106780003D4323F07063054323F03F031D43156031
:106790008B6823600020BDE8F08123F03F031D4398
:1067A0001560C36AB3F1805FF2D14B69082B02BF59
:1067B000136843F000631360EAE7C6B1D1E90874D7
:1067C0008B6B63B13343156823430C6C3B4323430A
:1067D00025F0706424F47C54234313609CE7136811
:1067E00034433C4323F47C531C43146094E7082354
:1067F00043650120CFE700BFC0C0FFF02DE9F041A5
:1068000004460E4615461F46DDF818802268136AB6
:10681000334214BF01230023AB4201D1002017E013
:10682000B8F1FF3FF3D000F0BBFFC01B404502D8DA
:10683000B8F1000FEAD123681B6A3340AB42E5D0C0
:106840004FF4007301202365636D43F0010363651A
:10685000BDE8F08173B5044600F0A2FF0546002CA8
:1068600072D000236365266D002E68D12046FDF7A7
:10687000B1FB41F28833E168A365636B2268194379
:10688000E36990681943314B03401943236920465B
:10689000013B41EA03416369013B41EA0321916005
:1068A0002268216AD36823F4E0230B43D360216B71
:1068B000A36B226843EA014313612368E26B5A61C8
:1068C000226863681168013B21F47C5141EA03218D
:1068D0001160A36D3246009320212B46FFF78EFFF7
:1068E00000282DD12168636ACA68013B22F0FF02AB
:1068F0001343CB602268A168136823F040030B4365
:1069000013602168D4E90A30D1F80821034322F04A
:10691000A0421343C1F808312268136843F0010311
:106920001360A369022B01BF2268936843F002033E
:106930009360E368B3F1806F04D1012323650020E5
:1069400002B070BD0223F9E70120F9E7F4C0E0F8D6
:10695000F7B504460D46174600F022FF236D0646A4
:10696000022B07D1E368B3F1806F09D11023012016
:1069700063651FE0142B1FD12B68023B012BF5D858
:1069800033460022202120460097FFF737FF88B9C1
:10699000606529462046FFF765FE58B9AB6B9BB989
:1069A00033460122022120460097FFF727FF0222EB
:1069B00023685A6203B0F0BD242BD7D12B6823F093
:1069C0000203012BD2D1DBE72B680BB9042305E0CE
:1069D000012B05D1236D242BF8D014232365E9E77F
:1069E000022BE7D1236D142BF0D02423F6E72DE9F9
:1069F000F34104468846164600F0D2FE2768054655
:106A0000B8F1000F03D10823012063652EE0236D48
:106A1000042B2ED13B6CC4F840800133A364A36CDB
:106A200063643B6823F040533B602B460122042102
:106A300020460096FFF7E2FEC0B9236C1B7887F86A
:106A40005030236C01332364A36C013BA364A36C1B
:106A5000002BEAD12B460122022120460096FFF7A7
:106A6000CDFE18B9022322685362236502B0BDE847
:106A7000F0811023C8E72DE9F34104461646884605
:106A800000F08EFE25680746AA6CD5F81001B8F113
:106A9000000F03D108230120636536E0236D042B2A
:106AA0003ED12B6CC4F840800133A364A36C6364B3
:106AB000296821F0405141F080512960E368B3F129
:106AC000806F236824D19A643B4601220621204628
:106AD0000096FFF793FEC0B995F85020236C1A700A
:106AE000236C01332364A36C013BA364A36C002BD0
:106AF000EAD13B460122022120460096FFF77EFEA6
:106B000018B9022322685362236502B0BDE8F08100
:106B1000D3F8001111F4E06FD5D1C3F81001D3E719
:106B20001023B8E72DE9F74304460D46164600F05A
:106B300037FE236881469F6CD3F81081236D042BA8
:106B400040D1EB68B3F5800F3CD1034600222021F1
:106B500020460096FFF752FE48BB23682A68C3F818
:106B6000882023686A68C3F8802023682A69C3F8EC
:106B700090202268D5E902101368014323F04353A3
:106B8000194341F000511160E368B3F1806F23684D
:106B900010D19F644B460122082120460096FFF742
:106BA0002DFE20B9082223685A620223236503B010
:106BB000BDE8F083D3F8002112F4E06FE9D1C3F807
:106BC0001081E7E7102301206365F0E737B504463D
:106BD0000D4600F0E5FD226D0346042A25D1A26D85
:106BE0002021009220460022FFF708FED8B9882312
:106BF00023652B68082B0BD123686A68C3F8302102
:106C0000102223685A622268136843F480131360C9
:106C100022682968136823F0405323F008030B43CC
:106C200043F04053136003B030BD1023012063656F
:106C3000F9E700002DE9F043A04D03688DB0AB42A9
:106C400015BF00200120012300236A464FF00108F0
:106C50004FF0000CDFF86892B8F1020FC2E900CCE7
:106C6000C2E902CCC2F810C040F02581944C954F87
:106C7000246814F0010F18BF4FF400774FF0000E96
:106C800009EB8E0464680EF1010614F0010F05D0C3
:106C900084EA070E1EF0020F08BF166014F0100FF2
:106CA00005D084EA070E1EF0200F08BF566014F4CA
:106CB000807F05D084EA070E1EF4007F08BF96602F
:106CC00014F4803F0DD084EA070E1EF4802F08D103
:106CD00014F4003F0CBF46F4803E46F0807EC2F8BC
:106CE0000CE014F0807F0BD084EA070E1EF0806F5A
:106CF00006D1A40154BF46F4803446F08074146178
:106D0000022E4FF0010EBBD1F04502F1180200F047
:106D1000D08018272A68DFF8B4C112EA0E021FBF1C
:106D20002A6822F001022A607246DCF80040E60779
:106D300048BFDCF80040624E44BF24F00104CCF8A8
:106D400000400CAC07FB034757F8284C58BF90464F
:106D500004F1FF3406EB8404D4F804E048BF42F0A9
:106D600002082EF4807EC4F804E03468E40740F1A1
:106D7000AF80346824F00104346060B3069C013CA9
:106D800006EB8404676847F002076760079C34B12C
:106D9000013C06EB8404666846F020066660099CA8
:106DA0005CB1013C04F00104A40004F1844404F546
:106DB0004424666846F4802666600A9C5CB1013C07
:106DC00004F00104A40004F1844404F5442466683A
:106DD00046F08066666018240CAE04FB00640E6802
:106DE00054F830EC764500F0B3808F6854F8286C86
:106DF000B74214D04E6854F82C4CA64200D176B954
:106E000018270CAC07FB0047CE6857F8244CA64265
:106E100005D00C6957F8206CB44240F0B080284C83
:106E20000EF1FF3E04EB8E0EDEF804600CAF26F090
:106E30000106CEF80460182606FB007656F82C6C86
:106E400036B1013E04EB8604666826F010066660E3
:106E500018260CAC06FB004656F8284C1A4FA40026
:106E600027447C6824F480747C6056F8244C5CB120
:106E7000013C04F00104A40004F1844404F544241A
:106E8000666826F48036666018240CAE04FB006049
:106E900050F8200C002872D0013800F0010080006A
:106EA00000F1844000F54420446824F0807444607C
:106EB00065E0B046D0E60027E0E600BF00140D42D2
:106EC00000400C4222020404FC3F0C4200240D420C
:106ED00057F8304C002C3FF47EAF013C06EB8404A5
:106EE000D4F804E02EF0010EC4F804E057F82C4C5E
:106EF00034B1013C06EB8406746824F0100474601D
:106F000018240CAE04FB036454F8244C5CB1013C1F
:106F100004F00104A40004F1844404F544246668E8
:106F200026F48036666018240CAE04FB036454F823
:106F3000204C002C3FF44FAF013C04F00104A400AE
:106F400004F1844404F54424666826F0807641E721
:106F50004F6854F82C6CB7427FF461AFCF6854F897
:106F6000246CB7427FF45BAF0E6954F8204CA64204
:106F70007FF455AF774C206840F0010020608E68A8
:106F80007448013E00EB8606746824F4407444EAB9
:106F9000432444F4807474604E69013EFF2E0AD885
:106FA0000468C4F30744A64281BF046824F47F0444
:106FB00044EA064404600C680668013CA40016F02C
:106FC000010F044464D0636823F0030343F001031A
:106FD00063604B6843B1013B00EB8303586820F0CA
:106FE000300040F010005860CB68DF0330D5013B23
:106FF00003F001039B0003F1844303F54423586825
:1070000020F4E02040F4803058600B69DE032FD577
:10701000013B03F001039B0003F1844303F5442388
:10702000596821F4E02141F4403159601AB12B68CC
:1070300043F001032B60002018F0020F1EBFDCF8A4
:10704000003043F00103CCF800300DB0BDE8F08310
:10705000002BDAD0013B03F001039B0003F18443D2
:1070600003F54423586820F0E06040F08070CBE7DF
:10707000002BDBD0013B03F001039B0003F18443B1
:1070800003F54423596821F0E06141F04071CCE7F9
:10709000666826F0030646EA430646F00106666087
:1070A0004C6854B1013C00EB8400446824F0300487
:1070B00044EA431444F010044460C868C40323D570
:1070C000013800F00100800000F1844000F5442008
:1070D000446824F4E02444EA834444F48034446063
:1070E0000969C80322D5013901F00101890001F1C4
:1070F000844101F54421486820F4E02040EA8343BC
:1071000043F440334B6091E70028E9D0013800F0A8
:107110000100800000F1844000F54420446824F020
:10712000E06444EA836444F08074D8E700293FF4C3
:107130007DAF013901F00101890001F1844101F5C0
:107140004421486820F0E06040EA836343F04073E4
:10715000D8E700BF00400C4210B50446002839D0E3
:1071600090F8593003F0FF021BB980F85820FCF763
:10717000C3FE0223216884F859300A68E069636815
:1071800022F4E022034322F0400213430B60216803
:10719000A0694A6BA36822F48372034322F00102C0
:1071A00013434B632268E168136C6FF30F030B43C7
:1071B00013642168D4E904034A6B5B0543EA005376
:1071C00022F4401213434B6300200123E06584F84E
:1071D000593010BD0120FCE77047704770B5036857
:1071E00004465E681D68F20715D5E90513D51A68CF
:1071F00022F480721A600122C36D43F00103C3655B
:1072000003689A60042380F85930002380F85830CE
:10721000436A03B19847B20617D5AB0415D5226867
:10722000136823F400531360202223689A60E36DEF
:1072300043F00203E365042384F85930002384F803
:107240005830636A0BB120469847300717D5290597
:1072500015D52268136823F400631360082223689D
:107260009A60E36D43F00403E365042384F8593026
:10727000002384F85830636A0BB1204698477207A0
:107280000CD56B050AD522682046136823F4806369
:107290001360042223689A60FFF79EFFB00715D59C
:1072A000A90513D52268136823F400731360022222
:1072B00023689A60E36DE365012384F85930002365
:1072C00084F85830236A0BB120469847F20614D54B
:1072D000EB0412D522682046136823F48053136010
:1072E000102223689A60E36DE365012384F8593026
:1072F000002384F85830FFF770FF70BD704700001E
:1073000090F83D30012B46D10223026880F83D30D1
:10731000D36843F00103D3600368204A93422CD022
:1073200002F18052934228D0B3F1804F25D0B3F1BF
:10733000A04F22D01A4A93421FD002F180529342AA
:107340001BD0184A934218D002F18052934214D0B5
:10735000154A934211D002F1805293420DD0134A44
:1073600093420AD002F18052934206D0104A9342CF
:1073700003D002F18052934207D199680D4A0A4026
:10738000062A06D0B2F5803F03D01A6842F0010207
:107390001A60002070470120704700BF002C014098
:1073A0000004004000080040000C00400034014090
:1073B0000040014007000100704770477047704768
:1073C00070B503680446DD681E69B2070FD5A907CA
:1073D0000DD56FF002021A610123037703689B69E0
:1073E0009A0700F0A780FFF7E8FF002323777307D1
:1073F00012D5680710D56FF00402236820461A6181
:107400000223237723689B6913F4407F00F0988060
:10741000FFF7D3FF00232377310711D52A070FD5B4
:107420006FF00802236820461A610423237723683B
:10743000DB699B0700F08A80FFF7BFFF00232377FB
:10744000F10611D5EA060FD56FF010022368204629
:107450001A61082323772368DB6913F4407F7BD00C
:10746000FFF7ABFF00232377F30708D5E80706D51E
:107470006FF00102236820461A61FCF7C5FC16F480
:10748000025F08D0290606D56FF402522368204611
:107490001A61FEF7C0FDF20508D52B0606D56FF47C
:1074A0008072236820461A61FEF7B6FD700608D583
:1074B000690606D56FF04002236820461A61FFF77F
:1074C0007EFFB20608D5AB0606D56FF02002236812
:1074D00020461A61FEF79EFDF00208D5E90206D5A6
:1074E0006FF48012236820461A61FEF796FDB202FF
:1074F00008D5AB0206D56FF40012236820461A6146
:10750000FEF78CFD700208D5690206D56FF4800283
:10751000236820461A61FEF782FD320222D52B0233
:1075200020D56FF40002236820461A61BDE8704040
:10753000FEF776BDFFF740FF2046FFF73FFF54E719
:10754000FFF73AFF2046FFF739FF63E7FFF734FF05
:107550002046FFF733FF71E7FFF72EFF2046FFF7C6
:107560002DFF7FE770BD00003E4A0368904225D0A2
:1075700002F18052904221D0B0F1804F1ED0B0F184
:10758000A04F1BD0384A904218D002F1805290424E
:1075900014D0364A904211D002F1805290420DD060
:1075A000334A90420AD002F18052904206D0314ACA
:1075B000904203D002F18052904208D14A6823F0F1
:1075C00070031343CA6823F44073134314E02A4A38
:1075D0009042F7D002F180529042F3D0274A904275
:1075E000F0D002F180529042ECD0254A9042E9D08E
:1075F00002F180529042E5D04A6923F080031343A0
:107600008A68C2620A688262164A90421FD002F1FA
:10761000805290421BD0174A904218D002F18052FB
:10762000904214D0144A904211D002F180529042FC
:107630000DD0124A90420AD002F18052904206D0F8
:107640000F4A904203D002F18052904201D10A6960
:107650000263026842F00402026001224261036098
:10766000704700BF002C01400004004000080040AB
:10767000000C004000340140004001400044014043
:107680000048014010B5044650B390F83D3003F077
:10769000FF021BB980F83C20FFF730FE0223206870
:1076A00084F83D30211DFFF75FFF0123002084F89F
:1076B000483084F83E3084F83F3084F8403084F815
:1076C000413084F8423084F8433084F8443084F800
:1076D000453084F8463084F8473084F83D3010BD9A
:1076E0000120FCE7CB0710B50DD51F23013B1ED3AE
:1076F00021FA03F4E407F9D5102A14D0102A04D88B
:107700003AB1082A11D001200CE0182AFBD1062B2F
:10771000F9D803685961016800208B6823F01803C9
:1077200013438B6010BD072BF2E70F2BF0E7102AF5
:10773000E4D1E8E710B5104A0320136843F48073DE
:107740001360FEF76FFCFCF7DDFF0C4B0C4A1B6A65
:1077500003F00F03D35CD8400A4B18600420FEF7F7
:10776000B1FC0420FCF764F8044618B9FCF778FB78
:10777000204610BD0124FBE700200240000C024619
:10778000C86E020810B00420034A044B11681B782D
:107790000B441360704700BF1CCE042014B00420BB
:1077A000014B1868704700BF1CCE042038B5044652
:1077B000FFF7F6FF0546631C1EBF044B1B78E41859
:1077C000FFF7EEFF431BA342FAD338BD14B00420E9
:1077D00070B5324C0546236823F080532360FFF7D1
:1077E000DFFF064623689A004BD4236B29686A683A
:1077F00023F4706323F00303013A0B4343EA0223AB
:107800002363AB68616C264A013B0A40C3F308035B
:107810001343EA68013A520292B213432A69013AC9
:10782000120402F4FE0213436A69013A120602F0DE
:10783000FE4213436364236BAA6923F00C031343D2
:107840002363236B2A6A13432363236B23F0100300
:107850002363A36CEA696FF3CF0343EAC203A36413
:10786000236B0E4D43F010032363236843F08053D2
:107870002360FFF795FF04462B689B0008D5002086
:1078800005E0FFF78DFF801B0228ABD9032070BDF8
:10789000FFF786FF001B0228EED9F7E7000C02462F
:1078A0000000808070B5324C0546236823F0806369
:1078B0002360FFF775FF064623681A014BD4E36A7D
:1078C00029686A6823F4706323F00303013A0B43C9
:1078D00043EA0223E362AB68E16B264A013B0A40BC
:1078E000C3F308031343EA68013A520292B2134306
:1078F0002A69013A120402F4FE0213436A69013A4A
:10790000120602F0FE421343E363E36AAA6923F01E
:107910000C031343E362E36A2A6A1343E362E36AF4
:1079200023F01003E362236CEA696FF3CF0343EAA9
:10793000C2032364E36A0E4D43F01003E36223683D
:1079400043F080632360FFF72BFF04462B681B0185
:1079500008D5002005E0FFF723FF801B0228ABD9E4
:10796000032070BDFFF71CFF001B0228EED9F7E7CC
:10797000000C0246000080802DE9F34703680446AE
:10798000D80708D5994A216DD2F8E03023F00303D7
:107990000B43C2F8E0302368990708D5934A616D1C
:1079A000D2F8E03023F00C030B43C2F8E030236838
:1079B0005A0708D58D4AA16DD2F8E03023F0300384
:1079C0000B43C2F8E03023681B0708D5874AE16DF6
:1079D000D2F8E03023F0C0030B43C2F8E030236854
:1079E000DF0608D5814A216ED2F8E03023F44073D7
:1079F0000B43C2F8E03023689E0608D57B4A616ECF
:107A0000D2F8E83023F007030B43C2F8E8302368CC
:107A10005D0608D5754AA16ED2F8E03023F44063C4
:107A20000B43C2F8E0302368180608D56F4AE16EB0
:107A3000D2F8E03023F440530B43C2F8E03023681F
:107A4000D90508D5694A216FD2F8E83023F0C00380
:107A50000B43C2F8E83023685A0208D5634A616FC5
:107A6000D2F8E03023F440430B43C2F8E0302368FF
:107A70009B0508D55D4AA16FD2F8E83023F4406336
:107A80000B43C2F8E83023685F0508D5574AE16F19
:107A9000D2F8E03023F440230B43C2F8E0302368EF
:107AA0001E0509D5514AD4F88010D2F8E83023F4E5
:107AB00040730B43C2F8E83023689D0427D5D4F8FF
:107AC0009030402B25D014D84BB3202B2FD001263B
:107AD000236858040BD5D4F89430B3F5007F58D000
:107AE0002AD8002B5BD0B3F5807F5ED001263546C7
:107AF00035E0602B01D0802BE9D13C4AD4F89010BE
:107B0000D2F8E43023F0E0030B43C2F8E43000265F
:107B1000DEE7364A936A43F480339362EDE704F17B
:107B20000800FFF7BFFE06460028D1D1E5E704F1C3
:107B30002C00FFF74DFEF6E7B3F5407F02D0B3F51A
:107B4000806FD3D13546002D34D1284AD4F8941013
:107B5000D2F8E43023F4E0630B43C2F8E430236846
:107B600019040AD5D4F8A430B3F5005F36D023F455
:107B7000805221D832B3012635462368DA0347D52F
:107B8000D4F88830042B59D8DFE803F03732523765
:107B90003700164A936A43F480339362D2E704F1C4
:107BA0000800FFF77FFE0546CDE704F12C00FFF744
:107BB0000FFEF8E72E46D2E7B2F5804F02D0B3F5BC
:107BC000405FD8D185B9094AD4F8A410D2F8E8307A
:107BD00023F4E0430B43C2F8E830CEE704F1080099
:107BE000FFF760FE0546EDE72E46C6E7000C0246AD
:107BF000684A936A43F48033936215BB654AD4F8AC
:107C00008810D2F8E43023F007030B43C2F8E430C5
:107C100023689B0329D5D4F88C30B3F5003F7CD082
:107C200011D8B3B1B3F5803F71D0012635461CE0C1
:107C300004F12C00FFF7CCFD0546DEE701263546B2
:107C4000E6E72E46E4E7B3F5403F02D0B3F5802FD8
:107C5000EBD1002D67D14F4AD4F88C10D2F8E83020
:107C600023F4E0230B43C2F8E83023685F033BD5DD
:107C7000484BD3F89420500757D44FF00108D3F85D
:107C8000942042F00402C3F89420D3F8943003F017
:107C900004030193019B404FBB6A43F00103BB62A5
:107CA000FFF77EFD8146BB6AD90741D5002D6ED115
:107CB000384FD4F8BC20D7F8F03013F4407340D1DB
:107CC000344AD4F8BC10D2F8F03023F440730B439C
:107CD000C2F8F030B8F1000F06D02E4AD2F8943036
:107CE00023F00403C2F894302368D80266D5D4F890
:107CF0009C30B3F1006F00F0FC804FD8002B50D0C7
:107D0000B3F1806F00F0EF800126354656E0214A3E
:107D1000936A43F4803393629BE704F12C00FFF7EE
:107D200057FD054695E72E469FE74FF00008B2E75E
:107D3000FFF736FDA0EB09000228B4D9032635462B
:107D4000C8E79342BCD0D7F8F020D7F8F03022F43F
:107D5000407143F48033C7F8F030D7F8F030D207E1
:107D600023F48033C7F8F030C7F8F010A8D5FFF738
:107D700017FD41F2883A8146D7F8F0309B079FD42F
:107D8000FFF70EFDA0EB09005045F5D9D6E72E46CA
:107D9000A0E700BF000C024600080246B3F1406FA6
:107DA000B2D1002D40F0AB80664AD4F89C10D2F8D6
:107DB000E03023F040630B43C2F8E030236819033E
:107DC00013D5D4F8982032F4805303D0B2F5005F75
:107DD00040F09780002D40F097805A49D1F8E43068
:107DE00023F440531343C1F8E43023689A0212D5B8
:107DF000D4F8A030534AB3F5804F02BF936A43F4DE
:107E000080339362D2F8E430D4F8A01023F4804396
:107E10000B43C2F8E43023681B0209D5494AD4F861
:107E2000B010D2F8E03023F440130B43C2F8E03036
:107E30002368DF0109D5434AD4F8B410D2F8E03002
:107E400023F440330B43C2F8E0302368980109D58E
:107E50003C4AD4F8B810D2F8E83023F018030B43AA
:107E6000C2F8E830236859011FD5D4F8AC30B3F517
:107E7000001F01BF334A936A43F400339362D4F87E
:107E8000AC30B3F5401F04D104F10800FFF70AFD40
:107E90000546002D3AD12B4AD4F8AC10D2F8E43084
:107EA00023F440130B43C2F8E43023681A0140D591
:107EB000D4F88430B3F1807F2AD0B3F1007F3AD078
:107EC0005BB301252368DB0009D51E4AD4F8A8104E
:107ED000D2F8E83023F400430B43C2F8E8302846D8
:107EE00002B0BDE8F08704F10800FFF7DBFC0546AF
:107EF00057E7144A936A43F40033936251E72E46DE
:107F00005CE70126354670E72E466EE72E46CCE745
:107F10000C4A936A43F400339362002DD2D1094A8C
:107F2000D4F88410D2F8E03023F040730B43C2F849
:107F3000E0303546C6E704F10800FFF7B3FC05461C
:107F4000EBE700BF000C024610B5044608B901205B
:107F500010BD437F03F0FF0213B90277FBF79CFFCC
:107F6000022363772379FBB92368144A5A61226894
:107F7000936823F01803936062792368E2B94FF0A5
:107F8000FF321A61226861699368002023F0600360
:107F90000B4393602268A169936823F080030B432D
:107FA000936001236377D3E72046D4E90212FFF7F9
:107FB00099FB0028E0D0CAE72269E2E7B71DC104B7
:107FC000034A0020136843F001031360704700BFA9
:107FD00000040340704708B5FBF700F8BDE808400F
:107FE000FAF78CBFFAF7FCBF0000000000000000A9
:107FF0000B4A1168086806C881F30B88022181F3D7
:108000001488203080F30988BFF36F8F4FF0000091
:1080100080F31188104700BFAFF30080AFF30080FA
:10802000CC960520000000000000000000000000C9
:1080300007480068006880F3088862B661B6BFF33D
:108040004F8FBFF36F8F02DF00BF00BFAFF3008021
:1080500008ED00E0EFF311804FF0500181F311883B
:10806000BFF34F8FBFF36F8F704780F31188BFF35B
:108070004F8FBFF36F8F70470000000000000000BB
:10808000EFF309801EF0100F08BF20ED108AEFF308
:108090000B82734620E9FC0F114A116808604FF00B
:1080A000500080F31188BFF34F8FBFF36F8F01F043
:1080B0002FFA4FF0000080F31188094A1168086810
:1080C000B0E8FC0F13F0100F08BFB0EC108A82F379
:1080D0000B8880F309881847AFF30080AFF3008066
:1080E000CC96052000000000000000000000000009
:1080F0001EF0040F0CBFEFF30880EFF30980044972
:10810000084700BFAFF30080AFF30080AFF30080FB
:10811000E1810008002307B50193074B1B68013379
:1081200002D0FFF797FFFEE7FFF794FF019B002BBC
:10813000FCD003B05DF804FB1CB004204FF0E0223B
:1081400000234FF47A7113619361044B1B68B3FBF6
:10815000F1F3013B536107231361704710B0042012
:108160004FF0E0234FF08052C3F8042DBFF34F8F40
:10817000BFF36F8F7047000008B5FFF76BFF044A2D
:10818000136801331360BFF34F8FBFF36F8F08BDC8
:108190001CB0042008B5084B1A6812B9FFF75AFF43
:1081A000FEE71A68013A1A60186818B9BDE8084075
:1081B000FFF75BBF08BD00BF1CB0042010B5FFF780
:1081C00049FF044600F0C6FF28B14FF0E0234FF00E
:1081D0008052C3F8042D2046BDE81040FFF745BF8C
:1081E00008B5836913F8023C022B11D14FF0E0234C
:1081F000D3F8882D42F47002C3F8882DD3F8342FB9
:1082000042F04042C3F8342FBDE80840FFF7F0BE0B
:10821000FFF720FFFEE7000010B54FF0807440E943
:108220000224184A4FF0123440F80C2C4FF003325D
:108230004FF0023C40E905244FF0013240F8203C69
:1082400040E9072C4FF010334FF011324FF0093452
:1082500040E90A324FF008334FF0073C40E90C3454
:108260004FF006334FF0053240E90E3C4FF0043337
:1082700040E910326FF0430340F8443C40F8481D99
:1082800010BD00BF158100084FF0E02310B5002499
:10829000D3F8202D42F47F02C3F8202DD3F8202DEF
:1082A00042F07F42C3F8202DFFF748FF044B1C60CB
:1082B000FFF7BEFE01F02CF9FFF72CFF204610BDA2
:1082C0001CB0042010B5104B1A461B688342FBD328
:1082D00054681119884201BF41681046091951605C
:1082E000446801198B420DD1084909688B4204D0BA
:1082F0005B6823444360136819689042016018BFAB
:10830000106010BD1946F8E738CE042034CE0420A2
:108310002DE9F041054600F00FFF3C493C4C0B684D
:10832000FBB93C4A002056070FBF4CF250330732CE
:10833000394B22F0070218BF9B1A1344374E083BF3
:1083400023F0070370603260C3E90000981AC2E9A5
:1083500000300B60324B1860324B18604FF0004316
:108360002360276817EA05044BD16B1E0A3308D82F
:10837000680705F108020BD022F007030833934287
:1083800007D800F0A7FF63073DD0FFF763FEFEE7C5
:108390001346DFF89080D8F800609E4231D31F4A20
:1083A00015686868984201D2286880B90968A942AE
:1083B00027D02968146811606A680834D21A102A14
:1083C0000CD9E818410705D0FFF744FEFEE72A461E
:1083D0000546E6E742606B60FFF774FF00236A68BA
:1083E0000F49B61A1743104A08682B601368864273
:1083F00003F10103C8F8006038BF0E606F601360BE
:10840000BFE70024BDE72046BDE8F08134CE04205C
:1084100020CE042040CE04209091052038CE0420A8
:108420002CCE042030CE042028CE042010B50446E3
:1084300030B3144A50F8043C1268134202D1FFF7DB
:1084400009FEFEE750F8081C11B1FFF703FEFEE736
:1084500023EA020340F8043C00F06EFE0A4A54F896
:10846000043C1168A4F108000B441360FFF72AFFD5
:10847000064A136801331360BDE8104000F02ABFBC
:1084800010BD00BF20CE042030CE042024CE042016
:1084900010B50B4A0346116809B90A491160106802
:1084A00009490A4C0344091B8B4206D91CF0C4FB42
:1084B0000C2303604FF0FF3010BD1360FCE700BFDA
:1084C0009091052008AC052000000C200008000059
:1084D0000120704708B51CF0AFFB162303604FF076
:1084E000FF3008BD08B51CF0A7FB16230360FEE7AC
:1084F00070B50D4614460E46731B9C4201DC2046A7
:1085000070BDAFF3008006F8010BF5E770B50D46BE
:1085100014460E46731B9C4201DC204670BD16F8C3
:10852000010BAFF30080F5E74FF0FF3070474FF4D9
:10853000005300204B6070470120704700207047B7
:108540004FF0FF3200F10803C0E9022343600361EA
:1085500000230360704700230361704730B50C6847
:10856000631C0AD103695A684A6091608B60596044
:10857000086103680133036030BD00F1080213464F
:1085800052681568A542FAD9EDE70369D0E90112EE
:108590008A60416851605A68824204BF82685A60AA
:1085A000002202611A68013A1A601868704710B513
:1085B0000446FFF7E1FDA46BFFF7ECFDB4FA84F08D
:1085C000400910BD70B51646026C0446856B42B971
:1085D00006689EB9806801F01BF9A6600135A563A5
:1085E00070BD6EB940681CF054FB6368226C134484
:1085F000A2686360934224BF236863600020EDE7B4
:10860000C0681CF046FB226CE36851429B1A22684A
:10861000E36093423EBFA3685B18E360022EEDD196
:108620000DB1013DEAE72846D8E703461A6C084633
:1086300010B46AB1DC68996814448C4228BF196888
:10864000DC6028BFD960D9685DF8044B1CF021BB01
:108650005DF8044B704770B50446FFF78DFD94F844
:10866000455004F124066DB2002D01DD636AB3B9F3
:10867000FF2384F84530FFF78DFDFFF77DFD94F86B
:10868000445004F110066DB2002D01DD23697BB961
:10869000FF2384F84430BDE87040FFF77BBD3046CF
:1086A00000F0B0FF08B101F053F8013D6DB2DBE717
:1086B000304600F0A7FF08B101F04AF8013D6DB265
:1086C000E2E770B50E46044610B9FFF7C3FCFEE7BB
:1086D000C56B65B3036CA3FB053545BBFFF74CFDCC
:1086E000D4E90F314B432268A563D0185B1A62604E
:1086F0001A44FF23A06084F84430E26084F84530D7
:1087000066B9236933B104F1100000F07BFF08B1B2
:10871000FFF726FDFFF73EFD012070BD04F11000BC
:10872000FFF70EFF04F12400FFF70AFFF2E7FFF75F
:1087300091FCFEE737B50D461C4613B9FFF78AFCDE
:10874000FEE708B11AB121B9FFF784FCFEE7002962
:10875000FAD150230193019B502B02D0FFF77AFCF2
:10876000FEE70121002D08BF2246C4E90F0584F869
:10877000461020462260019BFFF7A3FF20469DF88C
:10878000183084F84C3003B030BD2DE9F0410D466F
:108790001746064600B3A1FB0038B8F1000F1BD105
:1087A000484310F1510F17D85030FFF7B1FD044680
:1087B00068B180F846806DB100F150030121204678
:1087C000C4E90F652360FFF77CFF84F84C702046F6
:1087D000BDE8F0810346F1E7FFF73CFCFEE713B587
:1087E00013460C4658B1884209D302220092002257
:1087F0001146FFF79FFF00B1846302B010BDFFF781
:1088000029FCFEE710B50C4640B1884206D302228F
:108810000021FFF7BAFF00B1846310BDFFF71AFC17
:10882000FEE72DE9FF410F461E460446019210B9AE
:10883000FFF710FCFEE721B9036C13B1FFF70AFC48
:10884000FEE7022E05D1E36B012B02D0FFF702FCFD
:10885000FEE700F083FF0546E0B100254FF0000879
:10886000FFF78AFCA26BE36B9A4219D23246394673
:108870002046FFF7A7FE636A1BB104F1240000F055
:10888000C1FE08B1FFF76CFCFFF784FC012004B0C7
:10889000BDE8F081019B002BE0D0FFF7DBFBFEE79A
:1088A000022EE3D0019B1BB9FFF774FC0020EEE71A
:1088B00015B902A800F010FFFFF76CFC00F03CFCBB
:1088C000FFF75AFC94F84430FF2B08BF84F844802B
:1088D00094F84530FF2B08BF84F84580FFF75AFC19
:1088E00001A902A800F004FFF0B9FFF745FCA26B54
:1088F000E36B9A420FD1FFF74DFC019904F1100090
:1089000000F044FE2046FFF7A6FE00F0E3FC48B965
:10891000FFF726FC06E0FFF73DFC2046FFF79BFE35
:1089200000F0D8FC01259BE72046FFF794FE00F0FD
:10893000D1FCBBE72DE9F843894617461E4604469D
:1089400010B9FFF787FBFEE721B9036C13B1FFF7FE
:1089500081FBFEE7022E05D1E36B012B02D0FFF76E
:1089600079FBFEE7FFF776FBA26BE36B80469A424A
:1089700001D3022E25D194F845503246494620466F
:108980006DB2A36BFFF71EFE6B1C10D1636A3BB187
:1089900004F1240000F036FE10B10FB101233B605A
:1089A00001244046FFF761FB2046BDE8F8837F2D98
:1089B00002D1FFF74FFBFEE701356DB284F8455059
:1089C000EEE70024EDE770B50D46044610B9FFF759
:1089D00041FBFEE7036C13B1FFF73CFBFEE70368C6
:1089E00023B9836813B1FFF735FBFEE7FFF732FBCE
:1089F000A26BE36B0646934220D994F845100132EE
:108A0000FF294BB2A2630FD1636A3BB104F124008A
:108A100000F0F8FD10B10DB101232B6001243046A8
:108A2000FFF723FB204670BD7F2B02D1FFF712FB1F
:108A3000FEE701335BB284F84530EFE70024EEE750
:108A40002DE9FF410E460446019210B9FFF702FBE3
:108A5000FEE721B9036C13B1FFF7FCFAFEE700F063
:108A60007DFE0546D8B100254FF00008FFF784FBD6
:108A7000A76BD7B131462046013FFFF7D6FDA7636C
:108A8000236933B104F1100000F0BCFD08B1FFF719
:108A900067FBFFF77FFB012004B0BDE8F081019B7D
:108AA000002BE1D0FFF7D6FAFEE7019B1BB9FFF7D9
:108AB00071FB0020F0E715B902A800F00DFEFFF7EA
:108AC00069FB00F039FBFFF757FB94F84430FF2BAC
:108AD00008BF84F8448094F84530FF2B08BF84F821
:108AE0004580FFF757FB01A902A800F001FEC0B9BD
:108AF0002046FFF75CFD70B1019904F1240000F0FD
:108B000045FD2046FFF7A7FD00F0E4FB08B9FFF79D
:108B100027FB0125AAE72046FFF79DFD00F0DAFBC1
:108B2000F7E72046FFF797FD00F0D4FB2046FFF75C
:108B30003EFD0028EDD0BCE7F0B585B004460191BC
:108B400010B9FFF787FAFEE7056C15B1FFF782FA57
:108B5000FEE700F003FE0646E0B12E460027FFF7D1
:108B60000BFBA36BE3B1013BA363236813B900F0D4
:108B7000DBFEA060236933B104F1100000F042FD78
:108B800008B1FFF7EDFAFFF705FB012005B0F0BDD6
:108B90003546E3E7019B002BFAD0FFF75BFAFEE7CF
:108BA000019B23B9002D58D0FFF754FAFEE716B900
:108BB00002A800F091FDFFF7EDFA00F0BDFAFFF713
:108BC000DBFA94F84430FF2B08BF84F8447094F823
:108BD0004530FF2B08BF84F84570FFF7DBFA01A989
:108BE00002A800F085FD10BB2046FFF7E0FCC0B1F5
:108BF00023683BB9FFF7C0FAA06800F0BFFD054647
:108C0000FFF7C8FA019904F1240000F0BFFC2046E8
:108C1000FFF721FD00F05EFB08B9FFF7A1FA01267E
:108C20009DE72046FFF717FD00F054FBF7E72046CD
:108C3000FFF711FD00F04EFB2046FFF7B8FC0028BF
:108C4000EDD065B1FFF798FA616A19B1236B196825
:108C5000C1F13801A06800F01DFEFFF79BFA00206B
:108C600094E72DE9F84389469046044610B9FFF78A
:108C7000F1F9FEE721B9036C13B1FFF7EBF9FEE759
:108C8000FFF7E8F9A66B0746C6B194F84450494689
:108C900020466DB2FFF7C9FC013E6B1CA66313D1E1
:108CA000236953B104F1100000F0ACFC28B1B8F115
:108CB000000F02D00123C8F8003001263846FFF724
:108CC000D4F93046BDE8F8837F2D02D1FFF7C2F911
:108CD000FEE701356DB284F84450EEE770B510B987
:108CE000FFF7B8F9FEE7B9B100230C4A1C46154658
:108CF0005668864204D105EBC403C3E900100BE0BB
:108D00001BB91668002E08BF13460134082C02F167
:108D10000802EDD1002BF0D170BD00BF9491052069
:108D200010B510B9FFF796F9FEE70023084A52F88C
:108D30003310DC00884206D10021064A42F8331085
:108D40002244516010BD0133082BF0D1FAE700BF77
:108D5000989105209491052010B5044610B9FFF7AD
:108D600079F9FEE7FFF7DCFF94F8463023B9204697
:108D7000BDE81040FFF75ABB10BD70B504460D4664
:108D80001646FFF7F9F994F84430FF2B04BF00238F
:108D900084F8443094F84530FF2B04BF002384F856
:108DA0004530FFF7F7F9A36B2BB93246294604F19A
:108DB000240000F0FFFB2046BDE87040FFF74BBCED
:108DC0002DE9F0410446FFF7D7F9324B324E1A68CD
:108DD000324F01321A603568002D4DD134601B6866
:108DE000012B1FD1B84640460135FFF7A9FB382DAE
:108DF00008F11408F7D1DFF8CC80294D4046FFF781
:108E00009FFB2846FFF79CFB2648FFF799FB264867
:108E1000FFF796FB2548FFF793FB254BC3F800802F
:108E2000244B1D60244A136801331360234A636492
:108E30001168E36A8B4288BF1360142202FB03733C
:108E40005B68211DA3609868E06041609960E36AF7
:108E50005343FA186261FA580132FA50FFF79AF94F
:108E6000174B1B689BB13368DA6AE36A9A420ED2E9
:108E7000BDE8F041FFF774B9114B1A68E36A002AA4
:108E8000D0D13268D26A9A4298BF3460CAE7BDE84E
:108E9000F08100BFF8910520CC9605206C9205204A
:108EA000449205202892052014920520FC9105206B
:108EB000409205203C920520DC910520F091052090
:108EC000EC91052058920520F8B506461A4B1B4C2C
:108ED0001D6820680F460430FFF757FB731C13D141
:108EE00097B1174B21685A688A6090682168C860FA
:108EF0002168043141602168043191602268536126
:108F00001A6801321A60F8BD2368AD195D6007D395
:108F10000C4B18682168BDE8F8400431FFF71EBB10
:108F2000094B186821680431FFF718FB074B1A68D2
:108F3000AA4288BF1D60E6E7F4910520CC96052083
:108F4000FC9105203C92052040920520D8910520F7
:108F5000064A13681968064B19B94FF0FF321A60B8
:108F600070471268D2681268F9E700BF4092052086
:108F7000D891052010B590F85D3004463BB9006BE0
:108F8000FFF754FA2046BDE81040FFF74FBA012B17
:108F9000F9D0022B02D0FFF75DF8FEE710BD00000C
:108FA00080B5104C104F114D236843B9104B1B680E
:108FB000012B01D9FFF7D4F8FAF718FCF3E7FFF714
:108FC000DBF8FB68DE68301DFFF7DFFA2B68013B3A
:108FD0002B602368013B2360FFF7DCF83046FFF786
:108FE000C9FFE1E71092052014920520F8910520B1
:108FF0006C9205202DE9F84F0D46DDE90A7A0C9CAC
:10900000960080463246A521206B99461BF0B5FD9F
:10901000D4F830B095B16B1E04F133020F3513F85C
:10902000011F02F8011F09B1AB42F8D1002384F8F7
:109030004330372F05D9FFF70DF8FEE784F8345099
:10904000F7E70025E762E764201D2565FFF783FA4F
:10905000043E04F11800FFF77EFAC7F138070BEB66
:1090600006004B464246216B2461A7616462656538
:10907000A56584F85C5020F00700FFF7CDF820606C
:10908000BAF1000F01D0CAF80040BDE8F88F70B502
:1090900086B0DDE90B5415B9FEF7DCFFFEE714B925
:1090A000FEF7D8FFFEE760260596059E602E02D0EB
:1090B000FEF7D0FFFEE72563022584F85D5004AD7E
:1090C00001950A9D02940095059EFFF793FF2046A7
:1090D000FFF776FE049806B070BD2DE9F043074611
:1090E00085B09000884616469946FFF711F9054667
:1090F00020B94FF0FF3005B0BDE8F0836020FFF7E6
:1091000007F9044698B1002380F85D300D9B056394
:1091100001930C9B324641460290009338464B46E1
:10912000FFF768FF2046FFF74BFE0120E3E72846E4
:10913000FFF77CF9DDE70000024A13680133136092
:10914000704700BFD4910520014B1868704700BFDD
:10915000F49105202DE9F84F534B1B68002B40F08C
:109160009C80524B1C6801341C608CB9504B1A68AF
:10917000126812B1FEF76EFFFEE74E4A19681068DA
:10918000186011604C4A136801331360FFF7E0FE6A
:109190004A4D00202B684A4A9C42DFF830810FD2AA
:1091A0001421D8F80030DB6A4B43D358022B454BCF
:1091B00028BF01201B68002B18BF0120BDE8F88FD5
:1091C00084463B4FDFF808E13B681B681BB94FF052
:1091D000FF332B60E4E73B68DB68DB6859688C424F
:1091E00001D22960DCE7D3F814A0D3E90261B160B1
:1091F0009E6803F104094E60DAF80410494504BF83
:10920000D968CAF80410C3F814C0DAF8001001399C
:10921000CAF80010D3F828A0BAF1000F14D0D3E98F
:109220000761B160DE6903F1180B4E60DAF80410D3
:10923000594504BF196ACAF80410C3F828C0DAF8FF
:1092400000100139CAF800101426D96ADEF800A00F
:10925000514588BFCEF8001006FB0121496899608E
:10926000D1F808A0C3F80CA0CAF80490C1F808907F
:10927000D96A714302EB0109C3F8149052F80190C6
:1092800009F1010942F80190D8F80090D96AD9F89B
:109290002C30994228BF012096E70B4A0020136822
:1092A000013313608AE700BFD4910520F4910520B3
:1092B000409205203C920520E0910520D8910520A0
:1092C0006C920520E4910520E8910520CC960520BC
:1092D000F09105202DE9F84F494C236813B9FEF7AA
:1092E000B9FEFEE7FEF748FF2368013B23602368D1
:1092F0002BB10024FEF74EFF2046BDE8F88F414A0F
:109300001268002AF5D098469E4614254FF0010CAD
:109310003D483E4C3E49DFF804B13E4F55E0C3683E
:10932000DB68D3F82890D3E90762B260DE6903F105
:10933000180A5660D9F80420524504BF1A6AC9F8C1
:109340000420C3F82880D9F80020013AC9F8002089
:10935000D3F81490D3E90262B2609E6803F1040A64
:109360005660D9F80420524504BFDA68C9F80420D1
:10937000C3F814E0D9F80020013AC9F80020DA6AED
:10938000D4F800904A4588BF226005FB021252685B
:109390009A60D2F80890C3F80C90C9F804A0C2F8FB
:1093A00008A0DA6A6A4302EB0109C3F8149051F885
:1093B000029009F1010941F80290DBF80020DE6A11
:1093C000D26A964201D3C7F800C00268002AA6D12B
:1093D0000BB1FFF7BDFD104D2C6844B101270D4EB8
:1093E000FFF7B8FE00B13760013CF9D12C60094BA2
:1093F0001B68002B3FF47DAFFEF7B2FE012479E736
:10940000D4910520F891052028920520F09105209F
:109410006C920520E4910520E8910520CC9605206A
:1094200008B518B9BDE80840FEF79ABE074B1968A1
:1094300011B1FEF70FFEFEE7FFF77EFEFFF744FDDA
:10944000FFF748FF0028EDD008BD00BFD4910520EC
:1094500038B50D46044608B9044B1C68FEF78CFE6F
:109460006565BDE83840FEF795BE00BFCC96052087
:10947000034608460BB9034B1B685B6D03B11847E5
:1094800018467047CC96052030B5002489B007AA4D
:1094900006A905A8CDE9054400F0D2FD059B079A71
:1094A0000293069B1349CDE9004313482346FFF777
:1094B000EEFDA8B100F09CFB0128054614D1FEF793
:1094C000C9FD4FF0FF320D4B21461A600C4B1D6059
:1094D0000C4B1C600C4B1868FFF7CAFFFEF7D4FE5C
:1094E0000A4B1B6809B030BD0135F9D1FEF7B2FD5A
:1094F000FEE700BFA8680208A18F0008D8910520E8
:10950000EC910520F4910520CC960520A06F02086F
:10951000F8B5194B1A68194B12B101221A60F8BD3F
:109520001427174C1A60174E01212068FFF7A0FF7F
:109530003268154907FB02F3CD58C818ADB145682C
:1095400008336D680B4445609D4204BF6B684360FF
:10955000142303FB02114B680021DB682360326097
:109560002068BDE8F840FFF783BF12B9FEF772FD2F
:10957000FEE7013ADEE700BFD4910520E491052023
:10958000CC960520F09105206C92052010B50C4674
:1095900010B9FEF75FFDFEE7054B19681831FEF7BD
:1095A000DDFF2046BDE810400121FFF78DBC00BF64
:1095B000CC96052070B50C46114610B9FEF74AFD51
:1095C000FEE70F4B42681D680029EA6196681D6836
:1095D0002E621D6805F1180575601D681B6805F190
:1095E000180595609862036803F10103036008BFE2
:1095F0002046BDE8704018BF4FF0FF30FFF764BC55
:10960000CC96052038B5C368DB6813B9FEF722FD98
:10961000FEE79A6AD3E907018160D869486051681A
:1096200003F11800814204BF196A51600021996258
:10963000116801391160224A1268002A33D1D3E936
:1096400002015A698160986848605168181D81421A
:1096500004BFD96851600021596111680139116056
:109660001849DA6A0C68A2424FF0140488BF0A60F5
:10967000154904FB021252689A609568DD606860C3
:109680009060DA6A624350185861885801308850F7
:109690000E4A1168DA6ACB6A9A4285BF01200C4BE8
:1096A0000020186038BD0B4A5168D9618C681C6273
:1096B0006060886011689A6201311160E8E700BF5C
:1096C000D4910520F09105206C920520CC960520C0
:1096D000E491052028920520034B1B680360034B8F
:1096E0001B684360704700BFE0910520F49105209E
:1096F00070B50D46044610B9FEF7ACFCFEE711B993
:10970000FEF7A8FCFEE7FEF737FD0F4B19682B6844
:109710005A1C17D00D48266800686268864208D037
:109720008A4206D8002301242B60FEF733FD204631
:1097300070BD881A8342F5D95B1A134420462B600A
:10974000FFF7CAFF0024F0E7F4910520E09105201F
:109750000122014B1A607047E4910520054B1B68FC
:1097600033B1054B1868B0FA80F0400940007047EB
:1097700001207047EC910520D4910520F8B50446EE
:10978000002831D01F4DC36A2A68D26A934230D272
:1097900082691D4E002AA1BF2A68D26AC2F138022E
:1097A0008261142202FB036342699A421DD1071DA4
:1097B0003846FEF7EAFE2B68144ADB6A1168E3625A
:1097C0008B4288BF1360142202FB03635B68A360B3
:1097D0009968E1604F609F60E36A5343F2186261E9
:1097E000F2580132F2500120F8BD2B68DB6AC362E7
:1097F000F9E72B68C06CDB6A98422CBF002001207F
:10980000F2E700BFCC9605206C920520F091052070
:1098100038B5044608B9002038BD1B4B1B6883428D
:1098200002D0FEF717FCFEE71B6D13B9FEF712FC22
:10983000FEE7C16AC26C013B91420365EBD0002B8D
:10984000E9D1051D2846FEF7A0FEE36CC3F13802FE
:10985000A2610E4AE36211688B424FF0140188BF87
:1098600013600B4A01FB03235B68A3609868E06008
:1098700045609D60E36A01204B4399186161D158AE
:109880000131D150C8E700BFCC960520F0910520EA
:109890006C92052070B5044600283DD0026D12B9C7
:1098A000FEF7D8FBFEE7C36C994238BF1946C36A7E
:1098B0008B4231D0012A2FD1184A1268824202D13C
:1098C000FEF7C8FBFEE78269154D002A4FF014022F
:1098D00002FB03534269C162A4BFC1F13801816137
:1098E0009A4219D1061D3046FEF74FFE0D4AE36A33
:1098F00011688B4288BF1360142202FB03535B681C
:10990000A3609968E1604E609E60E36A5343EA1881
:109910006261EA580132EA5070BD00BFCC96052062
:109920006C920520F0910520044B1A681AB1196851
:109930000A6D01320A651868704700BFCC96052091
:10994000914208B5416000610AD8D21A83699A42EF
:109950000DD2084B011D1868FEF700FE002008BD5F
:109960009A4201D2994202D2034B011DF3E7012032
:10997000F5E700BFCC970520D097052070B50446C9
:109980000D461646A1692B46324620462944FFF76C
:10999000D7FF00B970BDA36920461D44236A9847CC
:1099A000F0E7000070B50E4B05461B680E46DB68FD
:1099B000DC68201DFEF7E9FD94F828305A0709D528
:1099C000324629462046FFF7D9FF2046236ABDE8E4
:1099D0007040184723F0010384F82830F5E700BFF2
:1099E000D0970520F8B50546FFF7AEFB0D4E0446AF
:1099F0003368834209D90C4F3B681A6852B90B4A45
:109A0000116813603960012300E000232B6034608B
:109A10002046F8BDDB684FF0FF311868FFF7C2FF42
:109A2000EAE700BFC0970520D0970520CC97052016
:109A30002DE9F041514F524E86B03B68D3F800807B
:109A4000B8F1000F32D00024DB68D3F80080FFF7B4
:109A500073FB02A8FFF7C6FF029B0546002B3AD115
:109A600034BB40452AD3FFF735FC29464046FFF773
:109A700099FF0022306802A9FEF7E2FF0028DCD03F
:109A8000029B0498002B29DB049C63696BBB01A833
:109A9000FFF7A8FF029B0546013B082BE9D8DFE84A
:109AA00003F028284B526528284B52000124CEE7AA
:109AB000344B1B681C68B4FA84F46409224630688D
:109AC000A8EB0501FFF759F9FFF704FC0028D0D1F6
:109AD000FEF746FBCDE7FFF7FDFBCAE7039B0599C1
:109AE0009847029B002BC4DBCEE7201DFEF74DFDFF
:109AF000CDE794F82830A16943F0010384F82830B9
:109B0000039B024619442046FFF71AFF0028B0D0F5
:109B100094F8283059070AD5A36903992A462046A4
:109B20001944FFF72BFF2046236A9847A1E723F04B
:109B3000010384F82830F6E794F8283023F0010375
:109B400084F8283095E794F8283043F0010384F82E
:109B500028300399A16111B9FEF77CFAFEE70346AC
:109B6000024601442046FFF7EBFE82E794F82830D6
:109B70009A07E3D42046FEF759FC7AE7D0970520F0
:109B8000C8970520CC970520F7B5114CFEF7F4FADD
:109B90002568BDB90F4F104E3846FEF7D1FC304650
:109BA000FEF7CEFC0D4B10211F600D4B0A201E60EE
:109BB0000C4A0D4B0095FEF7BDFD206010B10B491E
:109BC000FFF78CF803B0BDE8F040FEF7E3BA00BF42
:109BD000C8970520E8970520D4970520D097052041
:109BE000CC97052020970520D0960520AD68020867
:109BF00010B588B0FFF7C8FF0F4B1B68B3B1002446
:109C000007AA06A905A8CDE9054400F025FA059B99
:109C1000079A0293069B094901930223084800937F
:109C20002346FFF734FA074B186010B9FEF712FA13
:109C3000FEE7012008B010BDC8970520B2680208F1
:109C4000319A0008C497052010B5EFF3058414B1CC
:109C50000124204610BDFFF781FD0128F9D0EFF364
:109C60001083002BF4D1EFF31184003C18BF0124C2
:109C7000EFE708B54FF0E0231B69FFF76FFD012800
:109C800003D0BDE80840FEF799BA08BD08B5FFF754
:109C9000DBFF48B9FFF762FD0128034607D1054AFB
:109CA000106820B9136008BD6FF00500FBE74FF0A6
:109CB000FF30F8E7BC9E052010B5FFF7C5FF04464E
:109CC00078B9FFF74BFD01280ED1094B1A68012A1C
:109CD0000AD1084AD47702221A60FFF7D5FB204642
:109CE00010BD6FF00500FBE74FF0FF30F8E700BF55
:109CF000BC9E052000ED00E00023F0B587B00646CD
:109D00000F4614460593FFF79FFFD8B9D6B1002C34
:109D10002FD0A569002D08BF18256B1E372BAE4626
:109D200011D86368DB070ED4636973B19A082168A0
:109D3000D4E902C0BCF1000F09D05F2802D9206924
:109D400000B1DBB9059807B0F0BD8022EFE700282D
:109D5000F8D12369002BF5D105ABCDE900E33046FE
:109D60003B4692B2FFF7B9F901281CBF00230593C7
:109D7000E8E721464FF0180E8022EDE7CDE9010C0F
:109D80003B4630460095FFF782F90590DAE710B5BB
:109D90000446FFF759FF28B914B12046FFF740FBEE
:109DA000002010BD6FF00500FBE773B504460E46BA
:109DB0001546FFF749FF40B93CB1B44205D355B150
:109DC000D5E902322BB14F2A25D80024204602B013
:109DD00070BD002AF9D1012C08D020463146FEF78B
:109DE00011FD04460028F0D075B9EFE703220021E9
:109DF0000120FEF7CAFC17E020461A463146FEF75E
:109E0000EEFC04460028E0D029680029DED0204678
:109E1000FEF764FFDAE7012CEED10322014600923F
:109E200002462046FEF786FC04460028CDD0002ED0
:109E3000DAD000231A461946FEF7F3FC0128D3D0E6
:109E40002046FEF789FFC0E737B50C46054618B92E
:109E50006FF0030003B030BDFFF7F6FEB8B1002C81
:109E6000F6D12146284601AA0194FEF7FAFE012800
:109E700002D06FF00200EDE7019B0BB90020E9E78B
:109E80004FF0E0234FF08052C3F8042DF6E721464F
:109E90002846FEF751FE0128F0D0002CE9D06FF0E3
:109EA0000100D7E713B5044608B3FFF7CDFE03461C
:109EB000A8B10023204601A90193FEF784FD0128E3
:109EC00003D06FF0020002B010BD019B2BB14FF028
:109ED000E0234FF08052C3F8042D0020F3E7024640
:109EE00001462046FEF79DFC0128F6D0E9E76FF019
:109EF0000300E8E7F7B505460E461446FFF7A4FE53
:109F000018B10025284603B0F0BD002DF9D0002E71
:109F1000F7D01CB3D4E90232C3B14F2AF1D9226978
:109F2000002AEED006FB05F167698F42E9D3009065
:109F300031462846FEF7FEFB05460028E1D02168A1
:109F40000029DFD02846FEF7C9FEDBE7002AD8D17A
:109F50002369002BD5D16369002BD2D1284600227A
:109F60003146FEF712FC05460028CAD0002CE6D187
:109F7000C8E773B51C4605460E46FFF765FE034667
:109F8000D0B13DB336B32CBB23463146284601AA97
:109F90000194FEF7CFFC012803D06FF0020002B05D
:109FA00070BD019B0BB90020F9E74FF0E0234FF0A3
:109FB0008052C3F8042DF6E765B15EB12246314602
:109FC0002846FEF72EFC0128EDD0002CE5D06FF0DE
:109FD0000100E4E76FF00300E1E773B505460E46C4
:109FE0001C46FFF731FEC8B135B32EB324BB314652
:109FF000284601AA0194FEF734FE012803D06FF031
:10A00000020002B070BD019B0BB90020F9E74FF0D0
:10A01000E0234FF08052C3F8042DF6E765B15EB13E
:10A02000224631462846FEF70BFD0128EDD0002CD4
:10A03000E5D06FF00100E4E76FF00300E1E7000016
:10A04000034B0360034B0B6080231360704700BF1A
:10A050005C9E05205C9C0520034B0360034B0B605A
:10A060004FF4807313607047FC9B0520FC9705201C
:10A07000DFF834D0002103E00C4B5B58435004312F
:10A080000B480C4B42189A42F6D30B4A02E00023CD
:10A0900042F8043B094B9A42F9D3F9F77FFB1AF0D7
:10A0A000D1FDF9F74DFCFEE700000C20807D020891
:10A0B00000B0042000B3042000B3042008AC052045
:10A0C000FEE78088704770B5036805460C465B6AFA
:10A0D000002198472B6806461B6A28469847A41B10
:10A0E000A4B2B4FBF0F070BD00238380704710B5BC
:10A0F0000446036881885B6A9847A3880133A3807C
:10A1000010BD03685B6A184770470000024A02608E
:10A1100000228280704700BFAC6F0208836A002073
:10A1200003E05A1A50429B6950410BB10028F8D005
:10A130007047002348618B61836A0BB98162704765
:10A140001A469B69002BFBD191617047002203E006
:10A1500099698162C3E90522836A002BF8D17047AF
:10A160000023836270472DE9F0411F4690F82430A8
:10A170000D46164603B13860846A23E094F8253012
:10A18000FBB1B4F9040085421BDB238981B213FAC9
:10A1900080F000B2854214DAB4F90600864210DB82
:10A1A000638982B213FA80F000B2864209DA23682A
:10A1B000B21A691AD3F8248020463B4612B209B27B
:10A1C000C047A469002CD9D1BDE8F08100220280EB
:10A1D00042808280C280704770B50D461646846A00
:10A1E00006E023682046324629465B6D9847A469FD
:10A1F000002CF6D170BD38B50D46846A05E02B6899
:10A20000214628469B689847A469002CF7D138BDA1
:10A21000704710B504462C2119F0A1FA204610BD54
:10A22000836AABB18B4207D100219A69596182627E
:10A2300002B97047996170471A469B698B4205D1F4
:10A24000996991610022C3E905227047002BF3D17F
:10A250007047836A30B40D46044611461BB930BCC2
:10A2600003681B6E18470DB1AB4203E09361A26215
:10A2700004E09D4204D19A698A6199614C6102E0CF
:10A280009B69002BF5D130BC704700232DE9F043CA
:10A290009C468D6A1F469E4619461A461E461C4617
:10A2A000038043808380C3803BE0B5F90890B9F117
:10A2B000000F35DDB5F90A80B8F1000F30DD002C54
:10A2C000B5F90460B5F9063001DD002A04DC314639
:10A2D0001F4642464C461FE0B1428C46A8BFB446DA
:10A2E0009F42BE46A8BF9E4621443A444E44434442
:10A2F00009B212B236B21BB2B142ACBFCCEB010410
:10A30000CCEB06049A42ACBFCEEB0201CEEB0301CC
:10A3100077460AB2614624B201239E469C461E46F9
:10A32000AD69002DC1D103B14780BEF1000F00D04F
:10A330000180BCF1000F00D0C28006B18480BDE86E
:10A34000F08300002DE9F04F694C9FB02468289DF0
:10A3500094F84D8000242C80299D06462C801C609A
:10A36000CDE901120393FFF7FEFEB8F1030F40F3AE
:10A37000BC8031460AA808F0CBF8039BD3F80090C4
:10A38000B9F1000F21D049460EA808F0C1F8019B91
:10A39000BDF92840BDF938201C44BDF93C30BDF959
:10A3A0003A1003EBD37302EB6303E41A029ABDF98C
:10A3B0002A301344BDF93E2002EBD27201EB620257
:10A3C0009B1A5B4304FB043401E04FF0FF3403238A
:10A3D000B8F10C0FDCBF08F1FF32B2FBF3F3454FCD
:10A3E0000EAD00930FCF0FC50FCF0FC50FCFC246D5
:10A3F0000FC597E80F00002785E80F00009B4FF07E
:10A40000000BBAFBF3F307F001050EAA9BB201376C
:10A4100002EB45150493049B296811FB03F18BB2F1
:10A420000593019B13FA81F1B6F9043009B2994200
:10A4300050DB328913441BB299424BDA049B6A68A1
:10A4400012FB03F293B20693029B13FA82F2B6F95F
:10A45000063012B29A423DDB708903441BB29A4225
:10A4600038DA00233046099309ABFFF77CFE0999DF
:10A4700081B349452ED00CA8079108F049F8BDF9E1
:10A480003400019ABDF930C0BDF9283000EBD0701E
:10A490000CEB600013441A1ABDF936000299BDF99D
:10A4A0002A30BDF932C000EBD0700B440CEB6000D9
:10A4B0001B1A5B4302FB0233A342079909D21C46D5
:10A4C000099A03980260289A05981080299A06989C
:10A4D000108089460BF1010BBBF1040F05F1080553
:10A4E00099D1009BC2449F4288D11FB0BDE8F08F34
:10A4F000D09E0520F8570208F0B5B1F900208E88EB
:10A50000B0F900C0164436B2B44504DA8588654413
:10A510002DB2AA4205DB0023038043808380C380E1
:10A5200027E0B1F90270CC88B0F902303C4424B283
:10A53000A342F0DAC4881C4424B2A742EBDA624595
:10A54000B8BF6246BB42B8BF3B46AE42D4BFC2EBC7
:10A550000607C2EB050787804D88C9880280294419
:10A5600009B2A142D4BFC3EB0105C3EB040543808C
:10A57000C580F0BD2DE9F34190F82530A3B3846A7E
:10A5800094B3B1F90060B1F90250B1F90470B1F9B6
:10A59000068094F8253023B36846211DADF800608D
:10A5A000ADF80250ADF80470ADF80680FFF7A4FFD7
:10A5B000BDF90430002B14DDBDF90630002B10DD91
:10A5C000BDF80030A28869469B1AADF80030E288D9
:10A5D000BDF8023020469B1AADF8023023689B6814
:10A5E0009847A469002CD4D102B0BDE8F08173B5BE
:10A5F00090F825300D46164643B3846A34B394F878
:10A6000025300BB36B462868696803C36846211D73
:10A61000FFF772FFBDF90430002B15DDBDF90630E0
:10A62000002B11DDBDF80030A28869469B1AADF8F9
:10A630000030E288BDF8023020469B1AADF80230A7
:10A6400023683246DB6D9847A469D7E702B070BD36
:10A65000002070470120704773B5044603680E461A
:10A66000D3F88030014668461546984794F8A430E0
:10A670003BB1B4F90830BDF904209342ACBF0023CC
:10A680000123337094F8A5303BB1B4F90A30BDF919
:10A6900006209342ACBF002301232B7002B070BD93
:10A6A000704770472DE9F84304460F461646856A01
:10A6B00000F1380800F164090AE0454507D04D452E
:10A6C00005D02B683246394628465B6D9847AD6900
:10A6D000002DF2D1B4F898301F44B4F89A30A4F8A1
:10A6E00098701E44A4F89A60BDE8F883704710B5CE
:10A6F00004460C2119F033F8204610BD10B504466D
:10A70000102119F02CF8204610BD10B50446BC21CC
:10A7100019F025F8204610BD002370B586B08DF8DD
:10A7200002308DF8033003680C46D3F888300DF101
:10A7300003020DF10201054698479DF802300BB166
:10A74000237933B19DF80330002B69D02379012B95
:10A7500066D1B4F90620B5F99C30002AB8BF524240
:10A7600012B293425CDCAB8EB5F8BA109342A8BF2C
:10A7700013461BB2052BB8BF0523B5F8B8205A43C2
:10A78000B2FBF1F2A5F8A820B4F90610043B0029A9
:10A790004FF6FF71C8BF012113FB01F303EBC303A5
:10A7A000DB001BB2002BA5F8AC30B8BF5B4292B205
:10A7B0001BB29A42A8BF1A46A5F8A82022792B6896
:10A7C000012A2946D3F8803004D101A89847BDF961
:10A7D000063003E003A89847BDF90C300126A5F820
:10A7E000AA3085F8B06006F045FC2946043006F032
:10A7F00015FD2379D5F8900085F8363080B195F8AD
:10A80000B6306BB9074AADF81230039202220593B5
:10A810008DF81020036803A95B6C984785F8B66033
:10A8200006B070BD7070020870B490F825603EB13B
:10A8300090F824600EB1186002E070BCFFF793BC82
:10A8400070BC704773B590F8B0300446002B4CD004
:10A85000B0F8AE00B4F8A830013080B29842A4F845
:10A86000AE0036D8B4F9AC20B4F9AA1008F0C1FD96
:10A87000C307054606D500284FF6FF73C8BF01235E
:10A8800003441DB294F83630012B0AD023682146C8
:10A890006846D3F880309847BDF80060AE1B36B2EA
:10A8A00000E0002694F836204AB123682146D3F808
:10A8B000803068469847BDF80230ED1A2AB2236806
:10A8C00031462046D3F89030984784F8B00060B9FC
:10A8D00002E0002384F8B03006F0CCFB21460430BF
:10A8E00006F0EDFB0023A4F8AE3002B070BD0028E6
:10A8F00004DD0029CCBF00200120704701207047F3
:10A9000000232DE9F04304468BB08DF806308DF816
:10A9100007300368B1F90660B1F90870B1F90A901F
:10A92000B1F90C800D46D3F888300DF106010DF118
:10A9300007029847D4F89010002956D0A14254D06D
:10A9400002A807F0E5FD214604A807F0E1FDBDF8E7
:10A950000820BDF81030E9889B1AB4F8B220BDF881
:10A96000120013449AB211FA83F3BDF80A10B5F835
:10A9700008C0401AB4F8B4101BB2084481B21CFAE3
:10A9800080F09DF806C000B2BCF1000F04D1B5F80C
:10A990000AE0724412B200E01A469DF807E0BEF1E8
:10A9A000000F40F0C180B5F80CE0714409B2BCF171
:10A9B000000F00F0BE80884201D116E00146DFF8AA
:10A9C0008CC1ADF82000CDF818C04FF0000CD4F8C1
:10A9D0009000ADF824108DF81CC0ADF81E30ADF815
:10A9E0002220036806A9DB6C984794F8A330D4F8BA
:10A9F0009000002B60D1B5F80AC0AB89B4F8B21052
:10AA0000B4F8B4209DF8065001EB0C0902EB0308E2
:10AA1000B4F89E60B4F8A0700FFA89F90FFA88F8BC
:10AA200085B1ACEB060C0FFA8CFCBCF1000FB4F94D
:10AA30009C50B8BFCCF1000C0FFA8CFC6545ACBF44
:10AA4000002501259DF807C0BCF1000F09D0DB1BD4
:10AA50001BB2002BB8BF5B42B4F99CC01BB29C4533
:10AA600000DB3DB101250E44174436B23FB284F8F5
:10AA7000A35022E0002864D094F8B630002B60D1B7
:10AA8000204604AB424649460495FFF76CFBD4F8D8
:10AA90009000049B984254D02B4BADF81E50069367
:10AAA000022308958DF81C30036806A95B6C984753
:10AAB000012384F8B63044E0002588B194F8B6301C
:10AAC00073B9214AADF81E300692022208938DF820
:10AAD0001C20036806A95B6C9847012384F8B630F4
:10AAE00094F8A41059B1A9EB060109B23DB10029AF
:10AAF00004DC14BF4FF0FF31002100E0012194F885
:10AB0000A5205AB1A8EB070212B23DB1002A04DC1D
:10AB100014BF4FF0FF32002200E0012223682046DC
:10AB2000D3F8903098470CE0BCF1000F7FF45DAF94
:10AB300003E09A427FF443AF3DE79A427FF43EAF91
:10AB400053E70BB0BDE8F083707002088470020810
:10AB50002DE9F843B1F90480B1F9067003460A46BD
:10AB600040463946FFF7C3FE00283CD1B3F90490B4
:10AB7000B3F906104846FFF7BAFEB2F9004050B1EB
:10AB80001C80B2F902105980B2F904109980B2F910
:10AB90000620DA8027E0B3F90000B2F90220B3F909
:10ABA0000250A0428446A8BFA44695422E46A8BFA4
:10ABB0001646484444440D443A4400B224B22DB2EF
:10ABC00012B2A3F800C05E80A042ACBFCCEB000C78
:10ABD000CCEB040C9542ACBFC6EB0506C6EB0206F7
:10ABE000A3F804C0DE80BDE8F88337B50446002230
:10ABF000B1F90850B1F90A000B682280D3F88C3003
:10AC00006280E080A5806846984720466946FFF745
:10AC10009FFF204603B030BDF8B5002304468D6A7F
:10AC2000038043808380C38001F1380701F164060B
:10AC30000BE0BD4208D0B54206D095F825301BB1D7
:10AC40002046291DFFF784FFAD69002DF1D1204674
:10AC5000F8BD000030B50025C0E90355C0E9055531
:10AC6000C0E907558580C5804FF480758584054D02
:10AC7000836205609DF80C50018180F82650428166
:10AC800030BD00BF987302084FF4807373B583849E
:10AC9000244B002503604FF400737826838511222E
:10ACA0004FF0FF330446C0E90155C0E90355C0E940
:10ACB0000555C0E90755856280F82E6003638286DA
:10ACC00080F836502A46294600963830FFF7C2FFF2
:10ACD0000096236B2A46294604F16400FFF7BAFF69
:10ACE0000523C4E92735104B2046C4E92935FA3B32
:10ACF000C4F8B8300123C4E92455C4F89850C4F806
:10AD0000AC5084F8B050A4F8B250A4F8B45084F811
:10AD1000B65084F85D5084F8895084F8243002B02D
:10AD200070BD00BF9870020801010100F7B5002650
:10AD300091F8A43005460C46068046808680C68081
:10AD4000002B43D00B686846D3F88030984794F8BE
:10AD5000A53063B1BDF90620B4F90A309A4207DD87
:10AD600094F82C3094F82D6006EB430600E01E4664
:10AD7000BDF904C0B4F90870BC4527DDBDF9003049
:10AD800094F82C105A4263441BB2DB1B7A437B437A
:10AD900092FBFCF293FBFCF306EB4106B81B134459
:10ADA00094F82D60C31AB3EB460F4FEA460705DA55
:10ADB000FB1A534393FBF0F3D21A3B466089771892
:10ADC000C01B114429806880AB80EE80284603B008
:10ADD000F0BDF7B5002691F8A53005460C46068073
:10ADE00046808680C680002B43D00B686846D3F827
:10ADF0008030984794F8A43063B1BDF90420B4F9C9
:10AE000008309A4207DD94F82C3094F82D6006EB58
:10AE1000430600E01E46BDF906C0B4F90A70BC4501
:10AE200027DDBDF9023094F82C105A4263441BB25E
:10AE3000DB1B7A437B4392FBFCF293FBFCF306EBB8
:10AE40004106B81B134494F82D60C31AB3EB460FA8
:10AE50004FEA460705DAFB1A534393FBF0F3D21A85
:10AE60003B4620897718C01B114428806980AE803A
:10AE7000EB80284603B0F0BDF8B50E46002104462D
:10AE8000018041808180C180B2F90610B2F90400CE
:10AE9000FFF72DFD0546B0B9B3F90610B3F904006C
:10AEA000FFF725FD96F82C1096F82D7008B907EBE2
:10AEB00041053389B2F90220A3EB41035B1B2180DA
:10AEC0006280A380E7802046F8BDF8B50E460021D9
:10AED0000446018041808180C180B3F90610B3F936
:10AEE0000400FFF704FD0546A8B9B2F90610B2F94F
:10AEF0000400FFF7FCFC96F82C1096F82D7008B9AA
:10AF000007EB410572891B88A2EB4102521B23808B
:10AF10006180A780E2802046F8BD70B504468AB003
:10AF2000014602A8FFF702FF214604A8FFF751FFE0
:10AF3000214604AB02AA06A8FFF79EFF04AB02AAB3
:10AF4000214608A8FFF7C1FFBDF91A20B4F93E3029
:10AF500004F138069A4202DA304607F042FABDF9A7
:10AF60002020B4F9683004F164059A4202DA2846D8
:10AF700007F037FABDF90E303046BDF90A20BDF9A9
:10AF800008100093BDF90C30F5F7C9FBBDF9163078
:10AF90002846BDF91220BDF910100093BDF91430F8
:10AFA000F5F7BDFB0023B4F908006289BDF91E1056
:10AFB000ADF81830ADF81C00ADF82620ADF8223001
:10AFC000FFF795FC20B9236820461B6906A998471E
:10AFD000BDF92610BDF92400FFF789FC20B92368CC
:10AFE00020461B6908A998470AB070BD70B50B7957
:10AFF00004460D468AB0002B66D1012280F8A220BB
:10B0000090F8B0204AB180F8B030A0F8AE3006F029
:10B0100031F82146043006F052F8234653F8B42B99
:10B020002046019304F1B2030093966FB5F9061020
:10B0300004F19003B5F90820B047D4F890309C4251
:10B0400004BF0023C4F89030D4F89010002972D0C7
:10B05000002684F8B660B5F9063003A8A4F89E303F
:10B06000B5F90830A4F8A03007F052FA214605A837
:10B0700007F04EFABDF80C30BDF81420BDF80E00F4
:10B08000D21AB4F8B23029791A44EB888DF820101E
:10B090001A44BDF81630ADF822201B1AB4F8B400DB
:10B0A000ADF826600344288907A903443048ADF869
:10B0B00024300790D4F8900003685B6C9847D4F86C
:10B0C0009030C4F8943036E0022B4FD0D0F8901076
:10B0D00061B303A807F01CFA214605A807F018FA87
:10B0E000BDF80C30BDF81420BDF80E00D21AB4F82B
:10B0F000B23029791A44EB888DF820101A44BDF833
:10B100001630ADF822201B1AB4F8B40007A9034486
:10B1100028890344ADF8243000231548ADF82630C3
:10B120000790D4F8900003685B6C98470023C4E94B
:10B13000243384F8A230002394F8A22084F8A330AA
:10B1400012B194F8A6300BB994F8A73084F85D30AA
:10B1500012B194F8A6300BB994F8A730204684F8C1
:10B1600089300AB0BDE87040FFF7D7BE0AB070BDA5
:10B170007070020851EA020373B506460C46154684
:10B1800001D1002051E003680146D3F880306846C1
:10B190009847BDF90430B6F90820934215DD002C1C
:10B1A00007DDBDF900301A19002A0FDD5B421CB221
:10B1B0000CE00BD0BDF800100B4499B204FA83F3F5
:10B1C000934203DA521A14B200E00024BDF90630AB
:10B1D000B6F90A20934225DD002D07DDBDF90230C6
:10B1E0005A19002A12DD5B421DB20AE01AD0BDF8DE
:10B1F00002100B4499B205FA83F3934206DA521A0D
:10B2000015B254EA050301D1BBE7002533682A468D
:10B2100021463046D3F8843098473046FFF77DFE0C
:10B22000012002E0002CF0D1ABE702B070BD13B5F5
:10B2300003680146D3F88C30044668469847BDF948
:10B240000230002B01DD1A460DE0BDF80620B4F9EE
:10B250000A101A4412B2914204DD521A9A42B8BF3F
:10B260001A4600E00022BDF90030002B0EDCBDF8CC
:10B270000410B4F90800194409B2884204DD091A1F
:10B280008B42B8BF0B460BB952B100235942236819
:10B2900052422046D3F8843012B209B2984702E0F5
:10B2A00094F8A7302BB1204602B0BDE81040FFF75C
:10B2B00034BE02B010BDF8B50446064625460F461A
:10B2C00056F8383B31465B6E984755F8643B20464C
:10B2D0005B6E2946984739462046FEF72AFF3146DD
:10B2E0002046FEF726FF29462046FEF722FF94F867
:10B2F000A73023B12046BDE8F840FFF70EBEF8BDE9
:10B3000001630166C0F88C10704780F82E1080F839
:10B310005E1080F88A10704713B50368D3F8B44004
:10B320000023CDE900336B46A04702B010BD0123D6
:10B3300080F84F3080F871307047012380F84F302B
:10B3400080F871307047012243685A724068036880
:10B350001B691847406803689B68184730B58BB075
:10B360009DF85850046809959DF8545008959DF82B
:10B3700050500795BDF84C5006959DF848500595DE
:10B380009DF844500495BDF840500395BDF83C50DD
:10B390000295BDF83850CDE900351346246C0022E3
:10B3A000A0470BB030BD0000044B1B7823B190F8D0
:10B3B000720080F00100704701207047C49E052094
:10B3C00010B50446406803689B68984794F871304C
:10B3D00013B1012384F8723010BD10B50446F7F79D
:10B3E00097FCF8F7FDF860680368DB689847E06849
:10B3F00003689B68984723682046BDE810409B6F10
:10B400001847044608B50368D3F884309847236882
:10B41000DB6F2046984794F84C30022B01D0F7F7A9
:10B42000C3FC23685B6FF4E77FB503680446D3F879
:10B43000C03098475E4E002800F0A98094F84C3048
:10B44000022B02D00120F8F7CDF8002594F86E30D9
:10B4500084F84F5084F86F3094F87D3084F86E5043
:10B4600033B123682046D3F8D430984784F87D5010
:10B47000012594F84E30626883F0010353723570F1
:10B4800005F0F8FD03685B6B984794F86F300BB9D3
:10B4900084F86F5005F0EEFD03685B699847206EF5
:10B4A00003681B69984794F86F3094F87020013B4B
:10B4B000DBB284F86F300AB1002BEBD13D4A94F92E
:10B4C0006C10137801335BB29942137014DC0023C3
:10B4D000E0681370036803AADB6802A99847236831
:10B4E00030B1DDE902122046D3F8CC30984703E0B2
:10B4F0002046D3F8D0309847002360698DF8073094
:10B5000058B103680DF10701DB68984728B1206E38
:10B510009DF807100368DB68984704F1200017F0D6
:10B52000FBFA94F8743043B3206903681B699847A9
:10B53000A36F054603B91FE01F4AC31A93421CD9E3
:10B54000206903689B6998476422A36FEB1AB3FBD9
:10B55000F2F3B0FBF3F3002B04DD632B04DCD31A0E
:10B56000DBB202E0134600E00023206984F86D306E
:10B5700003680021DB699847A56723682046D3F854
:10B58000E030984705F076FD03689B6B9847236889
:10B590002046D3F8C430984794F84C30022B02D0A0
:10B5A0000120F8F73DF80023337004B070BD00BFF0
:10B5B000C19E0520C09E052000E1F50510B504469A
:10B5C000F7F7D6FB002263689A7210BD016620303F
:10B5D00017F0A0BA10B5044686B004A8CDE904124D
:10B5E00005F04AFB049B0DF10E01ADF80C30059BF4
:10B5F00003A8ADF80E3005F097FB94F87310BDF872
:10B600000C20BDF80E3004F1200049B10093B4F8CD
:10B6100064101346B4F8682017F08CFA58B104E0AF
:10B6200017F0CAFA012384F87330BDF90C30636651
:10B63000BDF90E30A36606B010BD10B5002B49D081
:10B6400081EA0200C40709D50B44013A03E012F86D
:10B65000010F01F8010B8B42F9D83BE0D00742BF44
:10B6600012F8010B03F1FF3301F8010B012B17D97D
:10B6700081EA0204A407104629D023F001040C44F7
:10B6800003E01288023021F8022B8C420246F8D8DF
:10B6900003F0010304E032F8020B023B21F8020B35
:10B6A00023F00300084403E02468043241F8044B0B
:10B6B00088421446F8D803F003030B44013A03E030
:10B6C00012F8010F01F8010B8B42F9D802E0900744
:10B6D000E1D1E5E7012010BD10B590F873300446C4
:10B6E00053B1B0F86830B0F864200121203017F071
:10B6F00063FA002384F8733010BD00002DE9F04395
:10B700000546002085B00390A8690DF10C0C066871
:10B71000CDF804C0BDF830C09946CDF800C03668F9
:10B720000C461746B047134E8046A6F80090F6F731
:10B730009FF903681B6B984710B1012807D00EE0F2
:10B740003288039B07FB0242A3EB420306E03388E7
:10B7500007FB0344039B04EB44041B1B2B64E869B5
:10B7600020B1036832881B68296C9847404605B0B1
:10B77000BDE8F083C89E05202DE9F0411A4B0D4627
:10B780001C8890F88130076CB4FBF3F40646F6F79A
:10B790006FF903681B6B9847012809D002280FD066
:10B7A000A0B96C43114B1B885C43A7EB44070DE029
:10B7B0006C430E4B1B885C4304EB44043F1B05E0C9
:10B7C00065430A4B1B885D43A7EB8507F069376427
:10B7D00038B10368054A3946BDE8F0411B68128854
:10B7E0001847BDE8F08100BFC69E0520C89E052011
:10B7F000F0B58BB0164604460D461F46F6F738F9ED
:10B8000003681B6B98479DF854202368CDE9080214
:10B810000D4A07901288294606929DF8502020462E
:10B8200005929DF84C200492BDF848200392BDF883
:10B8300044200292BDF84020CDE9007200221F6C26
:10B840003346B8470BB0F0BDC89E05202DE9F04344
:10B850001F4603688BB0D3F84080144B1646B3F8EC
:10B8600000900D460446F6F703F903681B6B9847F2
:10B870009DF858300022CDE908030223CDE9069354
:10B88000012305939DF8543029460493BDF85030A8
:10B8900020460393BDF84C300293BDF84830CDE903
:10B8A00000733346C0470BB0BDE8F083C89E052047
:10B8B0002DE9F0431F46036887B0D3F85C80114B35
:10B8C0000D46B3F8009016460446F6F7D1F8036823
:10B8D0001B6B98479DF844303246CDE904039DF830
:10B8E000403029460293BDF83C3020460193BDF814
:10B8F0003830CDF80C9000933B46C04707B0BDE808
:10B90000F08300BFC89E052010B5074B04461B7886
:10B910003BB103685B6B9847236C834201D1606C39
:10B9200000E0206C10BD00BFC49E05202DE9F04F43
:10B9300004468FB010460D4691461E4608F07CFC2A
:10B94000002800F0D08023682046DB6A98472368EF
:10B95000DFF8A4A120461B6B9847DFF8A081BAF856
:10B960000030624F0193B8F80030DFF888B10293DD
:10B970003B8807A80393BBF80030ADF81C900493F4
:10B9800008F0F2FC388007A808F022FD584B80B27E
:10B990001B78ABF800001BB93B88AAF8003002E026
:10B9A000AAF800003888A8F800004846D4E91087B3
:10B9B00008F042FC0146C4E91000E06920B10368C8
:10B9C000BAF800201B689847002228461146B5F9AE
:10B9D0000490B5F906A0F4F788FE012395F825B088
:10B9E00085F82530B6F90420B6F90630002A05F1AD
:10B9F00004020ADD002B08DD686851680AAB03C346
:10BA000031460AA8FEF778FD03E0686851680AAB82
:10BA100003C30021354B0C91B3F90020354BDDE910
:10BA20000A01B3F90030ADF83420ADF8363008AB78
:10BA300083E8030018460CA9FEF75EFD236D0BB9E1
:10BA4000002019E007A808F007FE0646206D0368ED
:10BA50001B6B98478642F3D1F6F70AF8036806464F
:10BA60009B6B07A8059308F0F7FD059B0146304640
:10BA7000984780F00100C0B2002684F85C006B6932
:10BA80002A686E6128469268059308A99047059B2D
:10BA900049466B61284684F85C60524685F825B0BB
:10BAA000F4F723FE144E019B029A3380134BC4E932
:10BAB00010871A80039A0D4B20461A80049A0D4B6A
:10BAC0001A802368DB6A9847236820461B6B9847D7
:10BAD000E56945B12B6820461F68FFF715FF3288DE
:10BAE00001462846B8470FB0BDE8F08FCC9E052030
:10BAF000C29E0520CA9E0520C89E0520C69E052020
:10BB00002DE9F0411F464FF4806300248AB0CDE94F
:10BB10000131BDF840301546ADF81830BDF844305D
:10BB2000BDF84C80ADF81A30BDF848300646ADF887
:10BB30001C3004948DF82040FFF7E6FE08FB075503
:10BB400000EB450005907068ADF81E808DF821402F
:10BB5000ADF822408DF82440036801A95B6898473E
:10BB60000AB0BDE8F0812DE9F043002498464FF477
:10BB7000006315468BB00F46BDF850900646CDE9E0
:10BB800001340494FFF7C0FE09FB0855BDF84830A6
:10BB900000EB4500ADF81830BDF84C3005907068EA
:10BBA000ADF81A30ADF81C40ADF81E90049708941B
:10BBB0008DF82440036801A95B6898470BB0BDE885
:10BBC000F083000010B59DF80C000B288EBF0024F8
:10BBD000044C245CBDF80800E40802FB001004FBE0
:10BBE000003010BD2C7102082DE9F0438DB09DF896
:10BBF0006C5004460B2D1E469DF864009DF8603085
:10BC0000BDF868909DF8708013D0022D08D1FF2BED
:10BC100004D1002814BF402020200BE0402009E080
:10BC2000FF2B04D1002814BF0420012002E00420CF
:10BC300000E0802000270592BDF85420CDE90301E3
:10BC4000ADF82020BDF858202046ADF82220BDF8E0
:10BC50005C208DF82830ADF824200697FFF754FEBD
:10BC600031460346BDF850202046CDE90098FFF745
:10BC7000A9FF9DF8743007906068ADF826908DF8A4
:10BC800029508DF82A808DF82B308DF82C700368A0
:10BC900003A95B6898470DB0BDE8F0832DE9F04F2C
:10BCA0008DB09DF860A01546BAF1FF0F0CBF0222BF
:10BCB00008229B4600238046CDE903230C46BDF8AD
:10BCC00064709DF868600693BDF85890FFF71CFEFD
:10BCD0005A46034629464046CDE90076FFF772FFF3
:10BCE0000790CEB9BAF1FF0F16D11C4B620903EAD7
:10BCF000142302F4FC621343C4F3C4041C4347EA54
:10BD000009031D43EB0758BF0226A4B25EBF7F089C
:10BD10004FEA590904EB0444BDF85C309DF86C20EF
:10BD2000ADF822300023D8F80400ADF82090ADF82B
:10BD30002430ADF8267006948DF828A08DF82B20BD
:10BD40008DF82C308DF829608DF82A60036803A9DE
:10BD50005B6898470DB0BDE8F08F00BF00F8FFFFAB
:10BD60002DE9F3411F460B4B0D46B3F800801646F4
:10BD70000446F5F77DFE03681B6B98473B46CDE90B
:10BD80000080324629462046FFF71CFF02B0BDE87E
:10BD9000F08100BFC89E0520F0B500278BB01E467D
:10BDA000BDF854300446CDE90131BDF840301546A8
:10BDB000ADF81830BDF844300497ADF81A30BDF82E
:10BDC0004830ADF81C309DF850308DF82030FFF72A
:10BDD0009BFD3246294603462046FFF7C1FF0E4B26
:10BDE00005901B88ADF81E30F5F742FE03681B6B0B
:10BDF0009847139B8DF8220004939DF858308DF8D6
:10BE0000210060688DF823308DF82470036801A943
:10BE10005B6898470BB0F0BDC89E0520F0B58DB0AB
:10BE20006B4683E80600002301250693036803950B
:10BE30005B6B0446BDF80060BDF8027098473A4657
:10BE4000314603462046FFF78BFFA36C049007930F
:10BE5000BDF80430ADF82030BDF80630ADF8223022
:10BE60000E4B1B88ADF82430ADF82630F5F700FEF8
:10BE700003681B6B9847FF238DF829008DF82A0073
:10BE800060688DF828308DF82B508DF82C500368A1
:10BE900003A95B689847A06C0DB0F0BDC89E052053
:10BEA0002DE9F0418CB06D4685E806001D46002363
:10BEB00001260693036803965B6B0446BDF8007089
:10BEC000BDF8028098474246394603462046FFF7B0
:10BED00047FFBDF804300490ADF82030BDF80630BF
:10BEE0000795ADF82230104B1B88ADF82430129B1B
:10BEF000ADF82630F5F7BCFD03681B6B9847FF23B0
:10BF00008DF829008DF82A0060688DF828308DF8AA
:10BF10002B608DF82C60036803A95B68984728465E
:10BF20000CB0BDE8F08100BFC89E0520F0B585B01B
:10BF300002AD85E806000446BDF80860BDF80A7049
:10BF4000FFF7E2FC3A46034631462046FFF708FF7A
:10BF500005492268098803460091166F204695E836
:10BF60000600B04705B0F0BDC89E052070B590F83A
:10BF700072300446FBB10220F7F770FB002384F80F
:10BF8000723084F8713023682046D3F8C850FFF728
:10BF9000BBFC01462046A847E56965B12B682046F1
:10BFA0001E68FFF7B1FC044B01461A882846334649
:10BFB000BDE87040184770BDC89E052070B50546A5
:10BFC0000C46032039B1F7F70DFB286968B1036807
:10BFD00001215B6906E0F7F723FB286928B12146B8
:10BFE00003685B69BDE87040184770BD38B590F8CC
:10BFF0007F3004468B420D4609D0036811B9D3F84F
:10C00000D83001E0D3F8DC30984784F87F5038BD51
:10C0100010B50C4B04461B7853B990F84C303BB923
:10C02000406800F031F918B16268537A002BFCD0F7
:10C03000F6F796FE20460021FFF7D8FF2046FFF7CF
:10C0400063FC10BDC49E052070B50446036819B991
:10C05000BDE87040DB6A1847002290F87F6080F8E6
:10C060007F20DB6A98470121054663682046997264
:10C0700084F87F60FFF7BAFF284670BDD0E903203F
:10C08000131A584258417047D0E903239B1A002BDA
:10C09000DCBF82689B18012BCCBF002001207047B9
:10C0A00002694368242000FB0230704703681B6963
:10C0B0001847012370B503720446406803689B6902
:10C0C000984703680546082B0AD8002B3CD0013B53
:10C0D000072B39D8DFE803F02D26381A38383820F6
:10C0E000B3F5007F25D00AD8802B22D003D8202B8F
:10C0F0001FD0402B01E0B3F5807F1AD024E0B3F5C8
:10C10000806F16D0B3F5006F0CD01DE02368017F5F
:10C110009B6B2046984710E02368017F9B6B20466D
:10C12000984703E023682046DB6B984723685B6BE6
:10C1300005E023682046DB6B984723681B6B294684
:10C140002046BDE87040184770BD70477047704783
:10C15000D0E903239B1A002B10B5DCBF84681B19A0
:10C16000012B16DD2424436804FB023301F1200275
:10C1700051F8044B914243F8044BF9D10A781A70F4
:10C18000C368826801339A42D8BF9B1ABFF35B8FA2
:10C19000C36010BD0369826801339A42D8BF9B1AFD
:10C1A000BFF35B8F0361704770B504460E4660684D
:10C1B00003685B6898470028F9D10D4D286803682B
:10C1C000D3F880309847F6F7D9FD28680121FFF7AA
:10C1D0000DFF6068314603689B68984723682046D6
:10C1E000DB6A98472868BDE870400368DB6F184732
:10C1F000D09E052008B5F6F7B3FDBDE80840F6F778
:10C20000B7BD70B50446406803681B68984705468B
:10C2100030B9237A23B1606803685B699847257257
:10C22000606803681B68984728B923682046BDE802
:10C2300070405B6A1847BDE87040F6F7A7BD10B5BF
:10C240000446142117F08BFA204610BD10B50446A1
:10C25000406803681B68984748B9637A3BB1237A02
:10C260002BB923682046BDE810405B6A184710BD13
:10C2700010B582600022034CC0E90322C0E90041EE
:10C2800010BD00BF40710208406803681B68184772
:10C2900030B5194DF72A05FB01F1184D9DF80C40FA
:10C2A00005FB0011164881EA613100FB01F181EACA
:10C2B000214108B29CBF00F00700121889B298BF54
:10C2C000D2B2FB2B9EBFC1F3C1001B18DBB20D48DD
:10C2D000F72C98BFC1F342114FEAC30398BF091965
:10C2E00000EA022003F4FC6398BFCCB2184340EA92
:10C2F000D40080B230BD00BF2FEBD427B1675616F3
:10C30000619FF14B00F8FFFF2DE9F04F054695F8CE
:10C31000118087B01846BDF94090BDF944609DF882
:10C3200048B001EB4204B8F1000F00F09F80B5F96E
:10C33000083095ED087A4B45EA6808DBB5EEC07A1F
:10C34000F1EE10FA40F6FC73C8BF00230BE0B5F91C
:10C350000A1049450BDCB5EEC07AF1EE10FA40F652
:10C36000FC73D8BF00234FF00008D25814E0A9EBAB
:10C37000030307EE903AF8EEE77A67EE877AB5EEB8
:10C38000C07AFDEEE77AF1EE10FA17EE903AD8BFD8
:10C3900003F2FF339B00D2582B7C4FEA122A51093B
:10C3A0000AF4784C01F4FC61C2F3C40E04EB4607B6
:10C3B0002BB3BBF1FF0F22D1B8F1000F04D14CEA2F
:10C3C00001014EEA010117E006465FFA82F85FFAC2
:10C3D0008AFAC2F307450AE0304653462A464946E0
:10C3E000CDF80080FFF754FF013624F8020BBC4261
:10C3F000F2D3E6E124F8021BBC42FBD3E1E1120ECA
:10C4000002FB0BF2531CC2F30F2212FA83F210123A
:10C4100082F47F4200FB0CFC4143FF2500FB0EF041
:10C42000C94EC2F307221EE0B4F800E00EEA06038C
:10C430000EF4FC6802FB03C302FB08180EF01F0E8B
:10C4400002FB0E0EB3FBF5F3B8FBF5F8BEFBF5FEF1
:10C45000334008F4FC6843EA08030EF01F0E43EA79
:10C460000E0324F8023BBC42DED3AAE1AB7C33B11D
:10C47000B5F9083007EE103AB8EEC77A16E007EEC5
:10C48000909A95ED067AF8EEE77AD5ED056A77EEA3
:10C49000C77A87EEA67AD5ED087AF5EEC07AF1EE86
:10C4A00010FA44BFD5ED077A37EE677A07EE900AA7
:10C4B000F8EEE76AF4EEC76AF1EE10FA07467AD8AA
:10C4C000F7EE007A77EE277A77EEE67A06EE906A54
:10C4D000F8EEE66AF4EEE67AF1EE10FA44BFFDEE0D
:10C4E000E77ACDED027AD5ED087AF5EEC07A58BF3D
:10C4F0000296F1EE10FA40F6FC72C8BF0022EB681B
:10C50000297C9B58029A4FEA132E04EB42085A09E1
:10C510000EF4784E02F4FC62C3F3C40C61B1BBF1BB
:10C52000FF0F09D14EEA020E4CEA0E0E01E024F88C
:10C5300002EB4445FBD33CE01B0E03FB0BF3591C01
:10C54000C3F30F2313FA81F10B1203FB0EF75A43C7
:10C5500003FB0CF381F47F414FF0FF0EDFF8E8A1FD
:10C56000039704920593C1F3072120E02288039BDF
:10C57000049F02EA0A0C01FB0C3C02F4FC6301FB81
:10C580000373059F02F01F0201FB0272BCFBFEFC5D
:10C59000B3FBFEF3B2FBFEF20CEA0A0C03F4FC63FD
:10C5A0004CEA030302F01F02134324F8023B444504
:10C5B000DCD3029F0744064436B2BE4240F30181F9
:10C5C000D5ED077A06EE907A77EE277AF8EEE66AEE
:10C5D000F4EEE76AF1EE10FA40F1908006EE106A90
:10C5E000B8EEC66AB4EEE76A95ED086AF1EE10FAA5
:10C5F000B5EEC06A56BFFDEEE77AB04617EE908AF8
:10C60000DFED525AF1EE10FADFED517A76EEC76A9D
:10C610002B7CA8EB070777FEA57AE6EE267A04EBDB
:10C62000470723B94FF0FF09DFF81CE161E0BBF1D8
:10C63000FF0FF7D115E0BDEEE77A17EE100AEB68B1
:10C64000494653F82020D3B20093C2F30723C2F324
:10C650000742FFF71DFE24F8020B95ED087A77EEEE
:10C66000877ABC42E7D346E0BDEEE77A17EE102AA0
:10C67000EB6853F822C022884FEA1C6303FB0BF3DC
:10C68000591CC3F30F2313FA81F14FEA212A6FEAF1
:10C69000212102EA0E00C9B248430EEA1C239BB2D4
:10C6A0000AFB0300B0FBF9F000EA0E0302934FEA25
:10C6B0005C1303F4FC63184602F4FC634B4302F082
:10C6C0001F024A430AFB0033CCF3C40C0AFB0C22C2
:10C6D000B3FBF9F3B2FBF9F2029803F4FC630343F2
:10C6E00002F01F02134324F8023B95ED087A77EE1F
:10C6F000877ABC42B8D3464563DD00E0B846D5ED45
:10C70000087AF5EEC07AF1EE10FA40F6FC73D8BF65
:10C710000023EA68297CD358A6EB08061A0A5809B0
:10C7200004EB460602F4784200F4FC60C3F3C4074D
:10C7300081B1BBF1FF0F0DD102433A4301E024F870
:10C74000022BB442FBD33CE000F8FFFFFEFF7F4426
:10C75000000000001B0E03FB0BF3591CC3F30F2357
:10C7600013FA81F10B1281F47F4103FB07F55A4361
:10C77000FF275843DFF850C0C1F307211FE0B4F88A
:10C7800000E00EEA0C030EF4FC6801FB032301FB3E
:10C7900008080EF01F0E01FB0E5EB3FBF7F3B8FBAB
:10C7A000F7F8BEFBF7FE03EA0C0308F4FC6843EA63
:10C7B00008030EF01F0E43EA0E0324F8023BB442B6
:10C7C000DDD307B0BDE8F08F00F8FFFF704770477A
:10C7D00010B50446242116F0C2FF204610BD00000B
:10C7E000064B4A0903EA112302F4FC62C1601343B9
:10C7F000C1F3C4010B430382704700BF00F8FFFF81
:10C80000A0F10800ECE700BF08B5054B1868036805
:10C81000D3F8AC309847431E5842584108BD00BF7A
:10C82000D09E052070470838704730B40C46154636
:10C83000038ABDF90C100293C2689DF8103004EB16
:10C84000450030BCF6F7FCB9F6F7EEB910B5044672
:10C85000142116F084FF204610BDA0F10800F5E772
:10C860000023C38483628385806910B103681B69D8
:10C87000184770470163704738B50B0E837703681C
:10C880000446DB6B0D469847036829469B6898472A
:10C89000236820461B6C9847A06138BD41777047DC
:10C8A00030B50D4600F134040FCD0FC40FCD0FC4C9
:10C8B0002B68236030BD10B50446031D0868496825
:10C8C00003C3136804F13400C4F826305368C4F875
:10C8D0002A300023A36106F013F9FF236377A377BF
:10C8E0004FF07E5323630123A38410BD2DE9F04351
:10C8F0002DED0A8B09EE101A08EE903A79EE687A5F
:10C90000F5EE407AF1EE10FA87B009EE902A05466E
:10C910009DED18AA9DED1CCADDED1DCA199B1B9942
:10C920009DF878601F9F026812D179EECA7AF5EE01
:10C93000407AF1EE10FA0BD103F18043013B926A89
:10C9400051F8231007B0BDEC0A8BBDE8F043104747
:10C95000FF23AB77936B28469847B5F9083005F16C
:10C9600034080446C38019EE102A19EE903A414665
:10C97000684606F080F91AEE103A18EE902A414601
:10C9800002A89DED00BADDED01BA06F074F99DED47
:10C99000028ADDED03AAB4EE48BAF1EE10FAF4EE25
:10C9A0006ABA0CBF01230023F1EE10FAB4EE48BAC4
:10C9B00063740CBF01230023F1EE10FADFF86892D4
:10C9C000A3747FD0F4EE6ABAF1EE10FA7AD078EE62
:10C9D000C98A3AEE69AA88EE8C7ACAEE2C7AECEE15
:10C9E000879AA7EECC9A19EE903A19EE102A414692
:10C9F00004A806F040F9DDED056ADDED047A76EE77
:10CA0000EB6A99F8003077EECB7A012B02BFB1EEDA
:10CA1000667AF0EE676AF0EE477AF5EE407AF1EE6C
:10CA200010FA02D10123A3744CE086EEA77ADFED61
:10CA30007A7AB4EEE77AF1EE10FA84ED057A0BD843
:10CA4000DFED767AB4EEE77AF1EE10FA04DB00233C
:10CA500063610123637435E0012B09BFB4F906203B
:10CA6000F0EE6B7A07EE902AF8EEE77A0ABF77EEDF
:10CA7000CB7AEBEE477AEBEEC77A38EE4B8A012B96
:10CA80007AEEEBAAC4ED067A02BFF1EE487AB0EE78
:10CA90006A8AF0EE67AACAEE877A38EE678A9FED57
:10CAA000607AB5EEC08AC7EE087AF1EE10FA84ED2E
:10CAB000078AC4ED087A40F1A680B1EE488A84ED79
:10CAC000078AA0E099F80020637C012A58D13BB383
:10CAD0007AEEEB7ADFED536A86EEA77AFDEEEA7A1C
:10CAE000F4EEEABA17EE903AFDEEEB7AF1EE10FAB8
:10CAF0001BB217EE902A58BF194612B25CBF1346FC
:10CB00000A4663819B1A07EE903A0023F8EEE77A13
:10CB1000637484ED087AC4ED077A012322812DE045
:10CB2000A37C002B6FD0B4F906309FED3E6A07EE70
:10CB3000903AF8EEE77A37EEC88A77EECB7A38EE9D
:10CB4000677AC6EE076ABDEEC87A17EE103ABDEEF8
:10CB5000E77AB4EEE78A17EE102AF1EE10FA1BB26C
:10CB600012B2DCBF1946134663814FF00103D8BFF0
:10CB70000A466374C4ED086A00232281A37442E06C
:10CB8000DBB13AEEEB7ADFED276AC6EE877AC4EDC9
:10CB9000087AFDEEEA7A17EE903AFDEEEB7AF4EEC3
:10CBA000EABA1AB217EE903AF1EE10FA1BB247BF8A
:10CBB000238162812281638125E0A37C1BB378EE0F
:10CBC0004B7ADFED186A86EEA77AFDEEC87AB4EEEE
:10CBD000C8BA17EE903AFDEECB7AF1EE10FA1BB21E
:10CBE00017EE902A58BF194612B25CBF13460A4688
:10CBF00063819B1A07EE903AF8EEE77A84ED087AA3
:10CC0000C4ED077A2281E7602674AC6107B0BDEC01
:10CC10000A8BBDE8F08300BF17B7D13817B7D1B87A
:10CC200000008044FEFF7F44C29E052030B52DEDFC
:10CC3000028B002585B09DED0B8ADDED0C8A0395F6
:10CC40000A9DCDED028A8DED018A0095044616F00D
:10CC5000EFFAF0EE687AFEEEED7A17EE902AF0EE3B
:10CC6000487AFEEEED7A204617EE901A23689B680C
:10CC700005B0BDEC028BBDE83040184730B52DED56
:10CC8000028B002587B09DED0F8ADDED108A05959A
:10CC90000E9DCDED048A02950D9D8DED038A0195C3
:10CCA0000C9D0446009516F093FBF0EE687AFEEEBC
:10CCB000ED7A17EE902AF0EE487AFEEEED7A2046F5
:10CCC00017EE901A23689B6807B0BDEC028BBDE895
:10CCD0003040184713B5134604460A46416F68466C
:10CCE00005F0C9FFDDED017AB0EE677ADDED007A7F
:10CCF000BEEEED7A17EE102AB0EE677ABEEEED7A50
:10CD0000204617EE101A02B0BDE8104016F0E8B940
:10CD100013B5134604460A46416F684605F0ABFF5B
:10CD2000DDED017AB0EE677ADDED007ABEEEED7AE8
:10CD300017EE102AB0EE677ABEEEED7A204617EEB7
:10CD4000101A02B0BDE8104016F017BAF0B5002472
:10CD5000DDE905072546DDF81CC03B4426E013F855
:10CD6000016D013E052E21D8DFE806F003030F1800
:10CD7000030325B90CEB800353F8083C0B60ECB9B6
:10CD80000CEB800050F8043C17E001381DB90CEBA7
:10CD900080052D680D608CB9012507E001381CB9AC
:10CDA0000CEB80042468146045B90124BB42D6D141
:10CDB0000DB900230B600CB900231360F0BD30B532
:10CDC0002DED0A8B85B0044609EE101A09EE902A63
:10CDD0000BEE103A9DED12CA9DED13AADDED14AADB
:10CDE000F6EE00BA159D7CEE2A8A3BEE0A8A68EEC2
:10CDF000AB8A28EE2B8A79EEE87A39EE487A67EE2C
:10CE0000A77AE7EE077A17EE900A16F0BDFC07EE58
:10CE1000100AB5EE407AF1EE10FA10D17AEE4B7AA4
:10CE20003AEECC7AB0EE4B8AF0EE4C8AA7EEAB8AA3
:10CE3000E7EE2B8AA7EE2B8AE7EEEB8A11E0D4ED22
:10CE40001F6A38EE498A78EEE98A68EE267A87EE1C
:10CE5000878A68EEA67AC7EE878A38EE098A78EE66
:10CE6000A98A022D1CDC01351BEE103A8DED00CA9B
:10CE700019EE902A19EE101A2046CDED028A8DED9A
:10CE8000018A0395FFF79BFF18EE902A18EE101AFF
:10CE90002046FFF73DFFB0EE68CAB0EE48BAA2E701
:10CEA00018EE902A18EE101A2046FFF731FF05B051
:10CEB000BDEC0A8B30BD10B52DED0A8B0BEE903A10
:10CEC00090F8843084B0022B04460BEE101A09EE61
:10CED000102ADDED108ADDED11AA9DED12CADDEDFF
:10CEE000139A9DED14AA9DED158ADDED16CA28D181
:10CEF0001CEE102A1AEE901AFFF70AFF7BEEEABA30
:10CF00007AEE6CCA78EECC8A39EEC88A6BEEACBA8F
:10CF100068EE888AF4EEE8BAF1EE10FA53DB0123EA
:10CF20008DED02AA0393CDED019A8DED00CA1AEEA4
:10CF3000903A19EE102A1BEE101A2046FFF73FFF19
:10CF400041E0012B38D178EECC5A79EEC86A7BEEFD
:10CF5000EA7A3AEE6C6A26EEE57AA7EE867AB5EEC4
:10CF6000407AF1EE10FA27D028EE4A8A68EEEA8A73
:10CF7000ACEEA98AEBEE8C8A68EE677A28EE658AB9
:10CF8000E6EEA87AA6EE288AC7EE876AC8EE077A88
:10CF900039EE679A3BEE66BA29EE099A90ED207A4F
:10CFA000ABEE0B9AB4EEC97AF1EE10FA04DB17EE91
:10CFB000902A16EE901A0BE01CEE102A1AEE901A28
:10CFC0002046FFF7A5FE1AEE102A19EE901A204609
:10CFD000FFF79EFE04B0BDEC0A8B10BD10B52DED21
:10CFE0000C8B0AEE903A90F88530044609EE101A40
:10CFF00009EE902A9DED0EBA03B9DBE0F6EE007A59
:10D000007AEEC98A3BEE698A022B68EEA78A28EE7F
:10D01000278A12D179EEE87A17EE902A79EE087A0B
:10D0200017EE901AFFF774FE7BEE687A17EE902ADF
:10D030007AEE887A17EE901AC2E0FFF769FEDFED0C
:10D04000637AB0EE497AF0EE696ADFED61BAA8EE74
:10D05000A77AE8EE276AA8EE2B7AE8EEEB6A17EEDD
:10D06000101A16EE902A2046FFF752FEDFED597A8D
:10D07000B0EE497AF0EE696AB1EE68AA9FED56CA41
:10D08000A8EEA77AE8EE276AA8EE0C7AEAEE0C6A18
:10D0900017EE101A16EE902A2046FFF739FEDFED44
:10D0A0004F7AB0EE497AF0EE696ADFED4DCAA8EE2C
:10D0B000A77AE8EE276AA8EE2C7AEAEE2C6A17EE39
:10D0C000101A16EE902A2046FFF722FEDFED457A71
:10D0D000B0EE497AF0EE696A9FED43DAA8EEA77ADE
:10D0E000E8EE276AA8EE0D7AEAEE0D6A17EE101A3E
:10D0F00016EE902A2046FFF70BFE39EE887A79EE7D
:10D10000287A37EE687A77EE887A17EE102A17EECB
:10D11000901A2046FFF7FCFDDFED347AB0EE497A35
:10D12000F0EE696AA8EEA77AE8EE276AA8EE0D7A13
:10D13000EAEE0D6A17EE101A16EE902A2046FFF757
:10D14000E7FDDFED2B7AB0EE497AF0EE696AA8EEE2
:10D15000A77AE8EE276AA8EE2C7AEAEE2C6A17EE98
:10D16000101A16EE902A2046FFF7D2FDDFED217A45
:10D17000B0EE497AF0EE696AA8EEA77AE8EE276A7F
:10D18000A8EE0C7AEAEE0C6A17EE101A16EE902A48
:10D190002046FFF7BDFDDFED187AA8EEA79AE8EE6E
:10D1A000279AA8EE2B9AEAEE2B9A19EE101A19EE8E
:10D1B000902A2046FFF7ACFD1BEE102A1AEE901ABB
:10D1C0002046FFF7A5FDBDEC0C8B10BD0AD7233D13
:10D1D000295C8F3ECDCC4C3E9A99193FCDCCCC3EAC
:10D1E000CDCC4C3FEC51383F8FC2753F0AD7A33F9F
:10D1F000CDCCCC3F6666E63F48E1FA3FF0B52DED79
:10D20000088B09EE102A90ED23BAD0ED22AA09EE80
:10D21000901A39EE4B8A39EEEAAA68EE087AEAEEFD
:10D220000A7A044689B017EE900A16F0ADFA07EEB6
:10D23000900AF5EEC07AF1EE10FA5ADDD4ED1F6ACD
:10D2400087EEA67AC8EE078A00277AEEA87A8AEED9
:10D25000078A94F878603BEE48AA17EE905A78EE69
:10D26000A98A39EE488A84F8797086B1C4ED247AA7
:10D2700084ED25AAC4ED268A84ED278A1AEE102AA9
:10D2800029462046FFF726FD84F8787025E094F8BB
:10D290007A30D4F8A810D4F8AC2043B18DED00AAB0
:10D2A0002B462046FFF79AFE84F87A6015E08DED54
:10D2B000068ACDED058A8DED04AACDED037A0292A2
:10D2C0000191D4F8A4301BEE102A00931AEE901AA4
:10D2D0002046D4F8A030FFF7EEFD84ED29AAC4ED76
:10D2E0002A8A84ED2B8AC4ED229A84ED239AC4F80D
:10D2F000A05009B0BDEC088BF0BD000007EE901AFD
:10D3000007EE102ADFED076AB8EEC77AF8EEE77A83
:10D3100027EE267A67EEA67A17EE102A17EE901AF5
:10D32000FFF76CBF0000003D70B52DED028B90F84B
:10D330007960044682B006B3D0ED1F7A90ED238A5F
:10D3400038EE677A17EE105A38EE278AD0F8881030
:10D350002A46FFF7BFFC8DED008AD4F888302A46B4
:10D3600019462046FFF73AFE0095D4F8883018EEAB
:10D37000102A19462046FFF731FE304602B0BDECB8
:10D38000028B70BD70B588B004460D461646FFF797
:10D39000CBFFE8B9D4F89C3020460693D4F89830F7
:10D3A00032460593D4F8943029460493D4F890304B
:10D3B0000393D4F8AC300293D4F8A8300193D4F896
:10D3C000A4300093D4F8A030FFF775FD012000E0F1
:10D3D000002008B070BD07B5D0F89430D0F8AC206C
:10D3E0000093D0F8A810D0F89030FFF7F7FD03B005
:10D3F0005DF804FB2DE9F04F1C4600238BB09DF82F
:10D4000058B0179F8046DDE914A915460791089387
:10D41000099387F87AB06BE0013D1AF80530062BC6
:10D4200005D8DFE803F00604151717274300264642
:10D430005DE0404609AA08A92B46CDE901A9009460
:10D44000FFF784FC3846099A0899FFF7D7FEEEE704
:10D45000A61E00E0661E404609AA08A92B46CDE993
:10D4600001A90096FFF772FC3846099A0899FFF760
:10D47000C5FE3CE0261F2B46404609AA08A9CDE977
:10D4800001A90096FFF762FC099B023C0293089BEE
:10D4900009EB8404019354F8043C3846009354F893
:10D4A000083C62682168FFF7C1FB20E0A61F2B46FD
:10D4B000404609AA08A9CDE901A90096FFF746FC54
:10D4C000099B023C0493089B09EB8404039354F8E2
:10D4D0000C3C3846029354F8103C019354F8043C39
:10D4E000009354F8083C62682168FFF7C7FB344694
:10D4F000079B9D4290D8BBF1000F05D038460BB07A
:10D50000BDE8F04FFFF767BF0BB0BDE8F08F07EE47
:10D51000102A07EE901AF0EE476AB0EE677AFEEE38
:10D52000ED6ABEEEED7A036816EE902A17EE101A39
:10D530009B68184710B50446034B40F8143B01F0B4
:10D5400023F9204610BD00BF8C7802082DE9F04F6A
:10D55000D0ED0C7AF5EEC07AF1EE10FAB9B00646CD
:10D560001D464FF000040791099240F22581FF23E8
:10D5700000938169021D439B0CA815F063FCD6ED56
:10D580000C7AF5EEC07AF1EE10FAB6EE007A48BFEA
:10D59000F1EE677AD6ED086A67EE877A26EEA77A0B
:10D5A000884B27EE267A0C9306F1340329934FF427
:10D5B0008073ADF8A830002300274FF0000ACDEDAE
:10D5C0002B7A67EE277AB27F8DF8AA308DF8743007
:10D5D000737FB18C53435A1C1B0A13FA82F3C3F3B3
:10D5E00007232E942F9430943194329433943494AE
:10D5F000359436943794ADF8B410CDED2C7AD046EE
:10D60000B9463A46394654468DF8B630B3E00AF189
:10D6100001030893079B13F80A30062B00F2A98038
:10D62000DFE803F0043355606C708A00D04527D2E0
:10D630000DF1300A3A4649465046FFF7DFFD5046A5
:10D64000FFF772FE8346D8B93A4649465046FFF77F
:10D6500099FE40F20113ADF8A830079B41463046D1
:10D66000089A0093CDE902BA23460195CDF8B89007
:10D670002F97FFF7BFFE3A4649465046FFF782FE16
:10D680003A464946DDF8208073E0D04510D20CAF11
:10D690003846FFF749FE58B90123CDE90153079BEE
:10D6A000524600934146234630460397FFF7A2FEB9
:10D6B00005EB840319685A6840F20113D0461746F7
:10D6C00089462E912F92ADF8A830023451E005EB37
:10D6D000840319685A680CA8CDE90A120234FFF7CE
:10D6E0008DFD08E005EB840319680CA8CDE90A124A
:10D6F000FFF784FD0134DDE90A123AE005EB84030B
:10D700001A68F2E7A30003F10C0AAA44DAF8000051
:10D7100003F1080B0290AB44DBF800002B440190AE
:10D720005868043400901B680CA8FFF77FFADBF8F8
:10D730000010DAF800201CE0A30003F1140AAA4448
:10D74000DAF8000003F1100B0490AB44DBF80000A2
:10D750002B440390D868063402909868019058686A
:10D7600000901B680CA8FFF789FADBF80010DAF8C4
:10D770000020DDF820A0099B53457FF448AF984571
:10D780000CAF0FD23846FFF7CFFD58B90123CDE9D2
:10D790000153079B4146009330462346099A03975D
:10D7A000FFF728FE38469DF8B61015F0D9FB044661
:10D7B0003846FFF7BFFE00E00124204639B0BDE83F
:10D7C000F08F00BFBC71020810B50446FFF7B2FE2F
:10D7D0002046B02115F0C3FF204610BD2DE9F04FC3
:10D7E0009B46FF238246B1B000930D4614468169E3
:10D7F000021D3B9B13A815F025FB9AF81C300AF17B
:10D8000034095A1E534253418DF890300023494643
:10D810001A460BA805F02FFADDED0B7A2B46CDED5D
:10D82000067A0027DDED0C7A2344CDED077AB84661
:10D83000002408950993AAE0089A12F8013B08927F
:10D84000062B08D8DFE803F0040A273B4052740097
:10D8500013A815F063FB079E069D96E00BEB84036F
:10D86000D3F800805F68424649460BA83B4605F066
:10D8700002FA0C9E0B9D07EE906AFEEEED7A17EE13
:10D88000902A07EE905AFEEEED7A13A817EE901A42
:10D8900015F026FC11E00BEB8403D3F800805F68E1
:10D8A000424649460BA83B4605F0E5F90B9D0C9E08
:10D8B0002946324613A8FFF72AFE023465E00BEB37
:10D8C0008403D3F8008002E00BEB84031F683B461F
:10D8D000424649460BA805F0CEF90B9D0C9E294601
:10D8E000324613A8FFF713FE01344EE0A21C0BEBE7
:10D8F0008202D2F80080576852F8043C494652F838
:10D90000082C0FA805F0B7F93B464246494611A836
:10D9100005F0B1F9109B119D129E0093079A0F9B81
:10D9200006990296019513A8FFF780F904342CE0BC
:10D93000251D0BEB8505D5F800806F6855F80C3C6C
:10D9400055F8102C49460DA805F095F955F8043CFA
:10D9500055F8082C49460FA805F08DF93B4642467C
:10D96000494611A805F087F9109B119D02930F9B62
:10D97000129E01930E9B079A009306990D9B0496A5
:10D98000039513A8FFF77AF9063407960695DDE9A3
:10D99000082393427FF450AF9AF81E209AF81D3066
:10D9A00013A85343591C1B0A13FA81F1C1F3072131
:10D9B00015F0D6FA0446044B18A8139300F0E4FEC1
:10D9C000204631B0BDE8F08F8C78020810B4047F97
:10D9D0001CB15DF8044BFFF701BF5DF8044BFFF786
:10D9E000B5BD00002DE9F04F054685B00E46D0F8D4
:10D9F0002600D5F82A10994602AB03C3BDF90C40A6
:10DA00009046002CDDF838A002AF64DDBDF90E3081
:10DA1000002B60DD314A127812B1012A2ED05AE073
:10DA2000BDF80A209C181FFA84FB24B221E0BDF93E
:10DA30000E30012B0DD001335B10ADF80E304B468C
:10DA4000424631462846CDE900A7FFF7BFFF002830
:10DA5000EDD0BDF80E20BDF80A3013449BB21A4435
:10DA600012B29442ADF80A30BCBFABEB0303ADF881
:10DA70000E30BDF90A30A342E1DB2CE0BDF80830DE
:10DA80001C441FFA84FB24B221E0BDF90C30012BA9
:10DA90000DD001335B10ADF80C304B464246314699
:10DAA0002846CDE900A7FFF791FF0028EDD0BDF88B
:10DAB0000C20BDF8083013449BB21A4412B29442B1
:10DAC000ADF80830BCBFABEB0303ADF80C30BDF9CB
:10DAD0000830A342E1DB05B0BDE8F08FC29E05200F
:10DAE0007FB503680D46044601469B6E02A8984721
:10DAF0006B462868696803C368461946FCF7FCFC56
:10DB0000A06A002864D00368211DDB6898470028BC
:10DB10005ED0BDF90450BDF90630002D58DD002B54
:10DB200056DD2C4A127812B1012A29D050E0BDF8F6
:10DB300002209D18AEB22DB21DE0BDF90630012BBA
:10DB40000AD001335B10ADF80630236869462046E1
:10DB5000DB6E98470028F0D0BDF80620BDF80230F3
:10DB600013449BB21A4412B29542ADF80230BCBFC6
:10DB7000F31AADF80630BDF90230AB42E5DB27E021
:10DB8000BDF800301D44AEB22DB21DE0BDF9043029
:10DB9000012B0AD001335B10ADF8043023686946CD
:10DBA0002046DB6E98470028F0D0BDF80420BDF871
:10DBB000003013449BB21A4412B29542ADF80030C3
:10DBC000BCBFF31AADF80430BDF90030AB42E5DB61
:10DBD00004B070BDC29E05201FB50368044601460F
:10DBE0009B6E684698470022A368684602A9CDE963
:10DBF0000223FCF781FC2368694620461B6998478D
:10DC000004B010BD4FF48071084A81840260FF2186
:10DC1000002280F82610C0E90122C0E90322C0E9F1
:10DC20000522C0E907228262704700BF1C72020809
:10DC300080F82910704790F829007047704710B598
:10DC400004462C2115F08BFD204610BD2DE9F34133
:10DC500091F828300446FF2B884643D101F126076E
:10DC60003946684606F0E8FB3846BDF9046006F020
:10DC70007BFB864236D13846BDF9065006F0A8FB3C
:10DC800085422FD16B4603CB2060B8F908706160E4
:10DC9000B4F90010B8F90A208F4223DD0E441FFAB0
:10DCA00086FC36B2002E00DC1CE0B4F902309A4249
:10DCB00018DD1D44A8B22DB2002D13DDB742D8BF28
:10DCC0001FFA87FCAA4221EAE17123EAE373D8BF75
:10DCD00090B2ACEB010CC01AA4F804C0E080218023
:10DCE000638004E0002323806380A380E3802046D8
:10DCF00002B0BDE8F0810000002310B5C0E9013397
:10DD0000C0E90333C0E90533C0E907334FF480733A
:10DD10008384084B044603600B88C384FF2380F888
:10DD2000283000F098FC044B20462360012384F83F
:10DD3000293010BD007402089472020890F829304E
:10DD400026300BB905F052B805F05DB8F0B590F883
:10DD5000283004460E4685B0D3B1014602A804F02F
:10DD6000D7FB0C4B1B6893F85C200AB11D6D05B9FD
:10DD70009D682B682046DF68FFF7E0FF94F82830A5
:10DD800002AACDE9000304F1260133462846B8472C
:10DD900005B0F0BDD09E052030B585B06D46036856
:10DDA000018104460146D3F884302846984795E817
:10DDB00007003C3484E8070005B030BD30B585B0BD
:10DDC0006D460368418104460146D3F884302846F5
:10DDD000984795E807003C3484E8070005B030BD5B
:10DDE0000022028042808280C280704780F8361014
:10DDF0007047000070B50368828D5E6B094B044666
:10DE00001B680D4613F81220074B1B6853F82200BD
:10DE100003681B6B9847291A33462046BDE87040BB
:10DE200009B21847309F0520289F052070B5044689
:10DE3000154603681B6B9847236829462046BDE8B2
:10DE400070405B6E1847002070470020704700004C
:10DE5000074B828D1B88934281BF064B1B6803EBE7
:10DE6000420358788CBF00F003000020704700BFC9
:10DE7000249F0520309F0520704700002DE9F041C8
:10DE8000104B818D1B8804468B4218D903689F6F05
:10DE90000D4B1868F4F752FB23680546DB6F2046EC
:10DEA000984723680646D3F8803020469847324684
:10DEB000034629462046BC46BDE8F04160470020A5
:10DEC000BDE8F081249F05202C9F05202DE9F74314
:10DED000184B818D1B8804468B4226D9164B1B6834
:10DEE00013F8110003EB4102144B55781B68C5F37E
:10DEF000810553F82080D8F80030D3F81C90104BDF
:10DF00001868F4F71BFB23680646DB6F204698472A
:10DF100023680746D3F88030204698473B46009058
:10DF2000324629464046C84700E0002003B0BDE81D
:10DF3000F08300BF249F0520309F0520289F0520E7
:10DF40002C9F05200EB42DE9F0472F4B04461A886C
:10DF5000838D9DB09A4201D800274EE0DFF8ACA037
:10DF600026AADFF8AC900292DAF8002012F813200B
:10DF7000D9F8003053F82260336830469B6B9847DD
:10DF800007B2054603A805F066FA33683046DB6C35
:10DF90009847336880461B6D304698474346029A3F
:10DFA0002599009003A805F0ADFAA28DDAF80030AB
:10DFB000D9F8001003EB420613F812007278238997
:10DFC00094F83760C2F381029B1B1BB2009351F897
:10DFD000203094F8391003A802F0DCFBB4F93420A7
:10DFE00003B2B918002906DD013B13FB02F315FB50
:10DFF00000352FB201E0002BAEDD38461DB0BDE884
:10E00000F04703B0704700BF249F0520309F0520D4
:10E01000289F05202DE9F04FB24B0C461B88898DB7
:10E0200081468B42A9B006D800234FF0FF328360AF
:10E03000C0E9003287E1DFF8B8B20FAFDBF800309B
:10E0400013F81120A84B1B6853F82250A74B1868EF
:10E05000F4F774FA2B6880469B6B2846984703B206
:10E060000393A38E184494F8393086B23846002BB7
:10E0700050D105F0F0F92B682846DB6C98472B68E7
:10E0800082461B6D2846984722680590D26F20462D
:10E09000904721680490D1F8801020468847414677
:10E0A0004FF00008019038464746049A059B0092BD
:10E0B000524605F03CFA94F8383013F0FD0F0CBFCF
:10E0C000B4F90AA0B4F908A0A28DDBF80030294603
:10E0D00003EB42035B7847F6FF72C3F381030FA89B
:10E0E00002F05DF8B842B8BF384608F1010807B23F
:10E0F0000FA81FFA88F805F0D0F9002840F0A78093
:10E100002A7AAAEB06030FFA83FA02FA83F3002BAA
:10E11000DADC9CE005F09FF92B682846DB6C984719
:10E120002B6882461B6D2846984722680590D26F5F
:10E130002046904721680490D1F8801020468847F7
:10E14000049A4146059B019000923846524605F0DC
:10E15000EEF994F83810B4F90A20B4F9083021B176
:10E1600002299A4601D0134600E0924694F83720DF
:10E17000A18D9A1ADBF80030B4F934C003EB4103E7
:10E180005978002394F83900C1F38101CDE90C33AB
:10E19000ADF8183007978DF820108DF821000995FB
:10E1A000ADF82820ADF82AA0ADF82CC0ADF82E307F
:10E1B000ADF838308DF83A3050B32B6828465B699B
:10E1C0009847804620B3099841460368DB68984722
:10E1D0000746E8B1437B827A5B0003F48073134304
:10E1E000ADF838309DF82130062B11D109983A4608
:10E1F000036841465B6C98477A7BBB7A520002F415
:10E2000080721343BDF8382003441344ADF838300E
:10E210004FF00008474606A802F0B8F9BDF83630BE
:10E2200008F10108BB42B8BF3B461FB2BDF8183029
:10E230001FFA88F85BB19DF83A3043B92A7AAAEB05
:10E2400006030FFA83FA02FA83F3002BE3DC16FBD2
:10E2500008F3A28E6E7A9B1A039A1BB29342ACBF4C
:10E26000F618B61894F83830204613F0FD0F2368DE
:10E2700008BFB4F90880DB6E18BFB4F90A8098476C
:10E2800001281FFA86FAB9B236B204D0022894F8EF
:10E29000373007D009E0A8EB070707EBD77747F33C
:10E2A0004F0303E00B44A8EB03031BB2287B9AB295
:10E2B000EB7A18440F1894F83810B8B202293FB21C
:10E2C00018D0032924D0D31A01290FFA83F82AD1B0
:10E2D0003A4623893746A3EB0A03454616460FFA0A
:10E2E00083F821E0249F0520289F05202C9F0520EE
:10E2F000309F0520B4F8088065899844A8EB000891
:10E30000A8EB0208A5EB0A050FFA88F82DB20BE07E
:10E3100061894FF000085D183B462D1AAD1A37464B
:10E320002DB21E4600E00025094BA18D1868F4F7B8
:10E3300005F9A9F80080A9F80250A9F80470A9F815
:10E340000660C9F80800484629B0BDE8F08F00BF54
:10E350002C9F052010B50446482115F000FA2046F0
:10E3600010BD00002DE9F0415C4B828D1B880446F6
:10E3700093428EB040F2AE800868594D496805ABB3
:10E3800003C311462868F4F7D9F8B4F94230002BDA
:10E3900040DBB4F94060002E3CDB626C904239D126
:10E3A000B4F93C10BDF914E00E4436B2B645B4F9E8
:10E3B0003E202CDABDF8187077443FB2B94226DA15
:10E3C000BDF916C013441BB29C4520DABDF81A00F3
:10E3D000604400B282421ADA7145B8BF71466245A4
:10E3E000B8BF6246BE42D4BFC1EB060CC1EB070CFE
:10E3F0008342D4BFC2EB0306C2EB0006ADF818C0DF
:10E40000ADF81A60ADF81410ADF8162002E0002344
:10E41000CDE90533BDF91830002B5BDDBDF91A30AD
:10E42000002B57DD2F4FA28D3B6813F812202E4B87
:10E430001B6853F82260002E4CD023682046DB6E08
:10E4400094F836809847A28D3B68B4F9341003EBFA
:10E4500042035B7894F83920C3F381038DF82930A7
:10E46000224B94F838C01B6894F837E0276B8DF87E
:10E47000342093F85C2009968DF828008DF82AC086
:10E480000B97ADF830108DF832808DF833E00AB17B
:10E490001E6D06B99E6807AF2146384604F038F86D
:10E4A000A18D2868F4F74AF823680546DB6F2046FB
:10E4B000984723688046D3F8803020469847CDE9B6
:10E4C000028009AB00930195304697E8060005AB42
:10E4D000F3F7E6FF0EB0BDE8F08100BF249F0520F2
:10E4E0002C9F0520309F0520289F0520D09E0520C9
:10E4F00013B590F8363004465BB3174B818D1B88FB
:10E500008B4226D9B0F90830002B22DDB0F90A3051
:10E51000002B1EDD114B1868F4F710F8B4F94230E7
:10E520002268002B06DBB4F94030002B02DB636C61
:10E53000984205D02046536902B0BDE81040184704
:10E540006B46D4E90F01126983E80300194620469F
:10E55000904702B010BD00BF249F05202C9F0520CE
:10E5600038B50E4B828D1B8804469A4214D203683C
:10E570005B6F9847236805461B6F2046984794F8C1
:10E5800038302DB213F0FD0F014606BF0246294672
:10E590002A462046F2F7B6F838BD00BF249F052072
:10E5A00030B58B8885B08385B0F90830044623B92F
:10E5B000B0F90A300BB9FFF7D3FF6D462368214647
:10E5C0002846D3F88430984795E807003C3484E81F
:10E5D000070005B030BD00238380C38003804380E3
:10E5E00091F82630FF2B01BF0B8983804B89C380B4
:10E5F0007047000037B504466B460868496803C396
:10E6000023686946DB6A20469847084B1B6893F8E5
:10E610005C200AB1186D00B99868036869465D6AA4
:10E62000A26A94F82630A84703B030BDD09E0520DA
:10E63000704710B504462C2115F091F8204610BD06
:10E6400090F826202AB190F8252012B103685B6962
:10E6500018477047704770B50B880446C384084656
:10E660000D4605F081FE0646284605F0B1FE05463A
:10E670002368314620469B6B9847236829462046ED
:10E68000BDE87040DB6B184710B591F828300446A0
:10E69000FF2B05D00023038043808380C38002E0EA
:10E6A000263105F0C9FE204610BD10B504462C21C8
:10E6B00015F055F8204610BD2DE9F043002306461D
:10E6C00089B0CDE9043356F8263B8946DB6A04A9B4
:10E6D00007469847304605F047FE8046304605F02D
:10E6E00077FEB9F90050B9F804202A4491B212B269
:10E6F000002A43DDA84541DDB9F90240B9F80630EA
:10E7000023441FFA83FC1BB2002B37DDA04235DD0A
:10E71000904525EAE575B8BF1FFA88F1491BADF8A9
:10E720001C109842BDF91C3024EAE474B8BF1FFAEB
:10E7300080FCACEB040C002BADF81EC0ADF81850FB
:10E74000ADF81A401ADD0FFA8CF3002B16DD0D4BD5
:10E750001B6893F85C200AB1186D00B99868012213
:10E760000368029297F828203146019206AA009287
:10E770009C68BDF91020BDF91230A04709B0BDE872
:10E78000F08300BFD09E0520704710B504463021AD
:10E7900014F0E5FF204610BD10B5044600F07AFEE7
:10E7A000E06000F07DFE002247F6FF71E368C008DC
:10E7B000013823616060A260198059809A80DA80F4
:10E7C000636A23F0010343F00203636210BD00009B
:10E7D0000A4B10B503600023C0E90133C0E90333DD
:10E7E000C0E90533C0E9073343626FF000430446D4
:10E7F000C0E90A33FFF7D0FF204610BD6C74020851
:10E800002DE9F04F91B00F461A9902934C110094E4
:10E8100001F01F0404944C115311B4EB621F0393D5
:10E8200002F01F0C40F0F0800499029A8C454FEAE8
:10E83000621E026928D1B2F900108E4504D1B2F9E6
:10E8400002108B4200F07C84D1889488214309B265
:10E8500081B1B2F9021000290CDBC46AA14209DAC5
:10E86000D0E90141A14238BF083201F1010138BFAE
:10E87000026181600269039BA2F800E053800023DB
:10E880009380D38000F05CBC0299BEEB671F01F05F
:10E890001F0100910499B2F804804FEA671607F04F
:10E8A0001F04A1EB0C010AD1009B88441C44D388AF
:10E8B000A2F8048001FB0434D48000F041BC029D26
:10E8C000ED1B07D4C4F120074FF0010A4FF02009D7
:10E8D000794306E04FF0FF3A4FF000096143029D93
:10E8E0007D1B91FBF5F705FB17110029B8BF07F158
:10E8F000FF37B844A2F80480B2F806804C4407FB06
:10E900000488A2F806800269B8BF4919D488B2F811
:10E910000480564444EA080424B27CB1B2F902806F
:10E92000B8F1000F0ADBC46AA04507DAD0E9013468
:10E930009C423CBF08320261621C82600024026972
:10E94000BDF90C30B645168053809480D4800CEB12
:10E9500007024ED0049C491BA41A3C44640194FB5A
:10E96000F5F805FB1844002CB8BF08F1FF3808F192
:10E970000107B8BF64190197091948BF4746D0F885
:10E9800010C058BF019FBCF804B03A44BB44ACF877
:10E9900004B0BCF806B058BF491B0BEB471BACF8E2
:10E9A00006B0D0F810C05644BCF80670BCF804B0ED
:10E9B00047EA0B073FB28FB1BCF902B0BBF1000FC1
:10E9C0000CDBC76ABB4509DAD0E9017BBB453CBF1C
:10E9D0000CF1080707610BF1010787604FF0000C8D
:10E9E0000769B6453E807B80A7F804C0A7F806C03B
:10E9F000C2D1049B01699A1A8B8813448B80009BB7
:10EA00002033A3EB090397E3029BDB1B06938B1ACE
:10EA1000019312D55311002BC0F29283531A019324
:10EA2000009B4FF0000A43EAE3730093069B03FB4D
:10EA30000CF24FF0FF33099311E0C26A039B9A4234
:10EA4000C0F27E83009B4FF0200A9A42BCBF531C49
:10EA50000093069BCCF120025A4301230993019BAA
:10EA600092FBF3F403FB1423002B059304DA1A46FC
:10EA7000019B013C1A44059204EB0709E245026937
:10EA80004FEA691E28D1B2F900108E4505D1B2F9BE
:10EA90000210039B8B4200F0E180D18894882143CF
:10EAA00009B281B1B2F90240002C0CDBC16A8C4280
:10EAB00009DAD0E901148C4238BF083204F10104AC
:10EAC00038BF0261846000210269039BA2F800E064
:10EAD00053809180D180C1E009F01F03BEEB671F16
:10EAE000B2F804804FEA671607F01F050A93AAEBF5
:10EAF0000C0108D1D4881D4401FB05448844A2F8C8
:10EB00000480D480AAE0002C06DB0123C5F1200795
:10EB100008937943202305E04FF0FF330893002347
:10EB20006943644291FBF4F704FB17110029B8BF55
:10EB300007F1FF370793079BB844A2F80480B2F8A7
:10EB400006801D4407FB0588A2F806800569089B1E
:10EB5000EA88B5F80480B8BF091942EA080212B27F
:10EB60001E448AB1B5F90280B8F1000F0CDBC26A0D
:10EB7000904509DAD0E901329A4238BF083502F1EE
:10EB8000010238BF0561826000250269BDF90C30C1
:10EB9000B645168053809580D5800B930CEB070209
:10EBA0004ED0AAEB02053D446D0195FBF4F804FB41
:10EBB0001855002DB8BF08F1FF3808F10103B8BFA0
:10EBC0002D19091B0C93491948BF4746D0F810C0AE
:10EBD00058BF0C9FBCF804B03A44BB44ACF804B036
:10EBE000BCF806B0089B0BEB471BACF806B0D0F89E
:10EBF00010C058BF091BBCF80670BCF804B01E4416
:10EC000047EA0B073FB28FB1BCF902B0BBF1000F6E
:10EC10000CDBC76ABB4509DAD0E9017BBB453CBFC9
:10EC20000CF1080707610BF10107876007690B9B6F
:10EC3000B6457B804FF000033E80BB80FB80C2D195
:10EC40000169AAEB02028C88079B14448C800A9C01
:10EC5000CD882034E41A02FB0455CD80099B039A29
:10EC600001691A441346B1F90020724503D1B1F984
:10EC7000022093421CD0CA888C88224312B282B1EF
:10EC8000B1F90240002C0CDBC26A944209DAD0E9E7
:10EC90000124944238BF083104F1010438BF0161F6
:10ECA000846000210269A2F800E053809180D18045
:10ECB000009A9A4200F04C81069A0199520192FB07
:10ECC000F1F1019C039104FB1122002A069204DA5F
:10ECD0004A1E0392069A22440692059A0199521AF4
:10ECE000CAF120010C91AAEB0101059208914A4654
:10ECF00000E04A46DDE90514091958BF019C059159
:10ED00005DBF091B05910399039958BF01318944DF
:10ED1000002B4FEA6918C0F2F680C56A9D4240F3A5
:10ED2000F2800C9F0469BA45B4F9046024D1B4F9A7
:10ED30000020424504D1B4F902209A4200F0E38059
:10ED4000E288324312B27AB1B4F90220002A0BDB16
:10ED5000954209DDD0E90121914238BF083401F123
:10ED6000010138BF0461816000210269A2F80080BE
:10ED700053809180D180C6E009F01F07B8EB621F75
:10ED80004FEA621502F01F0C0D97B6B209D1089A2E
:10ED900008991644E288BC4401FB0C22A680E2805C
:10EDA000B1E0002907DB089FCCF120027A4301275C
:10EDB0000B97202707E04FF0FF370B970027089AA3
:10EDC000494202FB0CF20A9792FBF1F701FB172B69
:10EDD000BBF1000FB8BF07F1FF373E44A6800A9E83
:10EDE000B8BF8B44B444E68807FB0C66E68006692E
:10EDF0000B9CB6F804C02544F48844EA0C0424B201
:10EE00008CB1B6F902C0BCF1000F0CDBC46AA4459A
:10EE100009DAD0E90124944238BF083604F101042C
:10EE200038BF0661846004691AB20E9262804FF0A6
:10EE30000002A280E2800C9A4545258007EB02067D
:10EE400053D0AAEB06043C44640194FBF1FE01FBA1
:10EE50001E44002CB8BF0EF1FF3EABEB01020EF1D9
:10EE60000107B8BF641807920F97079AD0F810C02F
:10EE700012194CBF77460F9FBCF804B03E44BB4408
:10EE8000ACF804B0BCF806B007920BEB471BACF82B
:10EE900006B00B9FD0F810C03D44BCF804B0BCF8DD
:10EEA000067058BF521A47EA0B073FB258BF079285
:10EEB0008FB1BCF902B0BBF1000F0CDBC76ABB45D8
:10EEC00009DAD0E9017BBB453CBF0CF108070761BB
:10EED0000BF10107876007690E9A45457A804FF06C
:10EEE00000023D80BA80FA80BFD10269AAEB060613
:10EEF00091880A9C314491800D992031091BD48856
:10EF000006FB0144D480099A016913448C88CA889D
:10EF1000224312B282B1B1F90240002C0CDBC26A6A
:10EF2000944209DAD0E90124944238BF083104F14F
:10EF3000010438BF016184604FF000010269A2F84A
:10EF4000008053809180D180009A9A427FF4D1AEA4
:10EF5000029BCAF120044FEA631C049B02699C4295
:10EF600028D1B2F900309C4505D1B2F902300099A0
:10EF7000994200F0E580D38891880B431BB283B19E
:10EF8000B2F90230002B0CDBC16A8B4209DAD0E9FE
:10EF900001138B4238BF083203F1010338BF02610D
:10EFA00083600369009AA3F800C05A8000229A8007
:10EFB000DA80C5E0029BBCEB691F03F01F030193DD
:10EFC000049BB2F804E04FEA691509F01F07A3EBB0
:10EFD000040309D101999E440F44D188A2F804E0AA
:10EFE00003FB0717D780ABE00299B1EB090107D407
:10EFF000C7F120064FF001094FF02008734307E0E6
:10F0000002994FF00008A9EB01014FF0FF397B4353
:10F0100093FBF1F601FB163BBBF1000FB8BF06F105
:10F02000FF36B644A2F804E0B2F806E0474406FB17
:10F0300007EEA2F806E00769B8BF8B44FA88B7F874
:10F0400004E04D4442EA0E0212B28AB1B7F902E07E
:10F05000BEF1000F0CDBC26A964509DAD0E9013235
:10F060009A4238BF083702F1010238BF0761826057
:10F0700000270269BDF900A0AC451580A2F802A0E6
:10F080009780D78034444DD0049B1A1B32445201E0
:10F0900092FBF1FE01FB1E22BA42B8BF0EF1FF3E09
:10F0A000ABEB01030EF10106B8BF521800930296B4
:10F0B000009B07699B184CBF7646029EB7F804B0C8
:10F0C0003444B344A7F804B0B7F806B000930BEB90
:10F0D000461BA7F806B0066958BF5B1AF788B6F852
:10F0E00004B058BF009347EA0B073FB24D447FB1CD
:10F0F000B6F902B0BBF1000F0ADBC76ABB4507DAFD
:10F10000D0E901379F423CBF083606617E1C86600D
:10F110004FF000030669AC453580A6F802A0B38025
:10F12000F380C5D10169049B8A881B1B1A448A801D
:10F13000019A2032A2EB0802C88803FB0203CB80AD
:10F1400011B0BDE8F08F436AF7B59B0704460E4641
:10F15000154611D5D0E9051286EA010385EA0207B2
:10F160003B4309D033460095FFF74AFB636AC4E985
:10F17000056543F00103636203B0F0BDF8B5436A6F
:10F1800016469A0704460D4601D4FFF705FB636A4D
:10F19000DB0704D5D4E907122046FFF7D4FF236923
:10F1A0006811B3F900207111B2EB651F03D1B3F9F7
:10F1B000022091421BD0DA889F883A4312B282B172
:10F1C000B3F90220002A0CDBE76ABA4209DAD4E973
:10F1D0000172BA4238BF083302F1010238BF23611D
:10F1E000A26000222369188059809A80DA80C4E9DD
:10F1F000066565612662F8BD2DE9F04FD1B06C4619
:10F20000264600EBC1010B1A482B00F1080240F31F
:10F21000FD801B1150F8337000EBC305B0F900906E
:10F22000B0F9028007606F68B0F904E0B0F906C079
:10F23000476020F83390A5F80280A5F804E0A5F80F
:10F2400006C031F9065CB0F90A70A1F10803BD42AD
:10F2500006DB19D1B0F908C031F9085CAC4513DD03
:10F2600051F8085CB0F90880B0F90CE0B0F90EC0B4
:10F27000156051F8045C556021F8088C21F8067C73
:10F2800021F804EC21F802CCB0F90270B0F90A5070
:10F29000AF4206DB16D1B0F900C0B0F90850AC455A
:10F2A00010DA1568B0F9008005605568B0F904E01F
:10F2B000B0F906C0A0F8088045604781A0F80CE0CE
:10F2C000A0F80EC031F9065CB0F90270BD4206DB51
:10F2D0001BD131F908CCB0F90050AC4515DA51F822
:10F2E000085CB0F900800560B0F904E0B0F906C030
:10F2F00051F8045C456021F8088C21F8067C21F85F
:10F3000004EC21F802CC00E02A46B2F90A80B0F9F8
:10F31000027002F10805B845AC46F5DB05D1B2F93B
:10F320000890B0F900E0F145EEDB33F906EC083B5C
:10F330007745FADB04D09D42D3F800E007D919E005
:10F34000B0F90090B3F900E0F145EEDBF3E7B2F974
:10F3500008C0B2F90C70B2F90E20C5F800E0D3F87D
:10F3600004E0C5F804E0A3F800C0A3F802809F8081
:10F37000DA80C9E71A1AA1EB050B5A45D7BF2A460E
:10F3800002460D468446C8BF1D46B0F900A0C0F82D
:10F3900000E0B0F90490B0F90680D3F804E0C4E9C5
:10F3A0000025C0F804E0D8BF19466046A3F800A0C5
:10F3B0005F80A3F80490A3F80680083423E7B3F92C
:10F3C0001270B3F90A50AF4208DB01D008321DE0D9
:10F3D000B3F910C0B3F90850AC45F7DA9D68B3F93A
:10F3E0001090B3F91480B3F916E003F1080C1D6115
:10F3F000DD6860455D61A3F808905F81A3F80C802B
:10F40000A3F80EE0A3F10803E0D0D8E7914202D9B7
:10F41000A2F11003D3E7B44203D954E90201083C36
:10F42000F1E651B0BDE8F08F10B5436A0446DA0743
:10F4300007D5D0E90712FFF786FE636A23F00103C0
:10F440006362636A9B0722D52369DA8899880A4335
:10F4500012B282B1B3F90220002A0CDBE16A8A42BF
:10F4600009DAD4E90112914288BF083302F101029E
:10F4700088BF2361A260A16829B16368994202D85C
:10F48000E068FFF7B9FE636A23F002036362E06895
:10F4900010BD0000014B1868704700BFD89E0520C2
:10F4A000014B1868704700BFD49E052010B5036853
:10F4B0000C461B6B9847031B5842584110BD000077
:10F4C000014B1960704700BFDC9E05202DE9F04F0D
:10F4D0009646144605460E461F46BEE80F0097B0F6
:10F4E0000DF11C0CACE80F00DEF8003004F1140E36
:10F4F000CCF800300DF1300CBEE80F00ACE80F0086
:10F50000DEF8003004F1280ECCF800300DF1440C88
:10F51000BEE80F00BDF888809DF88C90BDF890A0E3
:10F52000ACE80F00DEF80030219ACCF800302B68F0
:10F530000192CDE9039A209ACDF8088000923146D5
:10F540002846D3F840B007AA3B46D847A6460DF157
:10F550001C0CBEE80F00ACE80F00DEF8003004F130
:10F56000280ECCF800300DF1300CBEE80F00ACE8EE
:10F570000F00DEF800303C34CCF800300DF1440CC4
:10F580000FCCACE80F0023683146CCF800302B6874
:10F59000CDE9039A219ACDF808800192209A284655
:10F5A00000921C6C07AA3B46A04717B0BDE8F08F3D
:10F5B0002DE9F04F99B0229C88462468196892ED95
:10F5C0000D5AA4EB010C249CD3ED072AB4F900E0FA
:10F5D000BDF8A04092ED096A6445A8BF644606EEF6
:10F5E000904AD2ED0B5AF8EEE66AF7EE003AD3ED08
:10F5F0000A7A93ED0D7A26EE866A66EEA55A83EEB8
:10F60000A23A66EE856ADDF894900EEB0106B9F930
:10F61000002077EEA54AB24237EE264A32EE865AED
:10F6200067EE837A27EE037A29DD951B95FBF4F7C5
:10F6300003EE107AB8EEC33A002FA3EE065AE3EEBB
:10F64000254AA3EE264A04FB175512DD75EE467ACD
:10F65000F5EE407AF1EE10FA34EE667A14BF83EEDE
:10F66000A73AB0EE633A74EEE57A27EE037A67EED6
:10F67000837A07FB04FAACEB0A0C514401E0002743
:10F680003D46B9F804904A440EEB010912B2E14438
:10F690009145C4BFA2EB0E02A2EB010CBCF1000F1E
:10F6A00066DD9CFBF4F104FB11C20AB92246013964
:10F6B000C3EE852A64EEA21A31EEE72A24EE221A5E
:10F6C000BEEEC82A12EE10CA31EE472AB0EE473A13
:10F6D000BEEEC82A4068BEEEC83AD0F800A0CDED14
:10F6E000146ACDED135A8DED126A12EE10EAF0EEA7
:10F6F000673A179023989DF89CB010902498CDF805
:10F7000044B0B0F902B05B699EFBF4FE5B440F931A
:10F7100013EE103AFEEEC83A0EFB05339CFBF4FCE8
:10F72000059313EE903A0029D4BF9146A146CDED42
:10F730000C2A8DED0B1ACDED0A1A8DED097ACDED5F
:10F74000087A8DED034ACDED024A8DED015A2E4423
:10F7500004FB07660CFB0533CDE90D86CDE906CE2B
:10F7600004930094DAF808401798A9EB0503A04722
:10F7700019B0BDE8F08F00002DE9F04F2DED088B9A
:10F780001F46B2F90630B3B0064608460D460BEEEA
:10F79000903A1446B2F904B004F0E6FD09EE100AFE
:10F7A000284604F015FE08EE900A824BB8EEC99A7E
:10F7B0001B78F8EEE88A012B9FED7F8A0CD0F0EEE3
:10F7C000689AF0EE68AAB0EE49BAF0EE498AB0EE57
:10F7D00048AAB0EE489A07E0F0EE499AB0EE68AA5F
:10F7E000F0EE48AAB0EE48BA386879680FAA03C2AA
:10F7F0004FF0000A1746C2E900012188BDF84430E5
:10F8000020680B44ADF844306188BDF846300DF1F6
:10F810004C090B446168ADF8463013AB03C348464E
:10F8200001F0B0FAB4F90410B4F906300DF13C0857
:10F830004046ADF8581015A9ADF85A30CDF854A08F
:10F8400001F0E4FA384601F09DFA284604F07EFE05
:10F850000446002800F0A88007EE90BAB8EEE77AD8
:10F86000F8EEEB7A15AA0BA907A88DED087A8DEDB5
:10F87000097ACDED0D7ACDED0E7A8DED078A8DEDFD
:10F880000A8A8DED0B8A8DED0C8A01F0A3FA15AA78
:10F890000CA908A801F09EFA15AA0DA909A801F063
:10F8A00099FA15AA0EA90AA801F094FADDED0B7ACF
:10F8B000B0EE677ADDED087ABEEECE7AF0EE676ADA
:10F8C000DDED0C7A17EE103AB0EE677ADDED097ACD
:10F8D000B0EE676ADDED0D7ABEEECE6A16EE100A66
:10F8E000B0EE676ADDED0A7ABEEECE6A16EE101A49
:10F8F000B0EE676ABEEECE6ADDED0E7A16EE102A25
:10F900009DED076AFEEECE6ABEEECE7AFEEECE7AB0
:10F91000BEEECE6A1F93294BCDE928012093259393
:10F920002A932F93264B28461B882D92CDE9183415
:10F930008DED1E6ACDED236A8DED247ACDED2E7A04
:10F940008DED218A8DED229A8DED26BA8DED278AD7
:10F95000CDED2B8ACDED2CAA8DED30AACDED319ACF
:10F96000CDF85CA004F022FE1A90284604F0FCFCBE
:10F970001B90284604F02CFD1C90284604F0F4FC53
:10F980004FF6FF72336804929DF81421CDF8009071
:10F990000392BDF810211D90CDE9017230465C6CD8
:10F9A0001EAA19AB17A9A04733B0BDEC088BBDE860
:10F9B000F08F00BFC29E0520000000000000C8427A
:10F9C000C89E05202DE9F04F1F46D9B0BDF89031F3
:10F9D0000E9109939DF8943114460A93BDF898311D
:10F9E00039460F93036806469D6CDDE90923A84755
:10F9F0007060002800F08D8394ED027AF2EE047AB4
:10FA0000B4EEE77A3B68A06912937B681393B14B1D
:10FA10001978D7E90223002916BF19461146134663
:10FA2000F1EE10FACDE915321491E36A616840F203
:10FA3000708394ED077AB4EEE77AF1EE10FA40F2B3
:10FA4000688394ED0C7AB4EEE77AF1EE10FA40F2A6
:10FA500060832768A04A9742C0F25B83656995423C
:10FA6000C0F25783A26ADFF880C202F51C32FF326F
:10FA7000624500F24E83994A974200F34A839542C9
:10FA800000F34783964D01F51C32FF32AA4200F283
:10FA9000408300F51C32FF32AA4200F23A8303F59C
:10FAA0001C32FF32624500F23483814206DA994209
:10FAB0000EDC98420FDA022501270EE0984211DC95
:10FAC000994216DA02250327A9464FF0000815E0EF
:10FAD0000125002708E001250227A946B8464FF076
:10FAE000000A0DE000250127A946B8464FF0020A9A
:10FAF00006E0022703254FF00009B8464FF0010A3F
:10FB0000214647A804F0CEF92246534647A9CDF82E
:10FB1000009017A804F0B4FA2246534647A9CDF83E
:10FB2000008027A804F0ACFA4346224647A9CDF846
:10FB3000009037A804F0A4FAAF42B5BF0023012318
:10FB40000D930D930E9B10AF93E80300B8BF27AD44
:10FB500087E80300B2BF17AC17AD27AC28B9614BDB
:10FB600018680368DB6A98473860629B6169B3F97B
:10FB70000230639819440B93639BC088B3F9023039
:10FB80002D9A184400B281420C900CDA994280F20E
:10FB90009480002A40F391805B1A9342A8BF1346D9
:10FBA00003F1FF3B05E0002A40F38780134602F192
:10FBB000FF3B2C99DDED317ADDE92779DDE929A8D4
:10FBC00001F1020E9DED326A9DED347ADDED355A7C
:10FBD000DDED2E6A9DED2F5ADDED304A9DED334A65
:10FBE000DDED363A2B9801F1010CDE4400E0DC46F5
:10FBF0005044404577EE867A37EE257A76EE856A70
:10FC00004F4408DB76EEA46A77EE847A37EE237AE7
:10FC10000137A0EB08000CF1010BDE45E7D1DDE96F
:10FC200019BE1144A1EB0C01CDED2E6A8DED347A95
:10FC3000CDED317ACDE92CC1DDE91C1CDDED217A59
:10FC40009DED226A9DED247ADDED255ADDED1E6ADB
:10FC50009DED1F5ADDED204A9DED234ADDED263A4C
:10FC600088462B901B9803EB01092797DDE9177A4B
:10FC70005844704577EE867A37EE257A76EE856AB7
:10FC8000574401F1010108DB76EEA46A77EE847A2D
:10FC900037EE237A0137A0EB0E004945E8D1CDEDD0
:10FCA0001E6A8DED247ACDED217AC4441B90ACEB15
:10FCB0000100CDE91C101797D21A63690B990DF159
:10FCC000480819440B460C99CF1A9742A8BF17460B
:10FCD000B1E000BFC29E0520018FFDFF0071020050
:10FCE000FFE10400D09E0520FEE10400629B29682C
:10FCF000B3F90020639B1144B3F9003099421BDD36
:10FD000021680A44639989880B441BB29A4213DC28
:10FD10000F9A336806920A9A00950592099A30461E
:10FD20000492639A10A90392629ACDE9018247AACC
:10FD3000D3F84C902346C847D4E9002394ED0A7ABF
:10FD4000D4ED0B7AD4ED0E6A37EE277AD4ED0D7A26
:10FD500094ED086A77EEA67AD4ED076A76EE866AA5
:10FD60001A446369A16801336361A36984ED0A7A67
:10FD7000013BA3612369C4ED0D7A0B44E168C4ED36
:10FD8000076A8B422260236115DB94ED096A76EEE7
:10FD9000266AC4ED076AD4ED0C6A36EE877A84EDE4
:10FDA0000A7A94ED0F7A77EE277AC4ED0D7A013254
:10FDB0005B1A2260236195ED0A7AD5E90023D5ED1F
:10FDC0000B7AD5ED0E6A37EE277AD5ED0D7A95EDE3
:10FDD000086A77EEA67AD5ED076A76EE866A1A4447
:10FDE0006B69A96801336B61AB6985ED0A7A013BE8
:10FDF000AB612B69C5ED0D7A0B44E968C5ED076A67
:10FE00008B422A602B6115DB95ED096A76EE266A36
:10FE1000C5ED076AD5ED0C6A36EE877A85ED0A7A6C
:10FE200095ED0F7A77EE277AC5ED0D7A01325B1AE0
:10FE30002A602B61013F002F3FF758AF0D9B3D9A81
:10FE400013B117AD37AC01E037AD17AC629B6169F8
:10FE5000B3F90230639819440B93639BC088B3F9DC
:10FE60000230184400B281420C900CDA994280F2C0
:10FE70009480002A40F391805B1A9342A8BF1346F6
:10FE800003F1FF3B05E0002A40F38780134602F1AF
:10FE9000FF3B3C99DDED417ADDE93779DDE939A8B1
:10FEA00001F1020E9DED426A9DED447ADDED455A69
:10FEB000DDED3E6A9DED3F5ADDED404A9DED434A42
:10FEC000DDED463A3B9801F1010CDE4400E0DC46F2
:10FED0005044404577EE867A37EE257A76EE856A8D
:10FEE0004F4408DB76EEA46A77EE847A37EE237A05
:10FEF0000137A0EB08000CF1010BDE45E7D1DDE98D
:10FF000019BE1144A1EB0C01CDED3E6A8DED447A92
:10FF1000CDED417ACDE93CC1DDE91C1CDDED217A56
:10FF20009DED226A9DED247ADDED255ADDED1E6AF8
:10FF30009DED1F5ADDED204A9DED234ADDED263A69
:10FF400088463B901B9803EB01093797DDE9177A48
:10FF50005844704577EE867A37EE257A76EE856AD4
:10FF6000574401F1010108DB76EEA46A77EE847A4A
:10FF700037EE237A0137A0EB0E004945E8D1CDEDED
:10FF80001E6A8DED247ACDED217AC4441B90ACEB32
:10FF90000100CDE91C101797D21A63690B990DF176
:10FFA000480819440B460C99CF1A9742A8BF174628
:10FFB000A4E0629B2968B3F90020639B1144B3F964
:10FFC000003099421BDD21680A44639989880B44FB
:10FFD0001BB29A4213DC0F9A336806920A9A009574
:10FFE0000592099A30460492639A10A90392629A84
:10FFF000CDE9018247AAD3F84C902346C847D4E9FB
:020000040801F1
:10000000002394ED0A7AD4ED0B7AD4ED0E6A37EE24
:10001000277AD4ED0D7A94ED086A77EEA67AD4EDBE
:10002000076A76EE866A1A446369A16801336361E0
:10003000A36984ED0A7A013BA3612369C4ED0D7ABB
:100040000B44E168C4ED076A8B422260236115DB33
:1000500094ED096A76EE266AC4ED076AD4ED0C6A5F
:1000600036EE877A84ED0A7A94ED0F7A77EE277A66
:10007000C4ED0D7A01325B1A2260236195ED0A7A94
:10008000D5E90023D5ED0B7AD5ED0E6A37EE277A48
:10009000D5ED0D7A95ED086A77EEA67AD5ED076A6B
:1000A00076EE866A1A446B69A96801336B61AB69A5
:1000B00085ED0A7A013BAB612B69C5ED0D7A0B44E6
:1000C000E968C5ED076A8B422A602B6115DB95ED67
:1000D000096A76EE266AC5ED076AD5ED0C6A36EE3A
:1000E000877A85ED0A7A95ED0F7A77EE277AC5ED56
:1000F0000D7A01325B1A2A602B61013F002F3FF716
:1001000058AF0E9B1B6823B9034B186803681B6B21
:10011000984759B0BDE8F08FD09E052070B50446D1
:10012000002505989DF81C60616063829DF81010A1
:10013000BDF91830C4E90655258021726672E06069
:100140002282A382E582258484F822502EB303689C
:100150005B699847064600B3E06831460368DB6890
:1001600098470546C8B1437B827A5B0003F48073ED
:1001700013432384637A062B0FD1E0682A46036871
:1001800031465B6C98476A7BAB7A520002F480720E
:100190001343228C034413442384204670BD2DE96D
:1001A000F04F002587B00E46A8462C462F464FF646
:1001B000FF6A42F20B0BCDE90223019024E00023F9
:1001C0005445059302D05C4518BFA04632460399BA
:1001D000019805AB03F082FC0446C0B10A2816D092
:1001E000059A82B1537B92F80A905B0003F4807306
:1001F00049EA03093368414630465B6C9488984766
:100200004844384487B20135029B9D42D7DB3846CB
:1002100007B0BDE8F08F022A30B511D0032A1CD0F8
:10022000012A28D18B880188B0F9042044885B1A00
:10023000B0F906109B1A048043808180C2801AE0C6
:10024000CB8842889B1AC2889B1A8A88018843807F
:10025000521A8188521A02800DE0CB884188B0F989
:100260000620B0F90050B0F904405B1A9B1A0380D5
:1002700045808280C48030BD2DE9F04F9FB00F9241
:100280001293299A299B2A9E12889B880E901344C8
:1002900030681BB21193036817915B6D9DF8ACB089
:1002A0009DF8B84098473368BDF9A0701A7BDB7A97
:1002B0001390159216933CB1337C2D9A062B14BFE4
:1002C00001230223134400E02D9B4FF000091093FB
:1002D0004C46CDF83490CDF8309026E10023CDE99E
:1002E0001C338DF86F304FF6FF639C4206D042F20C
:1002F0000B020C9B944218BF23460C930D9B2D9927
:1003000032688B420EDB136810465B6998470446DF
:100310003068214603681DAA9D680DF16F03A84748
:100320001C900AE00DF16F0301931DAB0093594639
:100330002C981CAB03F01AFC04464FF6FF639C425A
:1003400000F0F08042F20B039C4200F0EB80002CA6
:1003500000F0F1800A2C00F0F2801C9B0BB19C880D
:100360000DE0306803681B6998474FF6FF639842B9
:1003700000F0D88042F20B03984200F0D380BBF12A
:10038000000F00D14F441C9A002A00F0CA80537B12
:1003900092F80A905B0003F48073BBF1010F49EA05
:1003A000030904D10C9BA7EB090763B91BE00C9B65
:1003B00083B1BBF1000F06D130680C9903685B6C08
:1003C0009847074409E030680C9903685B6C9847CC
:1003D0003F1A08E0BBF1000F05D1169B119AFB1ADA
:1003E00093420DDDA6E0299BBBF1010FB3F900207C
:1003F00006D1159909EB07030B449342C0F29A808A
:100400001C9B299A93F90910B2F900805A7B9B79B9
:10041000520102F48072394413430B444345C0F245
:100420008180119B99427DDA3068B8450368C8BF66
:10043000A8EB07081B6BD4BF4FF000081FFA88F821
:1004400098471C9A92F80DC0157A6346D90001F4BA
:1004500080710D431CF0400F12991CBFA5F500756B
:100460002DB208442999ADB280B2B1F90210A0EBC7
:10047000050A0FFA8AFA51450EDD92F807C01B01F2
:1004800003F480734CEA030CD44461454ADC081A37
:1004900005448A462DB200E000251992139A1D9B4F
:1004A0003068002A28D118930E9BADB219680B6DE5
:1004B00001681493096C8847B179189B0B91B17B43
:1004C000199A0A919DF86F100991B1680693299BBA
:1004D000CDE90285B844CDE9070104930FFA88F30A
:1004E00000930F9B0592CDF804A01A6817995B68DA
:1004F0000E98149DA84715E00E9AD2F808C0129ADB
:10050000DCF80010CDE90472B2790392B27B02925A
:10051000B268CDE9000260468D68299A0F99A84714
:1005200000E091460D9B01330D930D9B109A934271
:10053000FFF6D4AE0CB9002412E00A2C01D10A2433
:100540000EE00D9D08E059462C98F1F765FF044632
:100550000028F0D00A28F2D02D9B01359D42F2DB15
:10056000B4FA84F040091FB0BDE8F08F30B5C48AFA
:10057000458B43832C44E41AC482838B048B5B1A1F
:1005800022440C44C2830483838330BD2DE9F04FA1
:100590000446478AC06885B003689B6B9847B4F9E6
:1005A0001460637A06EB4006B74203F1FF33ACBF39
:1005B0004FF000094FF00109052B04D8DFE803F0E4
:1005C00022070D161B1B0025A9462E461DE0B7422B
:1005D000B4BF00260126002517E04D464FF0000964
:1005E000B742B4BF002601264F460FE00025012781
:1005F000A9462E460AE00025B742B4BF00270127CE
:100600002E4603E000250126A9462F464FF000089C
:10061000A4F81680A4F81880CDF804800023039372
:100620002388202B0DD042F20B0293420AD04FF6C2
:10063000FF6201994FF0000A934218BF19460191D9
:1006400002E001934FF0010AE268217A606803AB8F
:1006500003F044FA208010B90023A28B5CE0638B86
:100660000A2803F101036383F6D0039A42B94FF6D7
:10067000FF63984216D042F20B039842CED111E0AC
:100680009388E0682380537B92F80AB05B0003F400
:1006900080734BEA030B036801995B6C98478344B2
:1006A0001FFA8BF22388A18B202B03D042F20B0080
:1006B000834203D1BAF1000F08BF8846208B0A4459
:1006C00092B2B4F810C0A2831044B9F1000F06D161
:1006D000EDB1202B03D042F20B018B4206D1238CCB
:1006E00003449C4505DAE38A1BB14FE0604503DC17
:1006F00094E70023114638E0E38A002B8ED00123D3
:10070000228C84F82230E38B1344E38331E060458C
:100710001DDD1FB101230A4611460FE0002E3FF4F4
:100720007DAF202B3FF47AAF42F20B0293423FF4AD
:1007300075AFBAF1000F05D0012342462046FFF7FE
:1007400015FF16E0E38A002B3FF468AF11E0202B81
:100750003FF464AF42F20B0293423FF45FAFBAF151
:10076000000F3FF45BAF012342462046FFF7FEFE39
:1007700054E7E06803689B6B9847B4F9143003446E
:10078000608AC01A608205B0BDE8F08F60457FF7CF
:1007900045AFB4E7F0B5054617461C460E468FB088
:1007A000D1B11B6820469B6B984743421BB2CDE9F1
:1007B000014329464FF6FF73BDF85020039600977A
:1007C00005A8FFF7ABFC012405A8FFF7DFFEBDF885
:1007D000143063B10134F7E703F04BFA01240A281F
:1007E000284608BF013403F044FA0028F7D1A0B22C
:1007F0000FB0F0BD2DE9F04FE5B00E46DDE96E8A91
:100800001C460A90B8F1000F00F026811B68002BEF
:1008100000F02281A37B002B00F01E81106851683C
:100820000CAB03C30021A579B6F90420B6F9063054
:100830000E91ADF83C200EA92A460CA8ADF83E302A
:10084000FFF7E9FC0EA92A460846FFF7E4FC19A8C1
:1008500002F001FE20680368DB6C984705462068BB
:1008600003681B6D98472B4652464146009019A8D5
:1008700002F048FE23792068089303689B6B984731
:10088000B4F90C5023688146054432A85F7A02F01F
:10089000E2FD237C7BB120680368DB6C98478346CC
:1008A000206803681B6D98475B460090524641469E
:1008B00032A802F027FEBDF93C30E27B0993237C8D
:1008C000BDF83C800393B4F90C30A8EB020202930C
:1008D000236892B20193637932A9009310A8BDF8FE
:1008E0003E30FFF71BFC002D04DC4FF0000B0DF138
:1008F00064094CE0237C4F44002B3FD01FFA85FA5B
:1009000023E010A8FFF742FEBDF856B007E061797A
:1009100019A8F1F781FD0BF1FF3B1FFA8BFBBBF12F
:10092000000FF4D1BDF83E30D144A3EB0A03ADF87B
:100930003E30BDF84030ADF83A90002B00F08C808E
:100940009DF86230002B40F08780BDF93A90BDF9E8
:10095000323009EB07029A42D3DBC6E719A803F04D
:1009600088F9002878D00A2808D1BDF83E3019FA55
:1009700085F95B1BADF83A90ADF83E30BDF93A9081
:10098000BDF9323009EB07029A42E7DBADE7237C81
:1009900013B110A8FFF7FAFD089B2BB3277C642244
:1009A00049464BA814F075F917B1BDF95E0007E090
:1009B0003B4647F6FF7221684BA8FFF7F0FB00B2F9
:1009C0002379012B06D1099B181A00EBD07040F354
:1009D0004F020AE0022B09BFE27B0022A8EB0202D1
:1009E000121A08BF12B200E0E27B237C13B1BDF8FB
:1009F000561001E047F6FF719DF862A0BDF93A304C
:100A0000CDE9051ABDF838100CAF0A4412B20092B5
:100A100000213246CDE903B90A98029401970B935D
:100A2000FFF72AFCC0B90B9BBDF83E2013FA85F3F3
:100A30001BB2521BADF83A30ADF83E20BAF1000FB0
:100A40000AD12268BDF83210127A9B1ABDF83620FE
:100A50000A4412B293429ADD65B0BDE8F08F10B53A
:100A6000032B18D8DFE803F002060C13B0F90000DE
:100A7000084411E003888188581800B2801A04E005
:100A800003888288981800B2401A013804E0B0F94F
:100A90000000104400E0002010BD10B5032B18D852
:100AA000DFE803F002060A10B0F90200104411E07A
:100AB000B0F9020008440DE04388C188581800B21C
:100AC000801A04E04388C288981800B2401A01389E
:100AD00000E0002010BD00000022014B1A607047AA
:100AE000DC9E05200346C0B1B0F5803F3ABF030449
:100AF00010200020B3F1807F3CBF1B020830B3F10F
:100B0000805F3CBF1B010430B3F1804F3CBF9B00B2
:100B10000230002B02DB01307047202070472DE9A6
:100B2000F04F87B004460D461E461046109F02E067
:100B300035461C460026002C51D000284CD045EAF2
:100B400006031F2B4AD845B903462046002EEFD195
:100B50004FF0FF346FF0004042E030FA05FA05D163
:100B60004443B4FBF7F007FB104439E004FA05F9FD
:100B7000B9FBF7FB4FF001080AFB0BF308FA05F885
:100B800008F1FF3808EA000840460393FFF7AAFF80
:100B9000119B014622464046CDE900732B46FFF7E4
:100BA000BEFF07FB1B9280461046FFF79BFF0346E4
:100BB00005A8CDE90070A9195046FFF7B0FF119BB9
:100BC0001C68059B1C44B4FBF7F2039B07FB124413
:100BD000D3184344184403E0044601E000242046AF
:100BE000119B1C6007B0BDE8F08F2DE9FF410A9D05
:100BF000B0F100081C46BDBF2B684FF0FF365B42CA
:100C00000126BCBFC8F100082B60002A04DA2B685B
:100C100052425B4276422B60002C1046BABF6442BF
:100C20004FF0FF370127FFF75DFF034603A8CDE92B
:100C300000404046FFF773FF039A2B68BE421344FF
:100C400093FBF4F2104418BF4042013604FB123308
:100C500003D0002B06DB1A4609E0002BC3F100028B
:100C600003DB04E001381A1901E00138121B2A6085
:100C700004B0BDE8F08100002DE9F04F1F4C06469E
:100C8000D0E90097A56985B095B3A3680DF10C0A6A
:100C900005EBD57203EB6203CDF800A0E1694FEAE2
:100CA000620B03934A462B462068FFF79EFFCDF860
:100CB00000A03A4680462B46216A6068FFF795FF00
:100CC0006369CDF800A05B444A46616A804403939F
:100CD000E0682B46FFF789FFCDF800A081463A4631
:100CE0002B46A16A2069FFF780FF09EB0007C14688
:100CF000C6E9009705B0BDE8F08F00BFE09E052073
:100D0000074B1B78012B09D1B1F90030B0F9002055
:100D10000380044B1B88013B9B1A0B80704700BF6C
:100D2000C29E0520CC9E052010B5074B1B78012BD9
:100D300008D1064B0C881B88B0F90020013B1B1B17
:100D400003800A8010BD00BFC29E0520CC9E0520F6
:100D500010B50A4B1B78012B0ED1094BB0F90610C8
:100D600042881B880A449B1AB0F900400380B0F9FE
:100D7000043044808180C38010BD00BFC29E052026
:100D8000CC9E0520084B1B78012B0CD14388028890
:100D90000380064BB0F904101B880A449B1A438059
:100DA000C388C18083807047C29E0520CC9E0520E9
:100DB00010B5074B1B78012B08D1B1F90030B0F901
:100DC000004003809388013B1B1B0B8010BD00BFBC
:100DD000C29E05200B4B1B78012B11D10B6890EDA7
:100DE000007A0360B2F90430DFED076A07EE903A4B
:100DF000F8EEE77A77EEE67A77EEC77AC1ED007A19
:100E0000704700BFC29E052017B7D13838B5094BCF
:100E10000A461B78012B0CD10146B0F90450038817
:100E20002B44013B21F8023BFFF7C2FFC388C5807A
:100E3000838038BDC29E05200021064BC0F83011CA
:100E4000B3F90020044BA0F83421B3F90030A0F826
:100E500036317047CC9E0520CA9E0520034B18688A
:100E600010B103689B691847704700BF1C9F05209D
:100E70007047000007B50021084B0091B3F900202E
:100E8000074B6946B3F90030ADF80420ADF80630E1
:100E900003689B6C984703B05DF804FBCC9E05206B
:100EA000CA9E05200021094B82B0B3F90020084BEF
:100EB000ADF80420B3F900300091ADF806300368B6
:100EC00002AA1B6C12E9060002B01847CC9E05204E
:100ED000CA9E0520034B186810B10368DB691847E8
:100EE000704700BF1C9F0520034B186810B10368B2
:100EF0001B6A1847704700BF1C9F05200023A0F8FD
:100F0000EC307047034B186810B103689B6A1847B0
:100F1000704700BF1C9F0520704710B504464FF472
:100F20009E7112F01CFC204610BD002804DD002933
:100F3000CCBF0020012070470120704710B5B1F9E7
:100F400000408A88B0F90030224412B2934215DA88
:100F5000828813441BB29C4210DAB1F90230C9886E
:100F6000B0F90220194409B28A4207DAC1880A445A
:100F700012B29342ACBF0020012000E0002010BD5F
:100F8000F8B5B1F9047004460B463846B1F90610BD
:100F9000FFF7CBFFE0B9B3F90050B4F90060B542F8
:100FA00016DBB3F90230B4F90220934210DBB4F837
:100FB00004C03D44664436B22DB2AE4208DBE08840
:100FC0000B44024412B21BB29A42B4BF002001206B
:100FD000F8BDB0F9003010B5002B04DA8488234442
:100FE000838000230380B0F90040B0F90430091B6E
:100FF0008B42B0F90230C8BF8180002B04DAC1886F
:101000000B44C38000234380B0F90210B0F90630CE
:10101000521A9342C8BFC28010BD000010B50C46E2
:101020000F4B2046B3F900200E4BB3F90010FFF729
:10103000D0FF0D4B186890B1036821469B68984714
:101040000A4B186818B1036821469B689847084BFB
:101050002146BDE8104018680368DB69184710BDD9
:10106000CA9E0520CC9E05201C9F0520149F0520AC
:10107000D09E0520014B1868704700BF209F0520B7
:10108000002310B5A0F8A430B0F880300446A0F8D2
:10109000A6300DE0E21892F8842022B154F8230023
:1010A00003681B6D9847B4F8A4300133A4F8A4304A
:1010B000B4F8A430B4F8A6209A42EBD810BD30B5ED
:1010C0000022B0F8804000F184050FE050F8223093
:1010D0008B420AD1AB5C43B1013BDBB2811881F892
:1010E000843033B940F8223003E0013293B29C429D
:1010F000ECD830BD002200F18303A0F88020A3309B
:1011000003F8012F8342FBD17047000070B50B4EEE
:10111000044630680D4610B103685B699847201D8E
:10112000FFF7E8FF35602B682846DB68984723689F
:101130002046BDE870405B6C184700BF1C9F05202F
:1011400000232DE9F0411A461C461D46B0F880E008
:10115000B0F8A41000F183061AE016F801CFBCF134
:10116000000F0CD09A4208D050F823701FFA82F872
:1011700040F82870871887F884C0013207E0B0F87B
:10118000A6709942A8BF01359F42C8BF0134013300
:101190009E45E2DCB0F8A630491B1B1BA0F8A4104A
:1011A000A0F8A63002E0013BA0F88030B0F8803013
:1011B0009342F8DCBDE8F08170B5164E0446306805
:1011C00030B1037A23B984F8383103689B681DE095
:1011D00094F83831104D73B968B1037A5BB128685F
:1011E00010B103681B69984730680368DB6898474B
:1011F000012384F8383104342046FFF741FF2046AC
:10120000FFF79EFF286820B103685B6ABDE8704065
:10121000184770BD189F05201C9F0520F8B50023B6
:101220000C46B0F88050194600F1830610E050F8E3
:10123000237016F8012FA74206D1FF2A1DD00344C0
:10124000013283F8842018E0002A08BF012101330D
:101250009AB29542EBD819B1202D01D1FFF770FF5A
:10126000B0F880301F2B08D80121C21882F88410F2
:101270005A18A0F8802040F82340F8BD0346002209
:1012800000F140011A805A809A80DA8008338B423C
:10129000F8D1A0F840207047F8B50646044600256E
:1012A000184BA82246F8043B0021304613F065FC99
:1012B000A4F8845004F1AC00FFF7E0FF04F1EE0065
:1012C000FFF7DCFFC4E94C550F49104884F838514A
:1012D00011F09CFB0E4F0F4B08B11D8006E04FF440
:1012E000806202201A80386001F014FF00230A4A4D
:1012F00030461360094A3B601360FFF7FBFE20464F
:10130000F8BD00BF7C740208CDB5E8B5C2A507F4EE
:101310001C9F052020B00420209F0520189F052039
:10132000B0F8403010B5013B9BB28B42A0F8403082
:1013300009D900EBC30450F8333000EBC10240F888
:1013400031306368536010BD37B56B4683E80600E3
:10135000B0F840200446072A08D8511C00EBC2050B
:10136000A0F8401003CB44F83200696003B030BDF0
:101370002DE9F04F8FB00AAB83E80600994B834606
:10138000B3F90020984B0AA8B3F90010FFF721FE2B
:10139000BDF92E10BDF92C00FFF7C7FD002840F065
:1013A0002883924B1B6893F84C30022B00F021836A
:1013B000BBF8EC400BF1AC05013C0AE005EBC401C5
:1013C0000AA8FFF7DDFD18B12846A1B2FFF7A8FF74
:1013D000013C611CF2D1BBF8EC3002930BEBC3056E
:1013E00000242E462746DDF808807AE00AA906F197
:1013F000A400FFF7A3FD00286ED0BDF928E0B6F9E0
:10140000A4C0BDF92A20E645B6F9A6A033DBB6F89C
:10141000A810BDF82C306144734409B21BB2994244
:1014200029DBBDF82E30B6F8AA1013FA82F311FAB0
:101430008AF152451FFA82FE9BB21FFA8AFC89B2DA
:1014400009DB5B1A1BB2002BADF82E3040F3D182C2
:10145000ADF82A100DE009B21BB299423DDBACEBAE
:101460000E0C0FFA8CFCADF82EC0BCF1000F40F34F
:10147000C082044630E052452FDBB6F8AA30BDF8F2
:101480002E1053440A441BB212B2934225DBB6F825
:10149000A820BDF82C3012FA8CF213FA8EF3E64530
:1014A0001FFA8EFA1FFA8CF192B29BB209DB9B1ADB
:1014B0001BB2002BADF82C3040F39B82ADF82820F6
:1014C000D7E71BB212B2934207DCA1EB0A0109B2C3
:1014D000ADF82C100029CAE73846074608F1FF3856
:1014E000083EB8F1000F81D1002C7FF479AF2FB9FD
:1014F000BBF8EC506C1E0BEBC505EFE1BDF92830D5
:10150000BDF82C900393BDF82830BDF82EA003EB56
:1015100009060793B3B20493BDF92A30A846019394
:10152000BDF82A3036B203EB0A070593BBB2069327
:101530003FB24DE00AA908F1A400FFF7FFFCC8B1D3
:10154000B8F9A410039AB8F9A6308A421DDCB8F89D
:10155000A8200A4412B2B24217DC01999AB2994209
:10156000B8F8AA3008DC1344069AA8F8A6709B1AAB
:10157000A8F8AA30204628E013441BB2BB4224DC62
:10158000059B9A1AA8F8AA20F4E7019A9A421CDC53
:10159000B8F8AA2013441BB2BB4216DC039B8AB2E4
:1015A0008B42B8F8A83007DC1344049AA8F8A4606A
:1015B0009B1AA8F8A830DDE713441BB29E4204DB57
:1015C000079B9A1AA8F8A820D4E70446A8F10808AF
:1015D000C345AFD1002C8BD0029B5C1E0BF1AC033A
:1015E000089333E1CA9E0520CC9E0520D09E05209D
:1015F00005F1A40841460AA8FFF7C2FC18B10898F3
:10160000A1B2FFF78DFE40460AA9FFF797FC00281C
:1016100000F01A81B5F9A430BBF8EC200293B5F8BC
:10162000A480B5F8A83009924344DDE90202824261
:10163000B5F9A6109BB27FDD079A0198A2EB080CC2
:1016400088421FFA8CF20FFA83FE0FFA8CFC1FDD22
:101650000BEBC404A6EB0E0E0598B4F8B2608BB287
:10166000C51A33441BB21FFA85F8FB1A2DB205FBCD
:101670000EFE0CFB03F39E4502DBA4F8B25020E003
:10168000D044A4F8B0C0ADF82E80ADF82A108FE693
:10169000764523DD0BEBC4040698B4F8B230A6EB14
:1016A0000E0E1B1A01980B449DB2091A1BB20CFBBB
:1016B00001F103FB0EFE71450ADCA4F8AE70A4F83C
:1016C000B230029B4A44ADF82830ADF82C206FE6CA
:1016D0005544A4F8B0C0ADF82E5069E604990998B5
:1016E0005B1A062899B21BB20DD8D5F8A400D5F81C
:1016F000A8100CAA03C2A5F8A830A5F8A460134648
:10170000ADF834C081E063454FEAC4040DDB4A44C0
:1017100092B202995C44ADF82C204244ADF82810F6
:10172000A4F8AC20A4F8B03042E65C444944A4F8E4
:10173000B0C0ADF82C103BE6B5F8AA20019812FA1B
:1017400081F288421FFA81F892B21FDA0498E4000D
:101750001B1A06989DB2121A01981BB2091A03FBB4
:1017600001FEDDE902101FFA82FC081A12B2504392
:1017700086455C4405DCA4F8B220A4F8AE704D4464
:1017800023E0A4F8B030A4F8AC6027E00598A0EB03
:10179000080E18B286421FFA8EFC0FFA8EFE21DA6E
:1017A000049812B21B1A1FFA83F8BA1A1BB2DDE9A9
:1017B0000250281A0EFB00F05A43E40090425C44A9
:1017C00006DBA4F8B2E008EB0905ADF82C50EFE514
:1017D000A4F8AC60A4F8B030ADF82A10D444ADF849
:1017E0002EC0E5E5069B0998D21A062893B212B2DC
:1017F00011D8D5F8A400D5F8A8100CAB03C3A5F8F0
:10180000AA20A5F8A670ADF836E0089813E90600FE
:10181000FFF79AFD18E072454FEAC4040DDBD4448B
:101820001FFA8CFC5C44ADF82EC0C444ADF82A10FD
:10183000A4F8AEC0A4F8B220BAE55C445344A4F8BE
:10184000B2E0ADF82E30B3E5013C083D621C7FF4F8
:10185000CFAE4DE6BDF92A20B5F9A660BDF9281036
:10186000B242B5F9A47018D1BDF92E00B5F9AA306D
:10187000984212D1B5F8A830BDF82C20D81900B282
:10188000884202D1ADF8287003E0114409B2B94290
:1018900022D11344ADF82C3019E0B9421CD1BDF966
:1018A0002C10B5F9A830994216D1B5F8AA30BDF878
:1018B0002E10981900B2824202D1ADF82A6003E0DE
:1018C0000A4412B2964207D10B44ADF82E30A1B2B1
:1018D0000BF1AC00FFF724FD013C083D631CB9D1BE
:1018E000BBF8EC70072F06D80BF1AC00DDE90A124B
:1018F000FFF72AFD7DE06FF0004A00250BF1AC03F5
:1019000007F1FF3902930BEBC707B7F8A820B7F828
:10191000AA3012FB03F301934B4609F1FF39C84685
:1019200007F1A402B8F1FF3F16BF02990DF1280E8E
:1019300001EBC80EBEF80610BEF80460106816FB76
:1019400001F651680DF1300CACE8030071460CA8AB
:1019500004930392F9F7FCF8BDF83410BDF8360093
:10196000019B11FB00F11E448E1B0029B8BF0731FB
:10197000B6EBE10FDDE903230BDB564503DA46B195
:10198000B24644461D4608F1FF3818F1020FC9D18E
:1019900002E044461D4604E0B9F1FF3FA7F1080705
:1019A000B3D1AFB2FD0005F1AC00002C0BF1AC06D9
:1019B000584404DA01460AA8F9F7CAF814E0A4B2B8
:1019C000E40004F1AC015944F9F7C2F85C440AABF5
:1019D00003CB5D44C4F8AC00C4F8B010D5F8AC003B
:1019E000D5F8B0100AAB03C339463046FFF798FC70
:1019F000DEE40FB0BDE8F08F2DE9F04F0446B0F9FA
:101A00003611A3B0B0F93401FFF78FFA054638B9A3
:101A1000D4E94C12236820461B6C9847C4E94C5506
:101A2000B4F8EC303BB9A74B1B6893F84C309A1EC6
:101A30005342534100E00123A34A1268B2B1A34DBF
:101A4000B5F90610B5F90400FFF76FFA064668B954
:101A50002846FFF77DF9236820461B6C29686A68D1
:101A600098472E806E80AE80EE8002E0002B00F062
:101A70007B83974F11A8FFF701FC3D882E460AE0B3
:101A800004EBC603D3F8AC10D3F8B02011A8FFF7CD
:101A90005BFC0136B6B2B4F8EC30B342F0D80BE0E0
:101AA000226804EBC503166C2046D3F8EE10D3F879
:101AB000F220B0470135ADB2B4F82E31AB42EFD8C9
:101AC000804E306890F84C30012B40F00981814AFB
:101AD000B4F8EC1012783B88012A40F08180DFF8DE
:101AE000FC8104F1AC00B8F80020934605E030F921
:101AF00033500133AB45A8BFAB468B42F7DB0F2A0F
:101B000094BF0125D508ADF8342004F1AC0955E0A7
:101B1000B8F80030D1F8A810039388478646039B95
:101B20003068A3EB0E039BB2AAEB050E734590F849
:101B3000802090F86E1005DD5B4503DD4AB9002971
:101B400037D006E02AB921B95B45B8BF5B461846D5
:101B500000E058460021604BADF83400B3F9003086
:101B6000AAEB0000ADF83610B7F800A0ADF83800C9
:101B7000ADF83A3018E009EBCA0159F83A00496863
:101B80000FAA03C20DA90FA8F8F7B6FCBDF94210C1
:101B9000BDF94000FFF7C9F920B922682046926CD0
:101BA0000FA990470AF1010AB4F8EC205245E2DC93
:101BB00004E003680121D3F8A4309847BDF934A0AC
:101BC0003068DA450168A3DC78E030F8332035F876
:101BD00033C00133624412B29245B8BF924605E069
:101BE0004FF0000A04F1B20004F1AE058B42ECDBC9
:101BF000394BDFF8E8901D8800230F2D98BF012591
:101C0000CDE90D3388BFED0804F1AC084BE0D3F803
:101C1000A830984703460BEB050C3068634590F8F5
:101C2000801090F86E2009DA534507DA69B962B975
:101C300003680121D3F8A430984734E029B922B9C8
:101C40005345A8BF5346184600E050460022B9F954
:101C50000030A0EB0B00ADF836B0ADF83420B7F88B
:101C600000B0ADF83830ADF83A0018E008EBCB0220
:101C700058F83B0051680FAB03C30DA90FA8F8F744
:101C80003BFCBDF94210BDF94000FFF74EF920B909
:101C9000236820469B6C0FA998470BF1010BB4F801
:101CA000EC305B45E2DCBDF83A30BDF836B0306868
:101CB0009B440FFA8BFBD3450368A8DB30680368AD
:101CC0005B6A68E0D09E0520149F05200C9F0520CC
:101CD00020B00420C29E0520CA9E0520CC9E05206F
:101CE000022B40F0D780B0F8843090F881700993CF
:101CF000B0F882307D1E089303681FFA85FAD3F886
:101D0000A8309847B64B81461B8800200393B54BFB
:101D1000B3F80080B44B1B78012B1EBF4346DDF89F
:101D20000C800393F1F75EFCB8FBF7F77D430BE003
:101D300030680A210368D3F89C30984730680368FC
:101D4000D3F8A83098478146A945F1DB4FF0000B46
:101D50001AFB07FA0020F1F763FCBBB205931FFAE8
:101D60008AF306934FEA58135D46A04E079300E0AE
:101D7000D146454500F0E08130680368D3F8A830CB
:101D800098478145824608D9BBF1000F08D03068DA
:101D90000368D3F8B8309847CEE1BBF1000F04D008
:101DA000554500D2F3E74FF0010BB5FBF7F18BB2CD
:101DB000581C0493059B10FB03F01FFA80FEBBF137
:101DC000000F05D00AEB07024245A8BF424602E0D9
:101DD000069BAAEB030292B2724594BFC5EB0203C5
:101DE000C5EB0E0308988342A8BF034609981FFA63
:101DF00083F9814505D215FA83FCE04501D072458F
:101E00003DD90120CDE90A31F1F7ECFB30680B999F
:101E1000026809B2D2F898209047734A0A9B127858
:101E20000020012ABDF90C101BB20CD1A8EB050251
:101E3000A2EB0902ADF83C20ADF83E00ADF8403011
:101E4000ADF8421007E0ADF83C00ADF83E50ADF8FB
:101E50004010ADF84230236820460FA99B6C98478C
:101E60003068049BA9445942036809B2D3F89830FA
:101E7000984701201FFA89F5F1F7D2FB78E730681F
:101E800003689B6A9847306807990368D3F89C30C9
:101E900098476DE7032B40F03381534BB0F98680B0
:101EA0001B7804F1AC0A012B40F01D8185E03B88D2
:101EB00004F1B0010133039104F1B2014FF00009C4
:101EC000B4F9AC209BB2049129E02544B5F8B010D8
:101ED000B5F8AC003AF933E00844039900B231F8A0
:101EE00033109C46714409B2884204DA8645724632
:101EF000B8BF024611E00CD10499B5F9B20031F92E
:101F000033108842B4BF9C46CC467245B8BF724677
:101F100003E08A42B8BF0A46CC46E146013399B293
:101F20008B454FEAC905D0D86119D1F8AC00D1F87A
:101F3000B0100FAB03C3BDF94030BDF83C104345B2
:101F4000B8BFBDF93C200B449B1A0FA8ADF8403038
:101F5000ADF83C20FEF716FFBDF94030BDF9421048
:101F60001846FEF7E2FF40BB30688845ACBF89B237
:101F70001FFA88F102680091D2F894B0BDF83C10C5
:101F8000BDF83E209BB2D8478346ADF842000FA86B
:101F9000FEF7DEFE2368204625449B6C0FA9984778
:101FA000B5F8B000A0EB0B0000B2A5F8B00020B966
:101FB00050461FFA89F1FFF7B3F9B4F8ECB0BBF162
:101FC000000F7FF474AFB7E0B4F8B250B4F8AE309D
:101FD00010461D444FF0000903992DB22DE000BFBB
:101FE000CA9E0520CC9E0520C29E0520D09E0520BD
:101FF0002644B6F9AE30B1F9AEE08446734504DD4F
:10200000B1F8B25075442DB20CE00FD1B6F9B0E082
:10201000B1F9B060B645B4BF8446CC46B1F8B26001
:1020200033441BB29D42A8BF1D4603E07545A8BFBF
:102030007546CC46E1460130083183B29B454FEAF4
:10204000C906D5D80AEB06002644B6F9B230B0F975
:1020500006104345B8BFB6F8AE50B0F90400BCBF97
:10206000ED182DB2FEF761FF0028ADD1B6F9AE2014
:10207000ADF84200AD1A4545A8BF45463C48B6F903
:10208000B0C0B6F9AC100068ADF83C10ADF83E2019
:10209000ADF840C0D0F800E0ADB29BB29D4294BF15
:1020A0000095009392B21FFA8CF3DEF8945089B237
:1020B000A8472368ADF842009B6C20460FA99847BB
:1020C000BDF84220B6F8AE301344A6F8AE30B6F8EC
:1020D000B2309B1A1BB2A6F8B23023B950461FFA91
:1020E00089F1FFF71DF93A88B4F8ECB0013292B2E9
:1020F00004EBC2030393BBF1000F7FF465AF1BE059
:102100003D8815E004EBC502D2F8AC00D2F8B0105F
:102110000FAB03C3BDF94210BDF94000FEF705FF48
:1021200020B9236820469B6C0FA998470135ADB2B2
:10213000B4F8EC30AB42E5D80E4B1B78A3B10023CA
:10214000A4F82E310C4BEE341D8809E022AB03EBD2
:10215000C503204653E91112FFF7F6F80135ADB279
:10216000BDF88430AB42F1D823B0BDE8F08F00BF9A
:10217000D09E0520C49E052020B004200022034BE1
:102180001A805A809A80DA80704700BF0C9F052021
:102190002DE9F04F05469FB005A814461E46039151
:1021A00001F059F92B682846DB6C98472B680746E5
:1021B0001B6D28469847324600263B462146009034
:1021C00005A801F09FF93446B04637464FF6FF6A3E
:1021D00042F20B0B00235445049302D05C4518BF18
:1021E00026462A46039904AB05A801F077FC04466D
:1021F00008B10A2804D1B84538BFB846002713E013
:10220000049A002AE6D0537B92F80A905B0003F40C
:10221000807349EA03092B68314628465B6C948831
:1022200098474844384487B2002CD3D140461FB069
:10223000BDE8F08F08B50368DB68984728B1437B99
:10224000807A5B0003F48073184308BD0EB4F0B5C8
:1022500004469EB023AB53F8046B05A8039301F02A
:10226000FAF823682046DB6C984705462368204629
:102270001B6D98472B46002500903146039A05A810
:1022800001F040F904951CE00A281AD00498C0B166
:10229000477B027AFE0006F48076C079390132432A
:1022A000E3887E0601F4807148BFA2F5007241EA1E
:1022B000000148BF12B20B449B1A1BB29D42B8BF2B
:1022C0001D462246002104AB05A801F007FC0028AA
:1022D000DAD1A8B21EB0BDE8F04003B07047437A2F
:1022E0008288981880B2704703681B6B18470EB439
:1022F00070B504469DB021AB53F8046B03A802935C
:1023000001F0A9F823682046DB6C9847236805464E
:102310001B6D204698472B463146029A009003A831
:1023200001F0F0F803A801F0A4FC0124034607E043
:102330000A2B04BF013004B203A801F09AFC034643
:10234000A0B2002BF4D11DB0BDE8704003B07047BF
:102350000EB470B504469FB023AB53F8046B05A8C8
:10236000039301F078F823682046DB6C98472368D4
:1023700005461B6D204698472B463146039A009030
:1023800005A801F0BFF80021224604AB05A804917E
:1023900047F6FF7501F0A2FB1BE00A2813D0049B4F
:1023A0008BB1587B1B7AC10001F480710B4341064D
:1023B00048BFA3F50073E28848BF1BB2D31A1BB213
:1023C0009D42A8BF1D462246002104AB05A801F08E
:1023D00085FB0028E1D128461FB0BDE8704003B05E
:1023E000704707B5002182680368CDE900121B69B8
:1023F0006946984703B05DF804FB38B50C460546BE
:102400000B68DB689847236820462946DB6A9847B3
:10241000284638BD10B40A88848822440A80C488BB
:102420004A8822444A80406920B103685DF8044B21
:10243000DB6A18475DF8044B704770B50C4682881C
:102440000B88054613440B80C2884B8813444B808D
:10245000011D2046F8F750F8B4F90430002B0BDDCD
:10246000B4F90630002B07DD686928B103682146FE
:10247000BDE870409B6A184770BD000070B50C46FF
:1024800082880B88054613440B80C2884B8813440E
:102490004B80011D2046F8F72FF8B4F90430002BCB
:1024A00019DDB4F90630002B15DD686928B1036821
:1024B0002146BDE870401B691847074B1B68043371
:1024C0009D4208D1FEF7D6FD0368216862681B6C47
:1024D000BDE87040184770BD1C9F052051EA0203FB
:1024E00070B504460D46164611D003689B6998479F
:1024F000E3882046F218A38812B2E91809B2EEF771
:10250000F4F823682046BDE870409B69184770BD09
:1025100010B50023044608462380B0F90A20B1F91B
:10252000081063800368A180DB6A2146E280984737
:10253000204610BD704710B504461C2111F00FF95C
:10254000204610BD044A02600022C0E90122C0E911
:102550000322C0E905227047D07402082DE9F04F2C
:1025600004461846138885B000939046E368628B52
:102570000391551C03EB8203009AB0F9001012F08E
:102580000102ADB2019218D007EE901AB8EEE75AE8
:10259000658383ED005AB0F90230628B07EE103A82
:1025A000511C6183B8EEC77A0021E36804EE901AEB
:1025B00003EB820383ED007A24E004EE901A14EE1C
:1025C000907AB0F90420B0F902103A4405EE102ACE
:1025D000F6EE007AB0F90620B8EEC55A0A4407EEC6
:1025E000102A25EE275AB8EEC77A658383ED005A84
:1025F00027EE277A638BE2685D1C02EB830265831A
:1026000082ED007A258BA2686B1C2383012353552E
:1026100000229A4607EE902A06EE902A06EE102A2D
:102620001D4694464FF0050EB6EE004A0430B8E061
:10263000009E46FA05FB0BF001060296B0F9006019
:102640001BF0010F06EE106AB0F9026006EE906A08
:1026500044D007F1010BF8EEC63AF8EEE65AA4F8BA
:1026600018B0BAF1000F04D04FF0020609F8076065
:102670001DE0B8EEE73A09F807E0B4F81A90E76809
:1026800009F1010A07EB8907A4F81AA087ED003ABF
:1026900003EE102AB8EEC33AB4F81A90E76809F1CD
:1026A000010A07EB8907A4F81AA087ED003AB4F8ED
:1026B0001A90E76809F1010A07EB8907A4F81AA044
:1026C000C7ED003AB4F81A90E76809F1010A07EB80
:1026D0008907A4F81AA0C7ED005A54E0BAF1000F18
:1026E00004D016EE902AF0EE467A4CE0F8EEE75A67
:1026F00007F1010AA4F818A009F807E0B4F81A9045
:10270000E76809F1010A07EB8907A4F81AA0C7EDE9
:10271000005A05EE902AF8EEE55AB4F81A90E768E8
:1027200009F1010A07EB8907A4F81AA0C7ED005ABE
:10273000B4F81A90E76809F1010A07EB890717EE68
:10274000906A16EE109A4E4407EE906A16EE906A62
:10275000F8EEE77A324405EE902A67EE847AF8EED6
:10276000E55AA4F81AA0C7ED007A65EE845AB4F8C9
:102770001A90E76809F1010A07EB8907A4F81AA083
:10278000C7ED005AADE70135102D04BF0CF1010C67
:1027900038F81C50DDF808A004BF0095002501336F
:1027A0000430039E278B9E42D4F808903FF740AF39
:1027B0007B1CBAF1000F19D0B8EEC66AB4EE456AB8
:1027C000F1EE10FA06D1F8EEE66AF4EE476AF1EEA1
:1027D00010FA0BD0019A9BB223831AB1022309F895
:1027E00007306FE0052309F8073055E0052506EEB0
:1027F000902A9BB2019E238309F80750B8EEE76A3E
:10280000F8EEE66AE3687EB1628B511C03EB82034B
:10281000618383ED006A628BE368511C03EB8203E2
:102820006183C3ED006A4DE0668B0A44771C03EBBD
:102830008603678383ED006A668BE368771C03EB8E
:1028400086036783C3ED006A668BE368771C678342
:1028500003EB860314EE907A17EE906A3E4407EE7F
:10286000906AF6EE006AF8EEE77A67EEA67AC3EDB4
:10287000007A07EE902AF8EEE77A67EEA67A668B82
:10288000E368771C03EB86036783C3ED007A238B31
:10289000A2685E1C2683D554F8EEE47A628BE36866
:1028A000551C03EB82036583C3ED007A07EE901A93
:1028B000F8EEE77A628BE368551C03EB82036583CD
:1028C000C3ED007A628BE368511C03EB82036183E2
:1028D00083ED005A628BE368511C03EB8203618332
:1028E00083ED007A05B0BDE8F08F00002DE9F047D8
:1028F0008EB00446894690461D46169E9DF864A0FB
:102900001A9FEFF79DFF6060002D00F0EF80002818
:1029100000F0EC8005A800F000F9336830469B6DAC
:1029200098470246014605A800F0FBF86068BAF136
:10293000030F00F29680DFE80AF0021034650368A6
:10294000424649469B689847DDED1B7AF8EEE77AE8
:1029500017EE902A07EE907A7CE0B8F90610B8F8E6
:102960000220B9F804300A449B1AADF80C30B8F8CC
:102970000030ADF81010ADF80E30B8F8043049460C
:10298000ADF81230036803AA9B689847594905A817
:1029900000F0F0F8B9F904101B9B07EE907AC91A01
:1029A00029E0B8F90410B8F80020B9F804300A4456
:1029B000B8F906C09B1AB8F80220ADF80C30B9F887
:1029C000063062449B1AADF81010ADF812C0ADF895
:1029D0000E30036803AA9B6849469847464905A8F4
:1029E00000F0C8F8B9F906201B9BB9F90410D21AF7
:1029F00007EE902AC91BF8EEE77A17EE902A07EE49
:102A0000901A27E0B8F80230B8F90410B8F800209E
:102A1000ADF80C30B9F806300A449B1AADF80E3008
:102A2000B8F80630ADF81210ADF81030036803AAFC
:102A300049469B689847314905A800F09BF8B9F9C9
:102A40000620D21B07EE902AF8EEE77A17EE902ABE
:102A5000DDED1B7AF8EEE77A05A817EE901A00F084
:102A6000DBF80026606805A903685B6B984760681F
:102A70001799036841F07F419B6A984760689DF809
:102A800060100368DB6A9847606801210368DB68AF
:102A9000984735F8027B04F11003A66104F108029F
:102AA00004F1140104F10C00EFF71CFC0DE02A46C0
:102AB00032F8021B204601F10F03C3F3071302EBA8
:102AC0004303FFF74BFD05460136B742EFDC00221A
:102AD000606803680192628B00921D6A228BE36832
:102AE000A168A84760680368DB6998470EB0BDE835
:102AF000F08700BF0000B442000034430000874369
:102B000000234FF07E52436002608360C360026125
:102B100043618361C3610262704708B5FFF7F0FF4C
:102B200008BD07EE101AD0ED006A66EE876AC0EDA8
:102B3000006AD0ED016A66EE876AC0ED016AD0EDE9
:102B4000026A26EE877A07EE902A80ED027A90EDEF
:102B5000037A27EE277A80ED037A90ED047A27EE48
:102B6000277A80ED047A90ED057A67EE277AC0ED3A
:102B7000057A704707EE901A9FED257A67EE877AFF
:102B80009FED247AC7EE877A38B517EE905A04463F
:102B90002DED028B284610F01BFE08EE100A284689
:102BA00010F052FE94ED036A07EE900A94ED004A8D
:102BB00027EEC67AD4ED046AA8EE047AD4ED014A71
:102BC00084ED007A27EEE67AA8EE247A84ED017A85
:102BD00094ED057A94ED025A67EEC75A26EE086A1C
:102BE00066EE886A27EE087AE8EE055AA7EE846A50
:102BF000E7EEA46AA7EE857AC4ED025A84ED036A73
:102C0000C4ED046A84ED057ABDEC028B38BD00BFCB
:102C1000DB0F49400000344307EE101A90ED065ACE
:102C2000D0ED006AE5EE076AD0ED075AC0ED006A04
:102C3000D0ED016AE5EE876A90ED086AC0ED016AA1
:102C4000D0ED026A07EE902AE6EE076A90ED037A6D
:102C5000A5EE277A80ED037A90ED047AA5EEA77AA7
:102C600080ED047A90ED057AA6EE277AC0ED026A2F
:102C700080ED057A704707EE903A91ED017A06EE05
:102C8000902A91ED006A27EE877AA6EE267A91EDDA
:102C9000026A36EE077A10B580ED007A91ED047A7B
:102CA00067EE877A91ED037AE7EE267A91ED057A61
:102CB00077EE277AC0ED017A10BD000030B5838031
:102CC000BDF80C309DF81C50C3809DF81030416158
:102CD00003729DF81430028343729DF8183003F09C
:102CE0007F0343EAC51383729DF82030C3729DF8B9
:102CF00024300373BDF82830C381BDF82C30038223
:102D0000014B036030BD00BFE4740208F0B5034618
:102D1000406900283CD01A8B8388013ACB1A36D4FC
:102D200093420CDD0E2303FB02039B885B1AD31A2C
:102D30009A422CDB002BBCBF02EBD2735B10002449
:102D40000E251FE005FB0306B788B9421DD00BD244
:102D50005A1E94421BDC36F80A3C5B1AD31A9A427C
:102D600015DB9C420EDD09E05C1CA2420FDB738A7E
:102D7000CB1A23449C420ADC9A4203DA131903EB70
:102D8000D3735B109442DDDD01E0304600E00020AB
:102D9000F0BDF8B5054617461E4609B9002423E0E4
:102DA0000A29FBD04FF6FF639942F7D042F20B039A
:102DB0009942F3D0FFF7AAFF2B68044648B91B6974
:102DC0002846984701462846FFF7A0FF04460028FA
:102DD000E4D02B682146DB6D2846984738602B6885
:102DE0002846DB6B984730702046F8BD38B505465D
:102DF00001F032FC0446284601F070FB400040EA36
:102E0000840080B238BD38B5054601F025FC044683
:102E1000284601F063FB400040EA840040F00100D6
:102E200080B238BD022070477047704710B5044625
:102E30000C2110F094FC204610BD10B504463C2136
:102E400010F08DFC204610BD70B5036B04460D4696
:102E50008AB013B10B79002B47D0261D314603A849
:102E6000FFF756FB2B79A3B92A89BDF80E30E98804
:102E7000D21ABDF80C303046C91A04F1360301935A
:102E800004F13403009312B204F1300309B2F7F7EE
:102E900059FA216B49B3002605A8FFF739FBBDF8A5
:102EA0001430BDF80C20BDF81600D21AEB88297931
:102EB0001A44A38E8DF820101A44BDF80E30ADF8D8
:102EC00022201B1A2889ADF826600344E08E07A94A
:102ED00003440748ADF824300790206B03685B6C0F
:102EE00098472B790BB1C4E90C660AB070BD00BFDE
:102EF0007070020830B50D46016B044687B001B30F
:102F000001A8FFF705FB2A89BDF804302879D21AF9
:102F1000A38EB5F906101A446B89BDF806508DF8DA
:102F200010005B1BE58E206B2B44074DADF8121093
:102F30000395ADF81420ADF81630036803A99B6C17
:102F4000984707B030BD00BF4C750208F0B50C467D
:102F5000016B054689B000296DD06846FFF7D8FAA5
:102F6000AA8EE388BDF9006013441BB2B34230DB84
:102F7000BDF8047037443FB2BB422ADAEB8E208999
:102F8000BDF902C0184400B2604522DBBDF806104E
:102F9000614409B288421CDA6089024412B2B2422A
:102FA000B4F90C0007DBBA4205DA03441BB26345EF
:102FB00001DB8B420DDB214B286B049302238DF840
:102FC00014300023ADF816300693036804A95B6C37
:102FD0009847291D02A8FFF79BFABDF80820E3884F
:102FE000921BAF8E13FA82F3BDF80210FE18BDF8E3
:102FF0000A3020795B1AB4F80AE02189A489B5F86F
:1030000036C011FA83F11EFA82F214FA83F30C4CE3
:103010008DF8140061446344286B3A44ADF81810ED
:103020000494ADF81660ADF81A20ADF81C300368B2
:1030300004A9DB6C984709B0F0BD00BF70700208AE
:103040008470020837B5044634F90C2F01320CD1D4
:1030500000216D4682680368CDE900129B6A29460B
:10306000984795E8030084E80300204603B030BD8C
:1030700013B5B0F920300446013305D10146684646
:10308000FFF746FA009B2362B4F9200002B010BD9E
:1030900013B5B0F922300446013305D10146684624
:1030A000FFF736FA009B2362B4F9220002B010BD8C
:1030B000144B70B5036000234FF48072C0E90233F3
:1030C000C0E90433C0E90633C0E90833C0E90B3373
:1030D000436301230446028580F838300A4A0B4BCB
:1030E0004260B3F90060936B094A051DB2F9001004
:1030F00028469847636828463146DB6B9847204648
:1031000070BD00BF60750208E06F0208CA9E05200E
:10311000CC9E052007B50021084B0091B3F9002093
:10312000074B6946B3F90030ADF80420ADF806301E
:1031300003689B68984703B05DF804FBCC9E0520AC
:10314000CA9E05202DE9F04F1546B1F904208046AE
:10315000002A0C46B1F9063089B040F3E980002B13
:1031600004DCE5E01D46002B00F0E2802846FFF776
:1031700069FF2146FDF7E2FEEB690028F2D006AEBA
:10318000002B00F0AC802B682946DB6802A898472A
:103190002846FFF76DFFBDF80830C7182846FFF72F
:1031A00077FFBDF80A303FB21844ADF81070039BAA
:1031B00004AF2146ADF8120038460593F7F79CF9A5
:1031C0002846FFF73FFF034697E8030086E8030021
:1031D00019463046F7F790F9BDF91830B4F90010E8
:1031E000BDF91AA08B42BDF91CB0BDF91E900BD1E0
:1031F000B4F90220524507D1B4F904205A4503D14D
:10320000B4F906204A456AD0BBF1000F02DDB9F1DE
:10321000000F02DC2146EA695EE0B4F902201FFAE1
:103220008AF05245009012DA0193009BB4F9040031
:10323000ADF81A209A1AADF81810ADF81C00ADF8C8
:103240001E2031464046EA69FFF77CFF019BB4F936
:1032500000209FB29A420DDAADF81820BA1AADF8E4
:103260001AA0ADF81C20ADF81E9031464046EA6920
:10327000FFF768FF2288A3885F4413449AB2B9B26B
:103280001BB23FB2BB420DDD531AADF81870ADF85A
:103290001AA0ADF81C30ADF81E9031464046EA69E0
:1032A000FFF750FFE38862881A44009B91B24B44B9
:1032B00098B212B21BB2934211DAADF81A300B1A5F
:1032C0003146B4F90420B4F90070ADF81C20ADF813
:1032D0001870ADF81E30EA694046FFF733FF284604
:1032E000FFF7B0FE334602466168206803C311460B
:1032F0003046F7F701F9BDF91C20BDF91E30002A50
:1033000016DD002B14DD2846FFF7B2FEBDF818309D
:103310001B1A2846ADF81830FFF7BAFEBDF81A3070
:1033200031461B1AADF81A302B6828469B6898471F
:1033300009B0BDE8F08F70B500230C4686B0061DBD
:103340003146054602A80193FFF7E2F8BDF80830C0
:103350002288BDF80A10D21A6388B4F904005B1AF7
:10336000B4F90610ADF81020ADF81400ADF8161041
:1033700001AA304604A9ADF81230F7F738F9019ADE
:103380001AB121462846FFF7DDFE06B070BD1FB515
:1033900004460A466B468068E16803C311466846E6
:1033A000F7F7AAF894F8383023B169462046FFF7BA
:1033B000C2FF16E00434214602A8FFF7A9F8BDF8C1
:1033C0000030BDF8082069469B1AADF80030BDF802
:1033D0000A20BDF8023020469B1AADF80230F7F7FC
:1033E000C9F804B010BD02460B6808469B69111D60
:1033F0001847984202D3881800B2704707EE900A27
:10340000B8EE677A07EE903AF8EEE77AB7EE006A20
:10341000C7EE276A76EEC67A67EEA76A07EE102A2D
:10342000A6EEA76A07EE901AB8EEC77AF8EEE77A2A
:10343000E7EE067AF5EEC07AB6EE007AF1EE10FA13
:10344000CCBF77EE877A77EEC77AFDEEE77A17EE94
:10345000903A18B2704738B50025022304460E2270
:103460002946C0E90055C0E9115503744561057648
:10347000C5830584C5860587C587A0F840504C30B4
:1034800011F07BFB01232046A4F85A50E565A4F80F
:103490006030EFF703F8204638BDC38E00EB4300E1
:1034A000408CB0FA80F04009704710B500244368A2
:1034B00013B9036823B34360037E3BB1436923B16F
:1034C0001A8812B19A1C426107E004764368198891
:1034D000B1B19A1C0229426001D0188811E0037C26
:1034E000012BE4D85A1C0274023350F82330436194
:1034F000002BDCD01B88002BD9D001230376D6E724
:10350000002010BD30B40160002141601568856065
:1035100052684364029BC260017441610176018775
:103520000184A0F84010836430BCEEF7B7BF08B444
:1035300010B585B0134607AA52F8044B00940392C5
:10354000FFF7E0FF05B0BDE8104001B07047F0B5EF
:1035500004460846E9B104F14C050A462B4601F140
:1035600008072E4610685168083203C6BA4235462D
:10357000F7D11068306018469288B28094F85910DC
:1035800094F85220490101F480710A43524284F8B0
:103590005520F0BD10B5104612680C46D268194689
:1035A0009047002808BF204610BD00002DE9F041DB
:1035B00005468E4614461AB9A0F85A20C2652CE179
:1035C000517BB2F804C0E7790A0102F48072174314
:1035D00040F63A6294454FEAD7060B46BFB20BD885
:1035E00040F63762944555D840F63162944507D08D
:1035F000ACF63462032A02E0ACF64762072A74D8BC
:1036000005F14C02234604F1080814469446186854
:1036100059680833ACE8030043456246F6D11868A0
:10362000CCF800009B88ACF80430EB8E05EB43032C
:10363000598C40F63363994211D1DEF80030704660
:10364000DB689847417B037ACA0002F48072134317
:103650004A0644BFA3F500731BB2A5F85A30B5F86B
:103660005A203A44324413B285F8542095F8592030
:10367000A5F85A30DB1022F0600203F06003134318
:1036800085F85930B5F85E2095F855309B1A85F8C5
:103690005530C2E000F14C02234604F1080E1446F6
:1036A0009446186859680833ACE8030073456246CD
:1036B000F6D11868CCF800009B88ACF80430B5F857
:1036C0005C2095F85910931B9BB285F8543043F356
:1036D000CC0321F0600103F06003D21B0B43921B6B
:1036E00085F85930A5F85C2097E0ACF61B6292B2E1
:1036F000042A37D8152020FA02F2D60732D505F170
:103700004C02234604F10808144616461868596806
:10371000083303C643453246F7D118687246306015
:103720009B882146B3800CF1FF339BB22846FFF7FC
:1037300031FF417B037ACA0002F4807213434806CA
:1037400044BFA3F500731BB2A5F85A3095F8593061
:1037500095F856205B0003F480731A43530903EB7A
:1037600092034AE0DB0003F48072237A490643EABD
:103770000203ACF6096248BFA3F5007392B248BFDA
:103780001BB2102AA5F85A3036D8254BD34013F077
:10379000010332D005F14C03984604F108061A469D
:1037A00020686168083403C2B4421346F7D1206828
:1037B00041461060A28828469A8095F8592095F8CD
:1037C0005630520002F4807243EA020640F6136358
:1037D0009C4514BF0CF1FF3340F60C63724618BFD2
:1037E0009BB2FFF7D7FE437B827A5B0003F48073C2
:1037F00013434446F31A00E00023A5F85E30617BD2
:10380000237ACA0002F4807213434A0644BFA3F528
:1038100000731BB2DB1BA5F85C302046BDE8F081CD
:103820000104010003462DE9F0433AB94FF4004189
:10383000A0F85A104FF08021C16542E1557BD47940
:103840002E0106F48076344340F2ED669188042C14
:10385000D4BF4FF0010E4FEA940EB14228464DD826
:1038600040F2D566B1421DD840F25666B1423FD80B
:1038700040F24A66B14229D840F21966B14232D8C4
:10388000B1F5C26FC0F0FF803EE0012606FA01F1FB
:103890008D4E0E40002E37D18C4E0E40002E40F043
:1038A0009180F0E0A1F2D6618EB20121B140884E44
:1038B0000E404EBB874E14E0012606FA01F1864EFB
:1038C000314221D111F4907F7CD1DCE0A1F24B6137
:1038D0008EB20121B14040F2DB36314214D140F6C4
:1038E00024463142F0E740F21A66B1426AD0CAE09B
:1038F000A1F2576189B21D29DED9C4E0A1F6E40125
:1039000089B21A29C1D9BEE0B3F95A6016F5004F41
:1039100011D1B3F95C1011F5004F0CD1117AC00030
:1039200000F480700143680644BFA1F5007109B23C
:10393000A3F85A105AE003F14C0C1746654602F101
:103940000808E646386879680837AEE80300474556
:10395000F446F6D13868CEF80000B988AEF8041005
:10396000B3F95E0010F5004F09D0517B92794901FF
:1039700001F480710A43A0EB520083F8550016F55C
:10398000004FA4B20ED0A21993F8591092B283F846
:10399000542042F3CC0202F0600221F060010A439D
:1039A00083F8592093F8590093F85420C10001F48A
:1039B00080710A43410644BFA2F5007212B2A3F817
:1039C0005A205BE0B3F95A10B3F95C6011F5004F6F
:1039D00010D116F5004F0DD1117AC00000F480709F
:1039E00001436F0644BFA1F5007109B2091BA3F89A
:1039F0005C1066E003F14C0C1746654602F10809BD
:103A0000E046386879680837A8E803004F45C4469F
:103A1000F6D13868C8F80000B988A8F80410B3F9DE
:103A20005E0010F5004F09D0517B9279490101F4F5
:103A300080710A43A0EB520083F8550016F5004F41
:103A40000FD0A6EB0E0293F8591092B283F85420CF
:103A500042F3CC0202F0600221F060010A4383F8D5
:103A6000592093F8590093F85420C10001F4807153
:103A70000A43460644BFA2F5007212B2121BA3F815
:103A80005C202A461DE0117AC00000F480700143DA
:103A9000680644BFA1F5007109B2A3F85A10091BCA
:103AA000A3F85C10507B9179400100F480700143D1
:103AB00005204900B1FBF0F192F909000144A3F897
:103AC0005E101046BDE8F083DBB19B07244E640016
:103AD0003F5E660000209000DF0000222DE9F041EB
:103AE0001E46C38E044600EB43031746B3F82280FC
:103AF000EEF792FC054608B9306034E03B680146B9
:103B0000DB6838469847A8F5C063B3F5407F0246A6
:103B1000306005D2434639462046FFF783FE14E065
:103B2000A5F560639BB27F2B04D839462046FFF78A
:103B30003DFD0AE094F8613043B140F602139D4226
:103B400004D101462046FFF702FD3060336843B1DF
:103B50005A7B9B7A520002F4807213430CBF0123FC
:103B6000002384F861302846BDE8F0812DE9F84350
:103B70001E46C38E044600EB43031746B3F822806B
:103B8000EEF74AFC054608B9306037E03B6801466D
:103B9000D3F808903846DDE90823C847A8F5C06384
:103BA000B3F5407F0246306005D243463946204691
:103BB000FFF738FE14E0A5F560639BB27F2B04D8B5
:103BC00039462046FFF7F2FC0AE094F8613043B131
:103BD00040F602139D4204D101462046FFF7B7FC90
:103BE0003060336843B15A7B9B7A520002F4807292
:103BF00013430CBF0123002384F861302846BDE83D
:103C0000F88338B5044603E00A3B04EB43035D84C4
:103C1000B4F84020238F42B30A2B26D0E08F013A1C
:103C200004EB400192B24D8FA4F840205A1C411C75
:103C30002287E28E89B20129134488BF00F1FF3048
:103C40009BB288BF81B2092BE187DED9DCE7204631
:103C5000FFF72BFC6B1C2387E38E1D44ADB2092DAF
:103C600088BF0A3D04EB45056884258F0A2DEED1F7
:103C700038BD38B50446C18E028F00EB41035D8C20
:103C80004B1C9BB2092B88BF093902F1FF3288BF58
:103C90008BB292B2C3860287FFF7B3FF238C012B4E
:103CA0009CBF01332384E38B0BB90223E383E38BB3
:103CB0002846013B9BB2E38304EB4304658338BD94
:103CC0008A42F0B50D4608D8018F491B0187C18E85
:103CD000294489B209292BD82CE0511A00264FF02B
:103CE000020CC78E89B21DE0013CA4B204873C449B
:103CF000A4B2092C88BF0A3C00EB4404B4F822E0CB
:103D0000B0F840400134A0F84040C48F0CB9A0F88E
:103D10003EC0C48F0136013CA4B2C48700EB44040A
:103D2000A4F83AE01FFA86FE8E45048FDCD3CBE779
:103D30000A3989B20A24C18610E0018F013A0131A3
:103D400092B233F812500187C18E01B9C486C18E78
:103D5000013989B2C18600EB41014D84002AECD1C2
:103D6000BDE8F040FFF74DBF70B5002510E0C48BF3
:103D700031F8026B013C1444641BA4B2012C88BFCF
:103D8000023C00EB4404648BB4421BD10135ADB25C
:103D90009542ECD1BDF81020002413440DE0C68EEE
:103DA00031F81450324492B2092A88BF0A3A00EB23
:103DB0004202528C0134AA4204D1A2B29A42EEDBF2
:103DC000012000E0002070BD2DE9F74F06461746A0
:103DD0000C4634F8023B1D0B34F81520BA4221D1B1
:103DE000C3F30319C3F3032A2A462146304603F0DE
:103DF0000F0BCDF800905346FFF7B6FF804650B149
:103E000005EB0A034B445A465146304604EB430344
:103E1000FFF756FF08E00BEB050353444B4404EB5C
:103E20004301D5E74FF00008404603B0BDE8F08FEE
:103E300070B51088984218D8481E32F82000984271
:103E400013D300240FE06018401032F82060850082
:103E5000B34202D9013084B205E001D281B202E05E
:103E60002A44508802E08C42EDD3002070BDF8B5A2
:103E7000466C044677880B257F0810E0E38E3246B7
:103E800004EB4303394620465B8CFFF7D1FF40B17A
:103E900006EB40011A462046FFF796FF08B1013DA8
:103EA000ECD1F8BDF7B58F6A4D69CA6A4E68ED1B53
:103EB000A6EB020606D033462EB16B4348BF0F3344
:103EC0001B1100E02B460C6801948C69A21A019C1E
:103ED000E41B06D017462AB1674348BF0F373F118E
:103EE00000E02746DB1B07EE903A9FED646AF8EE90
:103EF000E77AF7EE006A67EE867A86EEA71A03463F
:103F0000F1EE411A00F10C07D1ED027A86EEA77AA4
:103F1000D1ED037AA3EC017A67EE877AC3ED027ADA
:103F2000D1ED047A67EE877ABB42C3ED057A01F1E1
:103F30001401E9D107EE906AF8EEE73A07EE902A0D
:103F4000F8EEE76A07EE904AF8EEE77A27EE864A3F
:103F500007EE905A90ED027A90ED003A90ED015AFA
:103F6000F8EEE77A35EE475A66EE866A67EE867AAD
:103F700033EE477A66EEC75A27EEC77A63EE863A83
:103F8000A5EE047AE5EE235A67EE214A90ED035A36
:103F900090ED057A90ED046A36EE476A35EE477A81
:103FA00066EEC72A27EEC77AE6EE232AA6EE047A43
:103FB00090ED082AD0ED070A90ED066A70EEC20A6D
:103FC00036EE422A65EE815A67EEC27A62EE812AA7
:103FD000E0EE847A25EE654AA3EE224A66EEC26AD6
:103FE000B5EEC04A27EE217AE0EEA36AF1EE10FAB0
:103FF000C0ED095AC0ED0A4AC0ED0B2A80ED0C7ADB
:1040000066EE816A67EEA17A0EDC10D425EE645A62
:10401000A3EE075AB5EEC05AF1EE10FA47F6FF7359
:10402000A8BF4FF4004304E04FF4004301E047F61B
:10403000FF7366EE655AE3EE265AF5EEC05AF1EECE
:1040400010FAC0ED0D6AC0ED0E7AC3630EDC10D419
:1040500026EE646AA3EE276AB5EEC06AF1EE10FAA6
:1040600047F6FF73A8BF4FF4004304E04FF400434A
:1040700001E047F6FF73036403B0F0BD0000803D2C
:104080002DE9F04114275F439C46D3195D6815F173
:104090000F0601D4361109E0C5F1010616F00F062E
:1040A00018BF012605F11E03C6EB23161423069C38
:1040B00046615C431319D3F804E01EF10F0301D4E9
:1040C0001B1109E0CEF1010313F00F0318BF012308
:1040D0000EF11E08C3EB28139B1B8361002B00F01D
:1040E0008E80D7591459AEEB050EE41B06FB04F87D
:1040F00004FB05F2C2EB08120EFB0722013A02EBA9
:104100000E124FEA0E1392FBF3FE002AC0F800E0F5
:1041100002DB03FB1E220BE0524292FBF3F803FB8F
:10412000182202612AB10EF1FF3EC0F800E09A1A8F
:104130000261240194FBF3F2002C426002DB03FBDA
:10414000124409E0644294FBF3FE03FB1E448460C6
:104150001CB1013A42601C1B8460C360C5EB0613AE
:1041600007EE903A0368DFED276AC7EB031307EE0B
:10417000103AF8EEE77AB8EEC77A01EB8C0C67EEEE
:10418000A67A27EE267A91ED0A6ADCED006AD1ED77
:10419000095AE6EE276AE5EE876AC0ED076AD0EDB8
:1041A000016AF8EEE66AA5EEA66AC0ED095A80ED4E
:1041B000086AD1ED0C5A9CED036A91ED0B5AA5EEFD
:1041C000A76AE6EE855AA5EE076AC0ED0B5A80EDA8
:1041D0000A6AD1ED0E5A9CED066AA5EEA76A80ED3B
:1041E0000C5AF0EE467A91ED0D5AE5EE077AE6EEBE
:1041F000855AC0ED0D7AC0ED0E5A80ED0F5ABDE81C
:10420000F08100BF0000803D014B1860704700BF87
:10421000349F0520064B1A88824207D8054B1B881D
:1042200013449842ACBF0020012070470020704723
:104230003C9F05203A9F052008B50146FFF7EAFF9D
:1042400018B1024B1B6853F8210008BD509F052090
:10425000F0B5254D2F68002F45D0244A244C1188F5
:104260002388244E19444A1C22F001021204120C25
:1042700007EB8100520002EB810230601E4807EB21
:10428000020CC0F800C04FF00E0C0CFB03F303331C
:1042900023F003031344194A1F4417600022184FE8
:1042A0004FF6FF7C3A80174F3F68FB1A164F3B6072
:1042B000164B1A80134606E02F6847F8232037680C
:1042C00027F813C001338B42F6D100230E25248832
:1042D000006806E005FB03010A7B013322F020029F
:1042E0000A739C42F6D8F0BD509F05203C9F0520E4
:1042F0003A9F05204C9F0520549F0520489F05208C
:104300003E9F0520409F0520449F0520389F0520A3
:10431000064B1B6843B939B1054B1A80054B196030
:10432000054B1860FFF794BF704700BF489F0520FA
:104330003A9F0520409F0520509F052070B40C46F1
:104340001946074B05461E681046039A2EB91D6094
:10435000044B1C8070BCFFF7DBBF70BC704700BF14
:10436000589F05203C9F0520124A038812889342DB
:1043700003D2114A1421126808E010490988114437
:104380008B4208DA0E219B1A0D4A126801FB0323A7
:10439000B3F9080070474FF6FE72934208D1094BFB
:1043A0001B780BB9084B00E0084BB3F900007047CD
:1043B000002070473C9F0520589F05203A9F05200C
:1043C000549F0520C29E0520C89E0520C69E05203C
:1043D000124A03881288934203D2114A14211268A8
:1043E00008E01049098811448B4208DA0E219B1A13
:1043F0000D4A126801FB0323B3F90A0070474FF618
:10440000FE72934208D1094B1B780BB9084B00E0B0
:10441000084BB3F900007047002070473C9F05200F
:10442000589F05203A9F0520549F0520C29E0520D5
:10443000C69E0520C89E052030B5224A0B881288EA
:10444000934212D21421204A126801FB03231A8AD4
:10445000B3F90C40B3F90E105B8AC2F30C02C3F33C
:104460000C0304804180828029E0184909881144A6
:104470008B4210DA9B1A0E225343154A1168CA1850
:10448000CD5EB2F90240B2F90410B2F906300580EF
:104490004480818013E04FF6FE7293420BD10D4BA6
:1044A000B3F900100C4B8180B3F900200023C280C7
:1044B0000380438004E00023038043808380C38023
:1044C00030BD00BF3C9F0520589F05203A9F052026
:1044D000549F0520CC9E0520CA9E0520174A0388BC
:1044E000128893420ED21421154A126801FB03234D
:1044F0001A8A1989C2F30C028A421DDB588AC0F35A
:104500000C0011E00F49098811448B4212DA0E2188
:104510009A1A0D4B1B6801FB0233B3F904101A8978
:10452000914209DBB3F906005B899842ACBF0020D9
:104530000120704700207047012070473C9F0520F4
:10454000589F05203A9F0520549F0520124A038852
:1045500011888B420BD2114A126812B152F8230013
:10456000C0B90F4A116814225343C85870470D4A06
:1045700012880A44934204DA084A126852F8230067
:1045800070474FF6FE72934203D1074B1B68986C3D
:1045900070470020704700BF3C9F0520509F0520BA
:1045A000589F05203A9F0520D09E0520254B028864
:1045B0001B889A4223D21421234B1B6801FB023330
:1045C000586800283CD021490968002938D051F8A2
:1045D0002210002934D05A89188950435A7CDB7C38
:1045E000C2F34212C3F3421343EAC2035BB20B2B82
:1045F00018BF4000033020F00300084470471449FE
:10460000098819448A421ADA1249D31A08680E2115
:1046100001FB0300037B03F01F030B2B0BD141892C
:1046200003894B4309490333096823F0030351F815
:104630002200184470470D2B01D10D307047002027
:10464000704700BF3C9F0520589F0520509F0520C4
:104650003A9F0520549F052010B5204A03881288F0
:1046600093421BD214211E4A126801FB0322517C83
:10467000D07C1C4AC1F34211C0F34210126840EAD8
:10468000C10040B242B152F823302BB10E2823D0E2
:104690000F281DD010281DD0C0B21EE01249098875
:1046A00011448B4209DA0E219A1A104B1B6801FB48
:1046B0000233187B00F01F000FE04FF6FE729342AA
:1046C0000AD1EDF7D5F9BDE8104003681B6B184718
:1046D000012002E0022000E0002010BD3C9F0520E8
:1046E000589F0520509F05203A9F0520549F052084
:1046F0001020704700207047024B1888400080B29D
:10470000704700BFC89E05207047704770477047CC
:1047100070477047704770477047704770477047E1
:1047200070477047704770477047704770477047D1
:1047300070477047704770477047704770477047C1
:104740007047704770477047FF2B10B5044658D02C
:104750000B2A14D808E02D3A062A25D8DFE802F003
:10476000143A334F4D4F4D000B2A00F2A080DFE882
:1047700002F03E3A3C389E9E9E9E40424042A2F14C
:104780002C03072BE7D992E04A6850781378002869
:1047900040F08D80012B03D0022B03D0C3B187E002
:1047A000606A85E0606983E04A6850781378002881
:1047B0007DD1012B03D0022B03D083B178E0E069D7
:1047C00076E0E06874E04A681378527813436ED15B
:1047D000606B6DE04A6813785278134367D1E06AE2
:1047E00066E0C06C64E0406D62E0C06B60E0406C0D
:1047F0005EE0C06D5CE0406E5AE0606F58E0E06ED5
:1048000056E00B2A13D808E02D3A062A23D8DFE811
:1048100002F01337304C4A4C4A000B2A47D8DFE8E5
:1048200002F03C383A36464646463E403E40A2F10B
:104830002C03072BE8D93AE04A685078137800280F
:1048400035D1012B03D0022B03D0BBB130E0A06ADD
:104850002EE0A0692CE04A685078137838BB012B11
:1048600003D0022B03D083B122E0206A20E020692C
:104870001EE04A6813785278134318D1A06B17E0F2
:104880004A6813785278134311D1206B10E0006D01
:104890000EE0806D0CE0006C0AE0806C08E0006EB9
:1048A00006E0806E04E0A06F02E0206F00E00020D0
:1048B00010BD2DE9F04F85B09DF87CE01B9D6FEA9F
:1048C0000E076C680392DDE91C2004FB0022DDF872
:1048D00078C02D689DED0F6A05EB4205DCF80020DD
:1048E000DDED105A0192DCF804209DED115A0432DE
:1048F000DDED187A9DED197A9DED204ADDED213A26
:104900009DED223ADDF854800292FFB218E1129A2E
:10491000BCF908A002F50040139ABCF90C9002F50E
:1049200000440EE0021403D4524501DA221405D5E6
:10493000149A44441044013B023502E04A4504DB2A
:10494000F6E7002BEEDC00F0C180149E5A1E06FB39
:104950000206361465D4564563DA08FB0242121487
:104960005FD44A45C0F2B2805BE05FEA204953D48D
:10497000DCF808604E454FDD5FEA244A4CD4DCF891
:104980000C20524548DD019A36B20AFB062616F87D
:104990000920029E36F812A02A884FEA1A264FEA0A
:1049A000122909F0F80919FB07F906F0F80606FBC9
:1049B0000E99D60806F0FC0616FB07F6D200D2B216
:1049C0004FEADA0B12FB07F20BF0FC0B0BFB0E6647
:1049D0004FEACA0A5FFA8AFA0AFB0E221FFA89F91D
:1049E000B6B209F1010A0AEB192A06F1010992B2DD
:1049F00009EB16290AF47F4A4FEA5919561C6FF33E
:104A00000A0A09F4FC6906EB12264AEA0909C6F308
:104A1000C42646EA09062E80149A023510444444FE
:104A2000013B002BA1DC53E0BCF90890019E22144D
:104A300009FB02624FEA204A12F80A20029E44440F
:104A400036F812A02A884FEA1A264FEA122909F0EE
:104A5000F80919FB07F906F0F80606FB0E99D608C7
:104A600006F0FC0616FB07F6D200D2B24FEADA0BCC
:104A700012FB07F20BF0FC0B0BFB0E664FEACA0AA7
:104A80005FFA8AFA0AFB0E221FFA89F9B6B209F117
:104A9000010A0AEB192A06F1010992B209EB16295B
:104AA0000AF47F4A561C4FEA591906EB12266FF397
:104AB0000A0A09F4FC69149A4AEA0909C6F3C426E9
:104AC00046EA090625F8026B1044013B002BABDCDB
:104AD00000293CDDF7EE004A36EE046A75EEA35A73
:104AE000C4EE866A65EEA64AF0EE672A35EE035AF2
:104AF00074EEE77A65EE266AFEEEC82AFEEEC87A04
:104B0000CDED122AF0EE472A36EEC77A17EE902A3C
:104B1000BEEEC87A0E9BFEEEC82A92FBF3F317EEA8
:104B2000102A14930E9B013992FBF3F80E9A039B03
:104B3000CDED132A18BF1346B0EE667AF0EE647A14
:104B400000293FF7E4AE039A002A3FF7E0AE05B034
:104B5000BDE8F08F2DE9F74F199E9146DDE91A2047
:104B6000DDE9127C74681C9D04FB002234689DED15
:104B70000D6A04EB42042A68DDED0E5A01926A6860
:104B80009DED0F5ADDED167A9DED177A9DED1E4ACB
:104B9000DDED1F3A9DED203AF7EE002A009102F17B
:104BA000040E8FE0109A1198B5F908B0B5F90CA071
:104BB00002F5004200F500400DE0161403D45E45F6
:104BC00001DA061404D53A446044013B023402E0A1
:104BD000564503DBF7E7002BEFDC3BD05E1E07FBFF
:104BE00006285FEA284821D4D8451FDA0CFB0606C0
:104BF00036141BD456452DDB18E05FEA224811D449
:104C0000AE6846450EDD5FEA204A0BD4E96851459F
:104C100008DD019936B20AFB061616F808603EF860
:104C20001660268002343A446044013B002BE4DCE9
:104C300012E0B5F908A0019906140AFB06164FEA1E
:104C4000224816F808603A443EF81660604424F89A
:104C5000026B013B002BECDC009B002B3ADD36EEB7
:104C6000046A75EEA35AC2EE866AB0EE672A65EE54
:104C7000A64A35EE035ABEEEC82A65EE266A74EEE1
:104C8000E77A8DED102AFEEEC87AB0EE472A36EEAE
:104C9000C77A17EE902ABEEEC87A0C9BBEEEC82AE1
:104CA00092FBF3F717EE102A92FBF3FC009B8DEDBD
:104CB000112A013B0093B0EE667A0C9BF0EE647A09
:104CC00008BF4B46009A002A3FF76CAFB9F1000FBE
:104CD0003FF768AF03B0BDE8F08F2DE9F74F9DF8BF
:104CE00074E0199D6FEA0E066C680192DDE91A20E6
:104CF00004FB0022DDF870C02D689DED0D6A05EB08
:104D00004205DCF80020DDED0E5A0092DCF80420AC
:104D10009DED0F5ADDED167A9DED177A9DED1E4A39
:104D2000DDED1F3A9DED203A02F10408F6B213E1E1
:104D3000109ABCF908A002F50040119ABCF90C9039
:104D400002F500440FE0021403D4524501DA2214A4
:104D500006D5129A013B1044139A0235144402E01E
:104D60004A4504DBF5E7002BEDDC00F0BA80129F2A
:104D70005A1E07FB02073F1462D4574560DA139F9F
:104D800007FB024212145BD44A45C0F2AA8057E0E6
:104D90005FEA20494ED4DCF808704F454ADD5FEAEF
:104DA000244A47D4DCF80C20524543DD009A3FB238
:104DB0000AFB072717F809A02A880AEB4A0A08EB1A
:104DC0000A0797F802904FEA122B19FB0EF97F7829
:104DD0000BF0F80B0BFB069917FB0EF74FEAD20B03
:104DE000D200D2B212FB06F20BF0FC0B18F80AA0AC
:104DF0000BFB06770AFB0E221FFA89F9BFB209F1F5
:104E0000010A0AEB192A07F1010992B209EB1729E5
:104E10000AF47F4A4FEA5919571C6FF30A0A09F43A
:104E2000FC6907EB12274AEA0909C7F3C42747EAD6
:104E300009072F80129A02351044139A013B14443B
:104E4000002BA5DC4FE0BCF90890009F221409FB61
:104E500002724FEA204A12F80AA02A880AEB4A0A8C
:104E600008EB0A0797F802904FEA122B19FB0EF98C
:104E70007F780BF0F80B0BFB06994FEAD20BD200B0
:104E800017FB0EF7D2B212FB06F218F80AA00BF0CD
:104E9000FC0B0BFB06770AFB0E221FFA89F9BFB247
:104EA00009F1010A92B20AEB192A07F1010909EB8B
:104EB0001729571C07EB12270AF47F4A129A4FEA68
:104EC00059196FF30A0A09F4FC694AEA0909C7F398
:104ED000C4271044139A47EA090725F8027B1444B3
:104EE000013B002BAFDC00293DDDF7EE004A36EE3A
:104EF000046A75EEA35AC4EE866A65EEA64AF0EE21
:104F0000672A35EE035A74EEE77A65EE266AFEEEFE
:104F1000C82AFEEEC87ACDED102AF0EE472A36EE0A
:104F2000C77A17EE902ABEEEC87A0C9BFEEEC82A0E
:104F300092FBF3F317EE102A12930C9B013992FBAC
:104F4000F3F30C9A1393CDED112A019BB0EE667A20
:104F500018BF1346F0EE647A00293FF7E9AE019AD4
:104F6000002A3FF7E5AE03B0BDE8F08F2DE9F74F1B
:104F7000199E9146DDE91A20DDE912CE74681C9D68
:104F800004FB002234686F6804EB42042A689DED3C
:104F90000D6ADDED0E5A9DED0F5ADDED167A9DED91
:104FA000177A9DED1E4ADDED1F3A9DED203AF7EE92
:104FB000002A009101920437B1E0109A1198B5F9D6
:104FC00008B0B5F90CA002F5004200F500400DE074
:104FD000161403D45E4501DA061404D56244704405
:104FE000013B023402E0564503DBF7E7002BEFDC20
:104FF0005DD05E1E0CFB06285FEA284832D4D845F7
:1050000030DA0EFB060636142CD456454FDB29E069
:105010005FEA224822D4AE6846451FDD5FEA204A97
:105020001CD4E968514519DD019936B20AFB061610
:1050300016F808803F4908EB480807EB080696F881
:1050400002A0767817F80880F60001EA0A2A06F42A
:10505000FC664AEA060646EAD8062680023462441E
:105060007044013B002BD3DC23E0B5F908A0019983
:1050700006140AFB06164FEA224816F808802D4946
:1050800008EB480807EB080696F802A0767817F8B0
:105090000880F60001EA0A2A06F4FC664AEA0606D7
:1050A00046EAD80624F8026B62447044013B002BA8
:1050B000DBDC009B002B3ADD36EE046A75EEA35A6A
:1050C000C2EE866AB0EE672A65EEA64A35EE035A4E
:1050D000BEEEC82A65EE266A74EEE77A8DED102AD8
:1050E000FEEEC87AB0EE472A36EEC77A17EE902A5F
:1050F000BEEEC87A0C9BBEEEC82A92FBF3FC17EEFC
:10510000102A92FBF3FE009B8DED112A013B0093C8
:10511000B0EE667A0C9BF0EE647A08BF4B46009ABC
:10512000002A3FF74AAFB9F1000F3FF746AF03B08F
:10513000BDE8F08F00F8FFFF2DE9F04F85B01B9D13
:1051400002926C689DF87C20DDF878E00392DDE93E
:105150001C2004FB00222E689DED0F6A06EB420620
:10516000DEF80020DDED105A0092DEF804209DEDFF
:10517000115A0432DDED187A9DED197A9DED204A21
:10518000DDED213A9DED223AF7EE002ADDF854805C
:10519000019224E1129ABEF908C002F50044139A64
:1051A000BEF90C7002F500450EE0221403D46245EE
:1051B00001DA2A1405D5149A45441444013B0236F9
:1051C00002E0BA4204DBF6E7002BEEDC00F0CF8011
:1051D00014985A1E00FB024000146BD4604569DA33
:1051E00008FB0252121465D4BA42C0F2C08061E0DA
:1051F00027145AD4DEF80800B84256DD5FEA254C81
:1052000053D4DEF80C2062454FDD009A00B20CFB4F
:105210000020C25D019850F82200020E45D0039F85
:10522000C0F3074C7A43571CC2F30F2212FA87F2DD
:10523000C2F30F2A6FEA2222B6F800901CFB0AFC88
:105240004FEA1927D2B207F0F80707FB02CCC0F3E8
:10525000072717FB0AF7C0B24FEAD90B10FB0AF079
:105260000BF0FC0B0BFB02774FEAC9095FFA89F9D7
:1052700009FB02001FFA8CFCBFB20CF1010202EB29
:105280001C2C7A1C80B202EB17220CF47F4C5209C2
:10529000471C6FF30A0C02F4FC6207EB10274CEA80
:1052A0000202C7F3C42717433780149A0236144406
:1052B0004544013B002B9BDC5BE00098BEF9087085
:1052C0002A1407FB02024FEA244C12F80C20019822
:1052D00050F82200020E45D0039FC0F3074C7A43DA
:1052E000571CC2F30F2212FA87F2C2F30F2A6FEA99
:1052F0002222B6F800901CFB0AFC4FEA1927D2B212
:1053000007F0F80707FB02CCC0F3072717FB0AF7E3
:10531000C0B24FEAD90B10FB0AF00BF0FC0B0BFBF1
:1053200002774FEAC9095FFA89F909FB02001FFAFF
:105330008CFCBFB20CF1010202EB1C2C7A1C80B277
:1053400002EB17220CF47F4C5209471C6FF30A0C36
:1053500002F4FC6207EB10274CEA0202C7F3C427F1
:1053600017433780149A023614444544013B002BFE
:10537000A3DC00293ADD36EE046A75EEA35AC2EECC
:10538000866A65EEA64AB0EE672A35EE035A74EED9
:10539000E77A65EE266ABEEEC82AFEEEC87A8DED83
:1053A000122AB0EE472A36EEC77A17EE902ABEEEE2
:1053B000C87A0E9BBEEEC82A92FBF3F317EE102AB2
:1053C00014930E9B013992FBF3F80E9A029B8DED1C
:1053D000132A18BF1346B0EE667AF0EE647A0029FD
:1053E0003FF7D8AE029A002A3FF7D4AE05B0BDE829
:1053F000F08F00002DE9F04F85B01B9D03926C6883
:10540000DDE91C2004FB0022DDF878E02C689DED2E
:105410000F6A04EB4204DEF80020DDED105A019221
:10542000DEF804209DED115A0432DDED187A9DED71
:10543000197A9DED204ADDED213A9DED223AF7EEF5
:10544000002ADFF87C8202922FE1129A1398BEF9AB
:1054500008C0BEF90C7002F5004200F500400FE0F4
:10546000151403D4654501DA051406D5149D013BD6
:105470002A44159D0234284402E0BD4204DBF5E7CE
:10548000002BEDDC00F0D880149E5D1E06FB052687
:10549000361470D466456EDA159E06FB05052D148C
:1054A00069D4BD42C0F2C88065E017145DD4DEF84F
:1054B0000860BE4259DD5FEA204C56D4DEF80C503D
:1054C000654552DD019D36B20CFB0656F55D029E28
:1054D00056F82560350EFF2D0AD1750908EA162702
:1054E00005F4FC653D43C6F3C406354325803CE026
:1054F000DDB36FEA050AC6F3074CB4F800900CFB65
:1055000005FC4FEA19275FFA8AFA07F0F80707FB4C
:105510000ACCC6F307276F43F6B275434FEAD90B9F
:105520000BF0FC0B0BFB0A774FEAC9095FFA89F90C
:1055300009FB0A551FFA8CFCBFB20CF1010606EB01
:105540001C2C7E1CADB206EB17260CF47F4C7609A2
:105550006F1C0CEA080C06F4FC6607EB15274CEAF6
:105560000606C7F3C42737432780149D02342A4414
:10557000159D013B2844002B97DC5FE0019EBEF99E
:105580000870051407FB05654FEA224C15F80C500E
:10559000029E56F82560350EFF2D0AD1750908EADE
:1055A000162705F4FC653D43C6F3C4063543258044
:1055B0003CE0DDB36FEA050AC6F3074CB4F800908F
:1055C0000CFB05FC4FEA19275FFA8AFA07F0F80787
:1055D00007FB0ACCC6F307276F43F6B275434FEAC1
:1055E000D90B0BF0FC0B0BFB0A774FEAC9095FFAEA
:1055F00089F909FB0A551FFA8CFCBFB20CF10106B0
:1056000006EB1C2C7E1CADB206EB17260CF47F4C6F
:1056100076096F1C0CEA080C06F4FC6607EB1527EC
:105620004CEA0606C7F3C42737432780149D02348B
:105630002A44159D013B2844002B9FDC00293BDDBB
:1056400036EE046A75EEA35AC2EE866A65EEA64A85
:10565000B0EE672A35EE035A74EEE77A65EE266AF5
:10566000BEEEC82AFEEEC87A8DED122AB0EE472AA9
:1056700036EEC77A17EE902ABEEEC87A0E9BBEEEC3
:10568000C82A92FBF3F317EE102A14930E9B0139EC
:1056900092FBF3F30E9A15938DED132A039BB0EE54
:1056A000667A18BF1346F0EE647A00293FF7CDAE54
:1056B000039A002A3FF7C9AE05B0BDE8F08F00BFDE
:1056C00000F8FFFF2DE9F04F85B01B9D02926C683A
:1056D0009DF87C20DDF878E00392DDE91C2004FBD6
:1056E00000222E689DED0F6A06EB4206DEF80020D0
:1056F000DDED105A0092DEF804209DED115ADDED2B
:10570000187A9DED197A9DED204ADDED213A9DED47
:10571000223AF7EE002ADDF85480019226E1129A2F
:10572000BEF908C002F50044139ABEF90C7002F5E8
:1057300000450EE0221403D4624501DA2A1405D58F
:10574000149A45441444013B023602E0BA4204DB99
:10575000F6E7002BEEDC00F0D18014985A1E00FB17
:10576000024000146DD460456BDA08FB025212143B
:1057700067D4BA42C0F2C28063E020145CD4DEF881
:105780000870874258DD5FEA254C55D4DEF80C20BE
:10579000624551DD3FB20CFB0700019A125C002A02
:1057A0004AD0009F37F81090039F30887A43571CE7
:1057B000120A12FA87F24FEA122A6FEA12224FEA0D
:1057C000102CD2B20CF0F80C1CFB02FC4FEA19278B
:1057D00007F0F80707FB0ACCC70807F0FC0717FB20
:1057E00002F7C000C0B210FB02F04FEAD90B0BF079
:1057F000FC0B0BFB0A774FEAC9095FFA89F909FB31
:105800000A001FFA8CFCBFB20CF1010202EB1C2C47
:105810007A1C80B202EB17220CF47F4C5209471C11
:105820006FF30A0C02F4FC6207EB10274CEA020249
:10583000C7F3C42717433780149A023614444544EB
:10584000013B002B99DC5BE0BEF9087022142814A0
:1058500007FB0020019A125C002A4AD0009F37F80B
:105860001090039F30887A43571C120A12FA87F26D
:105870004FEA122A6FEA12224FEA102CD2B20CF031
:10588000F80C1CFB02FC4FEA192707F0F80707FB8E
:105890000ACCC70807F0FC0717FB02F7C000C0B22C
:1058A00010FB02F04FEAD90B0BF0FC0B0BFB0A7755
:1058B0004FEAC9095FFA89F909FB0A001FFA8CFC53
:1058C000BFB20CF1010202EB1C2C7A1C80B202EB7D
:1058D00017220CF47F4C5209471C6FF30A0C02F498
:1058E000FC6207EB10274CEA0202C7F3C4271743F8
:1058F0003780149A023614444544013B002BA3DC44
:1059000000293ADD36EE046A75EEA35AC2EE866AC5
:1059100065EEA64AB0EE672A35EE035A74EEE77AD2
:1059200065EE266ABEEEC82AFEEEC87A8DED122A12
:10593000B0EE472A36EEC77A17EE902ABEEEC87A46
:105940000E9BBEEEC82A92FBF3F317EE102A1493B7
:105950000E9B013992FBF3F80E9A029B8DED132AF0
:1059600018BF1346B0EE667AF0EE647A00293FF76E
:10597000D6AE029A002A3FF7D2AE05B0BDE8F08F4E
:105980002DE9F74F199D01926C68DDE91A2004FB9F
:105990000022DDF870C02D689DED0D6A05EB420513
:1059A000DDED0E5ADCE900929DED0F5ADDED167A21
:1059B0009DED177A9DED1E4ADDED1F3A9DED203AD3
:1059C000F7EE002A009229E1109ABCF908E002F5EE
:1059D0000040119ABCF90C7002F500440FE002146B
:1059E00003D4724501DA221406D5129A013B104401
:1059F000139A0235144402E0BA4204DBF5E7002BA7
:105A0000EDDC00F0D280129E5A1E06FB0206361410
:105A10006ED476456CDA139E06FB0242121467D4EC
:105A2000BA42C0F2C28063E006145BD4DCF80870AE
:105A3000B74257DD5FEA244E54D4DCF80C2072459F
:105A400050DD3FB20EFB0766009A12F80680B8F1EF
:105A5000FF0F03D139F816202A8043E0B8F1000F78
:105A600040D06FEA080A2A885FFA8AFA170A07F014
:105A7000F80739F816E017FB0AF74FEA1E2606F07A
:105A8000F80606FB0877D60806F0FC0616FB0AF6B1
:105A9000D200D2B24FEADE0B12FB0AF20BF0FC0B83
:105AA0000BFB08664FEACE0E5FFA8EFE0EFB082255
:105AB000BFB2B6B207F1010E0EEB172E771C92B2F1
:105AC00007EB16270EF47F4E7F09561C6FF30A0E64
:105AD00007F4FC6706EB12264EEA0707C6F3C42656
:105AE0003E432E80129A02351044139A013B14440F
:105AF000002B99DC5BE0BCF908702614021407FB4C
:105B00000622009E16F80280B8F1FF0F03D139F883
:105B100012202A8043E0B8F1000F40D06FEA080A53
:105B200039F812E02A885FFA8AFA170A07F0F807AC
:105B300017FB0AF74FEA1E2606F0F80606FB087761
:105B4000D60806F0FC0616FB0AF6D200D2B24FEADF
:105B5000DE0B12FB0AF20BF0FC0B0BFB08664FEAA4
:105B6000CE0E5FFA8EFE0EFB0822BFB2B6B207F170
:105B7000010E0EEB172E771C92B207EB16270EF4D0
:105B80007F4E7F09561C6FF30A0E07F4FC6706EB85
:105B900012264EEA0707C6F3C4263E432E80129A09
:105BA00002351044139A013B1444002BA3DC002956
:105BB0003BDD36EE046A75EEA35AC2EE866A65EEE8
:105BC000A64AB0EE672A35EE035A74EEE77A65EE20
:105BD000266ABEEEC82AFEEEC87A8DED102AB0EE17
:105BE000472A36EEC77A17EE902ABEEEC87A0C9B8B
:105BF000BEEEC82A92FBF3F317EE102A12930C9B09
:105C0000013992FBF3F30C9A13938DED112A019B4A
:105C1000B0EE667A18BF1346F0EE647A00293FF7BB
:105C2000D3AE019A002A3FF7CFAE03B0BDE8F08FA4
:105C30002DE9F04F85B09DF87CC01B9D6FEA0C07E5
:105C40006C680392DDE91C2004FB0022DDF878E09B
:105C50002D689DED0F6A05EB4205DEF80020DDEDB5
:105C6000105A9DED115ADDED187A9DED197A9DEDD2
:105C7000204ADDED213A9DED223ADDF85480029272
:105C8000FFB214E1129ABEF908A002F50040139A7F
:105C9000BEF90C9002F500440EE0021403D4524504
:105CA00001DA221405D5149A44441044013B02350C
:105CB00002E04A4504DBF6E7002BEEDC00F0BD8095
:105CC000149E5A1E06FB0206361463D4564561DA4A
:105CD00008FB024212145DD44A45C0F2AE8059E07E
:105CE000061451D4DEF80820B2424DDD5FEA244AA2
:105CF0004AD4DEF80C30534546DD0FFA82F90AFB30
:105D000009662A88029B4FEA122909F0F80933F83C
:105D100016A019FB07F94FEA1A2606F0F80606FB4B
:105D20000C99D60806F0FC0616FB07F6D200D2B294
:105D30004FEADA0B12FB07F20BF0FC0B0BFB0C66C5
:105D40004FEACA0A5FFA8AFA0AFB0C221FFA89F99B
:105D5000B6B209F1010A0AEB192A06F1010992B259
:105D600009EB16290AF47F4A4FEA5919561C6FF3BA
:105D70000A0A09F4FC6906EB12264AEA0909C6F385
:105D8000C42646EA09062E80149B02351844019B5E
:105D90004444013B0193019B002BA1DC4FE0BEF981
:105DA00008902614021409FB0622029E444436F889
:105DB00012A02A884FEA1A264FEA122909F0F80998
:105DC00019FB07F906F0F80606FB0C99D60806F051
:105DD000FC0616FB07F6D200D2B24FEADA0B12FB32
:105DE00007F20BF0FC0B0BFB0C664FEACA0A5FFADA
:105DF0008AFA0AFB0C221FFA89F9B6B209F1010AE4
:105E00000AEB192A06F1010992B209EB16290AF4E4
:105E10007F4A561C4FEA591906EB12266FF30A0AFD
:105E200009F4FC69149A4AEA0909C6F3C42646EA49
:105E3000090625F8026B1044013B002BAFDC00295A
:105E40003CDDF7EE004A36EE046A75EEA35AC4EE66
:105E5000866A65EEA64AF0EE672A35EE035A74EEBE
:105E6000E77A65EE266AFEEEC82AFEEEC87ACDED28
:105E7000122AF0EE472A36EEC77A17EE902ABEEEC7
:105E8000C87A0E9BFEEEC82A92FBF3F317EE102A97
:105E900014930E9B013992FBF3F80E9A039BCDED00
:105EA000132A18BF1346B0EE667AF0EE647A002922
:105EB0003FF7E8AE039A002A3FF7E4AE05B0BDE82D
:105EC000F08F2DE9F04F169EDDE917047568199FD4
:105ED00005FB040035689446DDE90F2E9DED0A6A46
:105EE000DDED0B5A9DED0C5ADDED137A9DED147A24
:105EF0009DED1B4ADDED1C3A9DED1D3AF7EE002AA3
:105F0000D7F8009005EB400589E00D980E9CB7F995
:105F100008B0B7F90CA000F5004004F500440DE00E
:105F2000061403D45E4501DA261404D510447444E3
:105F3000013B023502E0564503DBF7E7002BEFDCBF
:105F400039D05E1E02FB06085FEA284820D4D845F7
:105F50001EDA0EFB064636141AD456452BDB17E024
:105F60005FEA20480ED4BB6843450BDD5FEA244B53
:105F700008D4FE685E45C1BF1BB20BFB038839F82D
:105F800018302B800235104474440AF1FF3A00E0C7
:105F90009A46BAF1000FE3DC0FE0B7F908A04FEA28
:105FA000244806140AFB086639F81660104425F8E0
:105FB000026B7444013B002BEFDC002936DD36EE2A
:105FC000046AB0EE672AC2EE866A75EEA35A35EE11
:105FD000035A65EEA64ABEEEC82A65EE266A8DED26
:105FE0000D2A74EEE77AB0EE472A36EEC77AFEEE57
:105FF000C87ABEEEC87A17EE902A17EE100ABEEEE7
:10600000C82A099B013992FBF3F290FBF3FE8DED58
:106010000E2A08BF6346B0EE667AF0EE647A002975
:106020003FF773AFBCF1000F3FF76FAFBDE8F08FE4
:106030002DE9F04F85B01B9D02926C689DF87C2085
:10604000DDF878800392DDE91C2004FB00222E6835
:106050009DED0F6A06EB4206D8F80020DDED105AE0
:106060009DED115ADDED187A9DED197A9DED204ACE
:10607000DDED213A9DED223AF7EE002ADFF888A205
:10608000019237E1129AB8F908C002F50044139A58
:10609000B8F90C7002F500450FE0221403D46245F4
:1060A00001DA2A1406D5149A013B1444159A0236D3
:1060B000154402E0BA4204DBF5E7002BEDDC00F00A
:1060C000E08014985A1E00FB0240001475D460450D
:1060D00073DA159800FB025212146ED4BA42C0F261
:1060E000D0806AE0201462D4D8F8087087425EDD60
:1060F0005FEA254C5BD4D8F80C20624557DD3FB2EF
:106100000CFB0700019A52F820703A0E4FD003980A
:106110004243501CC2F30F2212FA80F00012FF28F3
:106120004FEA172208D1780900F4FC6002EA0A025B
:106130000243C7F3C40738E06FEA0009C7F3074C0E
:10614000B6F800E00CFB00FCD2B242434FEA1E2B33
:106150005FFA89F90BF0F80BFFB20BFB09CC78431F
:106160004FEADE0B0BF0FC0B0BFB09224FEACE0EC5
:106170005FFA8EFE0EFB09001FFA8CFC92B20CF146
:10618000010707EB1C2C571C80B207EB12270CF4FD
:106190007F4C7F09421C0CEA0A0C07F4FC6702EBF7
:1061A00010224CEA0707C2F3C4223A433280149A01
:1061B00002361444159A013B1544002B92DC62E030
:1061C000B8F908702814221407FB0022019850F82F
:1061D00022703A0E4FD003984243501CC2F30F2254
:1061E00012FA80F00012FF284FEA172208D178092E
:1061F00000F4FC6002EA0A020243C7F3C40738E075
:106200006FEA0009C7F3074CB6F800E00CFB00FC8E
:10621000D2B242434FEA1E2B5FFA89F90BF0F80B1A
:10622000FFB20BFB09CC78434FEADE0B0BF0FC0B03
:106230000BFB09224FEACE0E5FFA8EFE0EFB090021
:106240001FFA8CFC92B20CF1010707EB1C2C571CB7
:1062500080B207EB12270CF47F4C7F09421C0CEA3A
:106260000A0C07F4FC6702EB10224CEA0707C2F3A2
:10627000C4223A433280149A02361444159A013BE0
:106280001544002B9CDC00293BDD36EE046A75EEDC
:10629000A35AC2EE866A65EEA64AB0EE672A35EECC
:1062A000035A74EEE77A65EE266ABEEEC82AFEEE61
:1062B000C87A8DED122AB0EE472A36EEC77A17EE6D
:1062C000902ABEEEC87A0E9BBEEEC82A92FBF3F36C
:1062D00017EE102A14930E9B013992FBF3F30E9ADA
:1062E00015938DED132A029BB0EE667A18BF134604
:1062F000F0EE647A00293FF7C5AE029A002A3FF714
:10630000C1AE05B0BDE8F08F00F8FFFF2DE9F74FF3
:10631000199D01926C68DDE91A2004FB0022DDF86A
:1063200070E02C689DED0D6A04EB4204DEF800205D
:10633000DDED0E5A9DED0F5ADDED167A9DED177AC3
:106340009DED1E4ADDED1F3A9DED203AF7EE002A45
:10635000DFF86C82009229E1109A1198BEF908C00A
:10636000BEF90C7002F5004200F500400FE0151474
:1063700003D4654501DA051406D5129D013B2A4474
:10638000139D0234284402E0BD4204DBF5E7002BF4
:10639000EDDC00F0D280129E5D1E06FB0526361451
:1063A0006ED466456CDA139E06FB05052D1467D482
:1063B000BD42C0F2C28063E016145BD4DEF8087000
:1063C000B74257DD5FEA204C54D4DEF80C506545E7
:1063D00050DD3FB20CFB0766009D55F82660350E78
:1063E000FF2D0AD1750908EA162705F4FC653D431F
:1063F000C6F3C406354325803CE0DDB36FEA050AE9
:10640000C6F3074CB4F800900CFB05FC4FEA1927C3
:106410005FFA8AFA07F0F80707FB0ACCC6F30727EA
:106420006F43F6B275434FEAD90B0BF0FC0B0BFB35
:106430000A774FEAC9095FFA89F909FB0A551FFA79
:106440008CFCBFB20CF1010606EB1C2C7E1CADB21D
:1064500006EB17260CF47F4C76096F1C0CEA080C2F
:1064600006F4FC6607EB15274CEA0606C7F3C427BB
:1064700037432780129D02342A44139D013B284450
:10648000002B99DC5BE0BEF908700614151407FBBD
:106490000655009E56F82560350EFF2D0AD1750968
:1064A00008EA162705F4FC653D43C6F3C4063543E8
:1064B00025803CE0DDB36FEA050AC6F3074CB4F86B
:1064C00000900CFB05FC4FEA19275FFA8AFA07F0E7
:1064D000F80707FB0ACCC6F307276F43F6B27543EC
:1064E0004FEAD90B0BF0FC0B0BFB0A774FEAC909FB
:1064F0005FFA89F909FB0A551FFA8CFCBFB20CF14F
:10650000010606EB1C2C7E1CADB206EB17260CF424
:106510007F4C76096F1C0CEA080C06F4FC6607EB4E
:1065200015274CEA0606C7F3C42737432780129D78
:1065300002342A44139D013B2844002BA3DC00298C
:106540003BDD36EE046A75EEA35AC2EE866A65EE4E
:10655000A64AB0EE672A35EE035A74EEE77A65EE86
:10656000266ABEEEC82AFEEEC87A8DED102AB0EE7D
:10657000472A36EEC77A17EE902ABEEEC87A0C9BF1
:10658000BEEEC82A92FBF3F317EE102A12930C9B6F
:10659000013992FBF3F30C9A13938DED112A019BB1
:1065A000B0EE667A18BF1346F0EE647A00293FF722
:1065B000D3AE019A002A3FF7CFAE03B0BDE8F08F0B
:1065C00000F8FFFF2DE9F04F85B01B9D02926C682B
:1065D0009DF87C20DDF878800392DDE91C2004FB27
:1065E00000222E689DED0F6A06EB4206D8F80820BF
:1065F000DDED105A013222F001020092D8F800209D
:106600009DED115ADDED187A9DED197A9DED204A28
:10661000DDED213A9DED223AF7EE002ADFF8C0A227
:10662000019250E1129AB8F908C002F50044139A99
:10663000B8F90C7002F500450FE0221403D462454E
:1066400001DA2A1406D5149A013B1444159A02362D
:10665000154402E0BA4204DBF5E7002BEDDC00F064
:10666000F98014985A1E00FB0240001400F1828049
:1066700060457FDA159800FB025212147AD4BA42B0
:10668000C0F2E88076E020146ED4D8F80820824268
:106690006ADD2F1468D4D8F80C20BA4264DD009A61
:1066A00007FB020701987A08805CFF0755BF00F0DE
:1066B0000F0200F0F00202EB021202EB1012D2B253
:1066C000002A51D003984243501CC2F30F2212FA01
:1066D00080F0824A00121768FF284FEA172208D17B
:1066E000780900F4FC6002EA0A020243C7F3C40717
:1066F00038E06FEA0009C7F3074CB6F800E00CFB7E
:1067000000FCD2B242434FEA1E2B5FFA89F90BF02C
:10671000F80BFFB20BFB09CC78434FEADE0B0BF012
:10672000FC0B0BFB09224FEACE0E5FFA8EFE0EFB2E
:1067300009001FFA8CFC92B20CF1010707EB1C2C2C
:10674000571C80B207EB12270CF47F4C7F09421CC8
:106750000CEA0A0C07F4FC6702EB10224CEA07076C
:10676000C2F3C4223A433280149A02361444159A72
:10677000013B1544002B86DC6EE0009F20142A1498
:1067800007FB0202019F5008385CD20755BF00F09A
:106790000F0200F0F00202EB021202EB1012D2B272
:1067A000002A51D003984243501CC2F30F2212FA20
:1067B00080F04A4A00121768FF284FEA172208D1D2
:1067C000780900F4FC6002EA0A020243C7F3C40736
:1067D00038E06FEA0009C7F3074CB6F800E00CFB9D
:1067E00000FCD2B242434FEA1E2B5FFA89F90BF04C
:1067F000F80BFFB20BFB09CC78434FEADE0B0BF032
:10680000FC0B0BFB09224FEACE0E5FFA8EFE0EFB4D
:1068100009001FFA8CFC92B20CF1010707EB1C2C4B
:10682000571C80B207EB12270CF47F4C7F09421CE7
:106830000CEA0A0C07F4FC6702EB10224CEA07078B
:10684000C2F3C4223A433280149A02361444159A91
:10685000013B1544002B90DC00293BDD36EE046A39
:1068600075EEA35AC2EE866A65EEA64AB0EE672AB6
:1068700035EE035A74EEE77A65EE266ABEEEC82A54
:10688000FEEEC87A8DED122AB0EE472A36EEC77AB0
:1068900017EE902ABEEEC87A0E9BBEEEC82A92FB77
:1068A000F3F317EE102A14930E9B013992FBF3F3C6
:1068B0000E9A15938DED132A029BB0EE667A18BFDF
:1068C0001346F0EE647A00293FF7ACAE029A002A34
:1068D0003FF7A8AE05B0BDE8F08F00BFDC9E0520F5
:1068E00000F8FFFF2DE9F04F85B01B9C88466068DB
:1068F0000392DDE91C2100FB0122DDF878C020684D
:106900009DED0F6A00EB4200DCF80820DDED105A27
:10691000013222F001020192DCF800209DED115AB3
:10692000DDED187A9DED197A9DED204ADDED213AD5
:106930009DED223AF7EE002ADFF8B8E202924BE131
:10694000129A1399BCF90870BCF90C6002F5004268
:1069500001F500410FE0141403D4BC4201DA0C1419
:1069600006D5149C013B2244159C0230214402E0D0
:10697000B44204DBF5E7002BEDDC00F0F280149D5F
:106980005C1E05FB04252D147ED4BD427CDA159DCA
:1069900005FB0414241477D4B442C0F2E28073E0FF
:1069A00015146BD4DCF80840AC4267DD0E1465D4D6
:1069B000DCF80C40B44261DD019C06FB0456029DEC
:1069C00074082C5DF60755BF04F00F0404F0F005C1
:1069D00004EB041405EB141554BFE5B2EDB2FF2D22
:1069E0000DD1DEF80050824C04EA15266C0904F43F
:1069F000FC643443C5F3C4052C4304803EE0002D01
:106A00003CD06FEA050ADEF80040B0F80090C4F30D
:106A1000074717FB05F74FEA19265FFA8AFA06F0CF
:106A2000F80606FB0A77C4F3072616FB05F6E4B260
:106A300014FB05F44FEAD90B0BF0FC0B0BFB0A66B9
:106A40004FEAC9095FFA89F909FB0A44BFB2B6B235
:106A50007D1C05EB1727751CA4B205EB162507F462
:106A60007F476D09661C6FF30A0705F4FC6506EBAA
:106A700014263D43C6F3C4262E430680149C0230E0
:106A80002244159C013B2144002B89DC6BE0019ED4
:106A900014140D1406FB0545029E6C08345DED07C9
:106AA00055BF04F00F0404F0F00504EB041405EBEB
:106AB000141554BFE5B2EDB2FF2D0DD1DEF8005034
:106AC0004B4C04EA15266C0904F4FC643443C5F30A
:106AD000C4052C4304803EE0002D3CD06FEA050A3B
:106AE000DEF80040B0F80090C4F3074717FB05F745
:106AF0004FEA19265FFA8AFA06F0F80606FB0A77CB
:106B0000C4F3072616FB05F6E4B214FB05F44FEABE
:106B1000D90B0BF0FC0B0BFB0A664FEAC9095FFAB5
:106B200089F909FB0A44BFB2B6B27D1C05EB1727F1
:106B3000751CA4B205EB162507F47F476D09661C8A
:106B40006FF30A0705F4FC6506EB14263D43C6F314
:106B5000C4262E430680149C02302244159C013B1F
:106B60002144002B93DCB8F1000F3DDD36EE046AC2
:106B700075EEA35AC2EE866A65EEA64AB0EE672AA3
:106B800035EE035A74EEE77A65EE266ABEEEC82A41
:106B9000FEEEC87A8DED122AB0EE472A36EEC77A9D
:106BA00017EE902ABEEEC87A0E9BBEEEC82A92FB64
:106BB000F3F317EE102A14930E9BB8F1010892FB21
:106BC000F3F30E9A15938DED132A039BB0EE667ABC
:106BD00018BF1346F0EE647AB8F1000F3FF7B0AE7D
:106BE000039A002A3FF7ACAE05B0BDE8F08F00BFB6
:106BF00000F8FFFFDC9E052070472DE9F04389B0C7
:106C0000054607A80E461746ADF81C30FDF79EFC5A
:106C10002B68044607A8D3F81C90FDF7A5FB804617
:106C200007A8FDF7D5FB3B46CDE90180324604A815
:106C300029460094C847204609B0BDE8F08300000B
:106C40002DE9FF47002300933C4B1B780BB93C4ACE
:106C500000E03C4AB2F90020ADF804200BB9394BF2
:106C600000E0374BB3F9003008684968ADF80630EA
:106C700002AC02AB03C369462046FAF7C7F8684680
:106C8000FAF780F8BDF80830BDF800202E4E134406
:106C9000ADF80830BDF80220BDF80A303068134462
:106CA000ADF80A300368DB6B9847C30706D594E854
:106CB0000600306803681B6E98473BE03068BDF9FA
:106CC0000E500368BDF90C905B6B9847BDF9082026
:106CD000BDF80A10BDF80430DFF8648013FB01230F
:106CE00000EB430730684FEA49090368DB6A9847BD
:106CF000B8F80010BDF90A20BDF9083001FB0233D5
:106D0000694300EB430404EB41050DE04B4621468B
:106D1000D2F838A03A46D047B8F8003004EB430424
:106D2000BDF9043007EB43073068AC420268EDD38D
:106D3000136B984704B0BDE8F08700BFC29E0520E2
:106D4000C89E0520C69E0520D09E05202DE9F04F47
:106D50008BB09DF850600D4614469DF85480002E6F
:106D600000F0D3802068616806AA03C218685968D9
:106D7000674F03C206A8FAF705F8214608A8FAF7F4
:106D800045F8BDF92020BDF92230BDF81C10386847
:106D900011FB032105EB4105BDF81810BDF924A036
:106DA0000A44ADF82020BDF81A20BDF926901344FE
:106DB000ADF822300368DB6B9847FF2E05D1B8F1A0
:106DC000000F1CD110F0010F01E010F0040F16D0DD
:106DD0000022386829460368CDE90482BDF81C20EA
:106DE000039602921FFA89F201921FFA8AF2009228
:106DF0009C6CBDF82020BDF82230A04785E03868A3
:106E0000DFF810810368DB6A9847B8F80030BDF9F5
:106E10002210BDF92020FF2E03FB012209FB03F302
:106E200000EB42044FEA4A0959D0C6F1FF0704EBD0
:106E3000430EBFB24BE0A44604EB090B39E0BCF8AB
:106E4000000035F8023B020A02F0F80212FB07F2DA
:106E5000190A01F0F80101FB0622C10801F0FC014A
:106E600011FB07F1DC0804F0FC04DB0004FB061155
:106E7000DCB2C300DBB213FB07F389B292B2481C49
:106E800004FB063300EB1120511C01EB12214009D9
:106E900001F47F419BB26FF30A0100F4FC6040EA09
:106EA0000102591C01EB1323C3F3C42313432CF831
:106EB000023BDC45C3D3B8F80040BDF91C30A4EB5D
:106EC0000A04A3EB0A030CEB440405EB43057445E9
:106ED000B1D30F4B186803681B6B984715E004EBA0
:106EE00043060DE02A462146D3F838A04B46D0474A
:106EF000B8F8003004EB4304BDF91C3005EB430542
:106F00003868B4420368EDD3E3E70BB0BDE8F08F17
:106F1000D09E0520C89E05202DE9F04F8DB0BDF80C
:106F20005880814628F00205082D0C4616461F465B
:106F30009DF85CB000F0D081B8F1000F40F01F83E5
:106F4000BBF1FF0FCE4D1CD12046FDF7FFFA01909B
:106F500028680368DB6A984771680546306808ABA3
:106F600003C308A8F9F70EFF386879680AAB03C3B2
:106F70003146C44E0AA8F9F749FF3378012B0CD1EA
:106F800007E028680368D3F8AC3098470128DBD0C5
:106F9000EEE22046FDF71CFA02E02046FDF7E4F998
:106FA00033780090012B204602D1FDF7DDF901E096
:106FB000FDF70EFA009B00041C04BDF92430013CCF
:106FC000013B012B38BF0123B4FBF3F4BDF926309C
:106FD0000138013B012B38BF0123B0FBF3F3BDF9AE
:106FE00022200293BDF92A30DFF8A4921A44BDF999
:106FF0002000BDF92830B9F80010034401FB02332A
:10700000BBF1FF0F05EB430500F0578163000493CC
:1070100004EB4403079304EB8403069306236343C2
:107020004FF0000ADFF864820593CCE0BDF92A70C6
:10703000029B57445F43009B3F0C5F43BDF92860B0
:10704000019B0022664303EB47074AE04346079A49
:1070500008F58071B218300C37F8100026441880FB
:10706000300C37F81000103323F80E0C101B000CF6
:1070700037F8100023F80C0C100C37F810002244DD
:1070800023F80A0C100C37F81000224423F8080CDF
:10709000100C37F8100023F8060C06980644300C44
:1070A00037F81000264423F8040C300C37F8100091
:1070B000264423F8020C059899420244CBD140465D
:1070C0004FF48071EBF7BAFD5B468022414648469B
:1070D000EBF7DEFD6C4A6D4B984508BF13469846AA
:1070E000039ABDF92C0002F18003834205EB4209AB
:1070F0000393ABDD82425DDAA0EB020C4346002530
:1071000026442CF0070C32E04FEA114E37F81EE00F
:10711000360C23F810EC37F81660083523F80E6C9F
:10712000049E8E19310C37F81110264423F80C1CDC
:10713000310C37F81110264423F80A1C310C37F8AB
:107140001110264423F8081C310C37F8111026447E
:1071500023F8061C310C37F81110264423F8041CC0
:10716000310C37F8111023F8021C04990E446545C0
:10717000A6EB040103F11003C6D106E00B0C37F8AF
:107180001330214428F81530013553199842F5DCA5
:107190006E0040463146EBF751FD5B462A464146BC
:1071A0004846EBF775FD394B374AB144984508BF5F
:1071B00013469846364B0AF1010A1888BDF92C305F
:1071C000C01A09EB4005BDF92E309A45FFF62EAFE7
:1071D000C6E1BDF92A20029B3A445A43009B120C97
:1071E0005A43019B284603EB4202BDF928304FF079
:1071F000000803FB04430EEB030534E0300C32F8C7
:1072000010001B0C21F8100C32F8133008F108089C
:1072100021F80E3C0EEB0603180C32F8100021F892
:107220000C0C280C32F81000254421F80A0C280C0C
:1072300032F8100021F8080C03980344180C32F8B7
:107240001000234421F8060C180C32F810002344D7
:1072500021F8040C180C32F81000734421F8020CC9
:10726000049805440846BDF92CB008F1070AD34537
:10727000C446A3EB040600F11001BFDC12E000BF1E
:10728000D09E0520C29E052000B1042000B204203B
:10729000C89E0520330C32F81330264420F8023BF8
:1072A0000CF1010CBDF92C106145F3DCB9F800308C
:1072B00001375B1A00EB430508E0002704EB4403A9
:1072C0000393C4EBC4034FEA440E0493BDF92E307C
:1072D0009F42FFF67EAF45E1AE4D28680368D3F8C4
:1072E000AC309847012840F043813068716808ABA2
:1072F00003C308A8F9F746FD386879680AAB03C3E9
:107300003146A54E0AA8F9F781FD33782046012BB6
:1073100002D1FDF75DF801E0FDF726F83378009023
:10732000012B204602D1FDF71FF801E0FDF750F8D0
:10733000009B00041E04BDF92430013E013B012BDB
:1073400038BF0123B6FBF3F6BDF926300138013B07
:10735000012B38BF0123B0FBF3F320460393FDF765
:10736000F5F8049028684FF0000A03688B4FDB6A39
:107370009847BDF92A30BDF92220BDF920401A44B2
:10738000874B1988BDF92830234401FB023300EBF9
:1073900043087300029306EB4603079306EB86034C
:1073A0000693062373430593D5E0BDF92A50039B4A
:1073B00055445D43009B2D0C5D43BDF92840049B63
:1073C0000022744303EB85054AE03B46079A07F524
:1073D0008070A218210C55F8211034441960210C3A
:1073E00055F82110203343F81C1C911B090C55F84B
:1073F000211043F8181C110C55F82110324443F8A1
:10740000141C110C55F82110324443F8101C110CB7
:1074100055F8211043F80C1C06990C44210C55F822
:107420002110344443F8081C210C55F82110344431
:1074300043F8041C059998420A44CBD138464FF4CE
:107440008071EBF7FBFB5B46402239464846EBF781
:1074500043FC544A514B9F4208BF13461F46019AB2
:10746000BDF92C0002F14003834208EB420901936D
:10747000ABDD824264DAA119A0EB020E3B464FF06D
:10748000000C01912EF0070E35E04FEA114855F837
:1074900028400CF1080C43F8204C019C240C55F8B2
:1074A000244043F81C4C029C0C19210C55F8211067
:1074B000344443F8181C210C55F82110344443F887
:1074C000141C210C55F82110344443F8101C210CD5
:1074D00055F82110344443F80C1C210C55F82110A8
:1074E000344443F8081C210C55F8211043F8041CBF
:1074F0000299611801910199F445A1EB060103F18C
:107500002003C2D1644606E00B0C55F82330314409
:1075100047F82430013413199842F5DC3846A100AD
:10752000EBF78CFB5B46224639464846EBF7D4FB2B
:107530001A4B1C4A09EB44099F4208BF13461F46D9
:10754000174B0AF1010AB3F80080BDF92C30A8EB03
:10755000030809EB4808BDF92E309A45FFF625AF20
:10756000EBF762FB0B4B186803681B6B98470DE049
:107570003B46324621464846CDE9168B01E0CDE92F
:10758000168B0DB0BDE8F04FF8F7F6B80DB0BDE8BA
:10759000F08F00BFD09E0520C29E052000B20420BF
:1075A000C89E052000B1042010B504468C210CF0C3
:1075B000D6F8204610BD10B5044604210CF0CFF8D3
:1075C000204610BD10B5044604210CF0C8F8204632
:1075D00010BD10B5044640F644010CF0C0F820463A
:1075E00010BD10B504464FF482710CF0B8F8204677
:1075F00010BD10B5044604210CF0B1F8204610BDB2
:1076000010B5044604210CF0AAF8204610BD10B5B0
:10761000044604210CF0A3F8204610BD10B5044622
:1076200004210CF09CF8204610BD10B5044604213E
:107630000CF095F8204610BD10B5044604210CF05E
:107640008EF8204610BD10B5044604210CF087F8D2
:10765000204610BD10B5044604210CF080F82046E9
:1076600010BD10B5044604210CF079F8204610BD79
:1076700010B5044604210CF072F8204610BD10B578
:10768000044604210CF06BF8204610BD10B50446EA
:1076900004210CF064F8204610BD10B50446042106
:1076A0000CF05DF8204610BD10B5044604210CF026
:1076B00056F8204610BD10B5044604210CF04FF8D2
:1076C000204610BD10B5044604210CF048F82046B1
:1076D00010BD10B5044604210CF041F8204610BD41
:1076E00010B5044604210CF03AF8204610BD10B540
:1076F000044604210CF033F8204610BD10B50446B2
:1077000004210CF02CF8204610BD10B504460421CD
:107710000CF025F8204610BD10B5044604210CF0ED
:107720001EF8204610BD10B5044604210CF017F8D1
:10773000204610BD10B5044604210CF010F8204678
:1077400010BD10B5044604210CF009F8204610BD08
:1077500010B5044604210CF002F8204610BD10B507
:10776000044604210BF0FBFF204610BD10B5044673
:1077700004210BF0F4FF204610BD00002DE9F04F6E
:107780008FB014469DF8602081460D460592002A70
:1077900000F0A182206861680AAA03C218685968CB
:1077A00003C20AA8F9F7EEFA21460CA8F9F72EFB56
:1077B000BDF92C00BDF83010B0F5806FDDBF4FF47F
:1077C000806283B2B2FBF3F30123009305F1080357
:1077D000009A0693BDF92E301344013B93FBF2F35C
:1077E000069A013B9BB202EB83030793009ABDF913
:1077F000323093FBF2F4A2B20392039D009AA4B23A
:1078000005FB123212FB00F20A4495B23CB1069815
:10781000621E50F82260079A36BA164400E0079EAE
:10782000BDF82820BDF936401144BDF82A20ADF836
:1078300030101344ADF83230BDF93430DFF8EC824B
:107840000193B84B18680368DB6A9847B64BBDF9DB
:1078500032101A88BDF93030544302FB013300EB7B
:10786000430707EB44030993BDF92C30002495FB33
:10787000F3F3049309F104034FF480722146184690
:1078800008930DF07AF917E23278FE2AD3B21FD1AD
:1078900096F801B0B0785FFA8BFB311DF6786BF388
:1078A0000704C0B260F30F24F6B200EB800066F369
:1078B00017441AFB06061EFB0B6B230E1CFB03B3BF
:1078C00003F03F036A1E09EB830395B25C60A1E0FD
:1078D000FF2B22D17078B378C0B296F803B060F372
:1078E0000704DBB263F30F245FFA8BFB03EB830324
:1078F0006BF317441AFB0B3B1EFB00B0711D36796E
:107900006A1EF6B266F31F641CFB060606F03F060D
:1079100009EB860695B274607CE09A0906F10101D4
:1079200003D109EB83035C682AE0012A2BD103F021
:107930000300023804EBC000C0B203F00C0260F395
:107940000704083A02EB142202F0FF0262F30F244C
:10795000C3F30113C4F30746023B06EBC303DBB2D8
:1079600002EB820263F317441AFB03231EFB003071
:10797000260E1CFB060606F03F0609EB8606746021
:107980006A1E95B246E0022A03F03F0330D1B11CD3
:107990007678A3F1200006F00F03083B034404EBC4
:1079A000C303DBB263F30704C4F3072202EB8002D4
:1079B000D2B2360962F30F24083E0644C4F30740EE
:1079C00000EBC6000326C0B202EB820216FB0026C3
:1079D000072212FB03620B2360F317444FEA146B78
:1079E00013FB0B2303F03F0309EB83035C60C7E742
:1079F0000133AB420CDD01985B1B9842A8BF1846CF
:107A0000019A1D1A121A0292220E13D000220DE0C2
:107A1000EB1A9DB20E46002D7FF436AF019B314626
:107A2000AB46029309E048F822400132831A002B4A
:107A3000F9DC01E007EB400793460E46F9E0B24659
:107A40001AF8011BFE29CBB214D1717806F1040A91
:107A5000B378F5780326C9B2DBB261F3070463F3A8
:107A60000F24EDB265F3174403EB830316FB0535D2
:107A7000200E84E0FF2B1DD1707806F1050AB37843
:107A8000F57831790326C0B260F30704DBB263F303
:107A90000F24EDB203EB830365F3174416FB0535A2
:107AA000072313FB00500B23C9B213FB010361F33F
:107AB0001F646AE09D0904D109EB83035C6801251A
:107AC0006AE0012D4FEA146032D103F00306023E52
:107AD00004EBC606F6B203F00C0166F3070408399E
:107AE00001EB142101F0FF0161F30F24C3F3011333
:107AF000C4F3074C023B0CEBC3034FF0030CDBB2A7
:107B000001EB81011CFB031C63F31744072313FBE8
:107B100006CC0B2313FB00C303F03F0309EB8303E5
:107B20005C6039E0D09E0520C89E052000B204208C
:107B3000022D03F03F032ED106F1020A7678203B96
:107B400006F00F010839194404EBC101C9B261F311
:107B50000704C4F3072505EB8305EDB2360965F389
:107B60000F24083E1E44C4F3074303EBC603032659
:107B7000DBB205EB850516FB035563F317440723BA
:107B800013FB01510B2313FB001303F03F0309EB1D
:107B900083035C6093E75D1C029E029BAE42A8BF1C
:107BA0002E469B1B0293230EA5EB060519D1BBF1B4
:107BB000000F12D040464FEA8B01EBF73FF85A46D0
:107BC00041463846059BEBF787F8444B444A07EBA0
:107BD0004B07984508BF1346984607EB4607002613
:107BE00025E006EB0B03402B1DDD4FEA8B014046E1
:107BF000EBF724F85A463846059B4146EBF76CF8FC
:107C0000364B07EB4B0798454FF0000B09D1DFF8D7
:107C1000D08008E00BF1010BB34543F8044BF9D1D8
:107C200005E0DFF8B88008EB8B035E44F2E7B3466B
:107C30005646029B002B3FF702AFBBF1000F0CDD55
:107C400040464FEA8B01EAF7F9FF38465A4641466B
:107C5000059BEBF741F807EB4B07224B019A1B887A
:107C60009B1A07EB4307049B01330493049A009B80
:107C7000934219D10024039B039A03F1010A069B46
:107C8000214653F82260079B36BABDF830201E44C7
:107C9000BDF828300898D21A95B24FF480720CF0D3
:107CA0006CFFCDE903A405E0BDF82C20019BD21A9E
:107CB000521B95B2EAF7B8FF099BBB4206D94FF0B9
:107CC000030A4FF0070E4FF00B0CA4E6064B1868A2
:107CD00003681B6B98470FB0BDE8F08F00B204201B
:107CE00000B10420C89E0520D09E05202DE9F04F4C
:107CF0008FB09DF8648004920D461C46189AB8F126
:107D0000000F00F01081206861680AAB03C310689F
:107D1000516803C30AA8F9F735F821460CA8F9F70A
:107D200075F8BDF92C00BDF92E60B0F5806FDDBF90
:107D30004FF4806483B2B4FBF3F40124BDF9323014
:107D4000264493FBF4F2013E97B296FBF4F607FB50
:107D5000143414FB00F4BDF830100C44A4B227B165
:107D6000049A52F8272012BA1544BDF82820BDF90C
:107D700036701144BDF82A20ADF830101344ADF828
:107D80003230BDF93430B6B20193684BB600186892
:107D90000368DB6A9847664BBDF932101A88BDF953
:107DA0003030574302FB013300EB430000EB470345
:107DB0000593331D0693019B002C0CBF9E464FF08C
:107DC000000E0023C8F1FF0292B21FFA8EFE02934A
:107DD00003929FE053B92A78930902F03F0202927E
:107DE0005A1E022A8ABF6B780135023574B19C4253
:107DF00091BF1B1BE31A71464FF0000A9BBF002482
:107E0000BDF804109CB21FFA83FA81E002221646E4
:107E100073452CBFF14699460699029A28BFA3EBF9
:107E20000E0A16FB0212049938BFA2468E5A33BFBF
:107E3000AEEB030121461FFA8AFA89B2B8F1FF0FAF
:107E40004FEA490901D181444FE0320A02F0F802B9
:107E500002FB08F20792F20802F0FC0202FB08F2B1
:107E6000F600F6B2089206FB08F28144099237E068
:107E70000288039F4FEA122C0CF0F80C1CFB07FC45
:107E8000079F039EBC44D70807F0FC0717FB06F7C3
:107E9000089ED2003744039ED2B212FB06F21FFAAC
:107EA0008CFC099EBFB20CF1010B0BEB1C2B324476
:107EB00007F1010C92B20CEB172C0BF47F4B4FEA3D
:107EC0005C1C571C6FF30A0B0CF4FC6C07EB1227BD
:107ED0004BEA0C0CC7F3C42747EA0C0720F8027BD7
:107EE0008145C5D103E020F8026B8145FBD1734584
:107EF0000ED3BDF80410BDF82C400D4B641AA4B28B
:107F0000002C18BF00211B88019A9B1A00EB43002C
:107F100053468E46059A82423FF65CAF034B186883
:107F200003681B6B98470FB0BDE8F08FD09E05200B
:107F3000C89E05202DE9F04F99B01C469DF88C3065
:107F4000CDE910120546229A0393002B00F0CC8154
:107F50002068616814AB03C31068516803C314A898
:107F6000F8F710FF214616A8F8F750FFBDF9542086
:107F7000BDF95660B2F5806FDDBF4FF4806193B2FA
:107F8000B1FBF3FB4FF0010BBDF95A30BDF85810AF
:107F900093FBFBF080B200FB1B3414FB02F4BDF832
:107FA00050200C441144BDF852200B901344ADF8FE
:107FB0005A30BDF95C30ADF8581004939F4BBDF9B1
:107FC0005E7018685E440368013EDB6A984796FB62
:107FD000FBF69B4BBDF95A101A88A4B2BDF9583074
:107FE000002C02FB013302FB07F74FF00001049A5B
:107FF00018BF002200EB4303019303EB4703013654
:108000000C93119BB6B203EB8606331D0D93039BB5
:1080100092B2C3F1FF039BB209910A9352E1BDF8FA
:1080200054307178B4FBF3F3ABEB03039BB21293C0
:10803000B3784FF001081B0243EA0143F178367828
:108040000B4310990E9619440136059601F1010A69
:10805000109E4978F35C090201F48071194385F898
:10806000043800230891069319460F924346CDF831
:10807000088062E0002F56D102999AF80130C1F1D0
:108080000701029E8B409AF80010DBB2314141EAB1
:10809000430133460133DBB2082B02930E9B1FFAD8
:1080A00081FC12BF0AF1010A0AF1020A0297634534
:1080B00002D30123C9B21FE0059B9C4509D395F863
:1080C000041805EB080383F8041808F101039BB2B8
:1080D00018E005EB81014B7905F6040E61465E1E42
:1080E00007E005EB810191F804900EF80690C9882D
:1080F000013E002EF5DCC9B285F804180599B1F5EA
:10810000007F15D2059995F8046805EB81010E7181
:10811000089E08F10108CE8081F80580059901319B
:1081200089B2059104E03B46DDF820C0374600E007
:10813000984639460F92CDF820C074B1A34204D2BC
:10814000E31A0E4600279CB2B6E01B1B2144BDF883
:10815000102000249FB28EB2AEE093422CBF164690
:108160001E4603982BBF9F1AD21A224627462CBFC1
:10817000BFB292B20E44FF28B6B25BD170E0481C89
:10818000294491F8041813900D9830F81190019932
:108190000A9809884FEA192C4FEA112E0EF0F80EB2
:1081A0001EFB00FE03980CF0F80C0CFB00EE4FEAEF
:1081B000D90C0CF0FC000791014607984FEAC90959
:1081C0004FEAD00C0A980CF0FC0C1CFB00FC039846
:1081D0005FFA89F901FB00CC07990A98C900C9B276
:1081E00011FB00F103981FFA8EFE09FB00111FFA24
:1081F0008CFC0EF1010909EB1E290CF1010E89B26C
:108200000EEB1C2E09F47F4901F1010C4FEA5E1EB2
:108210000CEB112C6FF30A090EF4FC6E019949EA7C
:108220000E0ECCF3C42C4CEA0E0C21F802CB0191BB
:10823000BDF84C10B142A2D114E000BFD09E052081
:10824000C89E052001F1010C294491F804180D98ED
:1082500030F81110019820F8021B01901FFA8CF1E0
:10826000B142EFD10F998B4226D3214B049A1B8840
:108270009B1A019A02EB43030193069B129A013366
:10828000934206930FD1BDF85030BDF85840E41A20
:10829000A4B2049B002C0CBF1A460022099B92B288
:1082A000013309930EE0BDF81020BDF85440A41A24
:1082B000A4B2002C18BF00220C9B01998B423FF600
:1082C000D9AE0CE0099B0B9911FA83F6119B01368C
:1082D000019903EB86060C9B8B423FF6A0AE054B43
:1082E000186803681B6B984719B0BDE8F08F00BF92
:1082F000C89E0520D09E05202DE9F04F93B09DF833
:1083000070B00D4614460290BBF1000F00F0DA8207
:10831000206861680EAA03C21868596803C20EA8D3
:10832000F8F730FD214610A8F8F770FDBDF93C20A4
:10833000B2F5806FDDBF4FF4806193B2B1FBF3F310
:108340000123039305F1080303990993BDF93E3016
:108350000B44013B93FBF1F30999013B9BB201EB09
:1083600083030A930399BDF9423093FBF1F084B281
:108370000694069D039CBDF8401005FB143616FBC1
:1083800002F60E44B6B23DB109986A1E50F822506A
:108390000A9A2DBA154400E00A9DBDF83820BDF9AF
:1083A00046701144BDF83A20ADF840101344ADF8C2
:1083B0004230BDF944300493B14B18680368DB6A5E
:1083C0009847B04BBDF942101A88BDF94030574369
:1083D00002FB013300EB430404EB47030C93BDF9AC
:1083E0003C30802296FBF3F308936FEA0B03DBB279
:1083F0000593029B0021043318460B930CF0BDFB40
:10840000A14B4FF000070093002307934DE215F8AE
:10841000012BD3B2920904D1029A02EB43039F8845
:108420002BE0012A2CD1C7F3040203F00301023A26
:108430000A4402F01F0262F30407C7F34510C3F3B6
:1084400081010238014401F03F0161F34A17C7F38B
:10845000C420C3F301130238034403F01F0301EBEC
:10846000810163F3CF2719FB031318FB0232029B30
:1084700002F03F0203EB42029780013EB6B239E0C0
:10848000022A03F03F032ED11CE096461EF8021B81
:1084900052780CF1010C41EA0221C1F3451000EBC6
:1084A00080004FEAD12A19FB0A0A01F01F0218FBCB
:1084B00002A2029802F03F0200EB420291800F46B6
:1084C000724602E02A464FF0000C9C45DDDB9E42DE
:1084D00006D29B1B0193012305EB460507930FE092
:1084E00005EB430504E09E4202D29B1B019307E08B
:1084F000F31A9EB2002E8AD1DDF810900196B1E0F9
:10850000019B002B40F3AC8004989842A8BF18460A
:10851000049B04EB400AA3EB0009019B1B1A019387
:10852000079B002B54D0BBF1FF0F40D14BE02E46F0
:1085300016F8022B6B78059842EA03222388110A69
:108540001D0A05F0F80515FB00F501F0F80101FB27
:108550000B55D90801F0FC0111FB00F14FEAD20CD8
:10856000DB000CF0FC0CDBB20CFB0B1113FB00F37B
:10857000D200ADB202F0F80202FB0B3389B26A1CE2
:1085800002EB15224D1C05EB1121354602F47F420A
:1085900049099BB201F4FC616FF30A020A43591CBA
:1085A00001EB1323C3F3C423134324F8023B5445C4
:1085B000BDD30AE02B4613F8022B69781D4642EA28
:1085C000012224F8022B5445F4D30023079349E0F9
:1085D000BBF1FF0FBAB240D04FEA122C4FEAD20ED5
:1085E000D2000CF0F80C0EF0FC0ED2B20CFB0BFC1F
:1085F0000EFB0BFE02FB0BF22AE023880598190AFA
:10860000DE0801F0F80101FB00C106F0FC0606FBE4
:1086100000E6DB00DBB203FB002389B2B6B201F156
:10862000010808EB1128711C9BB201EB162108F41C
:108630007F4849095E1C6FF30A0801F4FC6106EBF0
:10864000132648EA0101C6F3C4260E4324F8026B40
:108650005445D2D306E024F8022B5445FBD301E065
:10866000DDF810900026DBE015F8013B5FFA83F897
:108670009B090BD1029B03EB4808B8F8047033E068
:10868000D09E0520C89E052000B20420012B33D1C6
:10869000C7F3040208F00303023A1A4402F01F026F
:1086A00062F30407C7F34511C8F3810302390B4491
:1086B00003F03F0363F34A17C7F3C4210239C8F339
:1086C00001188844032108F01F0803EB830311FB02
:1086D0000831072313FB0213029A03F03F0368F3E8
:1086E000CF2702EB43039F80BBF1FF0F5CD124F83F
:1086F000027B09F1FF3993E0022B08F03F0855D1C6
:10870000C145CA46A8BFC246BBF1FF0F18D006EB51
:108710000A03402B14DD7300194600980193EAF711
:108720008DFA324600265B4620460099EAF7B0FAF9
:10873000019B009A1C44654B9A4208BF644B00930E
:1087400000214FF0030E27E0AC461CF8023B6A788C
:10875000514543EA0223C3F3451000EB80004FEA82
:10876000D3251EFB05054FF0070003F01F0210FB89
:108770000252029802F03F0200EB42021F46938031
:1087800008DABBF1FF0F17BF009A24F8023B22F86A
:1087900016300136654601314145D5DBA8EB0A03A9
:1087A000A9EB0A0901933BE04FF00108C145CA4615
:1087B000A8BFC246BBF1FF0FA8EB0A03A9EB0A0949
:1087C00001931FFA87F824D006EB0A03402B1BDD28
:1087D0007300194600980D93EAF730FA32465B466B
:1087E00020460099EAF754FA0D9B384A1C44009B36
:1087F0000026934206D1364B05E0009B23F81680F5
:10880000013602E0314B0093B244B245F5D15646F1
:1088100006E004EB4A0A01E024F8028BA245FBD8EB
:10882000B9F1000F3FF720AF002E0CDD4FEA4608EC
:1088300041460098EAF702FA20465B463246009924
:10884000EAF726FA4444234B049A1B889B1A04EB4C
:108850004304089B01330893089A039B93421BD15E
:10886000069B069A03F10108099BBDF8406053F886
:1088700022500A9B2DBA1D44BDF8383080220021B9
:108880000B98F61A0CF079F900234FF00007B6B2F6
:10889000CDF81880089306E0049BBDF83C60F61AFA
:1088A000019BF61AB6B2EAF7BFF90C9BA34204D9B2
:1088B0004FF003094FF007081CE6074B18680368E0
:1088C0001B6B984713B0BDE8F08F00BF00B20420C7
:1088D00000B10420C89E0520D09E05202DE9F04F50
:1088E0008FB01C469DF8643003920091189A029351
:1088F000002B00F04681206861680AAB03C3106852
:10890000516803C30AA8F8F73DFA21460CA8F8F706
:108910007DFABDF92C00BDF92E60B0F5806FDDBF8A
:108920004FF4806483B2B4FBF3F40124BDF9323018
:10893000264493FBF4F2013E97B296FBF4F607FB54
:10894000143414FB00F4BDF830100C44A4B237B159
:10895000039A009852F8272012BA10440090BDF8EC
:108960002820BDF934B01144BDF82A20ADF83010EC
:108970001344ADF83230844BBDF936701868B6B286
:108980000368B600DB6A9847804BBDF932101A883D
:10899000BDF93030574302FB013300EB430000EBDD
:1089A0004703002C059306F104030CBF5946002130
:1089B0000693002389B20193DAE083B9009B1A7809
:1089C000930902F03F0201925A1E022A93BF009AB5
:1089D000009B009A013284BF02325B78009274B12E
:1089E0009C4291BF1B1BE31A0A464FF0000897BF39
:1089F00000249CB21FFA83F81FFA8BF2B6E004221F
:108A000015468B422CBF0F461F46069E019A28BF73
:108A1000A3EB010815FB0262039E38BFA04656F87F
:108A200002C038BFCA1A4FEA1C6626BF22461FFA88
:108A300088F892B27F00002E00F08680FF2E4FEA69
:108A40001C2E17D1029DFF2D14D1514E4FEA5C19F7
:108A500009F4FC690EEA060649EA0606CCF3C40CE2
:108A600046EA0C06B6B2074401E020F8026B8742E2
:108A7000FBD16AE0029DCCF3074A6E4306F101097F
:108A8000C6F30F2616FA89F66FEA2629C6F30F26D3
:108A90001AFB06FA5FFA8EFE1EFB06FE5FFA8CFCDE
:108AA0001CFB06FC1FFA8AF507951FFA8EF5089540
:108AB0001FFA8CF50995C5195FFA89F904953FE00D
:108AC000B0F800E04FEA1E2C0CF0F80545EA5C1CFB
:108AD000079D4FEADE0A0CFB095C0AF0FC07089DC3
:108AE000CAF3811A4FEACE0E47EA0A0707FB095775
:108AF0005FFA8EF6099DCEF3421E46EA0E0606FB8D
:108B000009561FFA8CFCBFB20CF1010E0EEB1C2EA5
:108B100007F1010CB6B20CEB172C0EF47F4E4FEAA6
:108B20005C1C771C6FF30A0E0CF4FC6C07EB162729
:108B30004EEA0C0CC7F3C42747EA0C0720F8027B67
:108B4000049D8542BCD100E038448B420ED3BDF871
:108B50002C401FFA8BF2A41AA4B2002C18BF0022DA
:108B60000A4B1B88A3EB0B0300EB43004346114663
:108B7000059A82423FF621AF034B186803681B6BCE
:108B800098470FB0BDE8F08FD09E0520C89E052005
:108B900000F8FF002DE9F04F91B09DF86C80049231
:108BA0001C461A9A0191B8F1000F00F0318120683B
:108BB00061680CAB03C31068516803C30CA8F8F7D5
:108BC000E1F821460EA8F8F721F9BDF93400BDF906
:108BD0003660B0F5806FDDBF4FF4806483B2B4FBC4
:108BE000F3F40124BDF93A30264493FBF4F2013E3C
:108BF00097B296FBF4F607FB143414FB00F4BDF8AF
:108C000038100C44A4B237B1049A019852F82720C6
:108C100012BA10440190BDF83020BDF93CB01144A7
:108C2000BDF83220ADF838101344ADF83A307A4B25
:108C3000BDF93E701868B6B20368B600DB6A9847A3
:108C4000764BBDF93A101A88BDF93830574302FB0C
:108C5000013300EB430000EB47030693331D0793FA
:108C60006FEA0803002CDBB20CBF594600210293C7
:108C7000002389B20393C2E083B9019B1A78930958
:108C800002F03F0203925A1E022A93BF019A019BEF
:108C9000019A013284BF02325B78019274B19C4226
:108CA00091BF1B1BE31A0A464FF0000997BF00242F
:108CB0009CB21FFA83F91FFA8BF29EE0032215463D
:108CC000079E039A8B4215FB02672CBF0E461E4679
:108CD000049A28BFA3EB010902EB070C35BFCA1A9F
:108CE0002246A1461FFA89F938BF92B2B8F1FF0FA8
:108CF0004FEA460601D106446CE09CF802E09CF87D
:108D000001C00EFB08F508950CFB08F50995049DBC
:108D1000EF5D07FB08F50A958519059544E0B0F865
:108D200000E04FEA1E2C4FEADE0A4FEACE0E5FFA51
:108D30008EF60CF0F8050B9645EA5C1C029E089D29
:108D40000AF0FC070CFB065CCAF3811A099D47EA8E
:108D50000A0707FB06570B9DCEF3421E1FFA87FA40
:108D600045EA0E06029F0A9D1FFA8CFC06FB075679
:108D70000CF1010E0EEB1C2E0AF1010CB6B20CEB3D
:108D80001A2C0EF47F4E4FEA5C1C771C6FF30A0E10
:108D90000CF4FC6C07EB16274EEA0C0CC7F3C42747
:108DA00047EA0C0720F8027B059D8542B7D113E006
:108DB0009CF801709CF802E0194DFF0005EA0E2EA8
:108DC00007F4FC674EEA07079CF800E047EADE0775
:108DD00020F8027B8642EBD18B420ED3BDF83440A3
:108DE0001FFA8BF2A41AA4B2002C18BF00220B4B5E
:108DF0001B88A3EB0B0300EB43004B461146069A7E
:108E000082423FF639AF044B186803681B6B9847E2
:108E100011B0BDE8F08F00BFD09E0520C89E052090
:108E200000F8FFFF2DE9F04F9DB01C469DF89C30E7
:108E3000CDE90E128046269A0993002B00F0CF81CF
:108E40002068616818AB03C31068516803C318A891
:108E5000F7F798FF21461AA8F7F7D8FFBDF9642065
:108E6000BDF96650B2F5806FDDBF4FF4806193B2FB
:108E7000B1FBF3FB4FF0010BBDF96A30BDF8681090
:108E800093FBFBF080B200FB1B3414FB02F4BDF833
:108E900060200C441144BDF862200A901344ADF8E0
:108EA0006A30BDF96C30ADF868100393A74B5D4490
:108EB0001868013D036895FBFBF5DB6ABDF96E6040
:108EC0009847A34BBDF96A101A88BDF9683056431C
:108ED00002FB01330135ADB200EB430A0AEB460356
:108EE000AD000B932B1DA4B21093039B002C0CBF61
:108EF0001A460022002392B250E1BDF86430417856
:108F0000B4FBF3F3ABEB03039BB2119383784FF005
:108F1000010E1B0243EA0143C17800780B430E990E
:108F20000C90194401300490481C019049780E9827
:108F30000902C35C01F48071194388F804380023E6
:108F400008F604000791059319460D927346CDF873
:108F500008E017905FE0009B002B54D1019B029921
:108F60005B78C1F107018B40019902980978DBB267
:108F7000014141EA4301029B88B20133DBB2082B75
:108F80000293019B03BF02330193009B013314BF83
:108F9000019302930C9B834202D30123C9B21CE0CC
:108FA000049B984209D398F8041808EB0E0383F841
:108FB00004180EF101039BB215E008EB81014B7917
:108FC00001465D1E06E008EB81010F79179E77557B
:108FD000C988013D002DF6DCC9B288F8041804994F
:108FE000B1F5007F13D2049998F8045808EB810179
:108FF0000D71079DCD800EF101054D710499013170
:1090000089B2049103E0009B0798009100E09E461E
:1090100000990D9207907CB1A34204D2E31A9CB24E
:1090200000230093C5E01B1B21449BB20024BDF824
:109030000C20009389B2BCE0934205D39E1AB0B2D3
:1090400000901046224685E0D21A184692B200944B
:1090500080E0481C80B212900420054641441098DC
:1090600091F8041815FB01010F9841580D0E68D0B6
:10907000FF2D4FEA11200CD1099EFF2E09D14D0979
:1090800005F4FC656FF30A002843C1F3C4010843EB
:1090900055E0BAF80070C0B24FEA172909F0F80697
:1090A0004FEAD70C1396FF000CF0FC061496FEB2A4
:1090B0001596099ECCF3811C75436E1CC5F30F25D4
:1090C00015FA86F5C5F30F266FEA25250696139E39
:1090D000EDB246EA59161396069EC1F3074919FBED
:1090E00006F9139EC7F3421706FB0599149EC9B2F1
:1090F00046EA0C0C069E1FFA89F910FB06F0159E35
:109100000CFB05003743069E80B211FB06F107FBFE
:109110000511451C09F1010789B205EB102507EB84
:10912000192707F47F476D09481C6FF30A0705F4F8
:10913000FC6500EB11203D43C0F3C4202843AAF88E
:10914000000012990AF1020A07E000BFD09E052034
:10915000C89E0520084480B21690169881427FF47C
:1091600078AF0D98834224D31E4B039A1B889B1A19
:109170000AEB430A059B119A0133934205930FD1E1
:10918000BDF86030BDF86840E41AA4B2039B002C1F
:109190000CBF1A460022089B92B2013308930DE0DF
:1091A000BDF80C20BDF86440A41AA4B2002C18BF6E
:1091B00000220B9B53453FF6CEAE0BE0089B0A996D
:1091C00011FA83F00F9B013003EB80000B9B53459A
:1091D0003FF693AE044B186803681B6B98471DB0AD
:1091E000BDE8F08FC89E0520D09E05202DE9F04FE8
:1091F0009BB01C469DF89430CDE910120546249A88
:109200000393002B00F0D5812068616816AB03C37F
:109210001068516803C316A8F7F7B4FD214618A8D3
:10922000F7F7F4FDBDF95C20BDF95E60B2F5806F23
:10923000DDBF4FF4806193B2B1FBF3FB4FF0010B44
:10924000BDF96230BDF8601093FBFBF080B200FB0B
:109250001B3414FB02F4BDF858200C441144BDF833
:109260005A200B901344ADF86230BDF96430ADF86C
:10927000601004939E4BBDF9667018685E440368E5
:10928000013EDB6A984796FBFBF69A4BBDF96210EC
:109290001A88BDF96030574302FB013300EB430AE3
:1092A0000AEB470301360C93119BB6B203EB86061B
:1092B000331D0793039BA4B2DB43DBB20893049BEB
:1092C000002C0CBF1A460022002392B250E1BDF8D8
:1092D0005C304178B4FBF3F3ABEB03039BB2129326
:1092E00083784FF001091B0243EA0143C1780078FB
:1092F0000B4310990D90194401300590481C0090C3
:10930000497810980902C35C01F48071194385F80B
:109310000438002309911E4606930F924B46CDF860
:1093200004905FE0002855D1009B01995B78C1F162
:1093300007018B400099019E0978DBB2314141EA77
:109340004301019B8EB20133DBB2082B0193009BDA
:1093500013BF01330233CDE9003000930D9BB342BC
:1093600002D30123C9B21FE0059B9E4209D395F8A1
:10937000041805EB090383F8041809F101039BB2F3
:1093800018E005EB81014B7905F6040C31465F1EB0
:1093900007E005EB810191F804E00CF807E0C988CB
:1093A000013F002FF5DCC9B285F804180599B1F525
:1093B000007F13D2059995F8047805EB81010F71B0
:1093C000099FCF8009F101074F710599013189B2D9
:1093D000059103E00346099E029800E0994609962C
:1093E00006460F927CB1A34204D2E31A00209CB23D
:1093F0000296C8E01B1B264498B2B3B20024BDF805
:1094000010200293BFE093422CBF11461946039FE0
:109410002CBF981AD21A31442BBF2246204680B264
:1094200092B289B2FF2F02915DD181E0771C2E4468
:1094300096F804E8079E0EEB4E0E76440E96BAF8A8
:10944000006015974FEAD60C370A0CF0FC01F600C5
:109450001391F1B214910E9907F0F80848EA5718E1
:109460008F780399CCF3811C17FB01F70899C6F399
:10947000421608FB01771399BFB241EA0C0C0E9912
:1094800091F80180039918FB01F808990CFB0188F9
:1094900014991FFA88F80E43079911F80EC0039922
:1094A0001CFB01FC089906FB01C607F1010C0CEB43
:1094B000172C08F1010707EB18270CF47F4C7F09E4
:1094C000B6B26FF30A0C07F4FC674CEA070706F123
:1094D000010C0CEB162CCCF3C42C4CEA070CBDF899
:1094E00054602AF802CB02998E429FD123E000BF3C
:1094F000D09E0520C89E052006F1010E2E4496F848
:109500000478079907EB4707CE1996F802C02A4955
:10951000767801EA0C2C0799F600CF5D06F4FC661C
:109520004CEA060646EAD7062AF8026B1FFA8EF6C0
:1095300002998E42E0D10F998B4224D31F4B049A9B
:109540001B889B1A0AEB430A069B129A013393422B
:1095500006930FD1BDF85830BDF86040E41AA4B2AC
:10956000049B002C0CBF1A4600220A9B92B20133C6
:109570000A930DE0BDF81020BDF85C40A41AA4B217
:10958000002C18BF00220C9B53453FF6CBAE0BE0DE
:10959000DDE90A3111FA83F0119B013003EB800001
:1095A0000C9B53453FF693AE054B186803681B6B45
:1095B00098471BB0BDE8F08F00F8FFFFC89E05205C
:1095C000D09E0520002804DD0029CCBF002001200A
:1095D00070470120704700002DE9F74F9DF8344097
:1095E0000F460C9D002C00F0B580B3F90460B3F970
:1095F00006103046FFF7E6FF002840F0AB80B3F9D5
:1096000002C0B3F90030514302FB0C33FF2C07EBCF
:1096100043033046A2EB060703EB41014FEA152C4A
:1096200052D0C5F307426243C4F1FF0E5FFA8CFCCF
:10963000EDB20CFB04FC4FEA460A6C437F0000923B
:109640001FFA8EFE3DE003EB0A0B37E01E884FEA5F
:10965000162909F0F80040EA59104FEAD60810FB25
:109660000EF0F600F2B208F0FC050192C8F3811882
:10967000009A45EA0805104415FB0EC5019AC6F389
:109680004216324380B212FB0EF2ADB2461C06EB1C
:1096900010206E1C06EB1525224400F47F406D0956
:1096A00092B205F4FC656FF30A002843551C05EBE4
:1096B0001222C2F3C422024323F8022B5B45C5D316
:1096C0003B448B42BFD345E0DFF890E06C0904F4E3
:1096D000FC640CEA0E0EC5F3C40544EA0E042C43E8
:1096E000D507A4B20CD576007F0006E09A1901E0F8
:1096F00023F8024B9342FBD33B448B42F6D329E041
:109700009F0708D01846550001E00480284488428D
:10971000FBD30233701EC5070BD500F10045013D98
:1097200003EB4505560001E02C8035448D42FBD308
:10973000013878B1401004EB04448000520007E087
:109740001D461E1801E045F8044BB542FBD31344F7
:109750008B42F5D303B0BDE8F08F00BF00F8FF00E7
:10976000F0B506460D4617461C4687B0002B3ED086
:10977000B1F90610B5F90400FFF724FF002836D12F
:109780002868696804AB1B4D03C304A8F7F7FAFA0D
:1097900028680368DB6B9847FF2C02D010F0080F95
:1097A00001E010F0020F2868036810D00022CDE914
:1097B0000242BDF8162039460192BDF814200092ED
:1097C0005C6EBDF81020BDF81230A0470FE0DB6AD8
:1097D00098473368CDE90074074A01469C6A3046D1
:1097E00004AB1288A047286803681B6B984707B032
:1097F000F0BD00BFD09E0520C89E05202DE9F04F8A
:10980000154691B0B3F900B0B3F902A0BDF96C9060
:10981000BDF9708004460E460AA81946ADF828B076
:10982000ADF82AA0ADF82C90ADF82E80F0F764FECC
:1098300029460AA8F0F760FE6E4B1F88B3F9005066
:109840006D4B1888B3F90010BDF92830002B07DAEA
:10985000BDF82C201344ADF82C300023ADF828308F
:10986000BDF92820BDF92CC0AB1A9C45C4BFBB1A5A
:10987000ADF82C30BDF92A30002B07DABDF82E5098
:109880002B44ADF82E300023ADF82A30BDF92A3034
:10989000BDF92E50C91A8D42C4BFC11AADF82E10A1
:1098A0005649097819B9BDF92C50BD4202E0BDF9FD
:1098B0002E508542BDF92C70BDF92E10384614BFCC
:1098C000002501250391FFF77DFE20B100232380B1
:1098D0006380A38089E0A3EB0A031BB20593059B79
:1098E000A2EB0B02ADF83230039B12B20EA90E9020
:1098F0000DF1280A0CA80492ADF83020ADF83630EE
:10990000ADF83C90ADF83E80ADF83470F7F77EFAD4
:109910005046F7F737FA0EA8F7F734FA384B3046C7
:109920001B88BDF93C9006933368364E5B6B9847B5
:10993000BDF93020BDF832301A9919FB0323804657
:10994000306801EB430B03685B6B9847BDF9283027
:1099500007903068BDF92A20089303680992DB6BF1
:10996000984710F0010F099A0AD03068BDF93420E9
:10997000036800921D6F9AE806005B46A8472EE038
:1099800008FB02F2089B02EB4302079B13441A46B2
:10999000BDF9363055B10699894507D13068594629
:1099A000056808FB03F3AE6BB04718E009FB03F34F
:1099B0004FEA49060BEB4305DFF848900DE0D9F874
:1099C0000000BDF9343001680692D1F838A05B0080
:1099D0005946D047069AB3444244AB45EFD3049B63
:1099E000A7802380059B6380039B2046E38011B002
:1099F000BDE8F08FCC9E0520CA9E0520C29E0520A2
:109A0000C89E0520D09E052000221249C0E90122EF
:109A1000C0E90322C0E90522C0E90722C0E9092202
:109A2000C0E90B22C0E90D22C0E90F22C0E91122D2
:109A3000C0E91322C0E91522C0E91722C0E91922A2
:109A4000C0E91B22C0E91D220160C0E91F22C0E954
:109A500021227047307802082DE9F04F0C46054668
:109A6000994691B0086849680CAB03C31068516807
:109A700003C30CA8F7F786F921460EA8F7F7C6F935
:109A8000BDF93820BDF93A30BDF83410694C11FBEE
:109A9000032105EB8105BDF8301020680A44ADF8BC
:109AA0003820BDF83220BDF93C801344ADF83A307F
:109AB0000368BDF93E60DB6B9847B9F1FF0F02D137
:109AC00010F0200F01E010F0400F2068036812D062
:109AD0000022CDE90392BDF83420B6B202921FFAFB
:109AE00088F2009201965C6D2946BDF83A30BDF8C7
:109AF0003820A0479BE0DB6A9847DFF83CA1BDF91E
:109B00003A10BAF80020BDF93830564302FB013351
:109B100000EB430404EB460308934FEA4803DFF8E5
:109B20001CB107937BE0079B0695E318099366E059
:109B3000069B53F8042B0693130E5FD0FF2B4FEABE
:109B400012250DD1B9F1FF0F0AD1530903F4FC63BB
:109B500005EA0B051D43C2F3C4022A4322804DE0EF
:109B600009FB03F35E1CC3F30F2313FA86F6C6F357
:109B70000F206FEA26262788EDB24FEA172CFB0844
:109B80000CF0F80ECCF3421C03F0FC01FF004EEA8F
:109B90000C0EC2F3074C1CFB00FC15FB00F50B91EF
:109BA000F9B20A910B99C3F38113F6B20B43D2B207
:109BB00003FB065512FB00F20EFB06CC0A9BC7F313
:109BC00042171F431FFA8CFCADB207FB06220CF1B3
:109BD0000103681C03EB1C2300EB152003F47F43F7
:109BE000400992B203EA0B0300F4FC601843531CD3
:109BF00003EB1223C3F3C423034323800234099BE2
:109C00009C4295D3BAF80030BDF93450A3EB080359
:109C100004EB4304069BA5EB080503EB8505089BB5
:109C20009C4280D3034B186803681B6B984711B0A4
:109C3000BDE8F08FD09E0520C89E052000F8FFFFEC
:109C40002DE9F043154685B06A460C4628686968D8
:109C5000304E03C2186859682F4F03C26846F7F7A1
:109C600091F8294602A8F7F7D1F8BDF90820BDF907
:109C70000A30BDF80410306811FB032104EB8104A5
:109C8000BDF80010BDF90C500A44ADF80820BDF82D
:109C90000220BDF90E801344ADF80A300368DB6A78
:109CA00098473B88BDF90A10BDF90820DFF86CE041
:109CB00003FB012208FB03F300EB420000EB43012E
:109CC0004FEA450C1CE000EB0C080EE054F8042BA6
:109CD0004FEA52190EEA122309F4FC6943EA090318
:109CE000C2F3C402134320F8023B4045EED33B8845
:109CF0005B1B00EB4300BDF904305B1B04EB8304EA
:109D00008842E0D3306803681B6B984705B0BDE814
:109D1000F08300BFD09E0520C89E052000F8FFFFFD
:109D20002DE9F04F0C4607461D4691B0086849687A
:109D30000CAB03C310685168DFF8CC8103C30CA8D7
:109D4000F7F720F821460EA8F7F760F8BDF93810AC
:109D5000BDF93A20BDF83430D8F8000013FB0213E7
:109D600003EB43031F44BDF83030BDF93C401944B8
:109D7000BDF83230ADF838101A44ADF83A20036817
:109D8000BDF93E60DB6B9847FF2DDFF8809102D173
:109D900010F0010F01E010F0040FD8F8000019D006
:109DA000002301210268CDE907330691B9F80010BC
:109DB000B6B2CDE90431BDF83430A4B202930395B4
:109DC00001960094546C3946BDF83A30BDF83820FD
:109DD000A04793E00368DB6A9847B9F80030BDF903
:109DE0003A10BDF938205E4303FB012200EB42002C
:109DF00000EB460ABDF934601B1B361B5B00FF2DD0
:109E000006EB46064FEA44040A9304D06FEA050CB9
:109E10005FFA8CFC6FE03B4D1AE000EB040C10E0A5
:109E200077461EF8022C1EF8011CD20005EA01211B
:109E300002F4FC620A431EF8031C42EAD10220F835
:109E4000022B604507F1030EEAD30A9B37441844FE
:109E50005045E2D3D8F8000003681B6B98474DE0EB
:109E600002190B923FE00288110A01F0F80949EA51
:109E700051191EF8011CD70811FB05F109FB0C1143
:109E80001EF8029C07F0FC0B19FB05F9C7F38117BC
:109E90004BEA070707FB0C991EF8037CD20017FB5F
:109EA00005F7D3B2C2F3421289B21A4302FB0C7710
:109EB0001FFA89F94A1C02EB112109F1010202EB98
:109EC000192201F47F415209BFB26FF30A0102F473
:109ED000FC620A43791C01EB17217746C1F3C421C8
:109EE0000A4320F8022B0B9B07F1030E9842BAD3CA
:109EF0000A9B374418445045B2D3ABE711B0BDE8D4
:109F0000F08F00BF00F8FFFFD09E0520C89E0520FF
:109F1000F0B41546012D1C460E46049A9DF81430E7
:109F20009DF818C010D0022D09D095B90568CDE96B
:109F3000043C2D691346AC462246F0BC60472146DE
:109F40003046F0BCFFF788BD21463046F0BCFFF735
:109F5000E7BEF0BC704700002DE9F04F1446804684
:109F600095B020688946616810AA03C218685968CC
:109F70009DF878A003C210A8F6F704FF214612A8A6
:109F8000F6F744FFBDF94820BDF94A30BDF844104A
:109F9000664D11FB03218844BDF8401028680A442F
:109FA000ADF84820BDF84220BDF94C401344ADF84F
:109FB0004A300368BDF94E60DB6B984710F0800FA4
:109FC0005B4F28681BD000230268CDE908330B23C0
:109FD00007933B88B6B206930123CDE904A3BDF8ED
:109FE0004430A4B20393BDF84A3002960093019422
:109FF000146C41464A46BDF84830A04792E00368D9
:10A00000DB6A98473B88BDF94A10BDF948205E439A
:10A0100003FB012200EB420505EB46020C92BDF961
:10A0200044201B1B121B0D925B006200DFF804C171
:10A030000A920B936EE00A9BEB180E9363E018F8FC
:10A04000013B013359F823301C0E5BD0FF2C4FEA43
:10A0500013260CD1BAF1FF0F09D15A0902F4FC62A0
:10A0600006EA0C061643C3F3C403334349E02F88C2
:10A070000AFB04F44FEA172EF808FF00FAB20F9219
:10A08000621CC4F30F2414FA82F4C4F30F226FEAA3
:10A0900024240EF0F80141EA5E11C3F3074E1EFBC3
:10A0A00002FEF6B216FB02F6DBB2E4B213FB02F3D9
:10A0B00001FB04EE00F0FC0B0F99C0F381104BEA9A
:10A0C0000000C7F342170F4300FB046607FB04338D
:10A0D0001FFA8EFEB6B299B20EF10102731C02EBAA
:10A0E0001E2203EB162302F47F425B0903F4FC6398
:10A0F00002EA0C021A434B1C03EB1123C3F3C423E3
:10A1000013432B8002350E9B9D4298D30B9B1D441D
:10A110000D9B98440C9B9D428DD3044B186803689B
:10A120001B6B984715B0BDE8F08F00BFD09E05208F
:10A13000C89E052000F8FFFF2DE9F04F87B09DF87D
:10A14000408004460E461546B8F1000F00F0B68078
:10A150002868696802AA03C21868596803C202A87D
:10A16000F6F710FE294604A8F6F750FEBDF91020B8
:10A17000BDF91230BDF80C10BDF9149011FB03218C
:10A180000C44BDF80810BDF916500A44ADF8102073
:10A19000BDF80A204FEA490A1344ADF81230494B82
:10A1A00018680368DB6A9847DFF81CC1BDF91230F4
:10A1B000BCF80070BDF91020B8F1FF0F07FB0322B7
:10A1C00006F1040100EB420307FB05F25AD0C8F187
:10A1D000FF0603EB42020192B6B24AE003EB0A0B20
:10A1E0003AE014F8012B31F812701A88380A150A6F
:10A1F00005F0F80515FB06F500F0F80000FB085522
:10A20000D00800F0FC0010FB06F0D200D2B24FEAFA
:10A21000D70E12FB06F20EF0FC0E0EFB0800FF003C
:10A22000FFB207FB0822ADB280B26F1C07EB152707
:10A23000451C92B205EB102507F47F476D09501CB1
:10A240006FF30A0705F4FC6500EB12223D43C2F3ED
:10A25000C4222A4323F8022B9B45C2D8BCF8002015
:10A26000A2EB090203EB4203BDF90C20A2EB0902A9
:10A270001444019A9A42B1D8124B186803681B6BB8
:10A2800098471BE003EB420215E003EB0A0005E0F0
:10A2900014F8015B31F8155023F8025B9842F7D8A7
:10A2A000BCF80000A0EB090003EB4003BDF90C0073
:10A2B000A0EB090004449A42E7D8DDE707B0BDE807
:10A2C000F08F00BFD09E0520C89E05202DE9F04FDD
:10A2D00095B09DF8788004460F461546B8F1000FFA
:10A2E00000F002812868696810AA03C218685968DA
:10A2F000DFF8FCA103C210A8F6F744FD294612A816
:10A30000F6F784FDBDF94820BDF94A30BDF8441088
:10A31000DAF8000011FB03210C44BDF84010BDF930
:10A320004C500A44ADF84820BDF84220BDF94E60BB
:10A330001344ADF84A300368DFF8B891DB6B9847F7
:10A3400010F0800FDAF800001CD000230268CDE97D
:10A3500008330B230793B9F80030B6B206930123F4
:10A36000CDE90483BDF84430ADB20393BDF84A3063
:10A37000029600930195156C21463A46BDF8483087
:10A38000A847B1E003684FEA450BDB6A9847B9F884
:10A390000020BDF94A30BDF94810B8F1FF0F02FBAB
:10A3A000031106FB02F200EB41036BD06FEA0801D8
:10A3B00003EB42025FFA81FA0C925AE003EB0B02C4
:10A3C0000D924AE00420032214F8011B12FB010243
:10A3D000188807EB020E060A06F0F80C4CEA561C29
:10A3E0009EF802600B9216FB08F6C2080CFB0A6688
:10A3F0009EF801C002F0FC01C0000F911CFB08FC9C
:10A40000C1B20E910F99C2F381120A4302FB0ACC2A
:10A410000E9AC0F3421010430B9AB6B2BA5C1FFA00
:10A420008CFC12FB08F200FB0A200CF10101721CEB
:10A4300001EB1C2102EB1622490902F47F4280B293
:10A4400001F4FC616FF30A020A43411C01EB102185
:10A45000C1F3C421114323F8021B0D9A9342B1D3D7
:10A46000B9F80020521B03EB4203BDF94420521BF4
:10A4700014440C9A9342A1D31D4B186803681B6BBC
:10A48000984731E003200426DFF86CC003EB42025A
:10A4900027E003EB0B0E18E091F80080013410FB6D
:10A4A000086807EB080A9AF802109AF801A017F852
:10A4B00008804FEACA0A0CEA01210AF4FC6A41EA60
:10A4C0000A0141EAD80123F8021B73452146E3D370
:10A4D000B9F80010491B03EB4103BDF94410491BB7
:10A4E0000C449342D5D3C7E715B0BDE8F08F00BF49
:10A4F000D09E0520C89E052000F8FFFFF0B40C4652
:10A5000011460F781A46012F049B9DF814504E787F
:10A5100034D0022F01D0CFB14DE0032E4BD8DFE86D
:10A5200006F00207090C20460495F0BCFFF704BEB4
:10A53000C06F04E0D0F8800001E0D0F8840000286B
:10A5400039D00668CDE90435B5682EE0032E32D83F
:10A55000DFE806F00207090C20460495F0BCFFF77F
:10A56000FBBCC06F04E0D0F8800001E0D0F88400AC
:10A5700008B30668CDE90435F56816E0032E1AD84D
:10A58000DFE806F00207090C20460495F0BCFFF74F
:10A590009DBEC06F04E0D0F8800001E0D0F88400D8
:10A5A00048B10668CDE9043535691346AC460A461C
:10A5B0002146F0BC6047F0BC704700002DE9F04F29
:10A5C000164687B004460D463068716802AA03C279
:10A5D000186859689DF8409003C202A8F6F7D2FBAC
:10A5E000314604A8F6F712FCBDF91020BDF912306F
:10A5F000BDF80C60BDF8081016FB03260A44ADF840
:10A600001020BDF80A20BDF914801344ADF81230B3
:10A61000734BBDF91670186804EB460403683544A3
:10A62000DB6A98476F4BBDF910201E88BDF91230C8
:10A63000B9F1FF0F06FB032200EB42034FEA480289
:10A6400007FB06F6019269D003EB460B5CE0019A2A
:10A65000294603EB020A48E011F8012B002A42D0F8
:10A6600009FB02F2501C80B200EB122000123AD01B
:10A670006FEA000C1A885FFA8CFC160A06F0F806DE
:10A68000278816FB0CF63D0A05F0F80505FB006669
:10A69000D50805F0FC05D20015FB0CF5D2B212FB73
:10A6A0000CF24FEAD70E0EF0FC0EFF000EFB005529
:10A6B000FFB207FB0022B6B2ADB297B2701C6A1CA3
:10A6C00000EB162002EB152200F47F40520902F441
:10A6D000FC626FF30A0010437A1C02EB1722C2F3EC
:10A6E000C42202431A80023302345345B4D33D4A94
:10A6F000BDF90C501288A5EB0805A2EB080204EB8B
:10A70000450403EB42030D445B45A0D3344B18686A
:10A7100003681B6B984707B0BDE8F08FDFF8C8A04F
:10A7200003EB460658E0019AAE4603EB020B44E009
:10A730001EF8011B00293ED0FF29278801D11F8068
:10A7400039E06FEA010C1A885FFA8CFC150A05F0F3
:10A75000F80515FB0CF5380A00F0F80000FB015570
:10A76000D00800F0FC0010FB0CF04FEAD709D20033
:10A7700009F0FC09D2B209FB010012FB0CF2FF0048
:10A78000ADB2FFB207FB012280B2691C01EB1521BB
:10A79000451C05EB102001F47F41400992B200F402
:10A7A000FC6001EA0A010143501C00EB1222C2F3D3
:10A7B000C42211431980023302345B45B8D3094ADD
:10A7C000BDF90C501288A5EB0805A2EB080204EBBA
:10A7D000450403EB42037544B342A4D396E700BF9C
:10A7E000D09E0520C89E052000F8FFFF2DE9F04F00
:10A7F0008BB09DF854600746884692469946149C53
:10A80000002E00F0A1810846F9F7AEFD054640464E
:10A81000F9F7DEFDADF816004046ADF81290ADF840
:10A820001450ADF810A0F9F791FE05464046F9F72F
:10A83000BDFE81464046F9F70FFF102800F28481E3
:10A84000DFE810F0C600B60011008201820182012B
:10A8500082018201820182018201BD0082018201A6
:10A86000780182017101BA4B18680368DB6B984765
:10A87000FF2E26D1830600D523E04046F9F72EFEB1
:10A8800030B923462946384604AAFFF7D9F95BE1D7
:10A890000DF1200941464846F9F7CEFD99E803003D
:10A8A00006AB83E8030018462146EFF725FEBDF905
:10A8B0001C30BDF91EA0184651460393FEF782FED8
:10A8C00010B1334622466EE0BDF91AB0B4F9023039
:10A8D000BDF81A809B4513DDB4F90010B4F90420CB
:10A8E000ADF82230A8EB0303ADF82010ADF824201A
:10A8F000ADF826304A463346284604A9FFF7ACF89F
:10A90000BDF91820B4F90030BDF818609A420EDD88
:10A91000ADF82030F31AADF824304A46FF2328461C
:10A9200004A9ADF822B0ADF826A0FFF795F82946A6
:10A9300006AB04AA3846FFF783F9A2880399238857
:10A940000E4413449AB2B1B21BB236B2B3420EDD1A
:10A95000531AADF824304A46FF23284604A9ADF81F
:10A960002060ADF822B0ADF826A0FFF775F8E288B8
:10A970006388D04413449AB21FFA88F11BB20FFACD
:10A9800088F8434540F3E080B4F90430B4F900009E
:10A99000ADF82430531AADF826304A46FF23ADF8FF
:10A9A0002000ADF82280284604A9FFF755F8CBE037
:10A9B00033462246284604A9FFF7B2F9C4E04A46C6
:10A9C00029463846CDE9004604ABFFF797FDBBE0CA
:10A9D0004046F9F783FD48B93B68CDE90060294658
:10A9E0001E693846234604AAB047ADE00DF1200A9F
:10A9F000414650460DF11808F9F71EFD9AE803008C
:10AA000088E8030021464046EFF776FDBDF91E10A9
:10AA1000BDF91C00FEF7D6FD10B1234600967CE080
:10AA20003B68CDE9006004AAD3F810B0294643463C
:10AA30003846D847BDF91A30B4F90220934213DDE5
:10AA4000B4F90000B4F904109B1AADF82000ADF879
:10AA50002220ADF82410ADF826304946534628464A
:10AA6000009604AAFFF7AAFDBDF91830B4F900203A
:10AA7000934213DDBDF91A00BDF91E109B1AADF803
:10AA80002020ADF82200ADF82430ADF82610534652
:10AA900049462846009604AAFFF790FDA38822881D
:10AAA000BDF81C001A44BDF8183091B2034498B2A6
:10AAB00012B21BB29A4213DDBDF91E20BDF91A7005
:10AAC000ADF820300B1AADF82430ADF826205346EF
:10AAD00049462846009604AAADF82270FFF76EFD9D
:10AAE000E3886288BDF81E001A44BDF81A3091B29E
:10AAF000034498B212B21BB29A4225DDADF822305F
:10AB00000B1AADF826305346B4F90070B4F904209E
:10AB1000ADF82070ADF8242000964946284604AAD6
:10AB2000FFF74CFD10E0D7F8880068B10368009685
:10AB3000DE6805E0D7F8880030B1036800969E68AB
:10AB40002346294604AAB0470BB0BDE8F08F00BFEA
:10AB5000D09E052080B1032921D8DFE801F0021E34
:10AB6000081B104B1888C0F30E00404270470D4B75
:10AB70001888C0F30E007047032910D801A353F8BA
:10AB800021F000BF9BAB01086FAB010895AB01083A
:10AB900063AB01084FF0FF30704701207047002081
:10ABA000704700BFC89E052080B1032921D8DFE887
:10ABB00001F01B021D07104B1888C0F30E007047F0
:10ABC0000D4B1888C0F30E0040427047032910D87F
:10ABD00001A353F821F000BFB7AB0108EDAB0108AA
:10ABE000C1AB0108E9AB0108012070474FF0FF300D
:10ABF00070470020704700BFC89E05202DE9F04F28
:10AC00009BB09DF8AC000D9110909DF8B40016A972
:10AC100008909DF8B80081E80C00DDE92821099032
:10AC2000B2F900C09DF8BC00B2F904B0B2F902E07C
:10AC3000B2F906604A7B8F790A905001BDF99430D1
:10AC400000F4807007430B93BDF99050BDF8983025
:10AC5000BDF89C90DDF8B080CC7900F00F82120135
:10AC600002F4807222430C9200F0088291F90920CC
:10AC700092B243B1991A8CB2090407D5EB1A134466
:10AC800000241DB202E01C462A4415B265451FFA95
:10AC90008CFABEBF5444641B6546764433B20F93AE
:10ACA0000C9B29460E93A94BDA4416A893F800B0E2
:10ACB000DDE90A32B8BFA4B2F5F7D1FEDDE90A3208
:10ACC0002946ADF8640016A8F5F7E7FE0DF1660118
:10ACD000ADF8660019A8F6F713F80A9B0FFA8AFA7E
:10ACE0001BB9BBF1010F08D19EE00A9B012B40F07C
:10ACF0009B80BBF1010F40F097800F9B0B9A9E1A2F
:10AD00000C9BA3EB09039E42A8BF1E46002E40F3F6
:10AD1000B5818F4A10680368DB6B984710F4807127
:10AD20008B4A08D0089B042B04D1109B191E18BF16
:10AD3000012100E00021830540F19C8100294DD0D4
:10AD4000791C21F0010C1FFA8CFCD4B97B195345F6
:10AD500017DC10684FF4807203680592099AB6B246
:10AD6000CDE90382CDE900C62A9D49080694CDF8B5
:10AD700008C09C6D09FB0151BDF86630BDF8642028
:10AD800050E0281BAAEB0000B842D4BFC4EB00037C
:10AD9000C4EB0703002B00F07181E00744D413F0EB
:10ADA000010E41D16408490809FB01414FF4807448
:10ADB00010689BB202680594099C2A9DCDE9038422
:10ADC000B6B20093CDF818E0CDF808C00196946DA6
:10ADD000BDF86630BDF86420294423E02B1BAAEBA4
:10ADE00003030898BB42A8BF3B4608281CD19C42DD
:10ADF00000F04481106807FB0949026806914FF48E
:10AE00000071059109991B1BCDE903819BB2B6B274
:10AE100000932A9902970196946DBDF86630BDF8AB
:10AE200064204944A04729E1109B0BB9BAB20AE05B
:10AE30000823089AB3FBF2F35A1E3A44B2FBF3F22A
:10AE400012FB03F292B254EA09060DD009FB024349
:10AE500008994B432A9903F0070601EBD3032A9381
:10AE60000C9BA3EB09030E930BF1FF33D3F1000B03
:10AE70004BEB030B0A995846FFF76CFE8146584688
:10AE8000FFF792FE0F9B01460B98A3EB000B0E9B66
:10AE90009B45A8BF9B46BBF1000F40F3EF802D1BE5
:10AEA000AAEB0505BD42D4BFC4EB0504C4EB0704FF
:10AEB000002C40F3E380089B121B53430C930D9B23
:10AEC0003BB9234B0A9118680368DB6A98470A99D3
:10AED00000E00D980123089A04FB19119340013BEF
:10AEE000DBB20B93FF230B9A0BF1FF3BB3FBF2F3A7
:10AEF0000F93184BBDF966201D88BDF9643005FB22
:10AF0000023300EB430AC8F307431393C8F3072344
:10AF100012935FFA88F311930F4B4FEA581202F421
:10AF2000FC6203EA18231343C8F3C40843EA080386
:10AF30009BB24FEA490210930A922A9B62431B7804
:10AF400002EB41023341DBB2159287E0C29E05203D
:10AF5000D09E0520C89E052000F8FFFF0B9A12EA3C
:10AF6000030155D00F9A5143FE2902DD099AFF2AA9
:10AF70004BD0099A12FB01F189B24A1C02EB112253
:10AF8000BCF80010C2F30722CD0805F0FC071497A7
:10AF9000D743080A00F0F80848EA50181398C90087
:10AFA0000E9110FB02F01499C5F381150D4312990F
:10AFB000FFB208FB070011FB02F805FB0788119D93
:10AFC0000E9915FB02F29DF83890C1F3421180B240
:10AFD00049EA010101FB07221FFA88F8411C01EB35
:10AFE000102008F1010101EB182100F47F4049090C
:10AFF00092B26FF30A0001F4FC610143501C00EBB4
:10B000001220C0F3C420084300E01098ACF8000000
:10B01000089A1644B6B2072E83BF2A9A2A9B013299
:10B02000134188BF2A920A9A86BF00265B78DBB25A
:10B03000BEF1010E944491D20C9A52B116442A9A50
:10B04000C6F3CC031A44137806F0070633412A925C
:10B05000DBB2159ABBF1010B924403D3D44604F141
:10B06000FF3E7BE70D9B4BB9064B186803681B6BD3
:10B07000984703E000293FF4D7AE61E61BB0BDE876
:10B08000F08F00BFD09E052038B50446134DD5E89B
:10B09000AF3FDA070BD4284608F063FB38B1104AFB
:10B0A0001049114808F056FB284608F066FB0F4D82
:10B0B000D5E8AF3FDB070BD4284608F052FB38B188
:10B0C000074A0B490B4808F045FB284608F055FB9A
:10B0D000054B6361074BA36138BD00BF20A9052064
:10B0E00000B004200947010898B004201CA90520DD
:10B0F0000B47010894B0042038B50446134DD5E839
:10B10000AF3FDA070BD4284608F02BFB38B1104AC2
:10B110001049114808F01EFB284608F02EFB0F4D81
:10B12000D5E8AF3FDB070BD4284608F01AFB38B14F
:10B13000074A0B490B4808F00DFB284608F01DFB99
:10B14000054BE360074B236138BD00BF18A90520FC
:10B1500000B004200D47010890B0042014A9052078
:10B160000F4701088CB0042010B50446FFF78CFF90
:10B170002046BDE81040FFF7BFBF000038B50446C9
:10B18000134DD5E8AF3FDA070BD4284608F0E9FAAB
:10B1900038B1104A1049114808F0DCFA284608F086
:10B1A000ECFA0F4DD5E8AF3FDB070BD4284608F08B
:10B1B000D8FA38B1074A0B490B4808F0CBFA2846B1
:10B1C00008F0DBFA054B6362074BA36238BD00BF92
:10B1D00010A9052000B004201147010888B0042000
:10B1E0000CA905201347010884B0042038B5044693
:10B1F000134DD5E8AF3FDA070BD4284608F0B1FA73
:10B2000038B1104A1049114808F0A4FA284608F04D
:10B21000B4FA0F4DD5E8AF3FDB070BD4284608F052
:10B22000A0FA38B1074A0B490B4808F093FA2846B0
:10B2300008F0A3FA054BE361074B236238BD00BF5A
:10B2400008A9052000B004201547010880B004209B
:10B2500004A90520174701087CB0042010B5044656
:10B26000FFF78CFF2046BDE81040FFF7BFBF00008E
:10B2700038B50446134DD5E8AF3FDA070BD428465E
:10B2800008F06FFA38B1104A1049114808F062FA14
:10B29000284608F072FA0F4DD5E8AF3FDB070BD414
:10B2A000284608F05EFA38B1074A0B490B4808F007
:10B2B00051FA284608F061FA054B6363074BA36314
:10B2C00038BD00BF00A9052000B0042019470108BF
:10B2D00078B00420FCA805201B47010874B00420A6
:10B2E00038B50446134DD5E8AF3FDA070BD42846EE
:10B2F00008F037FA38B1104A1049114808F02AFA14
:10B30000284608F03AFA0F4DD5E8AF3FDB070BD4DB
:10B31000284608F026FA38B1074A0B490B4808F0CE
:10B3200019FA284608F029FA054BE362074B236314
:10B3300038BD00BFF8A8052000B004201D47010853
:10B3400070B00420F4A805201F4701086CB0042049
:10B3500010B50446FFF78CFF2046BDE81040FFF70C
:10B36000BFBF000038B50446134DD5E8AF3FDA073C
:10B370000BD4284608F0F5F938B1104A10491148A5
:10B3800008F0E8F9284608F0F8F90F4DD5E8AF3F86
:10B39000DB070BD4284608F0E4F938B1074A0B491B
:10B3A0000B4808F0D7F9284608F0E7F9054B636524
:10B3B000074BA36538BD00BFF0A8052000B00420EE
:10B3C0002147010868B00420ECA8052023470108A4
:10B3D00064B0042038B50446134DD5E8AF3FDA0712
:10B3E0000BD4284608F0BDF938B1104A104911486D
:10B3F00008F0B0F9284608F0C0F90F4DD5E8AF3F86
:10B40000DB070BD4284608F0ACF938B1074A0B49E2
:10B410000B4808F09FF9284608F0AFF9054BE364A4
:10B42000074B236538BD00BFE8A8052000B0042005
:10B430002547010860B00420E4A80520274701083B
:10B440005CB0042038B50446134DD5E8AF3FDA07A9
:10B450000BD4284608F085F938B1104A1049114834
:10B4600008F078F9284608F088F90F4DD5E8AF3F85
:10B47000DB070BD4284608F074F938B1074A0B49AA
:10B480000B4808F067F9284608F077F9054B636424
:10B49000074BA36438BD00BFE0A8052000B004201E
:10B4A0002947010858B00420DCA805202B470108D3
:10B4B00054B0042038B50446134DD5E8AF3FDA0741
:10B4C0000BD4284608F04DF938B1104A10491148FC
:10B4D00008F040F9284608F050F90F4DD5E8AF3F85
:10B4E000DB070BD4284608F03CF938B1074A0B4972
:10B4F0000B4808F02FF9284608F03FF9054BE363A5
:10B50000074B236438BD00BFD8A8052000B0042035
:10B510002D47010850B00420D4A805202F4701086A
:10B520004CB0042010B50446FFF71CFF2046FFF77F
:10B5300089FF2046FFF74EFF2046BDE81040FFF789
:10B54000B9BF000038B50446134DD5E8AF3FDA0760
:10B550000BD4284608F005F938B1104A10491148B3
:10B5600008F0F8F8284608F008F90F4DD5E8AF3F85
:10B57000DB070BD4284608F0F4F838B1074A0B492A
:10B580000B4808F0E7F8284608F0F7F8054B636623
:10B59000074BA36638BD00BFD0A8052000B004202B
:10B5A0003147010848B00420CCA8052033470108E2
:10B5B00044B0042038B50446134DD5E8AF3FDA0750
:10B5C0000BD4284608F0CDF838B1104A104911487C
:10B5D00008F0C0F8284608F0D0F80F4DD5E8AF3F86
:10B5E000DB070BD4284608F0BCF838B1074A0B49F2
:10B5F0000B4808F0AFF8284608F0BFF8054BE365A4
:10B60000074B236638BD00BFC8A8052000B0042042
:10B610003547010840B00420C4A805203747010879
:10B620003CB0042010B50446FFF78CFF2046BDE86F
:10B630001040FFF7BFBF000038B50446134DD5E8F2
:10B64000AF3FDA070BD4284608F08BF838B1104A20
:10B650001049114808F07EF8284608F08EF80F4D82
:10B66000D5E8AF3FDB070BD4284608F07AF838B1AD
:10B67000074A0B490B4808F06DF8284608F07DF89A
:10B68000054B6367074BA36738BD00BFC0A8052003
:10B6900000B004203947010838B00420BCA80520B8
:10B6A0003B47010834B0042038B50446134DD5E8B3
:10B6B000AF3FDA070BD4284608F053F838B1104AE8
:10B6C0001049114808F046F8284608F056F80F4D82
:10B6D000D5E8AF3FDB070BD4284608F042F838B175
:10B6E000074A0B490B4808F035F8284608F045F89A
:10B6F000054BE366074B236738BD00BFB8A805209C
:10B7000000B004203D47010830B00420B4A8052053
:10B710003F4701082CB0042010B50446FFF78CFF0A
:10B720002046BDE81040FFF7BFBF10B50446FFF745
:10B73000F3FF2046FFF776FF2046FFF709FE20467D
:10B74000FFF712FD2046FFF789FD2046BDE81040B7
:10B75000FFF7E8BE38B50446094DD5E8AF3FDB0733
:10B760000BD4284607F0FDFF38B1064A06490748C2
:10B7700007F0F0FF284608F000F8044BE36738BDF7
:10B78000B0A8052000B004204147010828B00420DB
:10B7900038B504460A4DD5E8AF3FDB070BD4284641
:10B7A00007F0DFFF38B1074A0749084807F0D2FF22
:10B7B000284607F0E2FF054BC4F8803038BD00BFD3
:10B7C000ACA8052000B004204347010824B00420A1
:10B7D00070B504460B4ED6E8AF3F13F0010F0A4D8B
:10B7E0000DD1304607F0BDFF48B1084B2846084A46
:10B7F00008492B6007F0AEFF304607F0BEFFC4F8E3
:10B80000845070BD64A0052068A00520FC77020864
:10B8100000B004204547010810B50446FFF79AFF21
:10B820002046FFF7B5FF2046BDE81040FFF7D0BF28
:10B8300070B504460B4ED6E8AF3F13F0010F0A4D2A
:10B840000DD1304607F08DFF48B1084B2846084A15
:10B8500008492B6007F07EFF304607F08EFFC4F8E2
:10B86000885070BD5C9F0520609F052018780208F5
:10B8700000B00420474701082DE9F04FBDF924E04E
:10B88000DDE90B5606FB0E58002EBDF928B09DF8D9
:10B8900034C09DF838709DF83C40088802EB080AD7
:10B8A00017DBB34515DD002D06DBAE4504DD12F8D0
:10B8B000082033F8128000E080466A1C0CD49645BC
:10B8C0000ADDBCF1000F07D09AF8012033F812907E
:10B8D00003E08146804600E08146013619D4B34535
:10B8E00017DDB7B1002D06DBAE4504DD1AF80E20DA
:10B8F00033F8126000E0064601350DD4AE450BDD8D
:10B90000BCF1000F08D0F2449AF8012033F812205D
:10B9100003E00246064600E002461CFB07F54FEA3C
:10B92000084E4FEA094328F4FC680EF0FC6EC5F39C
:10B93000C7054EEA080E03F0FC63C7F1100829F4AE
:10B94000FC69A8EB0C0843EA0903C5EB4C0C0CFBA3
:10B9500003F305EB480808FB0E334FEA024C0CF0EA
:10B96000FC6C22F4FC624CEA020205FB0233C5EBDC
:10B970004705E743320402F0FC6226F4FC663243DA
:10B9800005FB0233060AFFB25A0D06F0F8065B0902
:10B9900002F4FC6216FB07F623F4FC631343C3F3C3
:10B9A000072202F0F80202FB0466C20802F0FC0261
:10B9B00012FB07F2C3F3CC0505F0FC05DB0005FB29
:10B9C000042203F0F805C300DBB213FB07F392B2C5
:10B9D00005FB0433B6B2541C701C04EB122200EBBE
:10B9E000162052099BB202F4FC6200F47840104326
:10B9F0005A1C02EB1323C3F3C42303430B80BDE89B
:10BA0000F08F2DE9F04F4FF0000895B013902B9870
:10BA10000E91416812921C46DDE92C32DDE9225775
:10BA200001FB023301689DF8BCB001EB43030993AD
:10BA30002E9B9DED1F6A1B68DDED205A0B932E9BFC
:10BA40009DED215ADDED287A9DED297A9DED304A54
:10BA5000DDED313A9DED323ACDE90F88CDF83080F9
:10BA6000CDF83480CDF844805E686FEA0B03DBB21A
:10BA700004360A9318E22E9BB3F90820B3F90C3070
:10BA800002F1FF3E21E05FEA254C4FEA274004D453
:10BA9000F4450BDA002804DA0AE0BCF1FF3F0CD1D0
:10BAA00004E003F1FF3C604513DB03E0944504DA56
:10BAB000411C02DB9842C0F2008124980999054498
:10BAC000259802310744013C0991002CDBDC00F091
:10BAD000AB812499601E01FB005C5FEA2C4C00F1F5
:10BAE000EC80013A944580F2E880259A02FB0070D0
:10BAF000001400F1E280013B9842C0F29581DCE045
:10BB00002E9A2E9BD2F80C902A149B684FEA274C51
:10BB1000C5F3033EC7F3033008D403F1FF3A52459F
:10BB200080F2AC80BCF1000F04DAA9E0511C40F0B7
:10BB3000BC80A3E009F1FF3AD44580F2A4801BB297
:10BB40000CFB03220B9901EB02098A5C36F812C048
:10BB5000BEF1000F10D099F8012036F8128088B19C
:10BB600009EB030219F8033036F813300C935378BD
:10BB700036F813300F9305E020B119F8033036F88A
:10BB800013300C931EFB00F24FEA084928F4FC6ABC
:10BB900009F0FC6949EA0A094FEA4E0AD310AAEBF8
:10BBA000D20A0F9A0F99120421F4FC6102F0FC6290
:10BBB0000A435A430AFB09224FEA0C4909F0FC697F
:10BBC0002CF4FC6C49EA0C0CC0F11009A9EB0E092D
:10BBD00003EB490909FB0C290C9A0C99120421F476
:10BBE000FC6C02F0FC6242EA0C02C3EB400303FB74
:10BBF00002935A0D5B0923F4FC6302F4FC621A43BE
:10BC0000099B0A991B88C2F307204FEA132C0CF0FA
:10BC1000F80C1CFB01FC00F0F80000FB0BCCD80872
:10BC200000F0FC0010FB01F0DB00DBB2C2F3CC0E35
:10BC300013FB01F30EF0FC0E0EFB0B00D20002F022
:10BC4000F80202FB0B331FFA8CFC80B20CF10102EC
:10BC500002EB1C2C421C9BB202EB10225209581C16
:10BC600000EB13200CF4784C02F4FC62099B4CEAC4
:10BC70000202C0F3C4201043188016E0934214DD82
:10BC8000BCF1FF3F11DBE1450FDD1BB202920FFA61
:10BC900089F2CDE9050B01920093CDE903CE33463D
:10BCA0000B9A09991398FFF7E7FD099B013C0233B2
:10BCB0000993249B1D44259B1F44002C3FF720AF74
:10BCC000B5E02E9B2A14B3F90830381403FB00208A
:10BCD0000B990B9A15F4704F0244085CC5F30339B5
:10BCE00036F81000C7F3033C13D092F801E036F8A1
:10BCF0001E101091BCF1000F12D002EB030ED35CAA
:10BD000036F813300D939EF8013036F81330119346
:10BD100006E0BCF1000F03D0D35C36F813300D936E
:10BD2000109919FB0CF24FEA014E21F4FC6A0EF057
:10BD3000FC6E4EEA0A0E4FEA490AD310AAEBD20A69
:10BD4000119A1199120421F4FC6102F0FC620A4379
:10BD50005A430AFB0E224FEA004E0EF0FC6E20F40E
:10BD6000FC604EEA0000CCF1100EAEEB090E03EBC6
:10BD70004E0E0EFB002E0D9A0D99120421F4FC605C
:10BD800002F0FC620243C3EB4C0303FB02E35A0DD7
:10BD90005B0923F4FC6302F4FC621A43099B0A99D1
:10BDA0001B88C2F307204FEA132C0CF0F80C1CFB85
:10BDB00001FC00F0F80000FB0BCCD80800F0FC0000
:10BDC00010FB01F0DB00DBB2C2F3CC0E13FB01F37E
:10BDD0000EF0FC0E0EFB0B00D20002F0F80202FB8C
:10BDE0000B331FFA8CFC80B20CF1010202EB1C2C0D
:10BDF000421C9BB202EB10220CF47F4C581C5209DF
:10BE000000EB13206FF30A0C02F4FC62099B4CEA6E
:10BE10000202C0F3C420104323F8020B0993249BB1
:10BE2000013C1D44259B1F44002C3FF74AAF0E9B4D
:10BE3000002B41DDF7EE004A36EE046A75EEA35A98
:10BE4000C4EE866A65EEA64AF0EE672A35EE035A1E
:10BE500074EEE77A65EE266AFEEEC82AFEEEC87A30
:10BE600012EE905AF0EE472A36EEC77A17EE902A75
:10BE7000BEEEC87A1E9BFEEEC82A92FBF3F317EEC5
:10BE8000102A24931E9B12EE907A92FBF3F32593D3
:10BE90000E9B1E9A013B0E93129B14BF14461C4628
:10BEA000B0EE667AF0EE647A0E9B002B3FF7E3ADBE
:10BEB000129B002B3FF7DFAD15B0BDE8F08F2DE9E9
:10BEC000F047BDF920E09846DDE90A4303FB0E4642
:10BED000002BBDF924A09DF830C09DF8345008888F
:10BEE00002EB060916DB9A4514DD002C05DBA6459E
:10BEF00003DD925D38F8127000E00746621C0CD436
:10BF000096450ADDBCF1000F07D099F8012038F8FA
:10BF1000126003E00646074600E006465A1C19D4A4
:10BF2000924517DDB5B1002C06DBA64504DD19F8F6
:10BF30000E3038F8132000E0024601340BD4A64539
:10BF400009DDBCF1000F06D0F14499F8013038F852
:10BF5000130000E002461CFB05F43B0403F0FC6305
:10BF600027F4FC671F433304C4F3C70426F4FC66BC
:10BF7000C5F1100E03F0FC63AEEB0C0E3343C4EBC3
:10BF80004C0C0CFB03F304EB4E0E0EFB07330604C4
:10BF900006F0FC6620F4FC60304304FB0033100420
:10BFA00000F0FC6022F4FC620243C4EB450404FB95
:10BFB00002335A0D5B0902F4FC6223F4FC63134361
:10BFC0000B80BDE8F0872DE9F04F4FF0000891B0ED
:10BFD0000F9027980A9141681C46DDE91E570E9282
:10BFE000DDE9283201FB02330168DDF8A8B001EB7E
:10BFF0004303DBF804600693DBF800309DED1B6A19
:10C00000DDED1C5A9DED1D5ADDED247A9DED257A5E
:10C010009DED2C4ADDED2D3A9DED2E3AF7EE002AEE
:10C02000CDE90B88CDF82080CDF82480CDF8348080
:10C030000793043694E1BBF90820BBF90C3002F1F8
:10C04000FF3E21E05FEA254C4FEA274004D4F44547
:10C050000BDA002804DA0AE0BCF1FF3F0CD104E05F
:10C0600003F1FF3C604513DB03E0944504DA411C17
:10C0700002DB9842C0F2BE802098069905442198C0
:10C0800002310744013C0691002CDBDC00F02B81DF
:10C090002099601E01FB005C5FEA2C4C00F1AA8035
:10C0A000013A944580F2A680219A02FB00700014A8
:10C0B00000F1A080013B9842C0F215819AE02A1459
:10C0C0004FEA274CC5F3033EC7F30330DBE90239DF
:10C0D00007D403F1FF3A52456EDABCF1000F03DAE0
:10C0E0006CE0511C7ED167E009F1FF3AD44568DA73
:10C0F0001BB20CFB0322079901EB02098A5C36F89C
:10C1000012C0BEF1000F10D099F8012036F812804D
:10C1100088B109EB030219F8033036F8133008939D
:10C12000537836F813300B9305E020B119F803303B
:10C1300036F8133008931EFB00F24FEA084928F442
:10C14000FC6A09F0FC6949EA0A094FEA4E0AD31071
:10C15000AAEBD20A0B9A0B99120421F4FC6102F0AB
:10C16000FC620A435A430AFB09224FEA0C4909F0D0
:10C17000FC692CF4FC6C49EA0C0CC0F11009A9EB29
:10C180000E0903EB490909FB0C29089A08991204C6
:10C1900002F0FC6221F4FC6C42EA0C02C3EB4003A7
:10C1A00003FB02935A0D5B0923F4FC6302F4FC6267
:10C1B0001A43069B1A8015E0934213DDBCF1FF3F42
:10C1C00010DBE1450EDD1BB2CDE9022C0FFA89F23E
:10C1D000CDE904E0019200930F983346DDE90612A1
:10C1E000FFF76DFE069B013C02330693209B1D4426
:10C1F000219B1F44002C3FF762AF76E0BBF908306B
:10C200002A14381403FB00200799079A15F4704F7D
:10C210000244085CC5F3033936F81000C7F3033C49
:10C2200013D092F801E036F81E100C91BCF1000F0B
:10C2300012D002EB030ED35C36F8133009939EF84C
:10C24000013036F813300D9306E0BCF1000F03D037
:10C25000D35C36F8133009930C9919FB0CF24FEAB2
:10C26000014E21F4FC6A0EF0FC6E4EEA0A0E4FEA13
:10C27000490AD310AAEBD20A0D9A0D99120421F49F
:10C28000FC6102F0FC620A435A430AFB0E224FEAA9
:10C29000004E0EF0FC6E20F4FC604EEA0000CCF183
:10C2A000100EAEEB090E03EB4E0E0EFB002E099A9C
:10C2B0000999120402F0FC6221F4FC600243C3EB12
:10C2C0004C0303FB02E35A0D5B0923F4FC6302F405
:10C2D000FC621A43069B013C23F8022B0693209B29
:10C2E0001D44219B1F44002C88DC0A9B002B3FDD52
:10C2F00036EE046A75EEA35AC2EE866A65EEA64A69
:10C30000B0EE672A35EE035A74EEE77A65EE266AD8
:10C31000BEEEC82AFEEEC87A12EE105AB0EE472AD8
:10C3200036EEC77A17EE902ABEEEC87A1A9BBEEE9A
:10C33000C82A92FBF3F317EE102A20931A9B12EEF1
:10C34000107A92FBF3F321930A9B1A9A013B0A930A
:10C350000E9B14BF14461C46B0EE667AF0EE647A6B
:10C360000A9B002B3FF767AE0E9B002B3FF763AE97
:10C3700011B0BDE8F08F2DE9F04F87B0CDE9021282
:10C38000DDE912710298BDF940E0008801FB0E7BE7
:10C39000040AC508C000C0B2019005F0FC0504F015
:10C3A000F80402EB0B082802019A40EA044010430B
:10C3B0000029BDF944909DF850609DF854C09DF847
:10C3C00058A0059018DB894516DD002F08DBBE4517
:10C3D00006DD039A12F80B0000EB4000184400E061
:10C3E00005A87A1C0BD4964509DD46B198F80120C2
:10C3F00002EB42021A4403E005AA104600E005AA37
:10C4000001311BD4894519DDBCF1000F16D0002F76
:10C4100007DBBE4505DD18F80E1001EB410119449C
:10C4200000E005A901370CD4BE450ADD4EB1F04449
:10C4300098F8017007EB47073B4403E005AB19464A
:10C4400000E005AB6FEA0A0906FB0CF8A8EB0C1E2E
:10C450000EF5807E9778AEEB061EC8EB0616B6B2D8
:10C46000774390F802B01FFA8EFE0EFB0B77C8EBF5
:10C470000C1C91F802B01FFA8CFC0CFB0B7793F8A4
:10C4800002B05FFA89F908FB0B7714FB09F4C7F3D4
:10C49000072707FB0A4457781278774390F801B0D2
:10C4A00072430EFB0B77007891F801B00EFB00226F
:10C4B0000CFB0B77097893F801B00CFB012208FB09
:10C4C0000B771B7815FB09F508FB0323019AC7F3CB
:10C4D000072707FB0A5512FB09F2C3F3072303FBE7
:10C4E0000A22ADB2A4B26B1C03EB1523611C01EB55
:10C4F00014215B0992B201F4784103F4FC630B430D
:10C50000511C01EB1222C2F3C4221343029A13807E
:10C5100007B0BDE8F08F2DE9F04F91B0279C0F9048
:10C520000E9260689DF8AC200C910992DDE92821FB
:10C5300000FB012221689DED1B6A01EB420208927B
:10C540002A9ADDED1C5A12689DED1D5A0B922A9A0B
:10C55000DDED247A5468099A9DED257AD243D2B252
:10C560009DED2C4ADDED2D3A9DED2E3A04340A92D4
:10C570002EE22A9AB2F90810B2F90C204E1E23E0DE
:10C580001E9D1F982D144FEA204004D4B54209DAAD
:10C59000002803DA08E06F1C0AD103E0551EA84208
:10C5A00016DB03E08D4203DA451C01DB904216DB0B
:10C5B0001E98209D013B28441E90219D1F982844D1
:10C5C0001F90089802300890002BD9DC00F0BF8142
:10C5D0001E9D209E581E06FB00552D1401D59B461E
:10C5E000F1E001398D42FADA1F99219D05FB001017
:10C5F0000014F4D4013A9042C0F2A981EFE71F9BE6
:10C600002A9A18141E9BD668C3F303351F9B1E9AE3
:10C61000C3F303312A9B12149B6806D45F1EBA42EF
:10C6200080F2AE80002804DAACE0571C40F0BE80F7
:10C63000A6E0771EB84280F2A7801BB200FB03225F
:10C640000B9E0B9816F80290104409EB490904EB75
:10C6500009077DB190F801C00CEB4C0CA44481B1EA
:10C66000C218C35C507803EB430300EB4000234443
:10C6700020440CE041B1C35C384603EB4303234440
:10C6800004E038463B4602E038463B46BC4605FBE4
:10C6900001F808F5807E9CF80260AEEB051EC8EB41
:10C6A0000515ADB26E4397F802A0AEEB011E1FFA5E
:10C6B0008EFE0EFB0A66C8EB011193F802A089B248
:10C6C00001FB0A66089A90F802A0128808FB0A6625
:10C6D0000D924FEA122A0A9A0AF0F80A1AFB02FA95
:10C6E000099AC6F3072606FB02AA9CF801607F7828
:10C6F0006E430EFB07665F780D9A01FB076647786D
:10C700009CF800C008FB0766D7080A9A07F0FC07E8
:10C7100017FB02F705FB0CFC099AC6F3072606FB7C
:10C72000027714F809601B780EFB06CC01FB03C3EB
:10C730000D9A0178D20008FB01330A99D2B212FB9C
:10C7400001F20999C3F3072303FB0123BFB21FFAC8
:10C750008AFA7A1C0AF1010102EB172201EB1A2175
:10C7600052099BB201F4784102F4FC620A43591C5D
:10C7700001EB1321C1F3C421089B1143198015E07B
:10C78000934213DD471C11DB86420FDD099F1BB26C
:10C7900036B2CDE90517CDE90305029200930B9A55
:10C7A000234608990F980196FFF7E5FD089B209A0C
:10C7B000023308931E9B0BF1FF3B13441E93219AF7
:10C7C0001F9B13441F93BBF1000F3FF718AFC3E04B
:10C7D0001E9A1F99C2F303381F9A1E98C2F303359D
:10C7E0002A9A0014B2F90820091402FB01010B9ED9
:10C7F0000B9816F801A008441E990AEB4A0A11F496
:10C80000704F04EB0A070FD090F801C00CEB4C0CF2
:10C81000A44485B18118825C487802EB420200EBA7
:10C820004000224420440CE045B1825C384602EBD3
:10C830004202224404E038463A4602E038463A468C
:10C84000BC4608FB05F909F5807E9CF80260AEEB5A
:10C85000081EC9EB08181FFA88F808FB06F697F8B7
:10C8600002B0AEEB051E1FFA8EFE0EFB0B66C9EB87
:10C87000051592F802B0ADB205FB0B66089990F869
:10C8800002B0098809FB0B660A9B4FEA112B0BF0DB
:10C89000F80B1BFB03FB099BC6F3072606FB03BB38
:10C8A0009CF801607F7808FB06F60EFB0766577858
:10C8B0000A9B05FB076647789CF800C009FB0766E2
:10C8C000CF0807F0FC0717FB03F708FB0CFC099BDC
:10C8D000C6F3072606FB037714F80A6012780EFBEE
:10C8E00006CC05FB02C200780A9BC90009FB0022A6
:10C8F000C9B211FB03F1099BC2F3072202FB031229
:10C900001FFA8BFBBFB20BF10100791C00EB1B205F
:10C9100001EB172100F47F40490992B26FF30A003E
:10C9200001F4FC610143501C00EB1220C0F3C42051
:10C93000089A084322F8020B209B08921E9A1A4478
:10C940001E92219B1F9A1A440D9B1F92013B0D932F
:10C950000D9B002B3FF73CAF0C9B002B40DDF7EE0F
:10C96000004A36EE046A75EEA35AC4EE866A65EE96
:10C97000A64AF0EE672A35EE035A74EEE77A65EEC2
:10C98000266AFEEEC82AFEEEC87ACDED1E2AF0EE2B
:10C99000472A36EEC77A17EE902ABEEEC87A1A9B5F
:10C9A000FEEEC82A92FBF3F317EE102A20931A9B8F
:10C9B000CDED1F2A92FBF3F321930C9B1A9A013BB6
:10C9C0000C93B0EE667A0E9BF0EE647A18BF1346B5
:10C9D0000C9A002A3FF7CDAD0E9A002A3FF7C9AD59
:10C9E00011B0BDE8F08F2DE9F74FB1F80080BDF927
:10C9F00030604FEA082C4FEA481BDDE90E0404FBC7
:10CA0000060A0CF4780C0BF47C4B4FEAC8084CEA8D
:10CA10000B0C5FFA88F84CEA080C002CBDF9349036
:10CA20009DF840509DF8447002EB0A0ECDF804C00A
:10CA300018DBA14516DD002807DB864205DD12F86C
:10CA40000A8008EB4808984401E00DF10408421CF4
:10CA50000BD4964209DD45B19EF8012002EB42025B
:10CA60001A4403E001AA904600E001AA013419D457
:10CA7000A14517DDB7B1002807DB864205DD1EF8AA
:10CA8000064004EB44041C4400E001AC01300CD42B
:10CA900086420ADD4DB1B6449EF8010000EB40002D
:10CAA000034403E001AB1C4600E001AB05FB07F6C5
:10CAB0009078C6EB051E1FFA8EFEA6EB071C0EFB38
:10CAC00000F00CF5807CACEB051C98F802501FFAC6
:10CAD0008CFC0CFB0500C6EB0717A578BFB207FB63
:10CAE00005009D7898F8019006FB050055781278AE
:10CAF0000EFB05F50CFB095594F801900EFB02F2B4
:10CB000007FB095593F8019000F4784006FB09559E
:10CB10006D0905F4FC65284398F8005024780CFB57
:10CB2000052207FB04221B7806FB0323C3F3C4235F
:10CB300003430B8003B0BDE8F08F2DE9F04F8DB0BB
:10CB4000239D0B906868CDE90912DDE9242100FBE3
:10CB5000012229689DED176A01EB42020792269A8D
:10CB6000DDED185A12689DED195A0892269ADDEDEE
:10CB7000207A55689DED217A9DED284ADDED293A10
:10CB80009DED2A3A1A9C0435C0E1269AB2F90810A4
:10CB9000B2F90C204F1E21E01B9826144FEA2040CA
:10CBA00004D4BE420ADA002804DA09E0B6F1FF3FF5
:10CBB0000AD103E0561EB04214DB03E08E4203DAD2
:10CBC000461C01DB904213DB1C981D9E04441B98FD
:10CBD000013B30441B90079802300790002BDBDCB0
:10CBE00000F055811C9E581E06FB0046361401D5E8
:10CBF0009B46BCE001398E42FADA1B991D9E06FB6A
:10CC000000100014F4D4013A9042C0F24081EFE7E2
:10CC10001B9B269A1914C3F30330269BD668221453
:10CC20009B68C4F3033706D403F1FF3C62457EDA08
:10CC3000002905DA7DE0B2F1FF3F40F08D8076E01B
:10CC400006F1FF3C614577DA1BB201FB032208992C
:10CC500011F802908E1809EB490905EB09027FB122
:10CC600096F801C00CEB4C0CAC4480B1F118F35CAD
:10CC70004E7803EB430306EB46062B442E440CE0B0
:10CC800040B1F35C164603EB43032B4404E0164625
:10CC9000134602E016461346944607FB00F808F5D3
:10CCA000807E9CF80210AEEB071EC8EB0717BFB2E0
:10CCB000794392F802A0AEEB001E1FFA8EFE0EFB27
:10CCC0000A11C8EB001093F802A080B200FB0A1111
:10CCD00096F802A008FB0A1192F801A09CF8012026
:10CCE0009CF800C07A430EFB0A2293F801A007FBD0
:10CCF0000CFC00FB0A2296F801A001F47F4108FB1E
:10CD00000A2252096FF30A0102F4FC620A4315F881
:10CD100009101B780EFB01CC00FB03C3317808FB24
:10CD20000133C3F3C4231343079A138014E09342DF
:10CD300012DDB1F1FF3F0FDB8E420DDD1BB236B2CB
:10CD4000CDE90470CDE90221DDE9071200930B98CB
:10CD50002B460196FFF747FE079B1D9A0233079368
:10CD60001C9B0BF1FF3B1C441B9B13441B93BBF10F
:10CD7000000F3FF74DAF8DE01B9A1B99C2F30337AD
:10CD8000269A2014B2F90820091402FB0101089820
:10CD900014F4704F10F801A000EB01060AEB4A0AE8
:10CDA000C4F3033805EB0A010FD096F801C00CEB71
:10CDB0004C0CAC4487B1B018B25C467802EB42022E
:10CDC00006EB46062A442E440CE047B1B25C0E4600
:10CDD00002EB42022A4404E00E460A4602E00E46F6
:10CDE0000A468C4608FB07F909F5807E9CF802008C
:10CDF000AEEB081EC9EB08181FFA88F808FB00F014
:10CE000091F802B0AEEB071E1FFA8EFE0EFB0B0070
:10CE1000C9EB071792F802B0BFB207FB0B0096F8F8
:10CE200002B0013B09FB0B0091F801B09CF8011026
:10CE30009CF800C008FB01F10EFB0B1192F801B049
:10CE400008FB0CFC07FB0B1196F801B000F47F40C7
:10CE500009FB0B1149096FF30A0001F4FC6101435E
:10CE600015F80A0012780EFB00CC07FB02C23078DE
:10CE700009FB0022C2F3C4220A43079921F8022BBE
:10CE80001C9A079114441D991B9A0A441B92002B6B
:10CE90003FF772AF099B002B40DDF7EE004A36EEFC
:10CEA000046A75EEA35AC4EE866A65EEA64AF0EEF1
:10CEB000672A35EE035A74EEE77A65EE266AFEEECF
:10CEC000C82AFEEEC87A12EE904AF0EE472A36EEF5
:10CED000C77A17EE902ABEEEC87A169BFEEEC82AD5
:10CEE00092FBF3F317EE102A1C93169BCDED1B2A31
:10CEF00092FBF3F31D93099B169A013B0993B0EE45
:10CF0000667A0A9BF0EE647A18BF1346099A002AE3
:10CF10003FF73BAE0A9A002A3FF737AE0DB0BDE8A7
:10CF2000F08F2DE9F04F85B0BDF938C0DDE9106014
:10CF3000019100FB0C610028BDF93C909DF8487000
:10CF40009DF84C509DF850E002EB010814DB814540
:10CF500012DD002E05DBB44503DD525C53F82240A0
:10CF600000E00024721C0AD4944508DD4FB198F803
:10CF7000012053F8221005E000210C4602E00021B8
:10CF800000E03946013017D4814515DDBDB1002ED2
:10CF900006DBB44504DD18F80C2053F8220000E04D
:10CFA000002001360ED4B4450CDD6FB1E04498F892
:10CFB000012053F8222008E00022104605E02A460E
:10CFC000284602E0002200E03A4605FB07F6C6EBE1
:10CFD00007139BB20093C6EB051CA6EB0513009D3F
:10CFE0004FEA116A0AFB05F503F58073A3EB0713FB
:10CFF0004FEA146B9BB20BFB03554FEA10691FFA03
:10D000008CFC0CFB09554FEA126806FB0855C5F36A
:10D01000072715F47F4F029700F0B78004F0FF1741
:10D020000BFB07F704F47F440BFB04F44FEA172BC8
:10D030000BF0FF1B07F10117BB444FEA1B2B0BF052
:10D04000FF1701F0FF1B01F47F410AFB01F10AFB0E
:10D050000BFB01F5807A0AEB112100F0FF1A09FBA6
:10D060000AFA00F47F4009FB00F04FEA1A2909F0A0
:10D07000FF190AF1011AD14400F5807A0AEB102059
:10D0800002F0FF1A08FB0AFA02F47F4208FB02F2E0
:10D09000039704F5807707EB14274FEA1A284FEA25
:10D0A0001B2408F0FF1804F0FF140BF1011B0AF118
:10D0B000011AC2445C4402F5807808EB1228240A65
:10D0C000009A04F0FF145443039A090A03FB024434
:10D0D000009A01F47F415143029A3F0A02FB0EF28B
:10D0E00007F47F4703FB0711571CC2F30F2212FA04
:10D0F00087F76FEA27274FEA1A2A0AF0FF1A06FB7A
:10D100000A444FEA182808F47F4806FB08184FEA3B
:10D11000192909F0FF190CFB0944000A00F47F40AB
:10D120000CFB0083019D260E2D8816FB0EF6C3F323
:10D1300007432A0A13FB0EF3FFB202F0F80202FBC8
:10D140000766EA0802F0FC0202FB0733C4F3072279
:10D1500012FB0EF2ED00EDB205FB072292B2B6B261
:10D160009BB2511C01EB1222701C591C00EB1620C3
:10D1700001EB132300F47840C2F3C4225B0902439D
:10D1800003F4FC631343019A138005B0BDE8F08FEC
:10D190002DE9F04F00279BB0319DCDE91712199072
:10D1A0009DF8D42068680A92DDE9322100FB012253
:10D1B0002E689DED256A06EB42020992349ADDED58
:10D1C000265A12689DED275A1392349ADDED2E7A75
:10D1D0009DED2F7A9DED364ADDED373A9DED383ADB
:10D1E000CDE91477289C0E9711971697556804354A
:10D1F0005CE3349AB2F90810B2F90C2001F1FF3E59
:10D2000023E029985FEA244C4FEA204004D4F445F7
:10D210000BDA002804DA0AE0BCF1FF3F0BD104E08E
:10D2200002F1FF3C604514DB03E08C4503DA461C49
:10D2300001DB904214DB2A982B9E04442998013B81
:10D2400030442990099802300990002BD9DC00F075
:10D25000EE822A9E581E06FB004C5FEA2C4C01D53C
:10D260009B4682E101398C45FADA29992B9E06FB0F
:10D2700000100014F4D4013A9042C0F2D882EFE7D3
:10D28000299BC4F303324FEA234EC3F30331349B8B
:10D29000D3E9020C231408D400F1FF38434580F28F
:10D2A0004181BEF1000F04DA3EE15E1C40F0528184
:10D2B00038E10CF1FF38C64580F239810FFA80FC65
:10D2C0000EFB0C33139800EB030EC35C55F82330B0
:10D2D000180EBAB19EF8017055F827600D96370EFA
:10D2E000C1B10EEB0C081EF80CC055F82C6098F874
:10D2F00001C00B96360E0E9655F82C600F96360E22
:10D30000149607E031B11EF80CC055F82C600B964E
:10D31000360E0E9602FB01FECEEB02190EF5807C56
:10D32000ACEB021C1FFA89F9ACEB011CCEEB011827
:10D3300009FB07F11FFA8CF202FB00110E9E1FFA87
:10D3400088F808FB0611149E0EFB061111F47F4F9E
:10D35000C1F3072C00F0FE80FF2819D003F0FF1A5C
:10D3600000FB0AFA03F47F4343434FEA1A2003F514
:10D37000807100F0FF100AF1011A01EB13215044F3
:10D38000000A090A00F0FF1001F47F4140EA01039E
:10D39000FF2F1AD00D990D9801F0FF11794300F479
:10D3A0007F4A07FB0AFA080A00F0FF1001F1011199
:10D3B00008440AF5807101EB1A21000A090A00F0FD
:10D3C000FF1001F47F4101430D910E99FF291CD0FC
:10D3D0000B990E9801F0FF1141430B9800F47F4A1E
:10D3E0000E9800FB0AFA080A00F0FF1001F1011183
:10D3F00008440AF5807101EB1A21000A090A00F0BD
:10D40000FF1001F47F4101430B911499FF291CD0B7
:10D410000F99149801F0FF1141430F9800F47F4ACF
:10D42000149800FB0AFA080A00F0FF1001F101113C
:10D4300008440AF5807101EB1A21000A090A00F07C
:10D44000FF1001F47F4101430F910D9903F0FF108C
:10D4500001F0FF1109FB01F102FB00110B9803F42D
:10D460007F4300F0FF1008FB00110F980A9E00F0A8
:10D47000FF100EFB00110D9800F47F4009FB00F037
:10D4800002FB03000B9B0A0E03F47F4308FB03001F
:10D490000F9B12FB06F203F47F430EFB0300099B74
:10D4A000C1F30721B3F800E00A9B11FB06F10CFB66
:10D4B00003FC0CF10103CCF30F2C1CFA83F36FEA8D
:10D4C00023234FEA1E2CDBB20CF0F80C0CFB0322DA
:10D4D000C0F307404FEADE0C4FEACE0E10FB06F019
:10D4E0005FFA8EFE0EFB03110CF0FC0C0CFB03002C
:10D4F00092B289B2531C03EB12224B1C02F47F42FE
:10D5000003EB112380B26FF30A02C3F3C423134366
:10D51000421C02EB1022520902F4FC621343099AE6
:10D52000138017E0984215DDBEF1FF3F12DBF44592
:10D5300010DD0A9E00B202930FFA8CF3CDE90516B6
:10D54000CDE903E2019300902B46139A09991998AB
:10D55000FFF7E7FC099B2B9A023309932A9B0BF1F7
:10D56000FF3B1C44299B13442993BBF1000F3FF759
:10D5700087AE5FE1299A4FEA244CC2F30330349A14
:10D58000139EB2F90810299A14F4704F4FEA224200
:10D5900001FB02C206EB0208B25CC4F3033E55F87D
:10D5A00022204FEA126C18D098F8019055F82960A3
:10D5B0001096360E1596C0B108EB010918F8011047
:10D5C00055F821100C91090E119199F8011055F898
:10D5D00021101291090E169107E030B118F80110D0
:10D5E00055F821100C91090E11910EFB00F808F569
:10D5F0008071A1EB0E11C8EB0E1AC8EB0019A1EB5C
:10D60000001115981FFA8AFA0AFB00F089B201FB93
:10D610000C00119E1FFA89F909FB0600169E08FBF3
:10D62000060010F47F4FC0F3072E00F0F680BCF127
:10D63000FF0F1BD002F0FF1B0CFB0BFB02F47F4221
:10D640000CFB02F24FEA1B2C02F580700CF0FF1C61
:10D650000BF1011B00EB1220DC444FEA1C2C000AEA
:10D660000CF0FF1C00F47F404CEA00021598FF28E4
:10D670001FD01098159E00F0FF107043109E4FEAC7
:10D68000102C06F47F4B159E00F1011006FB0BFBDE
:10D690000CF0FF1C84440BF5807000EB1B204FEA5C
:10D6A0001C2C000A0CF0FF1C00F47F404CEA000028
:10D6B00010901198FF281FD00C98119E00F0FF10B9
:10D6C00070430C9E4FEA102C06F47F4B119E00F124
:10D6D000011006FB0BFB0CF0FF1C84440BF5807063
:10D6E00000EB1B204FEA1C2C000A0CF0FF1C00F47E
:10D6F0007F404CEA00000C901698FF281FD012982B
:10D70000169E00F0FF107043129E4FEA102C06F494
:10D710007F4B169E00F1011006FB0BFB0CF0FF1C6B
:10D7200084440BF5807000EB1B204FEA1C2C000A90
:10D730000CF0FF1C00F47F404CEA0000129010989F
:10D7400002F0FF1C00F0FF100AFB00F001FB0C00D0
:10D750000C9E02F47F4206F0FF1C09FB0C00129E97
:10D7600006F0FF1C109E08FB0C0006F47F4C0AFB21
:10D770000CFC01FB02CC0C9A0A9E02F47F4209FBCE
:10D7800002CC129A010E02F47F4208FB02CC099AE5
:10D7900011FB06F1B2F800800A9AC0F307200EFBD5
:10D7A00002FE0EF10102CEF30F2E1EFA82F26FEA94
:10D7B00022224FEA182E10FB06F0D2B20EF0F80E1D
:10D7C0000EFB0211CCF3074C4FEAD80E4FEAC80803
:10D7D0001CFB06FC5FFA88F808FB02000EF0FC0E4A
:10D7E0000EFB02CC89B280B24A1C02EB1121421C12
:10D7F00001F47F4102EB10221FFA8CFC6FF30A0147
:10D80000C2F3C4220A430CF1010101EB1C214909B6
:10D8100001F4FC610A4309990A80099A2B990232A2
:10D8200009922A9A013B1444299A0A442992002B0E
:10D830003FF7A0AE179B002B40DDF7EE004A36EE17
:10D84000046A75EEA35AC4EE866A65EEA64AF0EE47
:10D85000672A35EE035A74EEE77A65EE266AFEEE25
:10D86000C82AFEEEC87A12EE904AF0EE472A36EE4B
:10D87000C77A17EE902ABEEEC87A249BFEEEC82A1D
:10D8800092FBF3F317EE102A2A93249BCDED292A5D
:10D8900092FBF3F32B93179B249A013B1793B0EE63
:10D8A000667A189BF0EE647A18BF1346179A002A1E
:10D8B0003FF79FAC189A002A3FF79BAC1BB0BDE81E
:10D8C000F08F2DE9F04F89B002910988BDF948C069
:10D8D0000D0A05F0F8050395CD08C900C9B2DDE9C8
:10D8E0001446059106FB0C4105F0FC05002EBDF920
:10D8F0004C809DF858709DF85C00049502EB010E79
:10D9000014DBB04512DD002C05DBA44503DD525CC1
:10D9100053F8225000E00025621C0AD4944508DD2B
:10D920004FB19EF8012053F8221005E000210D466A
:10D9300002E0002100E03946013617D4B04515DD7C
:10D94000B8B1002C0EEB0C0206DBA44504DD1EF87A
:10D950000C6053F8266000E0002601340CD4A44586
:10D960000ADD5FB1527853F8224008E000242646D1
:10D9700005E00446064602E0002400E03C4607FBC2
:10D9800000FECEEB0018AEEB001000F580704FEA01
:10D99000156BCEEB0719A0EB071005F0FF170BFB7B
:10D9A00007F7230E019305F47F433D0A0BFB03F3B6
:10D9B00007F1011705F0FF153D442D0A05F0FF158D
:10D9C000069503F5807505EB13250A0E2B0A01F069
:10D9D000FF155543079301F47F435343290A01F090
:10D9E000FF1105F101154FEA166A294406F0FF17E9
:10D9F00003F580750AFB07F705EB132506F47F4353
:10DA00000AFB03F33E0A03F5807C07F1011706F0D9
:10DA1000FF163E440CEB132C270E04F0FF137B4340
:10DA200004F47F447C43090A1FFA89F91F0A01F0B4
:10DA3000FF1109FB01F103F1011307F0FF171F4468
:10DA40002D0A04F5807303EB142305F47F45069C2F
:10DA500080B209FB05F500FB0411079C3F0A04F4A2
:10DA60007F4400FB04551B0A07F0FF1703F47F43B4
:10DA70000EFB07110EFB035309FB02F2360A4FEAB5
:10DA80001C2C1FFA88F806F0FF160CF47F4C00FBE4
:10DA90000B2208FB061108FB0C3308FB0A22090ABB
:10DAA0001B0A01F0FF1103F47F430B430199039814
:10DAB0000EFB01226FEA22220499D2B25143504355
:10DAC000059C62434C1C090A11FA84F4190A01EB03
:10DAD0001421441C000A10FA84F4180C00EB1420E2
:10DAE000C900000200F4784001F4FC610143501CBD
:10DAF000120A12FA80F203EB1223C3F3C403029A50
:10DB00000B43138009B0BDE8F08F00002DE9F04F02
:10DB10004FF0000899B02F9D1790686814911692E5
:10DB2000DDE9302100FB0122DDE926472E689DED6D
:10DB3000236A06EB42020792329ADDED245A1268FC
:10DB40009DED255A1092329ADDED2C7A55689DEDA7
:10DB50002D7A9DED344ADDED353A9DED363ACDE92D
:10DB60001188CDF82C80CDF83880CDF84C80043564
:10DB70005AE3329AB2F90810B2F90C2001F1FF3ED3
:10DB800021E05FEA244C4FEA274004D4F4450BDA45
:10DB9000002804DA0AE0BCF1FF3F0CD104E002F1F6
:10DBA000FF3C604513DB03E08C4504DA461C02DBD6
:10DBB0009042C0F296812898013B0444299807447A
:10DBC000079802300790002BDBDC00F0EE82289EE5
:10DBD000581E06FB004C5FEA2C4C00D581E1013950
:10DBE0008C4580F27E81299901FB0070001400F1C0
:10DBF0007881013A9042C0F2D88272E1329B4FEABA
:10DC0000274ED3E9020C2314C4F30332C7F30331C4
:10DC100008D400F1FF394B4580F24481BEF1000F7A
:10DC200004DA41E15E1C40F053813BE10CF1FF3925
:10DC3000CE4580F23C810FFA80FC0EFB0C3310982D
:10DC400000EB030EC35C55F82330180EC2B19EF8EA
:10DC5000018055F828600A964FEA1668C1B10EEBAC
:10DC60000C091EF80CC055F82C6099F801C00896F4
:10DC7000360E0B9655F82C600C96360E119607E072
:10DC800031B11EF80CC055F82C600896360E0B9674
:10DC900002FB01FECEEB021A0EF5807CACEB021CFF
:10DCA0001FFA8AFAACEB011CCEEB01190AFB08F152
:10DCB0001FFA8CF202FB00110B9E1FFA89F909FB77
:10DCC0000611119E0EFB061111F47F4FC1F3072CB4
:10DCD00000F0FE80FF2819D003F0FF1B00FB0BFBB8
:10DCE00003F47F4343434FEA1B2003F5807100F0A8
:10DCF000FF100BF1011B01EB13215844000A090A24
:10DD000000F0FF1001F47F4140EA0103B8F1FF0F7A
:10DD10001BD00A990A9801F0FF1108FB01F100F4E9
:10DD20007F4B08FB0BFB080A00F0FF1001F101110B
:10DD300008440BF5807101EB1B21000A090A00F071
:10DD4000FF1001F47F4101430A910B99FF291CD078
:10DD500008990B9801F0FF114143089800F47F4B9C
:10DD60000B9800FB0BFB080A00F0FF1001F10111FA
:10DD700008440BF5807101EB1B21000A090A00F031
:10DD8000FF1001F47F41014308911199FF291CD034
:10DD90000C99119801F0FF1141430C9800F47F4B4E
:10DDA000119800FB0BFB080A00F0FF1001F10111B4
:10DDB00008440BF5807101EB1B21000A090A00F0F1
:10DDC000FF1001F47F4101430C910A986FEA0C0C9B
:10DDD00000F0FF100AFB00F003F0FF1102FB01004E
:10DDE000089903F47F4301F0FF1109FB01000C992E
:10DDF0005FFA8CFC01F0FF110EFB01000A99000A8A
:10DE000001F47F410AFB01F102FB0311089B079A11
:10DE100003F47F4309FB03110C9B128803F47F4337
:10DE20000EFB03114FEA122E0B0A0EF0F80ED1086A
:10DE30000EFB0CFE01F0FC0101FB0CF1D200D2B292
:10DE400002FB0CF200F0FF100EF1010C03F47F4313
:10DE50004FEA1E2E03431EFA8CFE01F1010CC1F3A2
:10DE60000F2111FA8CF1000C4FEA132C0CEB212C32
:10DE7000374E511C00EB2E20C2F30F2212FA81F113
:10DE8000C0B24FEACC0C06EA00200CF4FC6C03EBA9
:10DE90002123079A40EA0C0CC3F3C40343EA0C03A2
:10DEA000138015E0984213DDBEF1FF3F10DBF4450F
:10DEB0000EDD00B2CDE9023E0FFA8CF3CDE904216C
:10DEC000019300902B46109A07991798FFF7F9FCD9
:10DED000079B02330793289B1C44299B1F44159BD7
:10DEE000013B1593159B002B3FF788AE60E1329AFA
:10DEF0004FEA244CB2F908103A1401FB02C2109EFA
:10DF000014F4704F06EB020EB25CC4F3033B55F8F9
:10DF10002220C7F303304FEA126C1BD09EF8019009
:10DF200055F829600D96360E1296D8B10EEB010900
:10DF30001EF8011055F821100991090E0E9199F85B
:10DF4000011055F821100F91090E13910AE000BF3E
:10DF500000F8FFFF30B11EF8011055F821100991AB
:10DF6000090E0E910BFB00FE0EF58071A1EB0B115B
:10DF7000CEEB0019A1EB0011CEEB0B1A12981FFA91
:10DF80008AFA0AFB00F089B201FB0C000E9E1FFA10
:10DF900089F909FB0600139E0EFB0600C0F3072655
:10DFA00010F47F4F159600F0F880BCF1FF0F1BD0E6
:10DFB00002F0FF1B0CFB0BFB02F47F420CFB02F296
:10DFC0004FEA1B2C02F580700CF0FF1C0BF1011BBB
:10DFD00000EB1220DC444FEA1C2C000A0CF0FF1C62
:10DFE00000F47F404CEA00021298FF281FD00D98E1
:10DFF000129E00F0FF1070430D9E4FEA102C06F4A5
:10E000007F4B129E00F1011006FB0BFB0CF0FF1C76
:10E0100084440BF5807000EB1B204FEA1C2C000A97
:10E020000CF0FF1C00F47F404CEA00000D900E98AD
:10E03000FF281FD009980E9E00F0FF107043099E24
:10E040004FEA102C06F47F4B0E9E00F1011006FBE8
:10E050000BFB0CF0FF1C84440BF5807000EB1B20C5
:10E060004FEA1C2C000A0CF0FF1C00F47F404CEA25
:10E07000000009901398FF281FD00F98139E00F0FE
:10E08000FF1070430F9E4FEA102C06F47F4B139E37
:10E0900000F1011006FB0BFB0CF0FF1C84440BF598
:10E0A000807000EB1B204FEA1C2C000A0CF0FF1CB8
:10E0B00000F47F404CEA00000F900D9E02F0FF102C
:10E0C00006F0FF1C0AFB0CFC01FB00CC099802F4D3
:10E0D0007F4200F0FF1009FB00CC0F9800F0FF100A
:10E0E0000EFB00CC06F47F400AFB00F001FB0200AF
:10E0F000099A079902F47F4209FB02000F9A0988E6
:10E1000002F47F420EFB0200020A15984FEA112E1C
:10E110006FEA00090EF0F80E5FFA89F90EFB09FEAE
:10E12000C80800F0FC0000FB09F0C9004FEA1C2CF5
:10E13000C9B201FB09F10CF0FF1C0EF1010902F458
:10E140007F424FEA1E2E4CEA02021EFA89FE4FEA77
:10E150001C4C0CEB2E2C00F1010EC0F30F2010FA1A
:10E160008EF04FEA122E0EEB202E354E481CC1F3D6
:10E170000F2111FA80F05FFA8CFC4FEACE0E06EA0E
:10E180000C2C0EF4FC6E02EB202207994CEA0E0ECA
:10E19000C2F3C40242EA0E020A80079A013B02322D
:10E1A0000792289A1444299A1744002B3FF79FAEF0
:10E1B000149B002B40DDF7EE004A36EE046A75EE44
:10E1C000A35AC4EE866A65EEA64AF0EE672A35EEDB
:10E1D000035A74EEE77A65EE266AFEEEC82AFEEE72
:10E1E000C87A12EE904AF0EE472A36EEC77A17EE5A
:10E1F000902ABEEEC87A229BFEEEC82A92FBF3F369
:10E2000017EE102A2893229B12EE907A92FBF3F3DA
:10E210002993149B229A013B1493B0EE667A169BC5
:10E22000F0EE647A18BF1346149A002A3FF7A1ACA7
:10E23000169A002A3FF79DAC19B0BDE8F08F00BFD9
:10E2400000F8FFFF9C462DE9F04F85B09DF8505037
:10E25000BDF93860DDE91070019500FB06750028F6
:10E2600002EB45030391BDF93CA09DF848109DF8D1
:10E270004C4002930CEB050950DB82454EDD002F2C
:10E2800021DBBE421FDD1CF805E04FF61F0C32F803
:10E2900015304FEADE0223F4FC656A4303F4FC63A5
:10E2A0000EFB03F30CEA521502F60102154403F1CA
:10E2B000200202EB13231B0A0CEA551503F4FC633E
:10E2C0002B43009303E04FF0000ECDF800E07B1CE1
:10E2D00029D49E4227DD49B34FF61F0B029B99F8C4
:10E2E0000120B3F802C0D3082CF4FC6803FB08F843
:10E2F0000CF4FC6C02FB0CFC0BEA581308F601084A
:10E3000043440CF1200808EB1C284FEA18280BEABC
:10E31000531308F4FC6843EA080309E00022964618
:10E320001346009204E00022134601E00A460B4621
:10E33000013055D4824553DD002C56D0002F24DB0C
:10E34000BE4222DD4FF61F0B029819F806C030F8C6
:10E3500016804FEADC0028F4FC6A00FB0AFA08F495
:10E36000FC680CFB08F80BEA5A100AF6010A504444
:10E3700008F1200A0AEB182A4FEA1A2A0BEA501071
:10E380000AF4FC6A40EA0A0002E04FF0000C604622
:10E3900001372FD4BE422DDD79B34FF61F0A029DFF
:10E3A000013619F8067035F81680FE0828F4FC6965
:10E3B00006FB09F908F4FC6807FB08F80AEA591695
:10E3C00009F601094E4408F1200909EB18284FEA23
:10E3D00018280AEA561608F4FC6846EA08060EE011
:10E3E0000027BC463E46384609E02746A446264656
:10E3F000204604E000273E4601E00F460E4611FB92
:10E4000004F9009D4FEA034BC9F3C7080BF0FC6BFE
:10E4100023F4FC634FEA054A4BEA0303C8EB410BC4
:10E420000BFB03F30AF0FC6A25F4FC654AEA0505D8
:10E43000C4F1100AAAEB010A08EB4A0A0AFB0533E9
:10E44000350405F0FC6526F4FC66354308FB05350C
:10E45000030403F0FC6320F4FC600343C8EB4408AE
:10E4600008FB0358039BA9EB04161888C9EB01139A
:10E470009BB2534306F58076A6EB0116B6B20EFBAF
:10E480000633C9EB0414A4B20CFB043309FB0733B5
:10E49000019AC3F3072353435C1CC3F30F2313FAFE
:10E4A00084F46FEA2424010AE4B24FEA585501F0DB
:10E4B000F8014FEA581811FB04F128F4FC6805F440
:10E4C000FC6545EA0805C5F3072303F0F80303FBE1
:10E4D0000211C20802F0FC0212FB04F2019EC5F315
:10E4E000CC0303F0FC0303FB0622C300DBB213FBE7
:10E4F00004F3ED0089B205F0F80505FB063392B28E
:10E50000481C00EB1121501C00EB122252099BB257
:10E5100002F4FC6201F4784111435A1C02EB13230C
:10E52000C3F3C423039A0B43138005B0BDE8F08FF7
:10E530002DE9F04F95B0129200222B9C1390606849
:10E54000CDE90D2210910A920F92DDE92C2100FBFA
:10E55000012224689DED1F6A04EB420209922E9A63
:10E56000DDED205A12689DED215A0B922E9ADDEDB9
:10E57000287A52689DED297A9DED304ADDED313AD9
:10E580009DED323A239D9DF8BC600C928BE32E9A50
:10E59000B2F90810B2F90C2001F1FF3C1FE0229FF4
:10E5A00028143F1404D4674509DA002803DA08E088
:10E5B0007C1C0AD103E0571EB84214DB03E08F42F3
:10E5C00003DA471C01DB904214DB2298249F013BB5
:10E5D0003844229025980544099802300990002B70
:10E5E000DDDC00F01D83229F249C581E04FB007775
:10E5F0003F1401D59B46A7E101398F42FADA2599EC
:10E6000001FB00500014F5D4013A9042C0F2088397
:10E61000F0E7229B229C2E9AC3F303312E9B5FEAE4
:10E62000244E9B68D2684FEA2547C5F3033007D4D0
:10E6300003F1FF3CE64580F26681002F05DA64E1D4
:10E64000BEF1FF3F40F075815DE102F1FF3C67459F
:10E6500080F25D810FFA83FC07FB0CE20C9B03EB5D
:10E66000020813F802900B01C3F5807798F801E0D7
:10E67000BFB2F0B118F80C4008EB0C0A00FB01F82F
:10E68000A3EB08039BB20EFB03F3A7EB0017474471
:10E69000BFB209FB07330A949AF80140C8EB001790
:10E6A0000D940A9CBFB204FB07330D9C08FB043396
:10E6B00003E00EFB03F309FB0733C3F30723002B2F
:10E6C00000F037810B9CB9F1FF0F34F8127004EBA6
:10E6D00042081BD04FEAD90A27F4FC620AFB02F277
:10E6E0004FF61F0A07F4FC6709FB07F70AEA5219FD
:10E6F00002F60102914407F1200202EB1722120AEE
:10E700000AEA591902F4FC6249EA0207BEF1FF0F56
:10E71000B8F802201BD022F4FC6902F4FC624FEA34
:10E72000DE0A0EFB02FE4FF61F020AFB09F902EA9F
:10E73000591A09F60109CA440EF1200902EA5A1AC7
:10E7400009EB1E22120A02F4FC624AEA02024FEAB4
:10E75000074E0EF0FC6E27F4FC674EEA070E170416
:10E7600007F0FC6722F4FC621743002873D00A9C70
:10E7700038F81C20FF2C08EB4C091BD04FF61F0A61
:10E7800022F4FC6C4FEAD40808FB0CFC02F4FC6297
:10E7900062430AEA5C180CF6010CE04402F1200C1A
:10E7A0000CEB122C4FEA1C2C0AEA58180CF4FC6CE7
:10E7B00048EA0C020D9CB9F802C0FF2C1CD04FF6A1
:10E7C0001F0A2CF4FC684FEAD40909FB08F80CF482
:10E7D000FC6C04FB0CFC0AEA581908F60108C14459
:10E7E0000CF1200808EB1C284FEA18280AEA5919EE
:10E7F00008F4FC6849EA080C10FB01F9C0F11008A4
:10E80000A8EB01084900A1EBD90179434FEA480878
:10E8100008EBD9080EFB0811170407F0FC6722F477
:10E82000FC6240003A43A0EBD90000FB02104FEA23
:10E830000C4202F0FC622CF4FC6C4FEAE90A42EA5A
:10E840000C020AFB0202510D520901F4FC6122F490
:10E85000FC620A430DE04F43C1F110020EFB027748
:10E86000C7F30A52C7F31A1702F4FC6227F4FC67D5
:10E870003A4306EA0301FF2992B241D073435F1C79
:10E88000C3F30F2313FA87F76FEA27270999FFB21B
:10E890000988130A080A00F0F80010FB07F003F0DB
:10E8A000F80303FB0600CB0803F0FC0313FB07F39C
:10E8B000C900C9B24FEAD20C11FB07F10CF0FC0CF5
:10E8C0000CFB0633D200D2B202FB061180B29BB21F
:10E8D000421C02EB10205A1C89B202EB132200F4F6
:10E8E0007F4052094B1C6FF30A0002F4FC6203EBF9
:10E8F00011230243C3F3C4231343099A138018E07E
:10E90000099B1A8015E0734513DD7C1C11DBBA42AC
:10E910000FDD12B21BB2CDE90506CDE903710192FC
:10E92000009309991398CDF808E0DDE90B23FFF770
:10E9300089FC099B249A02330993229B0BF1FF3B2C
:10E9400013442293259B1D44BBF1000F3FF761AE9A
:10E950006DE1229B2299C3F303322E9B4FEA214A99
:10E96000B3F908702B1407FB03AA0C9B15F4704F26
:10E9700003EB0A0913F80A004FEA0213C3F580718A
:10E9800099F80180C5F3033C89B21ED019F80740FD
:10E9900009EB070B0CFB02F9A3EB09039BB208FB85
:10E9A00003F3A1EB0C11494489B200FB01330E942F
:10E9B0009BF80140C9EB0C110F940E9C89B204FB2B
:10E9C00001330F9909FB013303E008FB03F300FB5C
:10E9D0000133C3F30723002B00F015810B99FF28A7
:10E9E00001EB4A0931F81A1018D04FEAD00B21F484
:10E9F000FC6A0BFB0AFA01F4FC6B00FB0BFB0BF14E
:10EA000020000EEA5A1100EB1B200AF6010A5144BD
:10EA1000000A0EEA511100F4FC600143B8F1FF0F47
:10EA2000B9F8020019D04FEAD80B20F4FC6A0BFBAE
:10EA30000AFA00F4FC6B08FB0BFB0EEA5A100BF110
:10EA400020080AF6010A824408EB1B20000A0EEA9D
:10EA50005A1A00F4FC604AEA00004FEA01484FEA03
:10EA6000004A08F0FC6821F4FC610AF0FC6A20F41A
:10EA7000FC6048EA01014AEA000ABCF1000F6AD0D2
:10EA80000E9C39F81700FF2C09EB470818D020F42A
:10EA9000FC674FEAD40909FB07F700F4FC60604308
:10EAA0000EEA571907F60107B94400F1200707EBF2
:10EAB00010273F0A0EEA591907F4FC6749EA0700D4
:10EAC0000F9CB8F80270FF2C19D027F4FC684FEAAD
:10EAD000D40909FB08F807F4FC6767430EEA5819E4
:10EAE00008F60108C14407F1200808EB17284FEA8F
:10EAF00018280EEA591908F4FC6849EA08071CFBB3
:10EB000002F9CCF11008A8EB02085200A2EBD902DE
:10EB10000AFB02F24FEA480808EBD90801FB082279
:10EB2000010401F0FC6120F4FC604FEA4C0C084346
:10EB3000ACEBD90C0CFB002C3A0402F0FC6227F47D
:10EB4000FC674FEAE90B3A430BFB02C2510D01F49B
:10EB5000FC6152090BE0C2F110000AFB02F201FB5A
:10EB60000022C2F30A5101F4FC61C2F31A1222F42A
:10EB7000FC620A4306EA0301FF2992B241D07343C3
:10EB80005F1CC3F30F2313FA87F76FEA272709994E
:10EB9000FFB20988130A080A00F0F80010FB07F01A
:10EBA00003F0F80303FB0600CB0803F0FC0313FBA0
:10EBB00007F3C900C9B24FEAD20C11FB07F10CF000
:10EBC000FC0C0CFB0633D200D2B202FB061180B261
:10EBD0009BB2421C02EB10205A1C89B202EB13229A
:10EBE00000F47F4052094B1C6FF30A0002F4FC62F0
:10EBF00003EB11230243C3F3C4231343099A138085
:10EC000001E0099B1A80099B249A02330993229BF5
:10EC100013442293259B1D44119B013B119302E059
:10EC20004FF61F0E1193119B002B3FF792AE109BD6
:10EC3000002B40DDF7EE004A36EE046A75EEA35A6B
:10EC4000C4EE866A65EEA64AF0EE672A35EE035AF0
:10EC500074EEE77A65EE266AFEEEC82AFEEEC87A02
:10EC6000CDED222AF0EE472A36EEC77A17EE902A2B
:10EC7000BEEEC87A1E9BFEEEC82A92FBF3F317EE97
:10EC8000102A24931E9B12EE905A92FBF3F32593C5
:10EC9000109B1E9A013B1093B0EE667A129BF0EE29
:10ECA000647A18BF1346109A002A3FF770AC129A84
:10ECB000002A3FF76CAC15B0BDE8F08F2DE9F04F9E
:10ECC00085B0BDF93860DDE9107000FB06759C4623
:10ECD000002803EB45030391BDF93CA09DF84810C3
:10ECE0009DF84C40029302EB050950DB82454EDD56
:10ECF000002F21DBBE421FDD12F805E03CF8152095
:10ED00004FEADE0322F4FC656B434FF61F0502F465
:10ED1000FC620EFB02F205EA531C03F601039C445D
:10ED200002F1200303EB12231B0A05EA5C1503F42E
:10ED3000FC632B43019303E04FF0000ECDF804E099
:10ED40007B1C29D49E4227DD49B34FF61F0B029B43
:10ED500099F80120B3F802C0D3082CF4FC6803FB37
:10ED600008F80CF4FC6C02FB0CFC0BEA581308F6D8
:10ED7000010843440CF1200808EB1C284FEA18282E
:10ED80000BEA531308F4FC6843EA080309E0002285
:10ED900096461346019204E00022134601E00A461B
:10EDA0000B46013055D4824553DD002C56D0002F40
:10EDB00024DBBE4222DD4FF61F0B029819F806C075
:10EDC00030F816804FEADC0028F4FC6A00FB0AFAEF
:10EDD00008F4FC680CFB08F80BEA5A100AF6010A62
:10EDE000504408F1200A0AEB182A4FEA1A2A0BEAC3
:10EDF00050100AF4FC6A40EA0A0002E04FF0000CEE
:10EE0000604601372FD4BE422DDD79B3029D013615
:10EE100019F8067035F81690FE0829F4FC6806FB10
:10EE200008F84FF61F0609F4FC6907FB09F906EA22
:10EE3000581A08F60108C24409F1200808EB1928FD
:10EE40004FEA182806EA5A1608F4FC6846EA08064B
:10EE50000EE00027BC463E46384609E02746A44659
:10EE60002646204604E000273E4601E00F460E46B7
:10EE700011FB04F9019D4FEA034BC9F3C7080BF0DE
:10EE8000FC6B23F4FC634FEA054A4BEA0303C8EB2F
:10EE9000410B0BFB03F30AF0FC6A25F4FC654AEA1C
:10EEA0000505C4F1100AAAEB010A08EB4A0A0AFB9D
:10EEB0000533350405F0FC6526F4FC66354308FB94
:10EEC0000533050405F0FC6520F4FC602843C8EB1D
:10EED000440808FB0033580D5B0923F4FC6300F47D
:10EEE000FC601843039BA9EB04181E88C9EB0113AF
:10EEF0009BB2534308F58078A8EB01181FFA88F8F5
:10EF00000EFB0833C9EB0414A4B20CFB043309FB59
:10EF100007336FEA2323320ADBB202F0F8025A43C6
:10EF2000F408511C04F0FC04120A5C4312FA81F14B
:10EF3000C0F3072222F0070202EB2122120202F4A0
:10EF40007841F600621CC4F30F2414FA82F4F6B27E
:10EF5000C0F3CC02734322F0030202EB2422D2005E
:10EF600002F4FC620A4385B2591CC3F30F2313FA5F
:10EF700081F3ED0005EB2325C5F3C405039B154381
:10EF80001D8005B0BDE8F08F2DE9F04F91B00E92D5
:10EF90000022279C0F906068CDE909220C9106920F
:10EFA0000B92DDE9282100FB012224689DED1B6AFC
:10EFB00004EB42042A9ADDED1C5A12689DED1D5A9D
:10EFC00007922A9ADDED247A52689DED257A9DED0F
:10EFD0002C4ADDED2D3A9DED2E3A1F9E089262E3FC
:10EFE0002A9AB2F90810B2F90C2001F1FF3C1DE099
:10EFF0001E9D30142F1404D4674509DA002803DA63
:10F0000008E07D1C0AD103E0571EB84212DB03E082
:10F010008F4203DA471C01DB904212DB20981E9DD1
:10F02000013B054421981E9506440234002BDFDC89
:10F0300000F0F682209F1E9D581E07FB00573F14CC
:10F0400001D59B4691E101398F42FADA219901FB02
:10F0500000600014F5D4013A9042C0F2E182F0E77A
:10F060001E9B1E9D2A9AC3F303312A9B5FEA254EFD
:10F070009B68D2684FEA2647C6F3033007D403F1F2
:10F08000FF3CE64580F25481002F05DA52E1BEF1E3
:10F09000FF3F40F061814BE102F1FF3C674580F2A8
:10F0A0004B810FFA83FC07FB0CE2089B03EB020881
:10F0B00013F802900B01C3F5807798F801E0BFB216
:10F0C000F0B118F80C5008EB0C0A00FB01F8A3EBA8
:10F0D00008039BB20EFB03F3A7EB00174744BFB234
:10F0E00009FB073306959AF80150C8EB00170995FC
:10F0F000069DBFB205FB0733099D08FB053303E0FE
:10F100000EFB03F309FB0733C3F30723002B00F0C7
:10F110002381079DB9F1FF0F35F8127005EB420806
:10F120001BD04FEAD90A27F4FC620AFB02F24FF621
:10F130001F0A07F4FC6709FB07F70AEA521902F6EF
:10F140000102914407F1200202EB1722120A0AEA97
:10F15000591902F4FC6249EA0207BEF1FF0FB8F840
:10F1600002201BD022F4FC6902F4FC624FEADE0AA2
:10F170000EFB02FE4FF61F020AFB09F902EA591ABA
:10F1800009F60109CA440EF1200902EA5A1A09EBEC
:10F190001E22120A02F4FC624AEA02024FEA074EF9
:10F1A0000EF0FC6E27F4FC674EEA070E170407F01A
:10F1B000FC6722F4FC621743002873D0069D38F8E0
:10F1C0001C20FF2D08EB4C091BD04FF61F0A22F420
:10F1D000FC6C4FEAD50808FB0CFC02F4FC626A43A5
:10F1E0000AEA5C180CF6010CE04402F1200C0CEB6E
:10F1F000122C4FEA1C2C0AEA58180CF4FC6C48EA52
:10F200000C02099DB9F802C0FF2D1CD04FF61F0A51
:10F210002CF4FC684FEAD50909FB08F80CF4FC6CE7
:10F2200005FB0CFC0AEA581908F60108C1440CF168
:10F23000200808EB1C284FEA18280AEA591908F494
:10F24000FC6849EA080C10FB01F9C0F11008A8EBB2
:10F2500001084900A1EBD90179434FEA480808EBBE
:10F26000D9080EFB0811170407F0FC6722F4FC62B2
:10F2700040003A43A0EBD90000FB02104FEA0C42D9
:10F2800002F0FC622CF4FC6C4FEAE90A42EA0C0240
:10F290000AFB0202510D520901F4FC6122F4FC62E6
:10F2A0000A430DE04F43C1F110020EFB0277C7F392
:10F2B0000A52C7F31A1702F4FC6227F4FC673A43B8
:10F2C000FF2B92B200D131E0DB432788DBB2380A52
:10F2D00000F0F8005843F90801F0FC01FF00594321
:10F2E000FFB27B43471C000A10FA87F7100A20F090
:10F2F000070000EB17204F1C090A11FA87F7D10805
:10F3000021F00301C54D01EB1721C0B2C90005EA88
:10F31000002001F4FC610143581C1B0A13FA80F31E
:10F32000D20002EB1322C2F3C4020A43228013E08C
:10F33000734511DD7D1C0FDBBA420DDD12B21BB22D
:10F34000CDE90410019200932146DDE90732CDE9B1
:10F3500002E70F98FFF7B2FC209B1E9A02341A4472
:10F36000219B1E921E440BF1FF3BBBF1000F3FF7A8
:10F3700077AE5CE11E9B1E99C3F303322A9B4FEAD2
:10F38000214AB3F90870331407FB03AA089B16F44B
:10F39000704F03EB0A0913F80A004FEA0213C3F592
:10F3A000807199F80180C6F3033C89B21ED019F828
:10F3B000075009EB070B0CFB02F9A3EB09039BB207
:10F3C00008FB03F3A1EB0C11494489B200FB0133A4
:10F3D0000A959BF80150C9EB0C110B950A9D89B257
:10F3E00005FB01330B9909FB013303E008FB03F331
:10F3F00000FB0133C3F30723002B00F003810799BF
:10F40000FF2801EB4A0931F81A1018D04FEAD00B47
:10F4100021F4FC6A0BFB0AFA01F4FC6B00FB0BFB0A
:10F420000BF120000EEA5A1100EB1B200AF6010A2C
:10F430005144000A0EEA511100F4FC600143B8F196
:10F44000FF0FB9F8020019D04FEAD80B20F4FC6A7C
:10F450000BFB0AFA00F4FC6B08FB0BFB0EEA5A10DC
:10F460000BF120080AF6010A824408EB1B20000A6F
:10F470000EEA5A1A00F4FC604AEA00004FEA01481A
:10F480004FEA004A08F0FC6821F4FC610AF0FC6ACB
:10F4900020F4FC6048EA01014AEA000ABCF1000FCE
:10F4A0006AD00A9D39F81700FF2D09EB470818D0DC
:10F4B00020F4FC674FEAD50909FB07F700F4FC606C
:10F4C00068430EEA571907F60107B94400F120070F
:10F4D00007EB10273F0A0EEA591907F4FC6749EABF
:10F4E00007000B9DB8F80270FF2D19D027F4FC68B7
:10F4F0004FEAD50909FB08F807F4FC676F430EEAE9
:10F50000581908F60108C14407F1200808EB17282C
:10F510004FEA18280EEA591908F4FC6849EA080766
:10F520001CFB02F9CCF11008A8EB02085200A2EB78
:10F53000D9020AFB02F24FEA480808EBD90801FB9E
:10F540000822010401F0FC6120F4FC604FEA4C0C3D
:10F550000843ACEBD90C0CFB002C3A0402F0FC6223
:10F5600027F4FC674FEAE90B3A430BFB02C2510D4B
:10F5700001F4FC6152090BE0C2F110000AFB02F237
:10F5800001FB0022C2F30A5101F4FC61C2F31A121A
:10F5900022F4FC620A43FF2B92B200D131E0DB433C
:10F5A0002788DBB2380A00F0F8005843F90801F068
:10F5B000FC01FF005943FFB27B43471C000A10FACD
:10F5C00087F7100A20F0070000EB17204F1C090AEC
:10F5D00011FA87F7D10821F00301104D01EB172133
:10F5E000C0B2C90005EA002001F4FC610143581CC7
:10F5F0001B0A13FA80F3D20002EB1322C2F3C402F7
:10F600000A432280209B1E9A02341A44219B1E9298
:10F610001E440D9B013B0D9305E000BF00F8FFFF6A
:10F620004FF61F0E0D930D9B002B3FF7A3AE0C9BC7
:10F63000002B40DDF7EE004A36EE046A75EEA35A61
:10F64000C4EE866A65EEA64AF0EE672A35EE035AE6
:10F6500074EEE77A65EE266AFEEEC82AFEEEC87AF8
:10F66000CDED1E2AF0EE472A36EEC77A17EE902A25
:10F67000BEEEC87A1A9BFEEEC82A92FBF3F317EE91
:10F68000102A20931A9B12EE906A92FBF3F32193B7
:10F690000C9B1A9A013B0C93B0EE667A0E9BF0EE2F
:10F6A000647A18BF13460C9A002A3FF799AC0E9A59
:10F6B000002A3FF795AC11B0BDE8F08F2DE9F04777
:10F6C000DDE9096505FB0368002DBDF920A09DF863
:10F6D0002CC09DF830709DF83440088802EB480E2D
:10F6E00013DBAA4511DD002E04DBB34202DD32F844
:10F6F000188000E08046721C0AD4934208DDBCF1F9
:10F70000000F05D0BEF8029003E08146804600E07D
:10F710008146013515D4AA4513DD97B1002E04DBCF
:10F72000B34202DD3EF8135000E0054601360BD42B
:10F73000B34209DDBCF1000F06D001333EF81320BF
:10F7400003E00246054600E002461CFB07F64FEACE
:10F75000084E4FEA094328F4FC680EF0FC6EC6F32D
:10F76000C7064EEA080E03F0FC63C7F1100829F43F
:10F77000FC69A8EB0C0843EA0903C6EB4C0C0CFB34
:10F7800003F306EB480808FB0E334FEA024C0CF07B
:10F79000FC6C22F4FC624CEA020206FB0233C6EB6C
:10F7A0004706E7432A0402F0FC6225F4FC652A437D
:10F7B00006FB0233060AFFB25A0D06F0F8065B0993
:10F7C00002F4FC6216FB07F623F4FC631343C3F355
:10F7D000072202F0F80202FB0466C20802F0FC02F3
:10F7E00012FB07F2C3F3CC0505F0FC05DB0005FBBB
:10F7F000042203F0F805C300DBB213FB07F392B257
:10F8000005FB0433B6B2541C701C04EB122200EB4F
:10F81000162052099BB202F4FC6200F478401043B7
:10F820005A1C02EB1323C3F3C42303430B80BDE82C
:10F83000F0872DE9F04F1C46002391B09DF8AC7085
:10F840000F906FEA0708DDE91E5627980A91416874
:10F85000CDE90B330E9208930D93DDE9283201FBBD
:10F86000023301689DED1B6A01EB430307932A9B5A
:10F87000DDED1C5A1B689DED1D5ADDED247A9DEDD2
:10F88000257A9DED2C4ADDED2D3A9DED2E3A09931A
:10F890005FFA88F8F4E12A9BB3F90820B3F90C3039
:10F8A00002F1FF3E21E05FEA254C4FEA264004D4F6
:10F8B000F4450BDA002804DA0AE0BCF1FF3F0CD172
:10F8C00004E003F1FF3C604513DB03E0944504DAF8
:10F8D000411C02DB9842C0F2EE8020980799054453
:10F8E000219802310644013C0791002CDBDC00F03A
:10F8F00087812099601E01FB005C5FEA2C4C00F1BF
:10F90000DA80013A944580F2D680219A02FB0060A9
:10F91000001400F1D080013B9842C0F27181CAE02E
:10F920002A9A3314D2E9029E2A14C5F30330C6F38F
:10F93000033C07D409F1FF3A524580F29F80002B27
:10F9400004DA9DE0511C40F0AE8097E00EF1FF3AE2
:10F95000534580F297800FFA89F903FB0922099B2E
:10F9600003EB420E33F81230BEF80220BCF1000F58
:10F9700007D03EF819100EEB490A0891BAF80210A8
:10F980000B9110FB0CFA4FEA034E0EF0FC6E23F4C1
:10F99000FC634EEA030E4FEA024BCCF110031B1A34
:10F9A0000BF0FC6B22F4FC624000A0EBDA004BEAA7
:10F9B000020242435B0003EBDA0303FB0E200B9BC6
:10F9C0000B9A1B0403F0FC6322F4FC624FEAEA0981
:10F9D0001A43089B09FB020208991B0421F4FC60EE
:10F9E00003F0FC630343C9EB4C0909FB03294FEA0D
:10F9F00059524FEA591902F4FC6329F4FC6943EAAD
:10FA00000902079BC2F307201B8800F0F8004FEAA9
:10FA1000132C0CF0F80C1CFB08FC00FB07CCD808DE
:10FA200000F0FC0010FB08F0DB00DBB2C2F3CC0EF0
:10FA300013FB08F30EF0FC0E0EFB0700D20002F0E1
:10FA4000F80202FB07331FFA8CFC80B20CF10102B2
:10FA500002EB1C2C421C9BB202EB10225209581CD8
:10FA60000CF4784C02F4FC6200EB13234CEA020223
:10FA7000C3F3C4231343079A138014E0914512DDA6
:10FA8000591C10DB9E450EDDCDE902300FFA8EF3D6
:10FA900001920093CDE904C7099A07990F980FFACC
:10FAA00089F3FFF70BFE079B013C02330793209B72
:10FAB0001D44219B1E44002C3FF732AFA3E02A9B3C
:10FAC0003214B3F908E02B140EFB0232099B09999A
:10FAD00003EB420316F4704F31F81200C5F3033CF8
:10FAE0005A88C6F3033907D003EB4E0A33F81E30A9
:10FAF0000C93BAF802300D931CFB09FA4FEA004E42
:10FB00000EF0FC6E20F4FC604EEA000E4FEA024B51
:10FB1000C9F11000A0EB0C000BF0FC6B22F4FC62AE
:10FB20004FEA4C0CACEBDA0C4BEA02020CFB02F293
:10FB3000400000EBDA0000FB0E2C0D9A0C9910042B
:10FB400000F0FC6022F4FC624FEAEA03024303FB8C
:10FB500002C2080421F4FC6C00F0FC6040EA0C00D6
:10FB6000C3EB490303FB00235A0D5B0923F4FC6339
:10FB700002F4FC621A43079BC2F307201B8800F0C3
:10FB8000F8004FEA132C0CF0F80C1CFB08FC00FBEF
:10FB900007CCD80800F0FC0010FB08F0DB00DBB25B
:10FBA000C2F3CC0E13FB08F30EF0FC0E0EFB0700A5
:10FBB000D20002F0F80202FB07331FFA8CFC80B27D
:10FBC0000CF1010202EB1C2C421C9BB202EB102236
:10FBD0000CF47F4C581C520900EB13206FF30A0CF5
:10FBE00002F4FC62079B4CEA0202C0F3C4201043FB
:10FBF00023F8020B0793209B013C1D44219B1E44CC
:10FC0000002C3FF75CAF0A9B002B41DDF7EE004A6A
:10FC100036EE046A75EEA35AC4EE866A65EEA64A0D
:10FC2000F0EE672A35EE035A74EEE77A65EE266A3F
:10FC3000FEEEC82AFEEEC87A12EE905AF0EE472A7F
:10FC400036EEC77A17EE902ABEEEC87A1A9BFEEE01
:10FC5000C82A92FBF3F317EE102A20931A9B12EE98
:10FC6000906A92FBF3F321930A9B1A9A013B0A9341
:10FC70000E9B14BF14461C46B0EE667AF0EE647A12
:10FC80000A9B002B3FF707AE0E9B002B3FF703AEFE
:10FC900011B0BDE8F08F2DE9F043DDE9084606FB21
:10FCA000034C002EBDF91C909DF828709DF82C5037
:10FCB000088802EB4C0811DBB1450FDD002C04DB9A
:10FCC000A34202DD32F81CE000E08646621C08D444
:10FCD000934206DD2FB1B8F802C003E084468646A1
:10FCE00000E08446013613D4B14511DD85B1002C06
:10FCF00004DBA34202DD38F8132000E002460134A1
:10FD000007D4A34205DD27B1013338F8130000E022
:10FD1000024617FB05F64FEA0E4303F0FC632EF490
:10FD2000FC6E43EA0E0E4FEA0C43C6F3C7062CF4F2
:10FD3000FC64C5F1100803F0FC63A8EB070823433B
:10FD4000C6EB47077B4306EB480808FB0E33040469
:10FD500004F0FC6420F4FC60204306FB0033100434
:10FD600000F0FC6022F4FC620243C6EB450606FB91
:10FD700002335A0D5B0902F4FC6223F4FC63134363
:10FD80000B80BDE8F0832DE9F04F00278FB00D9078
:10FD90002598089141681C46DDE91C560C92DDE966
:10FDA000263201FB023301689DED196A01EB430322
:10FDB0000793289BDDED1A5A9DED1B5ADDED227A43
:10FDC0009DED237A9DED2A4ADDED2B3A9DED2C3AEF
:10FDD000F7EE002ACDE90977D3F800800B9770E1A0
:10FDE000289BB3F90820B3F90C3002F1FF3E21E063
:10FDF0005FEA254C4FEA264004D4F4450BDA00288C
:10FE000004DA0AE0BCF1FF3F0CD104E003F1FF3C4F
:10FE1000604513DB03E0944504DA411C02DB9842A1
:10FE2000C0F2A9801E98079905441F980231064424
:10FE3000013C0791002CDBDC00F006811E99601E5E
:10FE400001FB005C5FEA2C4C00F19580013A94457F
:10FE500080F291801F9A02FB0060001400F18B80F9
:10FE6000013B9842C0F2F08085E0289A3314D2E931
:10FE7000029E2A14C5F30330C6F3033C06D409F1ED
:10FE8000FF3A52455BDA002B03DA5AE0511C6AD183
:10FE900055E00EF1FF3A534555DA0FFA89F903FBA5
:10FEA000092208EB420E38F81230BEF80220BCF1ED
:10FEB000000F06D00EEB490ABAF802103EF819708E
:10FEC000099110FB0CFA4FEA034E0EF0FC6E23F47E
:10FED000FC634EEA030E4FEA024BCCF110031B1AEF
:10FEE0000BF0FC6B22F4FC624000A0EBDA004BEA62
:10FEF000020242435B0003EBDA0303FB0E20099B83
:10FF0000099A1B0403F0FC6322F4FC624FEAEA093D
:10FF10001A4309FB02023B0403F0FC6327F4FC6074
:10FF20000343C9EB4C0909FB0322530D520922F488
:10FF3000FC6203F4FC631343079A138013E09145BA
:10FF400011DD591C0FDB9E450DDDCDE901230FFAB4
:10FF50008EF3CDE9030C0093424607990D980FFAF2
:10FF600089F3FFF798FE079B013C023307931E9B22
:10FF70001D441F9B1E44002C3FF777AF66E0289B73
:10FF80003214B3F908E02B140EFB023216F4704F52
:10FF900008EB4203588838F81220C5F3033CC6F337
:10FFA000033907D003EB4E0A33F81E300A93BAF830
:10FFB00002300B931CFB09FA4FEA024E0EF0FC6E66
:10FFC00022F4FC624EEA020E4FEA004BC9F1100225
:10FFD000A2EB0C020BF0FC6B20F4FC604FEA4C0C23
:10FFE000ACEBDA0C4BEA00000CFB00F0520002EB29
:10FFF000DA0202FB0E0C0B9A0B99120402F0FC625F
:020000040802F0
:1000000021F4FC604FEAEA0310430A9A03FB00C0A4
:100010000A99120402F0FC6221F4FC6C42EA0C0220
:10002000C3EB490303FB02035A0D5B0923F4FC6392
:1000300002F4FC621A43079B013C23F8022B07934E
:100040001E9B1D441F9B1E44002C98DC089B002B0C
:100050003FDD36EE046A75EEA35AC2EE866A65EE9F
:10006000A64AB0EE672A35EE035A74EEE77A65EEDB
:10007000266ABEEEC82AFEEEC87A12EE105AB0EE1C
:10008000472A36EEC77A17EE902ABEEEC87A189B3A
:10009000BEEEC82A92FBF3F317EE102A1E93189BAC
:1000A00012EE106A92FBF3F31F93089B189A013B20
:1000B00008930C9B14BF14461C46B0EE667AF0EE13
:1000C000647A089B002B3FF78BAE0C9B002B3FF70D
:1000D00087AE0FB0BDE8F08F2DE9F04F85B0DDE9B8
:1000E0000F60019100FB03610028BDF938809DF885
:1000F00044709DF848509DF84CE002EB810C11DBF8
:1001000080450FDD002E04DBB34202DD52F82140B2
:1001100000E00024721C08D4934206DD3FB1DCF8F5
:10012000041005E000210C4602E0002100E0394601
:10013000013013D4804511DD9DB1002E04DBB342A4
:1001400002DD5CF8230000E0002001360CD4B3424D
:100150000ADD5FB101335CF8232008E0002210467D
:1001600005E02A46284602E0002200E03A4605FB68
:1001700007F6C6EB07139BB20093C6EB051CA6EB74
:100180000513009D4FEA116A0AFB05F503F580731C
:10019000A3EB07134FEA146B9BB20BFB03554FEA1B
:1001A00010691FFA8CFC0CFB09554FEA126806FB1C
:1001B0000855C5F3072715F47F4F029700F0B78065
:1001C00004F0FF170BFB07F704F47F440BFB04F468
:1001D0004FEA172B0BF0FF1B07F10117BB444FEA47
:1001E0001B2B0BF0FF1701F0FF1B01F47F410AFBF3
:1001F00001F10AFB0BFB01F5807A0AEB112100F0FB
:10020000FF1A09FB0AFA00F47F4009FB00F04FEAED
:100210001A2909F0FF190AF1011AD14400F5807A70
:100220000AEB102002F0FF1A08FB0AFA02F47F42E0
:1002300008FB02F2039704F5807707EB14274FEAD7
:100240001A284FEA1B2408F0FF1804F0FF140BF1E2
:10025000011B0AF1011AC2445C4402F5807808EBE4
:100260001228240A009A04F0FF145443039A090A3E
:1002700003FB0244009A01F47F415143029A3F0A72
:1002800002FB0EF207F47F4703FB0711571CC2F372
:100290000F2212FA87F76FEA27274FEA1A2A0AF085
:1002A000FF1A06FB0A444FEA182808F47F4806FBA9
:1002B00008184FEA192909F0FF190CFB0944000A34
:1002C00000F47F400CFB0083019D260E2D8816FB59
:1002D0000EF6C3F307432A0A13FB0EF3FFB202F034
:1002E000F80202FB0766EA0802F0FC0202FB073391
:1002F000C4F3072212FB0EF2ED00EDB205FB07225C
:1003000092B2B6B29BB2511C01EB1222701C591C66
:1003100000EB162001EB132300F47840C2F3C42253
:100320005B09024303F4FC631343019A138005B095
:10033000BDE8F08F2DE9F04F002799B02F9DCDE952
:100340001512DDE926469DF8CC20179068680892C2
:10035000DDE9302100FB01222D689DED236A05EBCC
:1003600042020792329ADDED245A12689DED255A19
:10037000DDED2C7A9DED2D7A9DED344ADDED353A9B
:100380009DED363ACDE912770C970F97149711929D
:1003900039E3329AB2F90810B2F90C2001F1FF3EAC
:1003A00020E05FEA244C4FEA264004D4F4450BDAFF
:1003B000002804DA0AE0BCF1FF3F0BD104E002F1AF
:1003C000FF3C604512DB03E08C4503DA451C01DB92
:1003D000904212DB2898013B044429980644079870
:1003E00002300790002BDCDC00F0CE82289D581EE6
:1003F00005FB004C5FEA2C4C01D59B4671E10139AD
:100400008C45FADA299901FB00600014F5D4013A11
:100410009042C0F2B982F0E7329A3014D2E902EC8D
:100420002214C4F30333C6F3033107D40EF1FF38AB
:10043000424580F23781002804DA35E1551C40F04E
:1004400047812FE10CF1FF38404580F22F810FFAF0
:100450008EFE00FB0E22119800EB820C50F8222039
:10046000100E8BB1DCF804500B952F0E91B15CF897
:100470002E500CEB8E0809952D0E0C95D8F80450D3
:100480000D952D0E129505E021B15CF82E500995C1
:100490002D0E0C9503FB01FECEEB03190EF5807CAF
:1004A000ACEB031C1FFA89F9ACEB011CCEEB011875
:1004B00009FB07F11FFA8CF303FB00110C9D1FFAD7
:1004C00088F808FB0511129D0EFB051111F47F4FF2
:1004D000C1F3072C00F0FC80FF2819D002F0FF1AAE
:1004E00000FB0AFA02F47F4242434FEA1A2002F567
:1004F000807100F0FF100AF1011A01EB1221504443
:10050000000A090A00F0FF1001F47F4140EA0102ED
:10051000FF2F1AD00B990B9801F0FF11794300F4CB
:100520007F4A07FB0AFA080A00F0FF1001F10111E7
:1005300008440AF5807101EB1A21000A090A00F04B
:10054000FF1001F47F4101430B910C99FF291CD04E
:1005500009990C9801F0FF114143099800F47F4A72
:100560000C9800FB0AFA080A00F0FF1001F10111D3
:1005700008440AF5807101EB1A21000A090A00F00B
:10058000FF1001F47F41014309911299FF291CD00A
:100590000D99129801F0FF1141430D9800F47F4A24
:1005A000129800FB0AFA080A00F0FF1001F101118D
:1005B00008440AF5807101EB1A21000A090A00F0CB
:1005C000FF1001F47F4101430D910B9902F0FF10E0
:1005D00001F0FF1109FB01F103FB0011099802F47E
:1005E0007F4200F0FF1008FB00110D98089D00F0FD
:1005F000FF100EFB00110B9800F47F4009FB00F088
:1006000003FB0200099B0A0E03F47F4308FB03006F
:100610000D9B12FB05F203F47F430EFB0300079BC7
:10062000C1F30721B3F800E0089B11FB05F10CFBB7
:1006300003FC0CF10103CCF30F2C1CFA83F36FEADB
:1006400023234FEA1E2CDBB20CF0F80C0CFB032228
:10065000C0F307404FEADE0C4FEACE0E10FB05F068
:100660005FFA8EFE0EFB03110CF0FC0C0CFB03007A
:1006700092B289B2531C03EB12224B1C02F47F424C
:1006800003EB112380B26FF30A02C3F3C4231343B5
:10069000421C02EB1022520902F4FC621343079A37
:1006A000138015E0964513DD451C11DB84450FDDF5
:1006B000089DCDE902030FFA8CF3CDE904150192F0
:1006C0000093119A079917980FFA8EF3FFF704FD1C
:1006D000079B0BF1FF3B02330793289B1C44299B8C
:1006E0001E44BBF1000F3FF797AE50E1329A211440
:1006F000B2F90880321408FB0212119D119914F40A
:10070000704F01EB820155F82220C4F3033EC6F37B
:1007100003304FEA126C11D04D680E952D0E1395D3
:1007200090B101EB880951F828100A91090E0F9138
:10073000D9F804101091090E149105E020B151F878
:1007400028100A91090E0F910EFB00F808F5807130
:10075000A1EB0E11C8EB0E1AC8EB0019A1EB0011AA
:1007600013981FFA8AFA0AFB00F089B201FB0C0009
:100770000F9D1FFA89F909FB0500149D08FB050070
:1007800010F47F4FC0F3072E00F0F680BCF1FF0F8E
:100790001BD002F0FF1B0CFB0BFB02F47F420CFB97
:1007A00002F24FEA1B2C02F580700CF0FF1C0BF1DB
:1007B000011B00EB1220DC444FEA1C2C000A0CF059
:1007C000FF1C00F47F404CEA00021398FF281FD062
:1007D0000E98139D00F0FF1068430E9D4FEA102CF9
:1007E00005F47F4B139D00F1011005FB0BFB0CF092
:1007F000FF1C84440BF5807000EB1B204FEA1C2C7F
:10080000000A0CF0FF1C00F47F404CEA00000E9040
:100810000F98FF281FD00A980F9D00F0FF10684323
:100820000A9D4FEA102C05F47F4B0F9D00F101103B
:1008300005FB0BFB0CF0FF1C84440BF5807000EBF8
:100840001B204FEA1C2C000A0CF0FF1C00F47F4018
:100850004CEA00000A901498FF281FD01098149DAD
:1008600000F0FF106843109D4FEA102C05F47F4BF9
:10087000149D00F1011005FB0BFB0CF0FF1C8444E0
:100880000BF5807000EB1B204FEA1C2C000A0CF0CB
:10089000FF1C00F47F404CEA000010900E9802F01C
:1008A000FF1C00F0FF100AFB00F001FB0C000A9D8A
:1008B00002F47F4205F0FF1C09FB0C00109D05F0BF
:1008C000FF1C0E9D08FB0C0005F47F4C0AFB0CFC82
:1008D00001FB02CC0A9A089D02F47F4209FB02CC7C
:1008E000109A010E02F47F4208FB02CC079A11FB1A
:1008F00005F1B2F80080089AC0F307200EFB02FE53
:100900000EF10102CEF30F2E1EFA82F26FEA2222BE
:100910004FEA182E10FB05F0D2B20EF0F80E0EFBC7
:100920000211CCF3074C4FEAD80E4FEAC8081CFB63
:1009300005FC5FFA88F808FB02000EF0FC0E0EFBC7
:1009400002CC89B280B24A1C02EB1121421C01F494
:100950007F4102EB10221FFA8CFC6FF30A01C2F3F5
:10096000C4220A430CF1010101EB1C21490901F4E5
:10097000FC610A4307990A80079A013B02320792F9
:10098000289A1444299A1644002B3FF7AFAE159BC2
:10099000002B40DDF7EE004A36EE046A75EEA35AEE
:1009A000C4EE866A65EEA64AF0EE672A35EE035A73
:1009B00074EEE77A65EE266AFEEEC82AFEEEC87A85
:1009C00012EE904AF0EE472A36EEC77A17EE902ADA
:1009D000BEEEC87A229BFEEEC82A92FBF3F317EE16
:1009E000102A2893229B12EE906A92FBF3F329932C
:1009F000159B229A013B1593B0EE667A169BF0EE9A
:100A0000647A18BF1346159A002A3FF7C2AC169AAB
:100A1000002A3FF7BEAC19B0BDE8F08F2DE9F04FCA
:100A200085B0DDE90F60019100FB03610028BDF98D
:100A300038E09DF844709DF8485002EB810C11DBC2
:100A400086450FDD002E04DBB34202DD52F8214063
:100A500000E00024721C08D4934206DD3FB1DCF8AC
:100A6000041005E000210C4602E0002100E03946B8
:100A7000013013D4864511DD9DB1002E0CEB8302AD
:100A800004DBB34202DD5CF8230000E00020013605
:100A90000AD4B34208DD4FB1526808E00022104684
:100AA00005E02A46284602E0002200E03A4605FB1F
:100AB00007F6C6EB071E4FEA116A1FFA8EFEC6EB59
:100AC000051CA6EB05130EFB0AF503F58073A3EBDB
:100AD00007134FEA146B9BB20BFB03554FEA1069E7
:100AE0001FFA8CFC0CFB09554FEA126806FB0855EF
:100AF000C5F3072715F47F4F029700F0B38004F089
:100B0000FF170BFB07F704F47F440BFB04F44FEAD9
:100B1000172B0BF0FF1B07F10117BB444FEA1B2BF0
:100B20000BF0FF1701F0FF1B01F47F410AFB01F1FD
:100B30000AFB0BFB01F5807A0AEB112100F0FF1A8A
:100B400009FB0AFA00F47F4009FB00F04FEA1A297A
:100B500009F0FF190AF1011AD14400F5807A0397D0
:100B60000AEB102004F5807702F0FF1A08FB0AFA5E
:100B700007EB14274FEA1B2404F0FF140BF1011BB1
:100B800002F47F4208FB02F25C44240A090A4FEA9D
:100B90001A2804F0FF1401F47F410EFB04F40EFB4D
:100BA00001F108F0FF180AF1011AC24402F5807839
:100BB00008EB12283F0A039A07F47F4703FB02421F
:100BC00003FB071302994FEA1A2AC9434FEA182870
:100BD000019D0AF0FF1A08F47F4806FB0A2206FB73
:100BE00008332D884FEA1929000A00F47F402C0AA7
:100BF00009F0FF19C9B20CFB00330CFB092204F009
:100C0000F8044C43E80800F0FC004843ED00EDB266
:100C1000120A1B0A694302F0FF12651C03F47F43AA
:100C2000240A134314FA85F4120C02EB2422441C08
:100C3000C0F30F2010FA84F4180A00EB24201202EB
:100C4000C00000F4FC6002F478420243481CC1F387
:100C50000F2111FA80F103EB2123C3F3C4031343E3
:100C6000019A138005B0BDE8F08F00002DE9F04F28
:100C7000002797B02D9D15906868CDE91312DDE926
:100C80002E2100FB01222D689DED216A05EB420516
:100C9000309ADDED225A12689DED235ADDED2A7A55
:100CA0009DED2B7A9DED324ADDED333A9DED343AE0
:100CB000CDE91077249C0A970D9712970F9254E371
:100CC000309AB2F90810B2F90C2001F1FF3E21E090
:100CD00025985FEA244C4FEA204004D4F4450BDA0F
:100CE000002804DA0AE0BCF1FF3F0BD104E002F176
:100CF000FF3C604512DB03E08C4503DA461C01DB58
:100D0000904212DB2698259E04442798013B064416
:100D100025960235002BDBDC00F0E882269E581E6B
:100D200006FB004C5FEA2C4C01D59B4679E101396A
:100D30008C45FADA2799259E01FB00600014F4D453
:100D4000013A9042C0F2D282EFE7259A259BC2F386
:100D50000331309A1814D2E902EC2214C4F303339D
:100D600007D40EF1FF38424580F23E81002804DAB4
:100D70003CE1561C40F04C8136E10CF1FF38404517
:100D800080F236810FFA8EFE00FB0E220F9800EBE8
:100D9000820C50F82220100E8BB1DCF8046009960A
:100DA000370E91B15CF82E600CEB8E080796360E6C
:100DB0000A96D8F804600B96360E109605E021B11D
:100DC0005CF82E600796360E0A9603FB01FECEEB0A
:100DD00003190EF5807CACEB031C1FFA89F9ACEB10
:100DE000011CCEEB011809FB07F11FFA8CF303FB82
:100DF00000110A9E1FFA88F808FB0611109E0EFBD0
:100E0000061111F47F4FC1F3072C00F00181FF2878
:100E100019D002F0FF1A00FB0AFA02F47F424243A3
:100E20004FEA1A2002F5807100F0FF100AF1011A52
:100E300001EB12215044000A090A00F0FF1001F4EE
:100E40007F4140EA0102FF2F1AD00999099801F069
:100E5000FF11794300F47F4A07FB0AFA080A00F001
:100E6000FF1001F1011108440AF5807101EB1A210C
:100E7000000A090A00F0FF1001F47F4101430991C3
:100E80000A99FF291CD007990A9801F0FF114143E4
:100E9000079800F47F4A0A9800FB0AFA080A00F053
:100EA000FF1001F1011108440AF5807101EB1A21CC
:100EB000000A090A00F0FF1001F47F410143079185
:100EC0001099FF291CD00B99109801F0FF11414394
:100ED0000B9800F47F4A109800FB0AFA080A00F009
:100EE000FF1001F1011108440AF5807101EB1A218C
:100EF000000A090A00F0FF1001F47F4101430B9141
:100F0000099802F0FF1100F0FF1009FB00F003FB4D
:100F10000100079902F47F4201F0FF1108FB010074
:100F20000B99BCF1FF0F01F0FF110EFB01000999B5
:100F30004FEA102001F47F4109FB01F103FB02118C
:100F4000079B00F0FF1003F47F4308FB03110B9B8A
:100F500003F47F430EFB03114FEA112303F47F4395
:100F600043EA00034FEA132106D15A0902F4FC6256
:100F70006FF30A01114332E06FEA0C0C2A885FFA22
:100F80008CFC100A00F0F80000FB0CF04FEAD20EC7
:100F90000EF0FC0E0EFB0CFED200D2B202FB0CF2E5
:100FA00000F1010C000A10FA8CF04FEA134C0CEB24
:100FB00010200EF1010C4FEA1E2E1EFA8CFCA84EDA
:100FC00001EB1C21C0B2C90006EA002001F4FC615B
:100FD0000143501C120A12FA80F003EB1023C3F3F2
:100FE000C4030B432B8013E0964511DD461C0FDB39
:100FF00084450DDDCDE903310FFA8CF3CDE90120F5
:10100000009329460F9A15980FFA8EF3FFF706FD05
:10101000269B259A1C44279B02351A4425920BF1E6
:10102000FF3BBBF1000F3FF790AE62E1259A211420
:10103000C2F30330309A0F9EB2F90880259A14F457
:10104000704F4FEA224208FB02120F99C4F3033E8D
:1010500001EB820156F822204FEA126C11D04E6843
:101060000C96360E119690B101EB880951F82810B4
:101070000891090E0D91D9F804100E91090E1291E4
:1010800005E020B151F828100891090E0D910EFBD2
:1010900000F808F58071A1EB0E11C8EB0E1AC8EB31
:1010A0000019A1EB001111981FFA8AFA0AFB00F04F
:1010B00089B201FB0C000D9E1FFA89F909FB06009D
:1010C000129E08FB060010F47F4FC0F3072E00F0BD
:1010D0000581BCF1FF0F1BD002F0FF1B0CFB0BFBCB
:1010E00002F47F420CFB02F24FEA1B2C02F58070E7
:1010F0000CF0FF1C0BF1011B00EB1220DC444FEA4B
:101100001C2C000A0CF0FF1C00F47F404CEA00028B
:101110001198FF281FD00C98119E00F0FF1070430B
:101120000C9E4FEA102C06F47F4B119E00F101102B
:1011300006FB0BFB0CF0FF1C84440BF5807000EBEE
:101140001B204FEA1C2C000A0CF0FF1C00F47F400F
:101150004CEA00000C900D98FF281FD008980D9EB7
:1011600000F0FF107043089E4FEA102C06F47F4BEE
:101170000D9E00F1011006FB0BFB0CF0FF1C8444DC
:101180000BF5807000EB1B204FEA1C2C000A0CF0C2
:10119000FF1C00F47F404CEA000008901298FF28E2
:1011A0001FD00E98129E00F0FF1070430E9E4FEA63
:1011B000102C06F47F4B129E00F1011006FB0BFB76
:1011C0000CF0FF1C84440BF5807000EB1B204FEAF1
:1011D0001C2C000A0CF0FF1C00F47F404CEA0000BD
:1011E0000E900C9E02F0FF1006F0FF1C0AFB0CFC98
:1011F00001FB00CC089802F47F4200F0FF1009FBCD
:1012000000CC0E98BEF1FF0F00F0FF1008FB00CCE1
:1012100006F47F400AFB00F001FB0200089A4FEA47
:101220001C2C02F47F4209FB02000E9A0CF0FF1CFA
:1012300002F47F4208FB02004FEA102202F47F42D0
:101240004CEA02024FEA12200CD1510901F4FC6170
:101250006FF30A000843C2F3C402104328803DE044
:1012600000F8FFFF6FEA0E0E29885FFA8EFE4FEA44
:10127000112C0CF0F80C0CFB0EFC4FEAD10808F016
:10128000FC0808FB0EF8C900C9B201FB0EF10CF115
:10129000010E4FEA1C2C1CFA8EFC4FEA124E0EEB8C
:1012A0001C2C08F1010E4FEA182818FA8EFE344E55
:1012B00000EB1E205FFA8CFCC00006EA0C2C00F448
:1012C000FC604CEA000001F1010C090A11FA8CFCE7
:1012D00002EB1C22C2F3C40202432A80269A2599FB
:1012E0001444279A023511442591013B002B3FF706
:1012F0009DAE139B002B40DDF7EE004A36EE046AEC
:1013000075EEA35AC4EE866A65EEA64AF0EE672A29
:1013100035EE035A74EEE77A65EE266AFEEEC82AC9
:10132000FEEEC87A12EE904AF0EE472A36EEC77A01
:1013300017EE902ABEEEC87A209BFEEEC82A92FBDA
:10134000F3F317EE102A2693209BCDED252A92FB6E
:10135000F3F32793139B209A013B1393B0EE667A25
:10136000149BF0EE647A18BF1346139A002A3FF7D5
:10137000A7AC149A002A3FF7A3AC17B0BDE8F08FD2
:1013800000F8FFFF2DE9F047DDE90A5EBEF1000F2E
:101390000EFB0358BDF92090BDF924A09DF8300044
:1013A0009DF8347032DBF24530DD002D15DBA945A8
:1013B00013DD4FEA5804145D18F0010F0BBF04F061
:1013C0000F0404F0F00C04EB04140CEB141C0CBF21
:1013D0005FFA84FC5FFA8CFC01E04FF0000C6C1C9F
:1013E00017D4A14515DDB0B108F101046608965D7A
:1013F000E40755BF06F00F0606F0F00406EB0616EC
:1014000004EB161454BFF4B2E4B205E00024A44681
:1014100002E0002400E004461EF1010E34D4F2453F
:1014200032DD002F33D0002D16DBA94514DD03EB90
:1014300008064FEA560E12F80EE0F60755BF0EF0FA
:101440000F0E0EF0F0060EEB0E1E06EB1E1654BF2E
:101450005FFA8EF6F6B200E0002601351AD4A945EF
:1014600018DDC8B1013343445D08555DDB0755BF46
:1014700005F00F0505F0F00205EB051502EB15125E
:1014800054BFEAB2D2B208E00022164605E03A465E
:101490003E4602E0002200E0024600FB07F5C5EBF5
:1014A00000139BB26343A5EB071E0EF5807EAEEBE7
:1014B000001E1FFA8EFE0CFB0E33C5EB071080B228
:1014C00006FB003305FB023313F47F4FC3F30722FF
:1014D00047D09DF838305A43531CC2F30F2212FAFA
:1014E00083F3214A1B121068FF2B4FEA10220AD106
:1014F0001E4C430903F4FC6314402343C0F3C400AF
:10150000184308802DE0DE43C0F307440D885C4398
:10151000D2B25A432F0AF6B207F0F80707FB064487
:10152000EF08C0B207F0FC07434307FB0622ED00BB
:10153000A4B2EDB292B2601C05FB063300EB14209E
:10154000541C04EB122252099BB202F4FC6200F418
:10155000784010435A1C02EB1323C3F3C423034304
:101560000B80BDE8F08700BFDC9E052000F8FF007F
:101570002DE9F04F95B011929DF8BC202B9C109254
:101580000022DDE9225613906068CDE90922CDE9F9
:101590000D220C910B920F92DDE92C2100FB012210
:1015A00021689DED1F6A01EB42012E9ADDED205A64
:1015B00092689DED215A013222F0010B2E9ADDED49
:1015C000287A9DED297A9DED304ADDED313A9DED89
:1015D000323AD2F8008099E22E9AB2F90800B2F9B4
:1015E0000C2000F1FF3E1EE05FEA254C4FEA264446
:1015F00004D4F4450BDA002C04DA0AE0BCF1FF3F16
:101600000BD104E002F1FF3C644510DB03E08445AC
:1016100003DA671C01DB944210DB249C013B254468
:10162000259C02312644002BDEDC00F02D82249F15
:101630005C1E07FB045C5FEA2C4C01D51C462BE1C9
:1016400001388445FADA259800FB04642414F5D4A3
:10165000013A9442C0F21882F0E72E9A4FEA264CE3
:10166000D2E902E92A14C5F30333C6F3033008D4E0
:101670000EF1FF3A524580F2F080BCF1000F04DA1F
:10168000EDE0571C40F00281E7E009F1FF3AD44554
:1016900080F2E8800CFB0B224FEA520C18F80CC0C9
:1016A000D70755BF0CF00F0C0CF0F0090CEB0C1C1D
:1016B00009EB1C190FFA8BFE54BF5FFA8CF95FFA25
:1016C00089F9002B41D0571C4FEA570C18F80CC071
:1016D000FF074BBF0CF0F0070CF00F0C07EB1C17CB
:1016E0000CEB0C1C54BF5FFA8CF7FFB20997002873
:1016F00040D072444FEA520C18F80CC0D70758BFBC
:101700000CF00F0C02F101024DBF0CF0F00E0CEBCF
:101710000C1C5FFA8CF70EEB1C1E4FEA520C18F8EB
:101720000CC048BF5FFA8EF70A97D7074BBF0CF083
:10173000F0020CF00F0C02EB1C120CEB0C1C54BF53
:101740005FFA8CF2D2B20D9214E098B172444FEA73
:10175000520C18F80CC0D2074BBF0CF0F0020CF082
:101760000F0C02EB1C120CEB0C1C54BF5FFA8CF23A
:10177000D2B20A9203FB00FC0CF58072A2EB0312BA
:10178000099FCCEB03139BB27B43A2EB001292B2F6
:1017900009FB0233CCEB00100A9A80B202FB003343
:1017A0000D9A0CFB023313F47F4FC3F307226DD065
:1017B000109B5A43531CC2F30F2212FA83F3B14A0F
:1017C0001B121068FF2B4FEA10220AD1430903F4C1
:1017D000FC636FF30A021A43C0F3C400104308808D
:1017E00054E06FEA0309C0F3074CB1F800E00CFBCA
:1017F00003FCD2B25A434FEA1E2A5FFA89F90AF073
:10180000F80AC0B20AFB09CC43434FEADE0A0AF0E9
:10181000FC0A0AFB09224FEACE0E5FFA8EFE0EFB8F
:1018200009331FFA8CFC92B20CF1010000EB1C2C66
:10183000501C9BB200EB12200CF47F4C40095A1C48
:101840006FF30A0C00F4FC6002EB13234CEA000077
:10185000C3F3C42303430B8018E0964516DDBCF1A7
:10186000FF3F13DBE14511DDCDE903C3109F0FFA04
:1018700089F301930FFA8EF3CDE9050702920093E5
:10188000424613980FFA8BF3FFF77CFD249B02313D
:101890001D44259B013C1E44002C3FF7DEAEF9E0C1
:1018A0004FEA264C28140BFB0C004FEA500C18F89A
:1018B0000CC0C70755BF0CF00F0C0CF0F00E0CEB72
:1018C0000C1C0EEB1C1EC5F30332C6F3033454BFCD
:1018D0005FFA8CFE5FFA8EFE002A45D000F1010906
:1018E0004FEA590C18F80CC019F0010F0BBF0CF09F
:1018F0000F0C0CF0F0090CEB0C1C09EB1C190CBFC5
:101900005FFA8CF75FFA89F70E97002C42D0129F8E
:1019100038444FEA500C18F80CC0C70758BF0CF0F9
:101920000F0C00F101004DBF0CF0F0090CEB0C1C8A
:101930005FFA8CF709EB1C194FEA500C18F80CC031
:1019400048BF5FFA89F70B97C7074BBF0CF0F00051
:101950000CF00F0C00EB1C100CEB0C1C54BF5FFACE
:101960008CF0C0B20F9015E0A4B1129F38444FEA3A
:10197000500C18F80CC0C0074BBF0CF0F0000CF076
:101980000F0C00EB1C100CEB0C1C54BF5FFA8CF01E
:10199000C0B20B9002FB04FC0CF58070A0EB0210AF
:1019A0000E9FCCEB021292B27A43A0EB041080B2ED
:1019B0000EFB0022CCEB04140B98A4B200FB042213
:1019C0000F980CFB002010F47F4FC0F3072251D07A
:1019D00010984243541CC2F30F2212FA84F4294A8D
:1019E00024121268FF2C4FEA122008D1540904F483
:1019F000FC646FF30A002043C2F3C40238E06FEACC
:101A00000409C2F3074CB1F800E00CFB04FCC0B2BF
:101A100060434FEA1E2A5FFA89F90AF0F80AD2B247
:101A20000AFB09CC54434FEADE0A0AF0FC0A0AFB1F
:101A300009004FEACE0E5FFA8EFE0EFB09441FFA34
:101A40008CFC80B20CF1010202EB1C2C421CA4B2F3
:101A500002EB10220CF47F4C5209601C6FF30A0C4D
:101A600002F4FC6200EB14204CEA0202C0F3C42032
:101A700010430880249A02311544259A013B1644EC
:101A800005E000BFDC9E05200FFA8BF21292002BBE
:101A90003FF706AF0C9B002B40DDF7EE004A36EE19
:101AA000046A75EEA35AC4EE866A65EEA64AF0EEA5
:101AB000672A35EE035A74EEE77A65EE266AFEEE83
:101AC000C82AFEEEC87A12EE905AF0EE472A36EE99
:101AD000C77A17EE902ABEEEC87A1E9BFEEEC82A81
:101AE00092FBF3F317EE102A24931E9B12EE906ADA
:101AF00092FBF3F325930C9B1E9A013B0C93B0EEE3
:101B0000667A119BF0EE647A18BF13460C9A002A8D
:101B10003FF762AD119A002A3FF75EAD15B0BDE800
:101B2000F08F00BF2DE9F047DDE90A6EBEF1000F2E
:101B30000EFB0368BDF92090BDF924A09DF830008C
:101B40009DF8347032DBF24530DD002E15DBB145F7
:101B500013DD4FEA5804145D18F0010F0BBF04F0B9
:101B60000F0404F0F00C04EB04140CEB141C0CBF79
:101B70005FFA84FC5FFA8CFC01E04FF0000C741CEF
:101B800017D4A14515DDB0B108F101046508555D14
:101B9000E40755BF05F00F0505F0F00405EB05154A
:101BA00004EB151454BFECB2E4B205E00024A446E3
:101BB00002E0002400E004461EF1010E34D4F24598
:101BC00032DD002F33D0002E16DBB14514DD03EBE0
:101BD00008054FEA550E12F80EE0ED0755BF0EF05E
:101BE0000F0E0EF0F0050EEB0E1E05EB1E1554BF8A
:101BF0005FFA8EF5EDB200E0002501361AD4B1454A
:101C000018DDC8B1013343445E08965DDB0755BF5C
:101C100006F00F0606F0F00206EB061602EB1612AF
:101C200054BFF2B2D2B208E00022154605E03A46AF
:101C30003D4602E0002200E0024600FB07F6C6EB4C
:101C400000139BB2A6EB071E63430EF5807EAEEB3E
:101C5000001E1FFA8EFE0CFB0E33C6EB0717BFB239
:101C600005FB073306FB023313F47F4FC3F307264C
:101C700033D0F5431A4B0C881B68220AC3F3074084
:101C800010FB06F0EDB202F0F80202FB0500C3F310
:101C9000072212FB06F2E70807F0FC07DBB207FB9E
:101CA000052213FB06F3E40080B2E4B204FB053323
:101CB00092B2441C04EB1020541C04EB1222520973
:101CC0009BB202F4FC6200F4784010435A1C02EB11
:101CD0001323C3F3C42303430B80BDE8F08700BF85
:101CE000DC9E05202DE9F04F91B0279E0F90706883
:101CF00006910A92DDE9282100FB0122DDE91E455B
:101D000031689DED1B6A01EB42012A9ADDED1C5AF8
:101D100092689DED1D5A013222F0010B2A9ADDEDE9
:101D2000247A9DED257A9DED2C4ADDED2D3A9DED31
:101D30002E3A1768DFF8008571E22A9AB2F9080096
:101D4000B2F90C9000F1FF3E1FE05FEA244C4FEA2D
:101D5000254604D4F4450BDA002E04DA0AE0BCF17F
:101D6000FF3F0CD104E009F1FF3C664511DB03E0C5
:101D7000844504DA721C02DB4E45C0F22F81209E9E
:101D8000013B3444219E02313544002BDDDC00F060
:101D90000482209A5E1E02FB064C5FEA2C4C00D5A2
:101DA0001CE10138844580F21981219A02FB065614
:101DB000361400F1138109F1FF329642C0F2ED8131
:101DC0000CE12A9E5FEA24494FEA2543C4F303301D
:101DD000C5F30332D6E902CE07D40CF1FF3AD14560
:101DE00080F2DF80002B05DADDE0B9F1FF3F40F043
:101DF000EE80D6E00EF1FF3A534580F2D68003FB29
:101E00000B994FEA5903FB5C19F0010F0BBF03F06C
:101E10000F0303F0F00C03EB03130CEB131C0FFA8E
:101E20008BFA0CBF5FFA83FC5FFA8CFC002839D078
:101E300009F101034FEA530E17F80EE0DB0755BF17
:101E40000EF00F030EF0F00303EB031303EB1E136E
:101E5000DBB20B93002A38D0D1444FEA590317F86C
:101E600003E019F0010F0DBF0EF00F030EF0F003A9
:101E700003EB1E1303EB0313DBB209F10109089313
:101E80004FEA590317F803E019F0010F0BBF0EF0EA
:101E90000F030EF0F00303EB031303EB1E13DBB28F
:101EA0000C9312E08AB1D1444FEA590317F803E0CA
:101EB00019F0010F0BBF0EF00F030EF0F00303EB50
:101EC000031303EB1E13DBB2089300FB02FE0EF5B7
:101ED0008073A3EB00130B9ECEEB001080B2704317
:101EE000A3EB02139BB20CFB0300CEEB0212089B88
:101EF00092B203FB02020C9B0EFB0322C2F30722E9
:101F0000FF2A0BD1D8F80020CA4B500903EA12234C
:101F100000F4FC600343C2F3C4023FE0002A56D041
:101F20006FEA0209D8F80030B1F800E0C3F3074CBB
:101F30001CFB02FC4FEA1E205FFA89F900F0F80052
:101F400000FB09CCC3F3072010FB02F0DBB213FB4C
:101F500002F34FEADE0A0AF0FC0A0AFB09004FEA24
:101F6000CE0E5FFA8EFE0EFB09331FFA8CFC80B298
:101F70000CF1010202EB1C2C421C9BB202EB102262
:101F80000CF47F4C5209581C6FF30A0C02F4FC62EB
:101F900000EB13234CEA0202C3F3C42313430B8068
:101FA00015E0CC4513DD5E1C11DB9E450FDDCDE950
:101FB00002930FFA8EF301930FFA8CF3CDE904022A
:101FC00000933A460F980FFA8BF3FFF7ABFD209B77
:101FD00002311C44219B1D44079B013B0793079B37
:101FE000002B3FF7EEAEDEE02A1420140BFB0200BC
:101FF0004208BA5C10F0010F0BBF02F00F0202F0B2
:10200000F00E02EB02120EEB121EC4F30336C5F300
:10201000033C0CBF5FFA82FE5FFA8EFE002E35D0C5
:10202000421C4FEA520917F80990D20755BF09F030
:102030000F0209F0F00202EB021202EB1912D2B207
:102040000D92BCF1000F35D0079A1044420817F8E2
:102050000290C20753BF09F00F0209F0F00202EB31
:10206000191202EB0212D2B201300992420817F89B
:102070000290C00755BF09F00F0209F0F00202EB11
:10208000021202EB1912D2B20E9213E0BCF1000F51
:1020900010D0079A1044420817F80290C20755BFA3
:1020A00009F00F0209F0F00202EB021202EB191222
:1020B000D2B2099206FB0CF909F580720D98A2EBD9
:1020C0000612C9EB0616B6B24643A2EB0C1292B248
:1020D0000EFB0266C9EB0C1C099A1FFA8CFC02FB72
:1020E0000C660E9A09FB0266C6F30720FF280BD187
:1020F000D8F800004F4A02EA1026420902F4FC62B6
:102100003243C0F3C4003FE000283FD06FEA00092B
:10211000D8F80060B1F800E0C6F3074C1CFB00FCE7
:102120004FEA1E225FFA89F902F0F80202FB09CC9D
:10213000C6F3072212FB00F2F6B216FB00F64FEAD6
:10214000DE0A0AF0FC0A0AFB09224FEACE0E5FFA09
:102150008EFE0EFB09661FFA8CFC92B20CF1010098
:1021600000EB1C2C501CB6B200EB12200CF47F4C80
:102170004009721C6FF30A0C00F4FC6002EB16229B
:102180004CEA0000C2F3C42202430A80209A0231C2
:102190001444219A013B154402E00FFA8BF2079296
:1021A000002B3FF721AF069B002B40DDF7EE004AE6
:1021B00036EE046A75EEA35AC4EE866A65EEA64A48
:1021C000F0EE672A35EE035A74EEE77A65EE266A7A
:1021D000FEEEC82AFEEEC87A12EE904AF0EE472ACA
:1021E00036EEC77A17EE902ABEEEC87A1A9BFEEE3C
:1021F000C82A92FBF3F317EE102A20931A9B12EED3
:10220000905A92FBF3F32193069B1A9A013B069393
:10221000B0EE667A0A9BF0EE647A18BF1346069A0F
:10222000002A3FF78AAD0A9A002A3FF786AD11B01F
:10223000BDE8F08F00F8FFFFDC9E052070B59EB270
:10224000BDF810000D0A130A05F0F80503F0F803B5
:1022500013FB00F315FB06F5CC081D44D30804F06E
:10226000FC0403F0FC0313FB00F314FB06F4D200A0
:102270001C44CB00DBB2D2B212FB00F213FB06F31C
:10228000A4B2ADB21344611C9BB26A1C01EB1421D1
:1022900002EB1522581C490901F4FC6100EB1320E4
:1022A00002F478420A43C0F3C420104370BD00001A
:1022B0002DE9F04F8DB09DF85C8016460D461C460A
:1022C000169A0490B8F1000F00F0F380206861685E
:1022D00008AB03C310685168043603C308A8EEF7BF
:1022E00051FD21460AA8EEF791FDBDF92820BDF960
:1022F0002E7002F001030693BDF92430BDF92C9035
:1023000003F0010105910598BDF92A10034401FB72
:10231000032303EBD37305EB6305BDF820301A44A8
:10232000BDF82230ADF828201944634BADF82A10CF
:1023300018680368DB6A9847604BBDF92A101A8851
:10234000BDF92830B8F1FF0F02FB013300EB430465
:1023500002FB07F36BD0C8F1FF0204EB43030392C7
:1023600007935BE0069B2F468BB117F8011B039B7D
:10237000228801F00F01009336F8111043460498AB
:10238000FFF75CFF09F1FF3B24F8020B22E0CB468C
:1023900020E01978039B3AF8042C0909009336F8D9
:1023A000111043460498FFF749FF2AF8040C17F868
:1023B000011B039B3AF8022C01F00F01009336F841
:1023C000111043460498FFF739FF54462AF8020CCF
:1023D000ABF1020BBBF1010F3B4604F1040AD8DC60
:1023E000A2460DD13978039B22880909009336F85B
:1023F000111043460498FFF721FF04F1020A2080E0
:102400002E4B059A1C88BDF92430A4EB0904134413
:1024100003EBD3730AEB440405EB6305079BA3426C
:10242000A0D8254B186803681B6B984741E004EB64
:1024300043023BE0069B5BB12B4613F8011B01F006
:102440000F0136F8111024F8021B09F1FF3112E0D8
:102450002B4649460FE03C780239240936F81440EF
:1024600020F8044C13F8014B04F00F0436F8144024
:1024700020F8024C044601291F4604F10400EADC5E
:10248000214605D11B7802311B0936F81330238011
:102490000A4B1C88BDF92430A4EB090401EB440469
:1024A00005990B4403EBD37305EB6305A242C1D836
:1024B000B7E70DB0BDE8F08FD09E0520C89E05207F
:1024C0002DE9F0419DF818000C0AFF280CD1FF2BD4
:1024D0000AD1274B480900F4FC6023401843C1F39C
:1024E000C401084380B241E010FB03F39BB2581CC7
:1024F00000EB1320C0F30720C6434FEA122808F070
:10250000F80545EA5813C1F3074515FB00F5F6B287
:1025100003FB0655E3B213FB00F34FEAD20CC9B23A
:1025200011FB00F10CF0FC0ECCF3811CD2004EEA42
:102530000C0ED7B20EFB0633C2F34212174307FB51
:1025400006119BB2ADB2581C89B200EB13236A1C72
:1025500002EB15225B09481C02F4784203F4FC6389
:1025600000EB11201343C0F3C4201843BDE8F081F1
:1025700000F8FF002DE9F04F1C460D468BB0616856
:1025800080462068164606AB149A03C3106851684B
:102590009DF8549003C306A8EEF7F4FB214608A863
:1025A000EEF734FCBDF92020BDF9267002F00103DE
:1025B0000493BDF91C30BDF924B003F0010103916F
:1025C0000398BDF92210034401FB032303EBD373EB
:1025D00005EB6305BDF8183004361A44BDF81A300F
:1025E000ADF8202019443F4BADF82210186803685D
:1025F000DB6A98473C4BBDF922101B88BDF92020AF
:1026000003FB01227B4300EB420404EB43030593ED
:102610005DE0049B2F4693B117F8013B03F00F03D5
:1026200056F823100B0E06D02288404600934B46E6
:10263000FFF746FF208002340BF1FF3A23E0DA4631
:1026400021E03B781B0956F823100B0E08D034F814
:10265000042C404600934B46FFF732FF24F8040C4D
:1026600017F8013B03F00F0356F823100B0E08D0A8
:1026700034F8022C404600934B46FFF721FF24F824
:10268000020CAAF1020ABAF1010F04F10404D8DC29
:10269000A4F104040DD13B781B0956F823100B0E4E
:1026A00006D02288404600934B46FFF709FF208062
:1026B00002340D4B039A1B88A3EB0B0304EB43047A
:1026C000BDF91C30134403EBD37305EB6305059B85
:1026D0009C429ED3034B186803681B6B98470BB052
:1026E000BDE8F08FD09E0520C89E0520F0B51E469F
:1026F000100A00F0F80444EA501488789DF8145049
:1027000010FB06F004FB0500D70884B2D20048781D
:10271000D3B2C2F342121A4310FB06F00B7807F053
:10272000FC0C13FB06F3C7F381174CEA070707FB02
:10273000050002FB053380B2421C9BB202EB102263
:10274000611C01EB1421581C520901F4784100EB83
:10275000132002F4FC620A43C0F3C4201043F0BD0E
:102760002DE9F04F8DB09DF85C8015460E461C4655
:10277000169A0490B8F1000F00F03E81206861685D
:1027800008AB03C310685168043503C308A8EEF70B
:10279000F9FA21460AA8EEF739FBBDF92820BDF960
:1027A0002E7002F001030693BDF92430BDF92C9080
:1027B00003F0010105910598BDF92A10034401FBBE
:1027C000032303EBD37306EB6306BDF820301A44F2
:1027D000BDF82230ADF828201944894BADF82A10F5
:1027E00018680368DB6A9847864BBDF92A101A8877
:1027F000BDF92830B8F1FF0F02FB013300EB4304B1
:1028000002FB07F370D06FEA080204EB4303D2B275
:10281000039207935FE0069B374693B117F8011BBD
:10282000039B01F00F0101EB410122880498009302
:1028300029444346FFF75AFF09F1FF3B24F8020BF6
:1028400024E0CB4622E01978039B090901EB410102
:102850003AF8042C2944009304984346FFF746FFB6
:102860002AF8040C17F8011B039B01F00F0101EB80
:1028700041013AF8022C0498009329444346FFF79B
:1028800035FF54462AF8020CABF1020BBBF1010FE5
:102890003B4604F1040AD6DCA2460ED13978039BEC
:1028A000090901EB41012288049800932944434619
:1028B000FFF71CFF04F1020A2080524B059A1C8886
:1028C000BDF92430A4EB0904134403EBD3730AEBE2
:1028D000440406EB6306079BA3429CD8484B186848
:1028E00003681B6B984787E0474904EB43027FE08E
:1028F000069BE3B1334613F8017B07F00F0707EBA4
:10290000470705EB070C9CF802009CF801C0EF5D3F
:102910004FEACC0C01EA00200CF4FC6C40EA0C00FD
:1029200040EAD70024F8020B09F1FF3734E03346C0
:102930004F4631E00478023F240904EB440405EBE0
:10294000040E9EF802009EF801E02C5D4FEACE0EC8
:102950000EF4FC6E01EA002040EA0E0040EAD400CA
:102960002CF8040C13F8014B04F00F0404EB44049E
:1029700005EB040E9EF802009EF801E02C5D4FEA84
:10298000CE0E01EA00200EF4FC6E40EA0E0040EA92
:10299000D40064462CF8020C012F184604F1040CF4
:1029A000C8DC204616D11F7802303F0907EB4707E5
:1029B00005EB070C9CF802309CF801C0EF5D4FEA74
:1029C000CC0C01EA03230CF4FC6C43EA0C0343EA4D
:1029D000D70323800B4B1C88BDF92430A4EB0904DA
:1029E00000EB44040598034403EBD37306EB630642
:1029F000A2423FF67DAF71E70DB0BDE8F08F00BF9A
:102A0000D09E0520C89E052000F8FFFF30B5024685
:102A1000084639494CF240250B6823F001030B604E
:102A20004FF0E0214FF6F073D1F8004D1C40AC425E
:102A300006D04CF27025D1F8004D1C40AC4219D1A3
:102A40002E4B1B68002B49D12D4B1968C1F30B018C
:102A5000B1F58A6F2DD040F283441968C1F30B01A0
:102A6000A14226D040F285411B68C3F30B038B4281
:102A700034D11EE04DF22025D1F8004D1C40AC426F
:102A800006D0D1F8001D0B404DF230218B4225D1EC
:102A90001C4B1D49D3F8F84F8C422BD101F1234137
:102AA000D3F8FC4F01F52E0101F55D418C4209D0B0
:102AB00020E00121154BC3F8081CD3F8081C00299D
:102AC000FBD106E00121C3F8081CD3F8081C00293B
:102AD000FBD1C3F8002CD3F8003C07E001210C4BDC
:102AE000996099680029FCD11A601B681B1A58422A
:102AF000584100E0002030BD002000E0002004E04C
:102B00000010005C0040024601001700004002581F
:102B10000030024001617047837B4BB10389013370
:102B20009BB2072B038181BF002343818381837381
:102B3000704700002DE9F0431E4604468388C5888F
:102B4000002085B0ADF80630F31A1BB29046194A42
:102B5000002BB8BF5B420092A28ABDF830901BB236
:102B600093420F468DF80400ADF80850ADF80A60A6
:102B7000ADF80C9008DCA9EB05052DB2002DB8BF0F
:102B80006D422DB2AA4211DA206969460368F71B2B
:102B90005B68984700230120A9EB0808238167811F
:102BA000A4F80C80A680A4F80690A07305B0BDE838
:102BB000F08300BF84700208F0B51E464B1E012B47
:102BC00004460D461746006985B027D8B4F90A2097
:102BD000D31C9BB2062B0CD91C49636801910021C0
:102BE000ADF80A208DF808100393036801A99B68CB
:102BF0009847B4F90C202069D31C9BB2062B13D93B
:102C00001249636801910121ADF80A208DF808107E
:102C10000393036801A99B68984705E021B9A28046
:102C2000E680A160A181A173094B20690193002373
:102C30008DF80850ADF80A70ADF80C60ADF80E30A4
:102C4000036801A91B68984705B0F0BD4C750208E0
:102C50007070020810B4D0E901349C4203D85DF8CA
:102C6000044BECF770BA5DF8044B70472DE9F04F58
:102C70008BB0CDE906239DF85030054608939DF8AA
:102C8000543089460993ECF7CFFBAE680446002E1A
:102C900000F0CD806B68B342C0F0CB80B0F9023059
:102CA000B5F934204FF0000802EB030BDDE90621F3
:102CB00001FB03220592721E049200E05346B4F910
:102CC00002A0B4F9007053453A4608D0B5F9343043
:102CD00003EB0A0BDDE9063101FB0A330593B4F976
:102CE00006300AE034F9080FB8420FD1B4F90200F7
:102CF00050450BD1B4F9060003440499B4F904001B
:102D00000139049101318044ECD194E0002B42D090
:102D1000002F3CDBB5F93620BA4238DDC3EB88130F
:102D2000DB1095F83020002BB8BF5B42012A07D199
:102D3000C3F30803B3F5807F02DDC3F5007302E03F
:102D4000FF2BA8BFFF23099A13FB02F39BB25A1C67
:102D50001B0A13FA82F313F47F4F4FEA232C16D089
:102D60005FFA8CF1D9F800006B8E0291012101917C
:102D70000FFA8BF1089A0091416913FA87F312FA5E
:102D800087F20E46484605991BB212B2B047049B23
:102D90007A1C01334BD0B4F90030981A00288DDD2D
:102DA000002A03DA002B89DD18460022B5F93670B7
:102DB000BB4202DBB81A002880DD4FEA8813DB1023
:102DC00095F83070002BB8BF5B42012F07D1C3F3D9
:102DD0000803B3F5807F02DDC3F5007302E0FF2B2B
:102DE000A8BFFF23099913FB01F39BB25F1C1B0AC9
:102DF00013FA87F313F47F4F4FEA232C3FF45EAFAF
:102E00006B8E089900B2D9F8007013FA82F3019022
:102E100011FA82F20FFA8BF05FFA8CF102910090B6
:102E20007F69484605991BB212B2B84746E70120B0
:102E300005E0002003E0002B7FF46AAFF7E70BB05A
:102E4000BDE8F08F2DE9F34100251E46324B0446C4
:102E5000C0E90031938800F1140803819DF8203007
:102E600085818372C5810582458240461746EBF70E
:102E7000AFFC6B46C4E91255C4E91455C4E91855B2
:102E8000C4E91B5584F84450A4F84650A565306841
:102E90007168728803C37B88A4F85C501344A4F85B
:102EA00068503A883588B6F90400B6F906102A4405
:102EB000A281E3812082618268463946EDF7A6FF50
:102EC00004F10C00EDF75EFFBDF90230BDF8002003
:102ED0004046A4F84620A4F84830EBF75DFC2046B5
:102EE000BDF90030B4F912205B01E364BDF9023092
:102EF0005B012365BDF904305B016365BDF90630F4
:102F00005B01A365B4F91030C4E90F32A4F84A306C
:102F100002B0BDE8F08100BF8C78020838B590F8A7
:102F20005C30044693B190F8683090F86920134201
:102F30000CD100F1140523B1D0E918122846FFF78F
:102F400089FED4E91B122846FFF784FE002384F88B
:102F50005C30D4E90603984234BF0020012038BD1C
:102F60002DE9F341837A044659434D1CADB205EB7C
:102F700011252D1200F09D8090F85D30002B00F09F
:102F80009880FFF7CBFF0746002800F09380606829
:102F90004A4E036837689B68984701463846E9F708
:102FA00053F80746DEF764FD03685B6B984780467D
:102FB000DEF75EFD03681B6B98470B2863D8DFE8DC
:102FC00000F03F49590662192F5252525252B4F939
:102FD0000C10B4F90E300A4608FB03F30029B8BF01
:102FE000CA1D03EBE2031F444B4203F0070301F049
:102FF000070111E0B4F90C10B4F90E300A4608FBD1
:1030000003F30029B8BFCA1C03EBA2031F444B42C1
:1030100003F0030301F0030158BF5942C8B233E083
:10302000B4F90C10B4F90E2001EBD1735B1008FB5E
:103030000233002901F001011F44B8BF4942EDE706
:10304000B4F90E30B4F90C2008FB03F303EB420390
:103050001F4419E00321B4F90E20A38908FB02F2F2
:1030600013FB01230EE0B4F90E20B4F90C3008FB79
:10307000023307E0B4F90E30B4F90C2008FB03F377
:1030800003EB82031F440020EDB2CDE900053A4670
:1030900061680FFA88F304F11400FFF7E7FD0746B3
:1030A000606803681B699847306803681B6B984722
:1030B00000E00127384602B0BDE8F081D09E05202F
:1030C00010B5064B1B78012B07D1B0F908000B682F
:1030D0001468C3EB401313600C6010BDC29E052042
:1030E00037B590F85C300446CDE9002183B96A46D3
:1030F00001A92046FFF7E4FFE36C0199009AC91A81
:10310000236D0191D21A002A009206DA01230AE007
:10311000FFF704FF0028EAD12DE0A36D9A42B4BF67
:10312000002301235B00002906DB606D8142B4BFF0
:1031300000200120C00000E0042043EA0005034312
:1031400003D0002384F85C300DE084F86930D4E9C2
:103150000630984203D804F11400ECF70FF840F25F
:103160000113A4F85C30019A009BE266C4E91823BD
:10317000236784F8685003B030BD2DE9F34104465D
:10318000CDE900216A4601A9FFF79AFFE36C019E91
:10319000009FF61A236D0196FF1A002F009706DB99
:1031A000A36D9F42B4BF002301235B0000E0012315
:1031B000002E06DB656DAE42B4BF00250125ED0093
:1031C00000E0042545EA030294F86830154623B967
:1031D0003A46314604F114001DE00AB11A401DD1EF
:1031E000D4E9181294F85C0004F1140868B984F862
:1031F0006930D4E90630984202D84046EBF7BEFF6A
:1032000040F20113A4F85C3002E04046FFF722FDD3
:103210003A4631464046FFF71DFD2A46019B84F899
:1032200068202366009B636602B0BDE8F081000061
:1032300030B52DED108B85B004460BEE901A0CEED8
:10324000102A0CEE903ADDED18DA9DED19EADDED6D
:103250001AEAB6EE00DA9FED5ABA1B9D082D00F26D
:10326000AA807EEE6B6A7DEEEE7A3CEECE6A3EEE92
:10327000CC7A66EEE77AE6EE077AF5EEC07AF1EE02
:1032800010FA7BEEACAA48BFF1EE677A3CEE2DFA5D
:103290007CEE8E9A3DEEAEAA6AEE8DAA2FEE0DFA66
:1032A00069EE8D9A2AEE0DAAF4EECB7A7AEEA98A0F
:1032B0003FEE0A9AF1EE10FA68EE8D8A29EE0D9A29
:1032C000B5EE006A40DD27EE077AA6EEA67A67EE35
:1032D000A77A27EE067AF4EEC77AF1EE10FA50D804
:1032E0007EEE6C7A17EE901A7EEEED7A17EE900A6B
:1032F00000F048FA7CEEEB7A17EE901A7DEECC7A6D
:1033000008EE100A17EE900A00F03CFA07EE900A59
:1033100078EE677AF5EEC07AF1EE10FA9FED297A31
:1033200048BFF1EE677AF4EEC77AF1EE10FAA4BF67
:103330009FED257A77EE677A9FED247AF4EEC77ACF
:10334000F1EE10FA1DD514E07BEE8E7AB0EE687ABD
:103350007CEE2E6AA7EECD7AF0EE497AE6EECD7AD3
:1033600067EEA77AE7EE077AF4EEC67AF1EE10FA86
:1033700007D819EE102A18EE901A2046EAF7C7F877
:1033800019E001351CEE102A1BEE901A8DED029A01
:10339000CDED018A8DED00FA1AEE903A20460395A4
:1033A000FFF746FFF0EE4ADAF0EE69CAB0EE49CA1E
:1033B000F0EE68BA52E705B0BDEC108B30BD00BF2F
:1033C000FFE6DB2EDB0F4940DB0FC940CDCCCC3D07
:1033D00030B52DED108B8DB004460AEE901A0BEE31
:1033E000102A08EE103ADDED208A9DED219ADDEDE0
:1033F000229ADDED23BA9DED24CADFEDC7FA9FEDD9
:10340000C7FA259D082D00F28281F6EE006A79EE5A
:103410002BCA7AEE887A6CEEA6CA67EEA67A38EEE8
:10342000097AB0EE6C6ACDED097A39EE8CDA9DED51
:1034300009EAA7EE266AA7EE26EA7BEE28DA26EE50
:10344000267A2DEE26DA78EEA97A8DED0A7A6DEEDF
:10345000A6DAB0EE4D7AF0EE6DEAA7EEA67AE7EEC8
:10346000A6EA67EE267A2EEE26EACDED0B7ADDEDA2
:103470000A7A7EEE277A67EEA67A6EEEA6EACDEDA0
:10348000077ADDED0B7A7EEEA77A67EEA67ACDEDB0
:10349000087A002D00F016817BEEEA5A38EECC7ADD
:1034A0007CEE4B7A38EE6B6A25EEC77AA6EE277A69
:1034B00039EECC6AB5EEC07A39EE6B5A25EEC66AA3
:1034C000F1EE10FAA5EE276A48BFB1EE477AB5EEE5
:1034D000C06AF1EE10FAB4EEEF7A48BFB1EE466A78
:1034E000F1EE10FAB5EE005A40F3828067EEA77A4B
:1034F000B4EEEF6AE5EEA57AF1EE10FA67EE857AA2
:103500005CDD37EE067A27EE077AB4EEE77AF1EE65
:1035100010FA00F2D78079EE487A17EE901A79EE19
:10352000E87A17EE900A00F02DF978EE6A7A17EE35
:10353000901A78EECB7A0AEE100A17EE900A00F095
:1035400021F908EE100A3AEE488A7BEEC97AB5EE08
:10355000C08A17EE901A7CEE697AF1EE10FA17EE37
:10356000900A48BFB1EE488A00F00CF907EE900AC5
:1035700077EECA7AF5EEC07AF1EE10FAB4EECF8AA1
:1035800048BFF1EE677AF1EE10FAF4EECF7AA4BFFD
:103590009FED637A37EE488AF1EE10FAA4BF9FEDF3
:1035A000607A77EE677A38EE278ADFED5E7AB4EEDE
:1035B000E78AF1EE10FA40F185807DE027EE077A88
:1035C000B4EEE77AF1EE10FA7CD879EE487A17EE8D
:1035D000901A79EEE87A17EE900A00F0D3F878EEB8
:1035E0006A7A0AEE100A17EE901A78EECB7A23E088
:1035F000B4EEEF6AF1EE10FA49DD67EEA77AE5EE78
:10360000A57A26EE066A67EE857AB4EEE76AF1EEF1
:1036100010FA57D87BEEC97A17EE901A7CEE697AC9
:1036200017EE900A00F0AEF879EE487A0AEE100A2A
:1036300017EE901A79EEE87A17EE900A00F0A2F8E9
:1036400007EE900A3AEE67AAB5EEC0AAF1EE10FABC
:1036500048BFB1EE4AAAB4EECFAAF1EE10FAA4BF69
:10366000DFED2F7A37EECAAADFED2E7AB4EEE7AAA5
:10367000F1EE10FA26D518EE902A18EE101A204610
:10368000E9F745FF19EE902A19EE101A16E07AEEC6
:10369000AB7A9DED077A3BEE0C6AA7EEE67ADDED9C
:1036A000087AE6EE667A67EEA77AE7EE077AF4EE36
:1036B000C57AF1EE10FA05D8089A07992046E9F77D
:1036C00026FF24E0DDED087ACDED047ADDED077A02
:1036D00001351BEE102A1AEE901ACDED037ACDEDCE
:1036E00002EA8DED01EACDED00DA2046099B059551
:1036F000FFF76EFEF0EE4D9AB0EE6C9ADDED0B8AA0
:103700009DED0A8A9DED08BADDED07AA7AE60DB0B7
:10371000BDEC108B30BD00BFFFE6DB2EDB0F494058
:10372000DB0FC940CDCCCC3D10B50446034B40F86F
:10373000143BEBF729F8204610BD00BF8C78020837
:1037400010B50446FFF7F0FF2046742100F007F89B
:10375000204610BD0B460146184601F0E9B800F0BE
:103760000FB802680346D20705D4427802B1FFDEE3
:103770000120587070470020704701230360704794
:1037800001F020B800F07CB908B52DED028B08EEF1
:10379000100A00F097F8B4EE488AF1EE10FA06D657
:1037A000DFED0A8AB4EEE88AF1EE10FA02D4BDEC3D
:1037B000028B08BD01F040FAC8EEA87A0346212228
:1037C0001A60BDEC028B17EE900A08BD00000000E5
:1037D0001C4920F000428A421CD9B2F1FF4F06D3A7
:1037E00007EE900A77EEE77A17EE900A704700B579
:1037F00083B0694600F0F6F900F00302012A13D005
:10380000022A0AD0BAB90199009800F063F803B00F
:103810005DF804FB002100F05DB80199009800F00C
:1038200059F880F00040F2E70199009800F0DAF8CA
:1038300080F00040EBE701220199009800F0D2F8F7
:10384000E5E700BFD80F493F1D4920F000428A42FA
:103850001DD9B2F1FF4F06D307EE900A77EEE77A53
:1038600017EE900A704700B583B0694600F0BAF9C8
:1038700000F00300012816D002280CD0C0B90122A4
:103880000199009800F0AEF803B05DF804FB002247
:10389000002100F0A7B801220199009800F0A2F8D9
:1038A00080F00040F0E70199009800F013F8EBE792
:1038B0000199009800F00EF880F00040E4E700BFA6
:1038C000D80F493F07EE900AF1EEE77A17EE900A1B
:1038D000704700BF20F0004306EE900A07EE901AF2
:1038E000B3F1485F2ED2BDEEE67A17EE103A002B08
:1038F00064D026EEA67ADFED335A9FED334ADFED32
:10390000334AA7EE254A9FED325A9FED326ADFED2A
:10391000325AE7EE044AA7EE245AA7EE056AE7EE0C
:10392000065A67EE255A67EEE67AB6EE006AF7EEBB
:10393000006AE7EE257AD7EE067A76EEE77A17EE9A
:10394000900A704726EEA67ADFED1E5A9FED1E4ABA
:10395000DFED1E4AA7EE254A9FED1D5A9FED1D6A19
:10396000DFED1D5A1D4A9342E4EE074AA4EE875A42
:10397000A5EE076AE6EE075A65EE875AD3D9184ACC
:10398000934216D803F17F43B7EE005A06EE103A81
:1039900035EE465AF6EE004A67EEE67A97EE246A6E
:1039A000E7EE257A36EE676A75EE467A17EE900AEC
:1039B0007047B6EE075AB5EE026AEBE74FF07E505D
:1039C000704700BF4ED747ADF6740F317CF293B409
:1039D000010DD037610BB6BAABAA2A3D9999993E31
:1039E0000000483F20F0004307EE900A06EE901AD0
:1039F000B3F1485F04D2BDEEE77A17EE103A83B315
:103A000027EEA77A9FED174ADFED174A9FED175A69
:103A1000E7EE044ADFED165A9FED166A27EE874A55
:103A2000A4EE875AE5EE075AA5EE876A42B9DFEDA4
:103A3000126AE7EE066AE6EE847A17EE900A70479D
:103A400026EE446ADFED0D5AB6EE005AA6EE856A00
:103A5000D6EE076AE4EE256A77EEE67A17EE900A6C
:103A600070477047D3C92E2F342FD7B21BEF38368B
:103A7000010D50B98988083CABAA2ABEABAA2A3EE0
:103A800030B521F0004583B0B5F1FF4F0190DDF86E
:103A900004C02DDC2CF00042B2F1FF4F28DCB1F164
:103AA0007E5F3DD08C1704F0020444EADC7462B9F6
:103AB000022C33D0032C9DED017ADFED407A47FED6
:103AC000877A17EE900A03B030BDDDB1B5F1FF4F34
:103AD0002BD0B2F1FF4F15D0521BB2F1F45F4FEA79
:103AE000E2502EDA002947DA3C3045DA002029E09E
:103AF00007EE901A9DED017A77EE877A17EE900A1D
:103B000003B030BD9FED2E7ABCF1000FDFED2D7AB2
:103B100067FE277A17EE900A03B030BD2A48EFE718
:103B200003B0BDE8304000F09FB9B2F1FF4F04F19F
:103B3000FF341AD0022C3CD8244B03EB84031868C2
:103B4000DEE72348012C31D0022C22D0002CD7D024
:103B500006EE900ADFED1F7A9FED1F7A76EEA77AC8
:103B600077EEC77A17EE900ACAE7022C23D81B4BD0
:103B700003EB84031868C3E707EE101ADDED017A42
:103B8000C7EE877A17EE900A00F04AFA00F06CF957
:103B9000D8E706EE900ADFED0F7A9FED0F7A76EE0A
:103BA000A77A77EE677A17EE900AA9E700F100404E
:103BB000A6E70020A4E70A48A2E700BFDB0F49C040
:103BC000DB0FC93FDB0FC9BFDB0F49409878020804
:103BD000DB0FC93F2EBDBB33DB0F4940A478020881
:103BE000DB0F493F70B5904A20F0004486B00D4687
:103BF00094426AD98D4A064694421DD88C4A0028C0
:103C0000DFED8C7A07EE100A02EA00028A4940F3DF
:103C1000EA808A4277EE677A65D0DFED886A37EE10
:103C2000E67A77EEC77A77EEE67A012085ED007ABC
:103C3000C5ED017A06B070BD814A944260D9B4F1F5
:103C4000FF4F47D2E215DFED7F6A863AA4EBC253FD
:103C500007EE903ABDEEE77AB8EEC77A77EEC77A0C
:103C60008DED037A67EEA67ABDEEE77AB8EEC77AF5
:103C700077EEC77A8DED047A67EEA67AF5EE407A94
:103C8000CDED057AF1EE10FA40F0A880B5EE407A5D
:103C9000F1EE10FA0CBF012302236B4903A8019136
:103CA00002210091294600F02FFA002EC2DA95ED8C
:103CB000007A4042D5ED017AB1EE477AF1EE677AAB
:103CC00085ED007AC5ED017AB4E7002228604A60EC
:103CD0000020AFE707EE900A77EEE77AC1ED017AB0
:103CE000C1ED007AF4E79FED597ADFED596A77EE7E
:103CF000C77A37EEE67A77EEC77A77EEE67A94E718
:103D000000F08EF9F6EE007A07EE100A9FED516A88
:103D1000DFED485AE7EE067ADFED486AFDEEE77A16
:103D200017EE900AB8EEE76AF0EE477A1F2826EE03
:103D3000267AE6EE657AF1EE465A1EDC464B411EC7
:103D4000464A334052F82120934216D077EEC76A94
:103D500077EEE67A002EC5ED006A77EEC77AC5EDFC
:103D6000017ABFF667AFF1EE666A4042F1EE677A1C
:103D7000C5ED006AC5ED017A5CE777EEC76AE2152A
:103D800016EE903AC3F3C753C3EBD453082BDFDDD1
:103D9000B0EE675ADFED2D6ADFED2D4AA5EEA65A8B
:103DA00037EEC57AA5EEA67A96EE247A75EE476AC6
:103DB00016EE903AC3F3C753D21A192A10DDF0EE6B
:103DC000457ADFED276ADFED274AE5EEA67A35EE84
:103DD000677AA5EEA67A96EE247AB7E703235CE726
:103DE000F0EE457AB4E78A4277EE277A0ED0DFED1F
:103DF000136A37EEA67A77EEC77A77EEA67A4FF097
:103E0000FF3085ED007AC5ED017A13E79FED0F7A5B
:103E1000DFED0F6A77EE877A37EEA67A77EEC77A0C
:103E200077EEA67AEBE700BFD80F493FE3CB164009
:103E3000F0FFFF7F800FC93FD00FC93F43443537A4
:103E4000800F494300008043307902080044353731
:103E500008A3852E84F9223F00FFFF7FB078020877
:103E600000A3852E32318D2438B520F0004407EEB2
:103E7000900A0546B4F1A14F0CD3B4F1FF4F5CD8C2
:103E8000DFED547A00289FED547A77FE277A17EEFB
:103E9000900A38BD514B9C4260D8B4F1445F51D375
:103EA0004FF0FF3327EEA76ADFED4D1A9FED4D2A45
:103EB0005A1CDFED4D5A66EE066ADFED4C2A9FED87
:103EC0004C3ADFED4C3AA6EEA12A9FED4B4AE6EEC6
:103ED000A52ADFED4A4A9FED4A5A9FED4A7ADFED67
:103EE0004A5AA2EE263AE2EEA63AA3EE264AE3EEBC
:103EF000A64AA4EE265AA4EEA67AE5EE265A27EEA6
:103F0000267AA5EE867A27EE877A3ED03F49002DA5
:103F10003F4A01EB830102EB830391ED006AD3ED8D
:103F2000006A37EE467A37EE677A76EEC77AB8BF20
:103F3000F1EE677A17EE900A38BD77EEA77A17EEA2
:103F4000900A38BD9FED337AF7EE006A37EE877A34
:103F5000B4EEE67AF1EE10FAA2DD98E700F060F830
:103F60002D4B07EE100A9C4214D8A3F5D0039C42B7
:103F700025D8F0EE007A0023FFEE006AE7EE276A0C
:103F800037EE277AC6EE877A8CE777EEC77A17EE98
:103F9000900A38BD214B9C420BD8F7EE087A0223D9
:103FA000F7EE006AE7EE276A37EE677AC7EE267A01
:103FB00078E7FFEE006A0323C6EE877A72E7F7EE32
:103FC000007A012377EE676A37EE277AC6EE877AA2
:103FD00068E700BFDB0FC9BFDB0FC93FFFFFDF3E54
:103FE000D769853C59DA4B3D21A215BD6BF16EBDF9
:103FF000356B883D95879DBD6E2EBA3D388EE3BDED
:104000002549123ECDCC4CBEABAAAA3E487C020844
:10401000587C0208CAF24971FFFF973FFFFF1B401F
:1040200020F00040704700BF30F00042034641D00E
:10403000B2F1FF4F3FD210F0FF4F21D107EE100A2F
:10404000DFED2A7A2A4B67EE277A994217EE900A1B
:1040500038DB4CF2503CC0F3C75203466145A2F135
:10406000190212DD9FED237ADFED236AF0EE477A25
:10407000002827FE267A67EE277A17EE900A704707
:104080004CF2503CD20D6145ECDC0A44FE2AE9DCDE
:10409000002A20DC12F1160F22DB193223F0FF4335
:1040A000DFED167A43EAC25307EE103A67EE277A3D
:1040B00017EE900A704707EE900A77EEA77A17EE90
:1040C000900A704707EE100ADFED0D7A67EE277A47
:1040D00017EE900A704723F0FF4343EAC25070473F
:1040E0009FED077ADFED076AC0E700BF0000004CD4
:1040F000B03CFFFFCAF24971CAF249F10000003337
:104100006042A20D6042A28D2DE9F04F94461C46FC
:1041100082461CF1040F04F1FF382DED048BDBB057
:10412000689A0393CD4B059153F82260C0F2488200
:10413000BCF1030348BF0CF10403DB10029301330D
:104140004FEAC30EACEB0E0316EB08010693029B7D
:10415000A3EB080314D401319FEDC17A1EAA69981C
:104160001944002BF0EE477A05DB50F8234007EEA8
:10417000904AF8EEE77A0133E2EC017A8B42F0D113
:10418000002EC0F2BB82039B1EAA46AD404602EB46
:104190008304F7189A000AEB8301B8F1000FDFEDF2
:1041A000B07A09DBA1465346F3EC016A39ED017A96
:1041B0008B42E6EE877AF7D101300434E5EC017AE0
:1041C000B842EAD10DF1280B0AEB020433460096FF
:1041D0000BEB86029FEDA49A0BEB8609DFEDA18A1B
:1041E000043A46AF069E0492CDE907EC5AAA002B8A
:1041F0004FEA830502EB830252ED146A15DD7A194A
:10420000594666EE897A32ED016AB0EE667ABA42B4
:10421000FDEEE77AF8EEE77AA7EEE87A77EE866ABF
:10422000BDEEC77AA1EC017AEBD116EE900A3146C9
:104230000193FFF7F9FEF4EE007A08EE100A68EE3B
:10424000277A17EE900A00F089FAB2EE007AF0EEC3
:10425000487A06EE900A002E019BE6EEC77AFDEE44
:10426000E79AB8EEE97A37EEC78A6CDD581EC6F1D8
:104270000802C6F107015BF820C04CFA02FE0EFAF4
:1042800002F2019219EE902A724409EE902A019AE4
:10429000ACEB02024BF820200A41002A00F3F08028
:1042A000B5EE408AF1EE10FA40F0A08000998B4202
:1042B0000ADD5D44002155F8040D4D4541EA000139
:1042C000F9D1002940F0F680009A013A5BF82220EB
:1042D000002A40F0EA80049A012052F8041D0130BF
:1042E0000029FAD003F1010C18446546039A6FF0D7
:1042F000404E1344029A624407EB8C0C9644699A30
:1043000002EB8E0E1EAA02EB8301DEED017AB8F1FC
:10431000000F0EF1040EF8EEE77AE1EC017ADFED22
:10432000507A09DB0A465346F3EC016A32ED017A12
:10433000A342E6EE877AF7D10135ECEC017AA84288
:10434000E3DA034652E740F091805A1E5BF82220E0
:10435000D211002AA4DD19EE901A002B01F10101FF
:1043600009EE901A40F3DA8158464FF0000E50F8EB
:10437000041B00296CD0C1F5807140F8041C04E0D6
:104380000168C1F1FF0140F8041B0EF1010E7345F5
:10439000F6DC01218E46002E0ADD012E7DD0022E94
:1043A00006D1581E5BF8201001F03F0C4BF820C0DE
:1043B000022A7FF475AFF7EE007A714637EEC88AAD
:1043C00000293FF46DAF17EE900A31460992019330
:1043D000FFF72AFE07EE900A019B099A38EE678ADA
:1043E000B5EE408AF1EE10FA3FF460AFDDE907EC7C
:1043F00018EE100A009EAEEB0C0101930092FFF73D
:1044000013FEDFED186A07EE900AF4EEE67ADDE9B6
:104410000023F1EE10FAC0F24A819FED137A5C1C82
:10442000069927EE877A0831BDEEC77A0691B8EE75
:10443000C77AE7EE667ABDEEC77AFDEEE77A17EE49
:10444000901A4BF8231017EE103A4BF8243047E03F
:104450000EF1010E9E458ADB8E469CE7947C020895
:1044600000000000000080430000803BF6EE007A70
:10447000B4EEE78AF1EE10FA80F2978000220FE79F
:1044800019EE901A002B01F1010109EE901A3FF785
:104490006BAF0021012E8E4681D1581E5BF8201093
:1044A00001F07F0C4BF820C082E703F1010C654658
:1044B00060461BE706995C1E009EA1F108005BF8B0
:1044C0002410069061B96FF0404119440BEB810351
:1044D000014653F8040D013C08390028F9D0069133
:1044E00006994FF07E500092FFF79EFD002C07EEDC
:1044F000100A009AC0F20581601C46AD5FED266A85
:1045000081000BEB800305EB800073ED017AF8EE80
:10451000E77A5B4567EE877A27EE267A60ED017AC7
:10452000F3D10DF1C80E0B1F46A8A446F046002596
:10453000C7189146002E6BDB864A3846DFED867A37
:10454000002301E0AB4208DC0133F2EC016AB0EC7D
:10455000017A9E42E6EE877AF4DA0CF1FF3C0135EF
:10456000043FE8EC017ABCF1FF3FE3D1689B4A4687
:10457000022B50DC002B28DC0ED17144DFED767A63
:1045800031ED017A714577EE877AF9D1002A40F052
:10459000AC80059BC3ED007A19EE903A03F007005A
:1045A0005BB0BDEC048BBDE8F08F19EE902A002BB8
:1045B00002F1010209EE902A40F39A800222D3E62A
:1045C00000234FF0080E0293BCE571449FED627A20
:1045D00071ED017A714537EE277AF9D1DDED327A46
:1045E00077EEC77A002A78D1059B83ED007A5CB11B
:1045F00033A901230133B1EC017A9C4277EE877A2B
:10460000F8DA0AB1F1EE677A059BC3ED017AC3E7E8
:10461000DFED517AA1E7689B032BBDD1002C00F0A0
:1046200089800EEB8400A50090ED007A03460146D8
:1046300071ED017AF0EE476A37EE277A714577EE31
:10464000C77A81ED007A77EEA67AC1ED017AEFD1D3
:10465000012C6FD090ED007A0EF1040173ED017A18
:10466000F0EE476A37EE277A994277EEC77A83ED04
:10467000007A77EEA67AC3ED017AEFD12B1D0EF109
:104680000801DFED357A9E443EED017A714577EE03
:10469000877AF9D1DDED326A9DED337A7AB9059BDF
:1046A000C3ED006A83ED017AC3ED027A74E7FDEE93
:1046B000E77A1C4617EE901A4BF8231010E7F1EE3C
:1046C000666A059BB1EE477AF1EE677AC3ED006A40
:1046D00083ED017AC3ED027A5EE7B1EE477A059B7E
:1046E00083ED007A002C83D18CE7F1EE677A50E7F6
:1046F000F7EE007A022237EEC88AD1E5039B9A00D2
:1047000060E5689B022B11DC002B16DC7FF444AFC4
:10471000DFED117A002A3FF43CAFE6E7022A7FF48E
:10472000BFADF7EE007A37EEC88AB9E5689B032B78
:104730007FF432AFDFED087AACE7DDED327A1AB9FB
:104740000023059A13605FE74FF00043059A13605A
:1047500058E700BF687C02080000000007EE900ADE
:10476000FBFE677A17EE900A704700BF1FB514462C
:104770001A46094B05461B68D8684CB1074B009197
:104780000749CDE901342B4600F084F900F0ECFA3A
:10479000044B1C46F3E700BFA8B00420BA68020827
:1047A000C7680208F5680208002301461A46184641
:1047B00000F07CBA024B0146186800F02DB800BF2B
:1047C000A8B00420024B0146186800F0D5BA00BF1B
:1047D000A8B0042070B50F4E0C460546316811B9DB
:1047E00000F008FA30602146284600F003FA431C26
:1047F00003D14FF0FF34204670BDC41C24F00304E5
:10480000A042F8D0211A284600F0F4F90130F2D184
:10481000EFE700BF24A905202DE9F843CD1C06468B
:1048200025F0030508350C2D38BF0C25002D01DBC4
:10483000A94204D90C2333600020BDE8F883DFF8D7
:10484000D48000F069F8D8F800301C4644BB2946F3
:104850003046FFF7BFFF431C044658D1D8F800404C
:104860002746002F43D1002C4BD0236839463046D1
:1048700004EB030900F0BEF9814542D121683046BE
:104880006D1A2946FFF7A6FF01303AD023682B4462
:104890002360D8F800305A6862BBC8F800700FE097
:1048A0002268521B20D40B2A17D96119A342256014
:1048B00018BF5960636808BFC8F8001062514B60A8
:1048C000304600F02FF804F10B00231D20F0070004
:1048D000C21A1CBF1B1AA350AFE76268A3420CBFE9
:1048E000C8F800205A60EBE723466468AEE73C4610
:1048F0007F68B6E71A465B68A342FBD1002353608A
:10490000DEE70C233046336000F00CF894E70560D6
:10491000D6E700BF28A90520014800F0B8B900BFBC
:104920006CAA0520014800F0B3B900BF6CAA0520AD
:1049300010B504460448134620B10A460220214619
:1049400000F0B4F910BD00BFAD4C0208002310B553
:1049500004468360818119464366C28108228361CF
:10496000C0E90033C0E904335C3000F006F90D4BB8
:10497000246263620C4BA3620C4BE3620C4B236317
:104980000C4B9C4206D003F16802944202D0D03313
:104990009C4205D104F15800BDE8104000F076B902
:1049A00010BD00BFF54A0208174B02084F4B020822
:1049B000734B02082CA90520024A0349034800F062
:1049C0007BB800BF9CB00420B9540208ACB00420EE
:1049D00041680C4B994210B5044601D000F06CFDC3
:1049E000A168094B994202D0204600F065FDE168BC
:1049F000064B994204D02046BDE8104000F05CBD53
:104A000010BD00BF2CA9052094A90520FCA90520F4
:104A100010B50B4B04210B4C0B4A20461A600022A8
:104A2000FFF794FF04F1680001220921FFF78EFFD0
:104A300004F1D00002221221BDE81040FFF786BF2A
:104A400064AA05202CA90520B9490208014800F0F4
:104A50001EB900BF6EAA0520014800F019B900BFB9
:104A60006EAA052010B50446FFF7F0FF236A1BB1BC
:104A7000BDE81040FFF7F0BF044B2362044B1B68F6
:104A8000002BF5D1FFF7C4FFF2E700BFD1490208C0
:104A900064AA05200EB403B503AB0146054853F8DC
:104AA000042B0068019300F0DBF902B05DF804EB21
:104AB00003B07047A8B004202DE9F84307468846A4
:104AC00014460026D4E90195B9F1010905D52468F9
:104AD000002CF7D13046BDE8F883AB89012B07D90C
:104AE000B5F90E30013303D029463846C047064396
:104AF0006835E9E710B50C46B1F90E1000F068F81A
:104B00000028ABBF636DA3891B1823F48053ACBF8F
:104B10006365A38110BD2DE9F0411F468B890546D1
:104B20000C46DB05164605D502230022B1F90E100E
:104B300000F03CF8A3893246B4F90E10284623F45D
:104B40008053A3813B46BDE8F04100F063B810B547
:104B50000C46B1F90E1000F029F8431CA38915BFCB
:104B6000606523F4805343F48053A38118BFA3816D
:104B700010BDB1F90E1000F009B80244034693428B
:104B800000D1704703F8011BF9E7000038B5002396
:104B9000054D044608462B60E3F7C6FC431C02D1D2
:104BA0002B6803B1236038BD68AA052038B50446D8
:104BB000064D0846114600222A601A46E3F7BEFC5D
:104BC000431C02D12B6803B1236038BD68AA0520BD
:104BD00038B50446064D0846114600222A601A469A
:104BE000E3F786FC431C02D12B6803B1236038BD78
:104BF00068AA052038B50023054D044608462B60F9
:104C0000E3F746FC431C02D12B6803B1236038BD97
:104C100068AA052038B50446064D0846114600220C
:104C20002A601A46E3F772FC431C02D12B6803B1D9
:104C3000236038BD68AA0520014B1868704700BF83
:104C4000A8B0042070B50D4D00260D4C641BA410B7
:104C5000A64209D10B4D00260B4C00F0BFFD641B92
:104C6000A410A64205D170BD55F8043B0136984703
:104C7000EEE755F8043B01369847F2E7607D0208FD
:104C8000607D0208607D0208787D020870477047E9
:104C900070470A44431E914200D1704710B511F885
:104CA000014B914203F8014FF9D110BD2DE9F843B2
:104CB000284D074691460E4628689846FFF7E7FFBD
:104CC000254A14683CB9254B1360254A12B1126875
:104CD000C3F88820214C63681F2B06DD2868FFF786
:104CE000D7FF4FF0FF30BDE8F8833FB3D4F888001A
:104CF00068B91C4B002BF1D04FF48470FFF75AFDBC
:104D00000028EBD00023C0E94033C4F88800636872
:104D10000122022F40F8239002FA03F200EB8301F4
:104D2000D0F8003143EA0203C0F80031C1F88080B6
:104D300002BFD0F804311343C0F804316368286817
:104D40005A1C0233626044F82360FFF7A1FF002081
:104D5000C9E700BFF8B00420FCAA052070AA05200E
:104D6000A07C0208B5470208062008B500F088FCC0
:104D70000120E3F7B7FB000038B50546002941D014
:104D800051F8043C0C1F002BB8BFE418FFF7C4FD1A
:104D90001D4A136833B9636014602846BDE8384083
:104DA000FFF7C0BDA34208D9206821188B4201BF7C
:104DB00019685B6809182160EDE71A465B680BB15A
:104DC000A342FAD911685018A0420BD120680144BF
:104DD000501811608342E0D118685B680844536042
:104DE0001060DAE702D90C232B60D6E7206821187F
:104DF0008B4202BF19685B680918636008BF2160B5
:104E00005460CAE738BD00BF28A905209368013B5C
:104E1000002B10B4936008DA9469A34201DB0A29DD
:104E200003D15DF8044B00F06FBB1368581C106091
:104E3000084619705DF8044B7047F8B506460F46F2
:104E40001446D518AC4201D1002007E03A4614F8C8
:104E5000011B3046FFF7DAFF431CF3D1F8BD000019
:104E60002DE9F04F0D469DB014469846064618B100
:104E7000036A0BB9FFF7F6FD6B6ED90705D4AB8952
:104E80009A0502D4A86DFFF702FFAB891B0701D575
:104E90002B699BB92946304600F074FB70B16B6EEC
:104EA000DC0704D54FF0FF301DB0BDE8F08FAB89B3
:104EB0009805F7D4A86DFFF7EBFEF3E70023CDF8D4
:104EC0000C804FF00109DFF8B481099320238DF89D
:104ED000293030238DF82A3023469A4613F8012BC7
:104EE0000AB1252AF9D1BAEB040B0BD05B46224656
:104EF00029463046FFF7A1FF013000F0A780099A4C
:104F00005A4409929AF80030002B00F09F80002349
:104F10004FF0FF320AF1010A049307938DF85330E2
:104F20001A93CDE9052354460522544814F8011B71
:104F300000F0C2FB049AD8B9D10644BF20238DF8F3
:104F40005330130744BF2B238DF853309AF80030A9
:104F50002A2B15D0079A544600204FF00A0C214600
:104F600011F8013B303B092B4BD9B0B1079214E04B
:104F7000A0EB0803A24609FA03F313430493D2E714
:104F8000039B191D1B68002B0391BBBF5B4242F0C2
:104F9000020207930793B8BF049223782E2B0AD1FD
:104FA00063782A2B32D1039B02341A1D1B6843EA13
:104FB000E37303920593DFF8D4A0032221785046CF
:104FC00000F07AFB38B1A0EB0A004022049B0134C8
:104FD00082401343049314F8011B062228488DF8DD
:104FE000281000F069FB00283FD0264B1BBB039B19
:104FF000073323F0070308330393099B3B440993CA
:105000006AE70CFB02320C460120A8E700230134BA
:105010004FF00A0C19460593204610F8012B303A40
:10502000092A03D9002BC6D00591C4E70CFB012146
:1050300004460123F0E703AB2A4604A93046009357
:10504000114BAFF300800746781CD6D16B6ED907A1
:1050500005D4AB899A0502D4A86DFFF719FEAB8978
:105060005B063FF51FAF09981EE703AB2A4604A96C
:1050700030460093044B00F07DF8E4E7F668020840
:1050800000690208000000003B4E0208FC680208AC
:105090002DE9F047164698468A6807460B690C4684
:1050A000DDF820909342B8BF1346336091F8432057
:1050B0000AB1013333602368990642BF3368023373
:1050C0003360256815F0060506D104F1190AE36876
:1050D00032689B1AAB422BDC94F843302268003BC9
:1050E00018BF0123920630D404F1430241463846EA
:1050F000C847013023D023681A3454F80A2C03F02F
:105100000603042B0ABF54F80E5C002533684FF0E9
:10511000000608BFED1A54F8123C08BF25EAE575F1
:105120009342C4BF9B1AED18B5421AD1002008E083
:105130000123524641463846C847013003D14FF05B
:10514000FF30BDE8F0870135C1E7E1185A1C302077
:105150000233224481F8430094F8451082F843104A
:10516000C2E70123224641463846C8470130E6D00F
:105170000136D9E72DE9FF470F7E914680460C4660
:10518000782F9A460C9E01F1430207D8622F0AD865
:10519000002F00F0D180582F00F0B88004F14206B3
:1051A00084F842703AE0A7F16303152BF6D801A109
:1051B00051F823F00D520208215202089D510208B5
:1051C0009D5102089D5102089D510208215202087A
:1051D0009D5102089D5102089D5102089D510208EF
:1051E0001F5302084B520208D95202089D5102086F
:1051F0009D510208415302089D5102084B5202087A
:105200009D5102089D510208E152020833681A1D9F
:105210001B68326004F1420684F8423001239CE0AE
:1052200033682068191D3160060601D51D6803E04A
:105230004506FBD5B3F90050002D03DA2D236D424E
:1052400084F8433058480A2311E02168336808067F
:1052500053F8045B02D4490648BFADB26F2F3360E8
:10526000514814BF0A230823002184F843106668BC
:10527000002EA66005DB21682E4321F00401216089
:105280004BD01646B5FBF3F103FB1157C75D06F88B
:10529000017D2F460D46BB42F4D9082B0BD1236864
:1052A000DF0708D5236961689942DEBF302306F81D
:1052B000013C06F1FF36921B22614B4603AA2146B0
:1052C0004046CDF800A0FFF7E3FE01304AD14FF091
:1052D000FF3004B0BDE8F087236843F0200323606B
:1052E00078273248236884F845701F06316851F8E2
:1052F000045B02D45F0648BFADB23160D90744BF3A
:1053000043F0200323601DB11023ADE72648E9E7F1
:10531000236823F020032360F6E71646BDE73368D1
:105320002568181D616930602E061B6801D519605B
:1053300002E06806FBD51980002316462361BCE70E
:10534000336800211A1D32601E686268304600F022
:10535000B3F908B1801B606063682361002384F89F
:105360004330AAE72369324649464046D0470130D8
:10537000ADD023689B0713D4E068039B9842B8BF65
:105380001846A6E70123324649464046D047013039
:105390009DD00135E36803995B1AAB42F2DCEBE781
:1053A000002504F11906F5E70769020818690208E3
:1053B000B1F90C202DE9F041160705460C4654D4EE
:1053C0004B68002B02DC0B6C002B48DDE66A002EDC
:1053D00045D0002312F480522F68216A2B6030D010
:1053E000626DA389590705D56368D21A636B0BB147
:1053F000236CD21A0023E66A216A2846B047431C70
:10540000A38906D129681D292BD82A4ACA40D60764
:1054100027D50022D90462602269226004D5421C8B
:1054200001D12B6803B96065616B2F60B9B104F1DC
:105430004403994202D02846FFF79EFC0023636391
:105440000DE001232846B0470246501CC9D12B6805
:10545000002BC6D01D2B01D0162B1DD12F60002094
:1054600021E043F040031BB21AE00F69002FF6D091
:1054700093070E680F600CBF4B690023A6EB07086B
:105480008B60B8F1000FEADD43463A46216A2846B0
:10549000A66AB047002808DCB4F90C3043F040039A
:1054A0004FF0FF30A381BDE8F0810744A8EB00086E
:1054B000E7E700BF0100402038B50B6905460C4600
:1054C00013B90025284638BD18B1036A0BB9FFF798
:1054D000C9FAB4F90C30002BF3D0626ED00704D4B3
:1054E000990502D4A06DFFF7D2FB28462146FFF7AD
:1054F0005FFF636E0546DA07E4D4A3899B05E1D418
:10550000A06DFFF7C5FBDDE7F8B50E46144605466E
:1055100018B1036A0BB9FFF7A5FAA369A360A389C1
:105520001A0701D5236943B92146284600F02AF815
:1055300018B14FF0FF373846F8BD2368F6B222693C
:105540003746981A6369834205DC21462846FFF7EF
:10555000B3FF0028EDD1A368013BA36023685A1C68
:1055600022601E70431C62699A4204D0A389DB0743
:10557000E1D50A2EDFD121462846FFF79DFF0028FE
:10558000D9D0D6E738B5294B05460C46186818B16E
:10559000036A0BB9FFF766FAB4F90C30190722D485
:1055A000DA0607D409222A6043F040034FF0FF30A7
:1055B000A38133E0580712D5616B41B104F1440374
:1055C000994202D02846FFF7D7FB00236363A389E3
:1055D00023F02403A3810023636023692360A3894C
:1055E00043F00803A38123694BB9A38903F4207313
:1055F000B3F5007F03D02146284600F090F8B4F9B7
:105600000C3013F001020AD00022A26062695242FB
:10561000A261226942B913F08000C5D138BD990753
:1056200058BF6269A260F4E70020F7E7A8B0042041
:105630001F2938B505460C4604D9162303604FF0E0
:10564000FF3038BDC26B12B152F821304BB9284639
:1056500000F030F8224601462846BDE8384000F008
:1056600017B8012B0AD0591C03D11623036001205F
:10567000E7E70021204642F8241098470020E0E7A1
:10568000024B01461868FFF7D3BF00BFA8B0042043
:1056900038B50023064D0446084611462B60E2F754
:1056A00019FF431C02D12B6803B1236038BD00BF32
:1056B00068AA0520E2F70CBFC9B20346024410B540
:1056C0009342184601D1002003E0047801338C4254
:1056D000F6D110BD70B50C46B1F90E1096B0154656
:1056E00000291E460CDAA389002113F0800F14BF95
:1056F00040234FF48063002031602B6016B070BDF2
:105700006A4600F049F80028EDDB019901F4704188
:10571000A1F50053594259414FF48063EBE78B895F
:10572000F7B59D0706460C4607D504F147032360ED
:1057300023610123636103B0F0BD01AB6A46FFF74B
:10574000C9FF009F054630463946FFF765F848B95E
:10575000B4F90C309A05EED423F0030343F00203AE
:10576000A381E2E7A389206043F08003A381019B2A
:10577000C4E904075BB1B4F90E10304600F01EF81E
:1057800028B1A38923F0030343F00103A381A38974
:105790001D43A581CFE7000038B50023064D044620
:1057A000084611462B60E2F7C2FE431C02D12B686B
:1057B00003B1236038BD00BF68AA052038B50023B7
:1057C000054D044608462B60E2F7B6FE431C02D1A5
:1057D0002B6803B1236038BD68AA0520F8B500BF67
:1057E000F8BC08BC9E467047F8B500BFF8BC08BCC2
:0857F0009E4670470000000016
:1057F80000000000FFFFFFFFFFFFFFFF00000000A9
:10580800010000000000000000000000010000008E
:10581800FFFFFFFFFFFFFFFF01000000FFFFFFFF8B
:10582800FFFFFFFF01000000010000000100000071
:105838000000000000000000D9020008ED02000886
:105848008F33010819030008D1020008D7020008A5
:10585800492E01084D2F0108F52E0108D302000832
:10586800D502000800000000000000002303000823
:10587800230300081D03000825030008FCFFFFFFA1
:10588800000000001F0300083303000800000000A8
:105898000000000095030008A90300088F330108E1
:1058A800D5030008D102000891030008492E010819
:1058B8004D2F0108F52E0108D3020008D502000873
:1058C8000000000000000000DF030008DF030008FC
:1058D800D9030008E1030008FCFFFFFF00000000F7
:1058E800DB030008EF0300080000000000000000D0
:1058F8000D040008210400088F3301084D04000836
:10590800D102000809040008492E01084D2F01089A
:10591800F52E0108D3020008D50200080000000097
:10592800000000005704000857040008510400084C
:1059380059040008FCFFFFFF0000000053040008A2
:105948006704000800000000000000008D04000843
:10595800A10400088F330108CD040008D102000813
:1059680089040008492E01084D2F0108F52E010869
:10597800D3020008D5020008000000000000000063
:10598800D7040008D7040008D1040008D904000887
:10599800FCFFFFFF00000000D3040008E704000834
:1059A80000000000000000005D0E0108D50E01088F
:1059B800E90E0108050F0108250500083B05000848
:1059C8000F05000815050008110500080D1101084C
:1059D80001050008390E010803050008FD0E01083D
:1059E800F9190108A50E010871130108750E0108BF
:1059F8001D10010800000000000000000000000069
:105A08000000000000000000000000007D240108E4
:105A1800E32301088303000875050008FB23010838
:105A2800790600083B240108152401084D030008E5
:105A38005103000855030008590300085D030008D6
:105A48005F0300086103000863030008650300089A
:105A5800DD2401086703000879050008000000003C
:105A68000000000091050008EF0500080000000094
:105A780000000000930500080B0600084DDD000833
:105A88004DDC00087D240108E32301084B060008CB
:105A980075050008FB230108790600083B24010866
:105AA800152401084D030008510300085503000898
:105AB800590300085D0300085F030008610300083C
:105AC8003706000865030008DD240108670300089D
:105AD8007905000857E6000831DC000837DC0008C3
:105AE800000000000000000095050008FD05000802
:105AF80075A50008CDA100087D240108E32301084D
:105B0800830300087F030008FB23010867A100083E
:105B18003B240108152401084D030008510300081F
:105B280055030008590300085D03000889060008AA
:105B3800610300086303000865030008DD24010809
:105B480067030008EFA5000833A1000821A2000898
:105B58004DA1000861A100081DA1000853A200087A
:105B680045A30008F7A100088BA20008D9A10008E6
:105B780059060008DB050008D105000837070008AA
:105B88000000000000000000970500081906000842
:105B98009D050008BB05000800000000000000008B
:105BA80099050008270600088F3301089B0500089F
:105BB800D10200088F050008492E01084D2F010861
:105BC800F52E0108D3020008D502000800000000E5
:105BD80000000000590B0008930B00085F0B000839
:105BE8007D0B000800000000000000005B0B0008AF
:105BF800A10B00088F3301085D0B0008D1020008D3
:105C08008F050008492E01084D2F0108F52E0108BF
:105C1800D3020008D50200080000000000000000C0
:105C2800BD120008F7120008C3120008E1120008AC
:105C38000000000000000000BF1200080513000863
:105C48008F330108C1120008D10200088F0500082F
:105C5800492E01084D2F0108F52E0108D30200082E
:105C6800D5020008000000000000000055160008DA
:105C78008F1600085B16000879160008000000005F
:105C880000000000571600089D1600088F33010811
:105C980059160008D10200088F050008492E01088E
:105CA8004D2F0108F52E0108D3020008D50200087F
:105CB80073697A656F662853637265656E54797087
:105CC8006529203C3D20686561702E7363726565A7
:105CD8006E53746F726167652E656C656D656E7461
:105CE8005F73697A652829202626202256696577F8
:105CF80020616C6C6F636174696F6E206572726F7E
:105D0800723A20436865636B207468617420616C23
:105D18006C207669657773206172652061646465BB
:105D28006420746F2046726F6E74656E6448656196
:105D3800703A3A56696577547970657322005072E3
:105D48006573656E746572547970652A20746F7511
:105D580063686766783A3A6D616B655472616E7311
:105D68006974696F6E2853637265656E2A2A2C20E0
:105D780050726573656E7465722A2A2C204D5650D0
:105D880048656170262C205472616E736974696F5E
:105D98006E2A2A2C204D6F64656C547970652A2907
:105DA800205B776974682053637265656E547970F7
:105DB80065203D204D414E55414C5F53435245456A
:105DC8004E566965773B2050726573656E746572CF
:105DD80054797065203D204D414E55414C5F5343E9
:105DE8005245454E50726573656E7465723B20541A
:105DF80072616E7354797065203D204E6F547261E4
:105E08006E736974696F6E3B204D6F64656C54796D
:105E18007065203D204D6F64656C5D004D6964645C
:105E28006C6577617265732F53542F746F7563684F
:105E38006766782F6672616D65776F726B2F696E12
:105E4800636C7564652F6D76702F4D565041707078
:105E58006C69636174696F6E2E6870700073697A1B
:105E6800656F662850726573656E746572547970D3
:105E78006529203C3D20686561702E7072657365E8
:105E88006E74657253746F726167652E656C656DAB
:105E9800656E745F73697A6528292026262022504A
:105EA800726573656E74657220616C6C6F63617482
:105EB800696F6E206572726F723A20436865636B12
:105EC800207468617420616C6C2070726573656EF3
:105ED80074657273206172652061646465642074FE
:105EE8006F2046726F6E74656E64486561703A3AE9
:105EF80050726573656E74657254797065732200AB
:105F080073697A656F66285472616E735479706527
:105F180029203C3D20686561702E7472616E73693A
:105F280074696F6E53746F726167652E656C656D09
:105F3800656E745F73697A652829202626202254A5
:105F480072616E736974696F6E20616C6C6F6361E6
:105F580074696F6E206572726F723A204368656368
:105F68006B207468617420616C6C207472616E734C
:105F78006974696F6E732061726520616464656419
:105F880020746F2046726F6E74656E644865617028
:105F98003A3A5472616E736974696F6E54797065B8
:105FA80073220050726573656E74657254797065FA
:105FB8002A20746F7563686766783A3A6D616B6515
:105FC8005472616E736974696F6E28536372656584
:105FD8006E2A2A2C2050726573656E7465722A2A9F
:105FE8002C204D565048656170262C205472616EE5
:105FF800736974696F6E2A2A2C204D6F64656C541E
:106008007970652A29205B77697468205363726503
:10601800656E54797065203D2053455455505F5343
:10602800435245454E566965773B20507265736506
:106038006E74657254797065203D205345545550EF
:106048005F53435245454E50726573656E74657271
:106058003B205472616E7354797065203D204E6FF9
:106068005472616E736974696F6E3B204D6F64651D
:106078006C54797065203D204D6F64656C5D0050EF
:10608800726573656E746572547970652A20746FD1
:106098007563686766783A3A6D616B655472616ECC
:1060A800736974696F6E2853637265656E2A2A2C4A
:1060B8002050726573656E7465722A2A2C204D56BD
:1060C8005048656170262C205472616E736974693A
:1060D8006F6E2A2A2C204D6F64656C547970652A7E
:1060E80029205B776974682053637265656E5479FB
:1060F8007065203D204155544F4D4F44455F5343F3
:106108005245454E566965773B2050726573656EFA
:1061180074657254797065203D204155544F4D4F38
:1061280044455F53435245454E50726573656E74DE
:1061380065723B205472616E7354797065203D20FE
:106148004E6F5472616E736974696F6E3B204D6F48
:1061580064656C54797065203D204D6F64656C5D95
:106168000050726573656E746572547970652A2083
:10617800746F7563686766783A3A6D616B655472D7
:10618800616E736974696F6E2853637265656E2AF0
:106198002A2C2050726573656E7465722A2A2C2029
:1061A8004D565048656170262C205472616E736993
:1061B80074696F6E2A2A2C204D6F64656C5479704F
:1061C800652A29205B776974682053637265656E58
:1061D80054797065203D205354415254494E475FCD
:1061E80053435245454E566965773B205072657357
:1061F800656E74657254797065203D205354415220
:1062080054494E475F53435245454E507265736536
:106218006E7465723B205472616E73547970652098
:106228003D204E6F5472616E736974696F6E3B20C6
:106238004D6F64656C54797065203D204D6F6465C1
:106248006C5D0075736564203E203000746F756363
:10625800686766783A3A556E69636F64653A3A5585
:106268006E69636F64654368617220746F756368F3
:106278006766783A3A5465787450726F76696465DF
:10628800723A3A63697263756C61724275666665E3
:10629800723C73697A653E3A3A7065656B4368612A
:1062A800722829205B7769746820756E7369676E38
:1062B800656420696E742073697A65203D203130E9
:1062C8003B20746F7563686766783A3A556E696300
:1062D8006F64653A3A556E69636F646543686172C5
:1062E800203D2073686F727420756E7369676E65E0
:1062F8006420696E745D004D6964646C65776172D1
:1063080065732F53542F746F7563686766782F66AB
:1063180072616D65776F726B2F696E636C756465FA
:106328002F746F7563686766782F54657874507238
:106338006F76696465722E687070006F6666736543
:1063480074203C207573656400746F7563686766B4
:10635800783A3A556E69636F64653A3A556E69637F
:106368006F64654368617220746F756368676678E7
:106378003A3A5465787450726F76696465723A3A3D
:1063880063697263756C61724275666665723C73A7
:10639800697A653E3A3A7065656B4368617228753B
:1063A800696E7431365F7429205B7769746820756B
:1063B8006E7369676E656420696E742073697A65A7
:1063C800203D2031303B20746F7563686766783AEA
:1063D8003A556E69636F64653A3A556E69636F64DE
:1063E8006543686172203D2073686F727420756E12
:1063F8007369676E656420696E743B2075696E7495
:1064080031365F74203D2073686F727420756E7327
:1064180069676E656420696E745D00776964746885
:10642800203E3D20444953504C41595F57494454FC
:106438004820262620686569676874203E3D204408
:106448004953504C41595F484549474854202626EE
:1064580020224672616D65627566666572206361A9
:106468006E6E6F7420626520736D616C6C6572204E
:106478007468616E20646973706C61792200766952
:10648800727475616C20766F696420746F756368C7
:106498006766783A3A48414C3A3A7365744672618D
:1064A8006D6542756666657253697A652875696EA9
:1064B8007431365F742C2075696E7431365F7429B7
:1064C800004D6964646C6577617265732F53542F4E
:1064D800746F7563686766782F6672616D65776F2C
:1064E800726B2F696E636C7564652F746F75636862
:1064F8006766782F68616C2F48414C2E6870700071
:106508006672616D6542756666657220213D203050
:10651800202626202241206672616D6562756666B6
:1065280065722061646472657373206D757374207D
:1065380062652073657422007669727475616C20D7
:10654800766F696420746F7563686766783A3A484D
:10655800414C3A3A7365744672616D654275666678
:1065680065725374617274416464726573736573A0
:1065780028766F69642A2C20766F69642A2C207625
:106588006F69642A2900636F6D70617469626C6554
:106598004672616D65627566666572284269746DDA
:1065A80061703A3A5247423536352920262620224C
:1065B8005468652063686F73656E207061696E74D6
:1065C8006572206F6E6C7920776F726B73207769B4
:1065D80074682052474235363520646973706C619F
:1065E80079732200746F7563686766783A3A416216
:1065F8007374726163745061696E74657252474254
:106608003536353A3A416273747261637450616920
:106618006E7465725247423536352829004D6964D3
:10662800646C6577617265732F53542F746F75634B
:10663800686766782F6672616D65776F726B2F6910
:106648006E636C7564652F746F7563686766782F01
:10665800776964676574732F63616E7661732F4120
:10666800627374726163745061696E7465725247C3
:10667800423536352E687070003020262620225587
:106688006E737570706F7274656420466F726D6199
:106698007421220075696E7433325F742053544D2F
:1066A8003332444D413A3A6765744368726F6D41BD
:1066B80052544F7574707574466F726D6174287496
:1066C8006F7563686766783A3A4269746D61703AC3
:1066D8003A4269746D6170466F726D617429005435
:1066E8006F7563684746582F5461726765742F67E2
:1066F800656E6572617465642F53544D3332444D31
:10670800412E6370700075696E7433325F74205364
:10671800544D3332444D413A3A6765744368726F59
:106728006D415254496E707574466F726D6174286C
:10673800746F7563686766783A3A4269746D617018
:106748003A3A4269746D6170466F726D61742900DE
:10675800302026262022556E737570706F7274650E
:106768006420666F726D6174220076697274756157
:106778006C20766F69642053544D3332444D413A4E
:106788003A736574757044617461436F70792863F6
:106798006F6E737420746F7563686766783A3A42EF
:1067A8006C69744F70262900286672616D655F6296
:1067B80075666665725F73656D20213D204E554C88
:1067C8004C2920262620224372656174696F6E2049
:1067D8006F66206672616D656275666665722073A4
:1067E800656D6170686F7265206661696C656422A9
:1067F8000073746174696320766F696420746F75BF
:1068080063686766783A3A4F535772617070657279
:10681800733A3A696E697469616C697A6528290006
:10682800546F7563684746582F5461726765742FB3
:1068380067656E6572617465642F4F535772617036
:10684800706572732E63707000287673796E635F5B
:10685800717565756520213D204E554C4C292026C3
:106868002620224372656174696F6E206F662076F8
:1068780073796E63206D65737361676520717565E3
:106888007565206661696C656422004755495F54E7
:1068980061736B0064656661756C745461736B0039
:1068A80049444C4500546D725100546D7220537622
:1068B80063002C2066756E6374696F6E3A20006100
:1068C8007373657274696F6E202225732220666166
:1068D800696C65643A2066696C6520222573222CF0
:1068E800206C696E65202564257325730A00232DA5
:1068F800302B2000686C4C006566674546470030C1
:10690800313233343536373839414243444546000D
:10691800303132333435363738396162636465660D
:10692800000000000000000000000000F31900084B
:10693800431A0008FF1900081F1A00080000000089
:10694800000000005D0E0108D50E0108E90E0108DF
:10695800050F0108B91101083B050008F5190008E1
:10696800511A0008110500080D1101080105000859
:10697800390E010803050008FD0E0108F919010880
:10698800A50E010871130108750E01081D100108F4
:106998000000000000000000FD190008351A00087A
:1069A800F7190008EB190008ED190008611A00082A
:1069B800EF1900080000000000000000E7200008B0
:1069C8003D210008932D010899200008B9200008EE
:1069D800BD200008E1230008FD2300083522010836
:1069E800512301084D220108E9220108C1200008AD
:1069F800DF220108C5200008C9200008D1200008AE
:106A080003210008EF220108DF200008E320000826
:106A1800D7200008DB200008E9200008000000005B
:106A28000000000069230008592300085B230008C0
:106A38005034099000000000E001E001000000006F
:106A4800E001E001206A0090000000000A010A014C
:106A580027002700BC00BC40C0E2049000000000F2
:106A68000A010A010200020006010641F8C6529016
:106A78000000000000020002570056005201544175
:106A88003429229000000000000200026B01E0009F
:106A98007F004040F8C6329000000000000200026B
:106AA800D901C5001B006440503C10900000000054
:106AB800B801320005000000AE013240F8C642902D
:106AC8000000000000020002A90065001D00154139
:106AD80010941190000000003200320008001200EB
:106AE80020000A40B0BB04900000000032003200D1
:106AF800260006000400244020BB2190000000006E
:106B0800C100490000000000C1004900600C00906D
:106B180000000000F000320000000000F000320029
:106B280034293290000000009F007F000000000020
:106B38009F007F0020BB11900000000000020002AF
:106B4800B8007D000F009A40E47C020800000000B5
:106B5800000000000000000000000000A12500085F
:106B6800A5250008AF25000800000000000000006F
:106B7800000000000326000827260008E1DA0008C4
:106B8800D32500087D240108D9DB00088303000809
:106B980075050008FB230108790600083B24010855
:106BA800152401084D030008510300085503000887
:106BB800590300085D0300085F030008610300082B
:106BC8006303000865030008DD2401086703000863
:106BD80079050008B1250008B7250008BD2500087B
:106BE800F32500080000000000000000052600084A
:106BF80035260008B7C80008DF250008E325000887
:106C0800E7250008ED25000861C80008E5D9000857
:106C180075C8000879C800089DC80008EDC80008B4
:106C2800A1C80008F7250008FB250008FF25000873
:106C38000000000000000000FB280008A9C10008AF
:106C4800E9280008392900084DC20008F32800087F
:106C5800EF2800080129000821290008B3C000080E
:106C680003C20008ADC00008852A0008CD29000825
:106C78004BC100084DC100084BC10008F5C1000810
:106C88000000000000000000852E0008992E000872
:106C9800EFA0000803A10008C3A00008C7A00008CF
:106CA800E9A00008132E0008172E00081B2E000864
:106CB800232E00080000000000000000592E0008E4
:106CC8006D2E0008EFA0000803A10008C3A000086B
:106CD800C7A00008E9A00008F12D0008F52D00085C
:106CE800FB2D0008072E000800000000000000002F
:106CF800312E0008452E0008EFA0000803A1000867
:106D0800C3A00008C7A00008E9A00008D52D000806
:106D1800D92D0008DD2D0008E72D0008000000002F
:106D280000000000AD2E0008E52E00082B2E0008FC
:106D38000000000000000000F330000829310008BE
:106D4800F5300008F9300008F130000800000000B4
:106D5800000000007D3100082D3200085925000888
:106D6800E5260008D533000803B4000829320008D6
:106D78009D31000847B3000855B300086525000891
:106D880011C00008BDB5000809320008113200081A
:106D9800C9270008E9BB00085DB30008F1B700087F
:106DA80001BB000867BB00084DB8000899BD000882
:106DB8009DBC00082DBF0008B1B80008CDB500087B
:106DC8001DBE0008A1BE000885260008153200086F
:106DD800193200081D320008213200086725000812
:106DE800292700086D250008FDB6000879B70008B6
:106DF8008125000883250008872500083931000807
:106E08009125000819B300082DB900089925000834
:106E180029B4000881310008253200080D32000825
:106E2800D5B50008D9B600089D2600089B2500089E
:106E38009D2500089F2500080000000000000000B4
:106E4800913600080D37000895360008C13600084D
:106E58000000000000000000253700086D3700081A
:106E68006F37000855370008613700087D3700087C
:106E78001B3700081F370008006CDC0200366E0163
:106E88000024F400001BB70000093D0080841E00A8
:106E980060E3160040420F0000E02E00007017006B
:106EA80000A00F0000B80B00801A0600400D030078
:106EB800F0490200A086010000000000010203045E
:106EC8000000000000000000010203040607080992
:106ED80093680208000000000000000000000000A5
:106EE8000000000000800000180000000000000002
:106EF800000000009C68020800000000000000007C
:106F0800000000000000000000020000180000005F
:106F18000000000000000000000002420100000024
:106F280000000242030000000000024206000000C8
:106F38000004024201000000000402420A000000AE
:106F48000008024202000000000C02420D0000008E
:106F5800000C024202000000000802420A00000081
:106F68000004024200000000000802420C00000079
:106F78000004024203000000000402420400000072
:106F8800001002420000000000100242020000004F
:106F9800001002420300000037000000000000005B
:106FA800000000000000000000000000EFA0000842
:106FB80003A10008C3A00008C7A00008E9A00008B2
:106FC80000000000000000000000000000000000B9
:106FD800000000000000000011A2000813A2000831
:106FE80075A50008CDA100087D240108E323010848
:106FF800830300087F030008FB23010867A100083A
:107008003B240108152401084D030008510300081A
:1070180055030008590300085D0300085F030008D2
:10702800610300086303000865030008DD24010804
:1070380067030008EFA5000833A1000821A2000893
:107048004DA1000861A100081DA1000853A2000875
:1070580045A30008F7A100088BA20008D9A10008E1
:107068000000000000000000A1A60008EFA600082C
:1070780051A600080000000000000000A3A60008B8
:10708800FDA6000855A6000800000000000000004A
:10709800EDA600080BA7000875A50008CDA10008FB
:1070A8007D240108E3230108830300087F03000807
:1070B800FB23010829A800083B240108152401081E
:1070C8004D03000851030008550300085903000840
:1070D8002FB20008EDAF000819A7000801A90008A1
:1070E80045A80008DD24010867030008EFA500088B
:1070F800B7B2000821A200084DA1000861A100084C
:107108001DA1000853A2000845A30008F7A1000824
:10711800EBAB0008A5A6000859A6000819AC0008A2
:1071280075B10008101820000000000808080808B9
:1071380000000000000000007DC0000889C00008B1
:1071480051C100084FC100083FC2000895C100089E
:10715800A1C000080000000000000000CFC7000820
:10716800D1C70008A1250008A5250008CDC700083B
:1071780009C30008000000000000000025C800083E
:107188004DC8000809C80008A525000849C8000816
:107198002BC80008E1C70008F8FFFFFF0000000047
:1071A80027C800085BC8000801C8000800000000E4
:1071B8000000000035D50008C9D70008FDD2000836
:1071C80000000000000000000000000000000000B7
:1071D800B7C80008DF250008E3250008E7250008F0
:1071E800ED25000861C80008E5D9000875C8000841
:1071F80079C800089DC80008EDC80008A1C80008A3
:107208000000000000000000000000000000000076
:10721800000000000000000000000000E1DA0008A3
:10722800D32500087D240108D9DB00088303000862
:1072380075050008FB230108790600083B240108AE
:10724800152401084D0300085103000855030008E0
:10725800590300085D0300085F0300086103000884
:107268006303000865030008DD24010867030008BC
:1072780079050008B1250008B7250008BD250008D4
:107288000000000000000000000000003DDC0008D5
:107298003FDC00084DDD00084DDC00087D240108B6
:1072A800E32301084B06000875050008FB230108C5
:1072B800790600083B240108152401084D0300083D
:1072C8005103000855030008590300085D0300082E
:1072D8005F030008610300086303000865030008F2
:1072E800DD240108670300087905000857E600084F
:1072F80031DC000837DC0008000000000000000056
:1073080079DE000855E3000865E30008E1DD0008C0
:107318007D240108E3230108F1E40008750500084D
:10732800FB230108790600083B24010815240108FD
:107338004D0300085103000899DD0008BDDD000871
:107348005D0300085F030008610300086303000889
:1073580065030008DD2401086703000879050008B3
:10736800EDDD0008F5DD00082DDE000851DE00081F
:107378007DDE0008CDDE000845DF000847DE000896
:107388004BDE000815E000080000000000000000C7
:1073980031E6000833E60008F5E50008D7E50008FF
:1073A8007D240108E323010841E60008750500086B
:1073B800FB230108790600083B240108152401086D
:1073C8004D0300085103000855030008590300083D
:1073D8005D0300085F0300086103000863030008F9
:1073E80065030008DD240108670300087905000823
:1073F800000000000000000055E60008ABE60008A9
:10740800B9E6000889E600087D240108E32301089D
:107418004B06000875050008FB23010879060008DB
:107428003B240108152401084D03000851030008F6
:1074380055030008590300085D0300085F030008AE
:10744800610300086303000865030008DD240108E0
:10745800670300087905000857E6000800000000E7
:107468000000000089E700088BE700080000000022
:10747800000000005D0E0108D50E0108E90E0108A4
:10748800050F0108B9110108710E0108190F01084B
:107498001B0F0108E91900080D1101080105000872
:1074A800390E010803050008FD0E0108F919010845
:1074B800A50E010871130108750E01081D100108B9
:1074C80000000000000000003525010837250108EC
:1074D800ED28010800000000000000000000000086
:1074E80000000000932D010899200008B920000829
:1074F800BD200008E1230008FD230008352201080B
:10750800512301084D220108E9220108C120000881
:10751800DF220108C5200008C9200008D120000882
:1075280000000000EF220108D9230008DD2300082D
:10753800D7200008DB200008000000000000000041
:10754800000000002B2E01082D2E0108252E010811
:107558000000000000000000292E01083B2E010851
:107568008F3301088D050008D10200088F05000837
:10757800492E01084D2F0108F52E0108D3020008F5
:10758800D502000800000000000000000D470108B7
:107598001D760108B3480108000000000000000043
:1075A8000F4701080F760108554B0108000000003D
:1075B80000000000094701080176010803BA010824
:1075C80000000000000000000B470108F3750108E7
:1075D800C7BF0108000000000000000015470108AF
:1075E80055760108DB4C010800000000000000008F
:1075F80017470108477601086D4F01080000000091
:1076080000000000114701083976010817C5010874
:107618000000000000000000134701082B76010855
:107628003BCB010800000000000000001D470108D6
:107638008D760108395101080000000000000000A3
:107648001F4701087F760108F55301080000000074
:1076580000000000194701087176010891D101085E
:1076680000000000000000001B47010863760108C5
:107678000DDB010800000000000000002D47010894
:10768800FD760108C5560108000000000000000052
:107698002F470108EF760108815901080000000012
:1076A8000000000029470108E1760108315C010863
:1076B80000000000000000002B470108D3760108F5
:1076C800C35E010800000000000000002547010813
:1076D800C576010831E5010800000000000000003F
:1076E80027470108B776010889EF01080000000064
:1076F8000000000021470108A976010833F80108B5
:107708000000000000000000234701089B760108E4
:1077180087FD01080000000000000000354701084F
:107728003577010831600108000000000000000002
:1077380037470108277701080D630108000000009A
:1077480000000000314701081977010835030208D5
:107758000000000000000000334701080B77010813
:107768006D0C020800000000000000003D47010801
:107778006D770108C56501080000000000000000E1
:107788003F4701085F770108E5680108000000002D
:1077980000000000394701085177010871150208F7
:1077A80000000000000000003B4701084377010883
:1077B800E51C020800000000000000004147010825
:1077C800B7750108B1220208752502086127020869
:1077D800000000000000000043470108C5750108CB
:1077E800ED7C0108DD880108958B01080000000088
:1077F8000000000045470108D3750108357F0108DE
:10780800258E0108ED91010800000000000000002D
:1078180047470108E3750108F98201087D770108E7
:107828000000000000000000F96B0108A9750108BC
:10783800EDA70108196F01084D6D0108119F010896
:10784800FB6B0108FD970108416C0108619701086D
:10785800D9950108F1460108F5460108F9460108DD
:10786800ADF40008C1F40008C5F90008CDF400081B
:1078780049470108B1F50008FDAB01080000000008
:107888000000000029370208413702087B3102084E
:1078980000000080DB0F4940DB0F49C0DB0F49BF08
:1078A800E4CB1640E4CB16C0000FC93F000F494097
:1078B80000CB9640000FC9400053FB4000CB164157
:1078C80000ED2F41000F49410031624100537B41D7
:1078D800003A8A4100CB9641005CA34100EDAF41DC
:1078E800007EBC41000FC94100A0D5410031E241F2
:1078F80000C2EE410053FB4100F20342003A0A4243
:107908000083104200CB164200141D42005C234243
:1079180000A5294200ED2F4200363642007E3C4247
:1079280000C74242000F4942A2000000F9000000CF
:10793800830000006E0000004E00000044000000BC
:107948001500000029000000FC00000027000000CE
:1079580057000000D1000000F500000034000000CE
:10796800DD000000C0000000DB0000006200000035
:1079780095000000990000003C0000004300000052
:107988009000000041000000FE00000051000000CF
:1079980063000000AB000000DE000000BB00000038
:1079A800C500000061000000B700000024000000CE
:1079B8006E0000003A000000420000004D00000088
:1079C800D2000000E00000000600000049000000AE
:1079D8002E000000EA00000009000000D1000000AD
:1079E800920000001C000000FE0000001D000000C6
:1079F800EB0000001C000000B1000000290000009E
:107A0800A70000003E000000E8000000820000001F
:107A180035000000F50000002E000000BB0000004B
:107A28004400000084000000E90000009C00000001
:107A38007000000026000000B40000005F00000095
:107A48007E000000410000003900000091000000A5
:107A5800D600000039000000830000005300000039
:107A680039000000F40000009C00000084000000C1
:107A78005F0000008B000000BD000000F90000005E
:107A8800280000003B0000001F000000F800000074
:107A980097000000FF000000DE0000000500000065
:107AA800980000000F000000EF0000002F00000009
:107AB800110000008B0000005A0000000A000000BE
:107AC8006D0000001F0000006D000000360000007F
:107AD8007E000000CF00000027000000CB0000005F
:107AE80009000000B70000004F0000004600000039
:107AF8003F000000660000009E0000005F000000DC
:107B0800EA0000002D0000007500000027000000BA
:107B1800BA000000C7000000EB000000E50000000C
:107B2800F10000007B0000003D000000070000009D
:107B380039000000F70000008A0000005200000031
:107B480092000000EA0000006B000000FB0000004B
:107B58005F000000B10000001F0000008D00000061
:107B68005D0000000800000056000000030000004F
:107B78003000000046000000FC0000007B00000010
:107B88006B000000AB000000F0000000CF00000018
:107B9800BC000000200000009A000000F400000073
:107BA800360000001D000000A9000000E3000000EE
:107BB80091000000610000005E000000E600000087
:107BC8001B0000000800000065000000990000008C
:107BD800850000005F00000014000000A000000005
:107BE80068000000400000008D000000FF00000059
:107BF800D8000000800000004D0000007300000065
:107C08002700000031000000060000000600000008
:107C18001500000056000000CA00000073000000B4
:107C2800A8000000C900000060000000E200000099
:107C38007B000000C00000008C0000006B0000000A
:107C48006937AC3168212233B40F14336821A23369
:107C58003863ED3EDA0F493F5E987B3FDA0FC93F44
:107C68000000C93F0000F0390000DA370000A233F5
:107C78000000842E0000502B0000C2270000D022F4
:107C88000000C41F0000C61B0000441704000000C9
:107C9800070000000900000000AB052000000000FC
:107CA800000000000000000000000090AC060090FA
:107CB80000000000C406009000000000AC04009022
:107CC800250000002E0000000F0000000F0000003B
:107CD8001B0000002E00000000000000030103014B
:107CE80003010100010001000301000057004900E1
:107CF8004E0044004F005700200043004F004E0044
:107D0800540052004F004C0000004D0041004E004E
:107D1800550041004C0020004D004F004400450034
:107D280000004100550054004F0020004D004F0056
:107D38004400450000004100550054004F004D002C
:107D48004F00440045000000530045005400550012
:047D580050000000D7
:107D6000AD020008B5230008ED2F0008CD3500084E
:087D7000D90A01087D21010878
:087D780085020008E530000857
:107D8000000000005A0000002C6A0208E001000018
:107D900000093D000100000010000000AAAAAAAAE4
:107DA000E8030000E0770208C47702088877020839
:107DB00074770208B07702089C77020838770208C7
:107DC00024770208607702084C7702089876020848
:107DD00084760208C0760208AC760208E8760208CB
:107DE000D476020810770208FC760208487602086A
:107DF00034760208707602085C760208F87502088C
:107E0000E4750208207602080C760208A8750208BC
:107E100094750208D0750208BC75020800000000C5
:107E2000030000002CA90520ACB0042000000000D5
:107E30002CA9052094A90520FCA90520000000001C
:107E40000000000000000000000000000000000032
:107E50000000000000000000000000000000000022
:107E60000000000000000000000000000000000012
:107E700000000000000000006DAA052000000000C6
:107E800000000000000000000000000000000000F2
:107E900000000000000000000000000000000000E2
:107EA00000000000000000000000000000000000D2
:107EB00000000000000000000000000000000000C2
:107EC00000000000000000000000000000000000B2
:107ED00000000000000000000000000000000000A2
:107EE0000000000000000000000000000000000092
:107EF0000000000000000000000000000000000082
:107F00000000000000000000000000000000000071
:107F10000000000000000000000000000000000061
:107F20000000000000000000000000000000000051
:107F30000000000000000000000000000000000041
:107F40000000000000000000000000000000000031
:107F50000000000000000000000000000000000021
:107F60000000000000000000000000000000000011
:107F70000000000000000000000000000000000001
:107F800000000000000000000000000000000000F1
:107F900000000000000000000000000000000000E1
:107FA00000000000000000000000000000000000D1
:107FB00000000000000000000000000000000000C1
:107FC00000000000000000000000000000000000B1
:107FD00000000000000000000000000000000000A1
:107FE0000000000000000000000000000000000091
:107FF0000000000000000000000000000000000081
:108000000000000000000000000000000000000070
:108010000000000000000000000000000000000060
:108020000000000000000000000000000000000050
:108030000000000000000000000000000000000040
:108040000000000000000000000000000000000030
:108050000000000000000000000000000000000020
:108060000000000000000000000000000000000010
:108070000000000000000000000000000000000000
:040000050800A071DE
:00000001FF
