// 4.26.1 0xd7bba232 D2 R0 FRGB565 U565 N0 SExtFlashSection
// Generated by imageconverter. Please, do not edit!

#include <touchgfx/hal/Config.hpp>

LOCATION_PRAGMA("ExtFlashSection")
KEEP extern const unsigned char image_ies[] LOCATION_ATTRIBUTE("ExtFlashSection") = { // 193x73 RGB565 pixels.
    0xff, 0xff, 0xff, 0xff, 0xff, 0xff, 0xff, 0xff, 0xff, 0xff, 0xff, 0xff,
    0xff, 0xff, 0xff, 0xff, 0xff, 0xff, 0xff, 0xff, 0xff, 0xff, 0xff, 0xff,
    0xff, 0xff, 0xff, 0xff, 0xff, 0xff, 0xff, 0xff, 0xff, 0xff, 0xff, 0xff,
    0xff, 0xff, 0xff, 0xff, 0xff, 0xff, 0xff, 0xff, 0xff, 0xff, 0xff, 0xff,
    0xff, 0xff, 0xff, 0xff, 0xff, 0xff, 0xff, 0xff, 0xff, 0xff, 0xff, 0xff,
    0xff, 0xff, 0xff, 0xff, 0xff, 0xff, 0xff, 0xff, 0xff, 0xff, 0xff, 0xff,
    0xff, 0xff, 0xff, 0xff, 0xff, 0xff, 0xff, 0xff, 0xff, 0xff, 0xff, 0xff,
    0xff, 0xff, 0xff, 0xff, 0xff, 0xff, 0xff, 0xff, 0xff, 0xff, 0xff, 0xff,
    0xff, 0xff, 0xff, 0xff, 0xff, 0xff, 0xff, 0xff, 0xff, 0xff, 0xff, 0xff,
    0xff, 0xff, 0xff, 0xff, 0xff, 0xff, 0xff, 0xff, 0xff, 0xff, 0xff, 0xff,
    0xff, 0xff, 0xff, 0xff, 0xff, 0xff, 0xff, 0xff, 0xff, 0xff, 0xff, 0xff,
    0xff, 0xff, 0xff, 0xff, 0xff, 0xff, 0xff, 0xff, 0xff, 0xff, 0xff, 0xff,
    0xff, 0xff, 0xff, 0xff, 0xff, 0xff, 0xff, 0xff, 0xff, 0xff, 0xff, 0xff,
    0xff, 0xff, 0xff, 0xff, 0xff, 0xff, 0xff, 0xff, 0xff, 0xff, 0xff, 0xff,
    0xff, 0xff, 0xff, 0xff, 0xff, 0xff, 0xff, 0xff, 0xff, 0xff, 0xff, 0xff,
    0xff, 0xff, 0xff, 0xff, 0xff, 0xff, 0xff, 0xff, 0xff, 0xff, 0xff, 0xff,
    0xff, 0xff, 0xff, 0xff, 0xff, 0xff, 0xff, 0xff, 0xff, 0xff, 0xff, 0xff,
    0xff, 0xff, 0xff, 0xff, 0xff, 0xff, 0xff, 0xff, 0xff, 0xff, 0xff, 0xff,
    0xff, 0xff, 0xff, 0xff, 0xff, 0xff, 0xff, 0xff, 0xff, 0xff, 0xff, 0xff,
    0xff, 0xff, 0xff, 0xff, 0xff, 0xff, 0xff, 0xff, 0xff, 0xff, 0xff, 0xff,
    0xff, 0xff, 0xff, 0xff, 0xff, 0xff, 0xff, 0xff, 0xff, 0xff, 0xff, 0xff,
    0xff, 0xff, 0xff, 0xff, 0xff, 0xff, 0xff, 0xff, 0xff, 0xff, 0xff, 0xff,
    0xff, 0xff, 0xff, 0xff, 0xff, 0xff, 0xff, 0xff, 0xff, 0xff, 0xff, 0xff,
    0xff, 0xff, 0xff, 0xff, 0xff, 0xff, 0xff, 0xff, 0xff, 0xff, 0xff, 0xff,
    0xff, 0xff, 0xff, 0xff, 0xff, 0xff, 0xff, 0xff, 0xff, 0xff, 0xff, 0xff,
    0xff, 0xff, 0xff, 0xff, 0xff, 0xff, 0xff, 0xff, 0xff, 0xff, 0xff, 0xff,
    0xff, 0xff, 0xff, 0xff, 0xff, 0xff, 0xff, 0xff, 0xff, 0xff, 0xff, 0xff,
    0xff, 0xff, 0xff, 0xff, 0xff, 0xff, 0xff, 0xff, 0xff, 0xff, 0xff, 0xff,
    0xff, 0xff, 0xff, 0xff, 0xff, 0xff, 0xff, 0xff, 0xff, 0xff, 0xff, 0xff,
    0xff, 0xff, 0xff, 0xff, 0xff, 0xff, 0xff, 0xff, 0xff, 0xff, 0xff, 0xff,
    0xff, 0xff, 0xff, 0xff, 0xff, 0xff, 0xff, 0xff, 0xff, 0xff, 0xff, 0xff,
    0xff, 0xff, 0xff, 0xff, 0xff, 0xff, 0xff, 0xff, 0xff, 0xff, 0xff, 0xff,
    0xff, 0xff, 0xff, 0xff, 0xff, 0xff, 0xff, 0xff, 0xff, 0xff, 0xff, 0xff,
    0xff, 0xff, 0xff, 0xff, 0xff, 0xff, 0xff, 0xff, 0xff, 0xff, 0xff, 0xff,
    0xff, 0xff, 0xff, 0xff, 0xff, 0xff, 0xff, 0xff, 0xff, 0xff, 0xff, 0xff,
    0xff, 0xff, 0xff, 0xff, 0xff, 0xff, 0xff, 0xff, 0xff, 0xff, 0xff, 0xff,
    0xff, 0xff, 0xff, 0xff, 0xff, 0xff, 0xff, 0xff, 0xff, 0xff, 0xff, 0xff,
    0xff, 0xff, 0xff, 0xff, 0xff, 0xff, 0xff, 0xff, 0xff, 0xff, 0xff, 0xff,
    0xff, 0xff, 0xff, 0xff, 0xff, 0xff, 0xff, 0xff, 0xff, 0xff, 0xff, 0xff,
    0xff, 0xff, 0xff, 0xff, 0xff, 0xff, 0xff, 0xff, 0xff, 0xff, 0xff, 0xff,
    0xff, 0xff, 0xff, 0xff, 0xff, 0xff, 0xff, 0xff, 0xff, 0xff, 0xff, 0xff,
    0xff, 0xff, 0xff, 0xff, 0xff, 0xff, 0xff, 0xff, 0xff, 0xff, 0xff, 0xff,
    0xff, 0xff, 0xff, 0xff, 0xff, 0xff, 0xff, 0xff, 0xff, 0xff, 0xff, 0xff,
    0xff, 0xff, 0xff, 0xff, 0xff, 0xff, 0xff, 0xff, 0xff, 0xff, 0xff, 0xff,
    0xff, 0xff, 0xff, 0xff, 0xff, 0xff, 0xff, 0xff, 0xff, 0xff, 0xff, 0xff,
    0xff, 0xff, 0xff, 0xff, 0xff, 0xff, 0xff, 0xff, 0xff, 0xff, 0xff, 0xff,
    0xff, 0xff, 0xff, 0xff, 0xff, 0xff, 0xff, 0xff, 0xff, 0xff, 0xff, 0xff,
    0xff, 0xff, 0xff, 0xff, 0xff, 0xff, 0xff, 0xff, 0xff, 0xff, 0xff, 0xff,
    0xff, 0xff, 0xff, 0xff, 0xff, 0xff, 0xff, 0xff, 0xff, 0xff, 0xff, 0xff,
    0xff, 0xff, 0xff, 0xff, 0xff, 0xff, 0xff, 0xff, 0xff, 0xff, 0xff, 0xff,
    0xff, 0xff, 0xff, 0xff, 0xff, 0xff, 0xff, 0xff, 0xff, 0xff, 0xff, 0xff,
    0xff, 0xff, 0xff, 0xff, 0xff, 0xff, 0xff, 0xff, 0xff, 0xff, 0xff, 0xff,
    0xff, 0xff, 0xff, 0xff, 0xff, 0xff, 0xff, 0xff, 0xff, 0xff, 0xff, 0xff,
    0xff, 0xff, 0xff, 0xff, 0xff, 0xff, 0xff, 0xff, 0xff, 0xff, 0xff, 0xff,
    0xff, 0xff, 0xff, 0xff, 0xff, 0xff, 0xff, 0xff, 0xff, 0xff, 0xff, 0xff,
    0xff, 0xff, 0xff, 0xff, 0xff, 0xff, 0xff, 0xff, 0xff, 0xff, 0xff, 0xff,
    0xff, 0xff, 0xff, 0xff, 0xff, 0xff, 0xff, 0xff, 0xff, 0xff, 0xff, 0xff,
    0xff, 0xff, 0xff, 0xff, 0xff, 0xff, 0xff, 0xff, 0xff, 0xff, 0xff, 0xff,
    0xff, 0xff, 0xff, 0xff, 0xff, 0xff, 0xff, 0xff, 0xff, 0xff, 0xff, 0xff,
    0xff, 0xff, 0xff, 0xff, 0xff, 0xff, 0xff, 0xff, 0xff, 0xff, 0xff, 0xff,
    0xff, 0xff, 0xff, 0xff, 0xff, 0xff, 0xff, 0xff, 0xff, 0xff, 0xff, 0xff,
    0xff, 0xff, 0xff, 0xff, 0xff, 0xff, 0xff, 0xff, 0xff, 0xff, 0xff, 0xff,
    0xff, 0xff, 0xff, 0xff, 0xff, 0xff, 0xff, 0xff, 0xff, 0xff, 0xff, 0xff,
    0xff, 0xff, 0xff, 0xff, 0xff, 0xff, 0xff, 0xff, 0xff, 0xff, 0xff, 0xff,
    0xff, 0xff, 0xff, 0xff, 0xff, 0xff, 0xff, 0xff, 0xff, 0xff, 0xff, 0xff,
    0xff, 0xff, 0xff, 0xff, 0xff, 0xff, 0xff, 0xff, 0xff, 0xff, 0xff, 0xff,
    0xff, 0xff, 0xff, 0xff, 0xff, 0xff, 0xff, 0xff, 0xff, 0xff, 0xff, 0xff,
    0xff, 0xff, 0xff, 0xff, 0xff, 0xff, 0xff, 0xff, 0xff, 0xff, 0xff, 0xff,
    0xff, 0xff, 0xff, 0xff, 0xff, 0xff, 0xff, 0xff, 0xff, 0xff, 0xff, 0xff,
    0xff, 0xff, 0xff, 0xff, 0xff, 0xff, 0xff, 0xff, 0xff, 0xff, 0xff, 0xff,
    0xff, 0xff, 0xff, 0xff, 0xff, 0xff, 0xff, 0xff, 0xff, 0xff, 0xff, 0xff,
    0xff, 0xff, 0xff, 0xff, 0xff, 0xff, 0xff, 0xff, 0xff, 0xff, 0xff, 0xff,
    0xff, 0xff, 0xff, 0xff, 0xff, 0xff, 0xff, 0xff, 0xff, 0xff, 0xff, 0xff,
    0xff, 0xff, 0xff, 0xff, 0xff, 0xff, 0xff, 0xff, 0xff, 0xff, 0xff, 0xff,
    0xff, 0xff, 0xff, 0xff, 0xff, 0xff, 0xff, 0xff, 0xff, 0xff, 0xff, 0xff,
    0xff, 0xff, 0xff, 0xff, 0xff, 0xff, 0xff, 0xff, 0xff, 0xff, 0xff, 0xff,
    0xff, 0xff, 0xff, 0xff, 0xff, 0xff, 0xff, 0xff, 0xff, 0xff, 0xff, 0xff,
    0xff, 0xff, 0xff, 0xff, 0xff, 0xff, 0xff, 0xff, 0xff, 0xff, 0xff, 0xff,
    0xff, 0xff, 0xff, 0xff, 0xff, 0xff, 0xff, 0xff, 0xff, 0xff, 0xff, 0xff,
    0xff, 0xff, 0xff, 0xff, 0xff, 0xff, 0xff, 0xff, 0xff, 0xff, 0xff, 0xff,
    0xff, 0xff, 0xff, 0xff, 0xff, 0xff, 0xff, 0xff, 0xff, 0xff, 0xff, 0xff,
    0xff, 0xff, 0xff, 0xff, 0xff, 0xff, 0xff, 0xff, 0xff, 0xff, 0xff, 0xff,
    0xff, 0xff, 0xff, 0xff, 0xff, 0xff, 0xff, 0xff, 0xff, 0xff, 0xff, 0xff,
    0xff, 0xff, 0xff, 0xff, 0xff, 0xff, 0xff, 0xff, 0xff, 0xff, 0xff, 0xff,
    0xff, 0xff, 0xff, 0xff, 0xff, 0xff, 0xff, 0xff, 0xff, 0xff, 0xff, 0xff,
    0xff, 0xff, 0xff, 0xff, 0xff, 0xff, 0xff, 0xff, 0xff, 0xff, 0xff, 0xff,
    0xff, 0xff, 0xff, 0xff, 0xff, 0xff, 0xff, 0xff, 0xff, 0xff, 0xff, 0xff,
    0xff, 0xff, 0xff, 0xff, 0xff, 0xff, 0xff, 0xff, 0xff, 0xff, 0xff, 0xff,
    0xff, 0xff, 0xff, 0xff, 0xff, 0xff, 0xff, 0xff, 0xff, 0xff, 0xff, 0xff,
    0xff, 0xff, 0xff, 0xff, 0xff, 0xff, 0xff, 0xff, 0xff, 0xff, 0xff, 0xff,
    0xff, 0xff, 0xff, 0xff, 0xff, 0xff, 0xff, 0xff, 0xff, 0xff, 0xff, 0xff,
    0xff, 0xff, 0xff, 0xff, 0xff, 0xff, 0xff, 0xff, 0xff, 0xff, 0xff, 0xff,
    0xff, 0xff, 0xff, 0xff, 0xff, 0xff, 0xff, 0xff, 0xff, 0xff, 0xff, 0xff,
    0xff, 0xff, 0xff, 0xff, 0xff, 0xff, 0xff, 0xff, 0xff, 0xff, 0xff, 0xff,
    0xff, 0xff, 0xff, 0xff, 0xff, 0xff, 0xff, 0xff, 0xff, 0xff, 0xff, 0xff,
    0xff, 0xff, 0xff, 0xff, 0xff, 0xff, 0xff, 0xff, 0xff, 0xff, 0xff, 0xff,
    0xff, 0xff, 0xff, 0xff, 0xff, 0xff, 0xff, 0xff, 0xff, 0xff, 0xff, 0xff,
    0xff, 0xff, 0xff, 0xff, 0xff, 0xff, 0xff, 0xff, 0xff, 0xff, 0xff, 0xff,
    0xff, 0xff, 0xff, 0xff, 0xff, 0xff, 0xff, 0xff, 0xff, 0xff, 0xff, 0xff,
    0xff, 0xff, 0xff, 0xff, 0xff, 0xff, 0xff, 0xff, 0xff, 0xff, 0xff, 0xff,
    0xff, 0xff, 0xff, 0xff, 0xff, 0xff, 0xff, 0xff, 0xff, 0xff, 0xff, 0xff,
    0xff, 0xff, 0xff, 0xff, 0xff, 0xff, 0xff, 0xff, 0xff, 0xff, 0xff, 0xff,
    0xff, 0xff, 0xff, 0xff, 0xff, 0xff, 0xff, 0xff, 0xff, 0xff, 0xff, 0xff,
    0xff, 0xff, 0xff, 0xff, 0xff, 0xff, 0xff, 0xff, 0xff, 0xff, 0xff, 0xff,
    0xff, 0xff, 0xff, 0xff, 0xff, 0xff, 0xff, 0xff, 0xff, 0xff, 0xff, 0xff,
    0xff, 0xff, 0xff, 0xff, 0xff, 0xff, 0xff, 0xff, 0xff, 0xff, 0xff, 0xff,
    0xff, 0xff, 0xff, 0xff, 0xff, 0xff, 0xff, 0xff, 0xff, 0xff, 0xff, 0xff,
    0xff, 0xff, 0xff, 0xff, 0xff, 0xff, 0xff, 0xff, 0xff, 0xff, 0xff, 0xff,
    0xff, 0xff, 0xff, 0xff, 0xff, 0xff, 0xff, 0xff, 0xff, 0xff, 0xff, 0xff,
    0xff, 0xff, 0xff, 0xff, 0xff, 0xff, 0xff, 0xff, 0xff, 0xff, 0xff, 0xff,
    0xff, 0xff, 0xff, 0xff, 0xff, 0xff, 0xff, 0xff, 0xff, 0xff, 0xff, 0xff,
    0xff, 0xff, 0xff, 0xff, 0xff, 0xff, 0xff, 0xff, 0xff, 0xff, 0xff, 0xff,
    0xff, 0xff, 0xff, 0xff, 0xff, 0xff, 0xff, 0xff, 0xff, 0xff, 0xff, 0xff,
    0xff, 0xff, 0xff, 0xff, 0xff, 0xff, 0xff, 0xff, 0xff, 0xff, 0xff, 0xff,
    0xff, 0xff, 0xff, 0xff, 0xff, 0xff, 0xff, 0xff, 0xff, 0xff, 0xff, 0xff,
    0xff, 0xff, 0xff, 0xff, 0xff, 0xff, 0xff, 0xff, 0xff, 0xff, 0xff, 0xff,
    0xff, 0xff, 0xff, 0xff, 0xff, 0xff, 0xff, 0xff, 0xff, 0xff, 0xff, 0xff,
    0xff, 0xff, 0xff, 0xff, 0xff, 0xff, 0xff, 0xff, 0xff, 0xff, 0xff, 0xff,
    0xff, 0xff, 0xff, 0xff, 0xff, 0xff, 0xff, 0xff, 0xff, 0xff, 0xff, 0xff,
    0xff, 0xff, 0xff, 0xff, 0xff, 0xff, 0xff, 0xff, 0xff, 0xff, 0xff, 0xff,
    0xff, 0xff, 0xff, 0xff, 0xff, 0xff, 0xff, 0xff, 0xff, 0xff, 0xff, 0xff,
    0xff, 0xff, 0xff, 0xff, 0xff, 0xff, 0xff, 0xff, 0xff, 0xff, 0xff, 0xff,
    0xff, 0xff, 0xff, 0xff, 0xff, 0xff, 0xff, 0xff, 0xff, 0xff, 0xff, 0xff,
    0xff, 0xff, 0xff, 0xff, 0xff, 0xff, 0xff, 0xff, 0xff, 0xff, 0xff, 0xff,
    0xff, 0xff, 0xff, 0xff, 0xff, 0xff, 0xff, 0xff, 0xff, 0xff, 0xff, 0xff,
    0xff, 0xff, 0xff, 0xff, 0xff, 0xff, 0xff, 0xff, 0xff, 0xff, 0xff, 0xff,
    0xff, 0xff, 0xff, 0xff, 0xff, 0xff, 0xff, 0xff, 0xff, 0xff, 0xff, 0xff,
    0xff, 0xff, 0xff, 0xff, 0xff, 0xff, 0xff, 0xff, 0xff, 0xff, 0xff, 0xff,
    0xff, 0xff, 0xff, 0xff, 0xff, 0xff, 0xff, 0xff, 0xff, 0xff, 0xff, 0xff,
    0xff, 0xff, 0xff, 0xff, 0xff, 0xff, 0xff, 0xff, 0xff, 0xff, 0xff, 0xff,
    0xff, 0xff, 0xff, 0xff, 0xff, 0xff, 0xff, 0xff, 0xff, 0xff, 0xff, 0xff,
    0xff, 0xff, 0xff, 0xff, 0xff, 0xff, 0xff, 0xff, 0xff, 0xff, 0xff, 0xff,
    0xff, 0xff, 0xff, 0xff, 0xff, 0xff, 0xff, 0xff, 0xff, 0xff, 0xff, 0xff,
    0xff, 0xff, 0xff, 0xff, 0xff, 0xff, 0xff, 0xff, 0xff, 0xff, 0xff, 0xff,
    0xff, 0xff, 0xff, 0xff, 0xff, 0xff, 0xff, 0xff, 0xff, 0xff, 0xff, 0xff,
    0xff, 0xff, 0xff, 0xff, 0xff, 0xff, 0xff, 0xff, 0xff, 0xff, 0xff, 0xff,
    0xff, 0xff, 0xff, 0xff, 0xff, 0xff, 0xff, 0xff, 0xff, 0xff, 0xff, 0xff,
    0xff, 0xff, 0xff, 0xff, 0xff, 0xff, 0xff, 0xff, 0xff, 0xff, 0xff, 0xff,
    0xff, 0xff, 0xff, 0xff, 0xff, 0xff, 0xff, 0xff, 0xff, 0xff, 0xff, 0xff,
    0xff, 0xff, 0xff, 0xff, 0xff, 0xff, 0xff, 0xff, 0xff, 0xff, 0xff, 0xff,
    0xff, 0xff, 0xff, 0xff, 0xff, 0xff, 0xff, 0xff, 0xff, 0xff, 0xff, 0xff,
    0xff, 0xff, 0xff, 0xff, 0xfe, 0xff, 0xfe, 0xff, 0xfe, 0xff, 0xff, 0xff,
    0xff, 0xff, 0xff, 0xff, 0xff, 0xff, 0xff, 0xff, 0xff, 0xff, 0xff, 0xff,
    0xff, 0xff, 0xff, 0xff, 0xff, 0xff, 0xff, 0xff, 0xff, 0xff, 0xff, 0xff,
    0xff, 0xff, 0xff, 0xff, 0xff, 0xff, 0xff, 0xff, 0xff, 0xff, 0xff, 0xff,
    0xff, 0xff, 0xff, 0xff, 0xff, 0xff, 0xff, 0xff, 0xff, 0xff, 0xff, 0xff,
    0xff, 0xff, 0xff, 0xff, 0xff, 0xff, 0xff, 0xff, 0xff, 0xff, 0xff, 0xff,
    0xff, 0xff, 0xff, 0xff, 0xff, 0xff, 0xff, 0xff, 0xff, 0xff, 0xff, 0xff,
    0xff, 0xff, 0xff, 0xff, 0xff, 0xff, 0xff, 0xff, 0xff, 0xff, 0xff, 0xff,
    0xff, 0xff, 0xff, 0xff, 0xff, 0xff, 0xff, 0xff, 0xff, 0xff, 0xff, 0xff,
    0xff, 0xff, 0xff, 0xff, 0xff, 0xff, 0xff, 0xff, 0xff, 0xff, 0xff, 0xff,
    0xff, 0xff, 0xff, 0xff, 0xff, 0xff, 0xff, 0xff, 0xff, 0xff, 0xff, 0xff,
    0xff, 0xff, 0xff, 0xff, 0xff, 0xff, 0xff, 0xff, 0xff, 0xff, 0xff, 0xff,
    0xff, 0xff, 0xff, 0xff, 0xff, 0xff, 0xff, 0xff, 0xff, 0xff, 0xff, 0xff,
    0xff, 0xff, 0xff, 0xff, 0xff, 0xff, 0xff, 0xff, 0xff, 0xff, 0xff, 0xff,
    0xff, 0xff, 0xff, 0xff, 0xff, 0xff, 0xff, 0xff, 0xff, 0xff, 0xff, 0xff,
    0xff, 0xff, 0xff, 0xff, 0xff, 0xff, 0xff, 0xff, 0xff, 0xff, 0xff, 0xff,
    0xff, 0xff, 0xff, 0xff, 0xff, 0xff, 0xff, 0xff, 0xff, 0xff, 0xff, 0xff,
    0xff, 0xff, 0xff, 0xff, 0xff, 0xff, 0xff, 0xff, 0xff, 0xff, 0xff, 0xff,
    0xff, 0xff, 0xff, 0xff, 0xff, 0xff, 0xff, 0xff, 0xff, 0xff, 0xff, 0xff,
    0xff, 0xff, 0xff, 0xff, 0xff, 0xff, 0xff, 0xff, 0xff, 0xff, 0xff, 0xff,
    0xff, 0xff, 0xff, 0xff, 0xff, 0xff, 0xff, 0xff, 0xff, 0xff, 0xff, 0xff,
    0xff, 0xff, 0xff, 0xff, 0xff, 0xff, 0xff, 0xff, 0xff, 0xff, 0xff, 0xff,
    0xff, 0xff, 0xff, 0xff, 0xff, 0xff, 0xff, 0xff, 0xff, 0xff, 0xff, 0xff,
    0xff, 0xff, 0xff, 0xff, 0xff, 0xff, 0xff, 0xff, 0xff, 0xff, 0xff, 0xff,
    0xff, 0xff, 0xff, 0xff, 0xff, 0xff, 0xff, 0xff, 0xff, 0xff, 0xff, 0xff,
    0xff, 0xff, 0xff, 0xff, 0xff, 0xff, 0xff, 0xff, 0xff, 0xff, 0xff, 0xff,
    0xff, 0xff, 0xff, 0xff, 0xff, 0xff, 0xff, 0xff, 0xff, 0xff, 0xff, 0xff,
    0xff, 0xff, 0xff, 0xff, 0xff, 0xff, 0xff, 0xff, 0xff, 0xff, 0xff, 0xff,
    0xff, 0xff, 0xff, 0xff, 0xff, 0xff, 0xff, 0xff, 0xff, 0xff, 0xff, 0xff,
    0xff, 0xff, 0xff, 0xff, 0xff, 0xff, 0xff, 0xff, 0xff, 0xff, 0xff, 0xff,
    0xff, 0xff, 0xff, 0xff, 0xff, 0xff, 0xff, 0xff, 0xff, 0xff, 0xff, 0xff,
    0xff, 0xff, 0xff, 0xff, 0xff, 0xff, 0xff, 0xff, 0xff, 0xff, 0xff, 0xff,
    0xff, 0xff, 0xff, 0xff, 0xff, 0xff, 0xff, 0xff, 0xff, 0xff, 0xfe, 0xff,
    0xff, 0xff, 0xff, 0xff, 0xff, 0xff, 0xff, 0xff, 0xff, 0xff, 0xff, 0xff,
    0xff, 0xff, 0xff, 0xff, 0xff, 0xff, 0xff, 0xff, 0xff, 0xff, 0xff, 0xff,
    0xff, 0xff, 0xff, 0xff, 0xff, 0xff, 0xff, 0xff, 0xff, 0xff, 0xff, 0xff,
    0xff, 0xff, 0xff, 0xff, 0xff, 0xff, 0xff, 0xff, 0xff, 0xff, 0xff, 0xff,
    0xff, 0xff, 0xff, 0xff, 0xff, 0xff, 0xff, 0xff, 0xff, 0xff, 0xff, 0xff,
    0xff, 0xff, 0xff, 0xff, 0xff, 0xff, 0xff, 0xff, 0xff, 0xff, 0xff, 0xff,
    0xff, 0xff, 0xff, 0xff, 0xff, 0xff, 0xff, 0xff, 0xff, 0xff, 0xff, 0xff,
    0xff, 0xff, 0xff, 0xff, 0xff, 0xff, 0xff, 0xff, 0xff, 0xff, 0xff, 0xff,
    0xff, 0xff, 0xff, 0xff, 0xff, 0xff, 0xff, 0xff, 0xff, 0xff, 0xff, 0xff,
    0xff, 0xff, 0xff, 0xff, 0xff, 0xff, 0xff, 0xff, 0xff, 0xff, 0xff, 0xff,
    0xff, 0xff, 0xff, 0xff, 0xff, 0xff, 0xff, 0xff, 0xff, 0xff, 0xff, 0xff,
    0xff, 0xff, 0xff, 0xff, 0xff, 0xff, 0xff, 0xff, 0xff, 0xff, 0xff, 0xff,
    0xff, 0xff, 0xff, 0xff, 0xff, 0xff, 0xff, 0xff, 0xff, 0xff, 0xff, 0xff,
    0xff, 0xff, 0xff, 0xff, 0xff, 0xff, 0xff, 0xff, 0xff, 0xff, 0xff, 0xff,
    0xff, 0xff, 0xff, 0xff, 0xff, 0xff, 0xff, 0xff, 0xff, 0xff, 0xff, 0xff,
    0xff, 0xff, 0xff, 0xff, 0xff, 0xff, 0xff, 0xff, 0xff, 0xff, 0xff, 0xff,
    0xff, 0xff, 0xff, 0xff, 0xff, 0xff, 0xff, 0xff, 0xff, 0xff, 0xff, 0xff,
    0xff, 0xff, 0xff, 0xff, 0xff, 0xff, 0xff, 0xff, 0xff, 0xff, 0xff, 0xff,
    0xff, 0xff, 0xff, 0xff, 0xff, 0xff, 0xff, 0xff, 0xff, 0xff, 0xff, 0xff,
    0xff, 0xff, 0xff, 0xff, 0xff, 0xff, 0xff, 0xff, 0xff, 0xff, 0xff, 0xff,
    0xff, 0xff, 0xff, 0xff, 0xff, 0xff, 0xff, 0xff, 0xff, 0xff, 0xff, 0xff,
    0xff, 0xff, 0xff, 0xff, 0xff, 0xff, 0xff, 0xff, 0xff, 0xff, 0xff, 0xff,
    0xff, 0xff, 0xff, 0xff, 0xff, 0xff, 0xff, 0xff, 0xff, 0xff, 0xff, 0xff,
    0xff, 0xff, 0xff, 0xff, 0xff, 0xff, 0xff, 0xff, 0xff, 0xff, 0xff, 0xff,
    0xff, 0xff, 0xff, 0xff, 0xff, 0xff, 0xff, 0xff, 0xff, 0xff, 0xff, 0xff,
    0xff, 0xff, 0xff, 0xff, 0xff, 0xff, 0xff, 0xff, 0xff, 0xff, 0xff, 0xff,
    0xff, 0xff, 0xff, 0xff, 0xff, 0xff, 0xff, 0xff, 0xff, 0xff, 0xff, 0xff,
    0xff, 0xff, 0xff, 0xff, 0xff, 0xff, 0xff, 0xff, 0xff, 0xff, 0xff, 0xff,
    0xff, 0xff, 0xff, 0xff, 0xff, 0xff, 0xff, 0xff, 0xff, 0xff, 0xff, 0xff,
    0xff, 0xff, 0xff, 0xff, 0xff, 0xff, 0xff, 0xff, 0xff, 0xff, 0xff, 0xff,
    0xff, 0xff, 0xff, 0xff, 0xff, 0xff, 0xff, 0xff, 0xff, 0xff, 0xff, 0xff,
    0xff, 0xff, 0xff, 0xff, 0xff, 0xff, 0xff, 0xff, 0xff, 0xff, 0xff, 0xff,
    0xff, 0xff, 0xff, 0xff, 0xff, 0xff, 0xff, 0xff, 0xff, 0xff, 0xff, 0xff,
    0xff, 0xff, 0xff, 0xff, 0xff, 0xff, 0xff, 0xff, 0xff, 0xff, 0xff, 0xff,
    0xff, 0xff, 0xff, 0xff, 0xff, 0xff, 0xff, 0xff, 0xff, 0xff, 0xff, 0xff,
    0xff, 0xff, 0xff, 0xff, 0xff, 0xff, 0xff, 0xff, 0xff, 0xff, 0xff, 0xff,
    0xff, 0xff, 0xff, 0xff, 0xff, 0xff, 0xff, 0xff, 0xff, 0xff, 0xff, 0xff,
    0xff, 0xff, 0xff, 0xff, 0xff, 0xff, 0xff, 0xff, 0xff, 0xff, 0xff, 0xff,
    0xff, 0xff, 0xff, 0xff, 0xff, 0xff, 0xff, 0xff, 0xff, 0xff, 0xff, 0xff,
    0xff, 0xff, 0xff, 0xff, 0xff, 0xff, 0xff, 0xff, 0xff, 0xff, 0xff, 0xff,
    0xff, 0xff, 0xff, 0xff, 0xff, 0xff, 0xff, 0xff, 0xff, 0xff, 0xff, 0xff,
    0xff, 0xff, 0xff, 0xff, 0xff, 0xff, 0xff, 0xff, 0xff, 0xff, 0xff, 0xff,
    0xff, 0xff, 0xff, 0xff, 0xff, 0xff, 0xff, 0xff, 0xff, 0xff, 0xff, 0xff,
    0xff, 0xff, 0xff, 0xff, 0xff, 0xff, 0xff, 0xff, 0xff, 0xff, 0xff, 0xff,
    0xff, 0xff, 0xff, 0xff, 0xff, 0xff, 0xff, 0xff, 0xff, 0xff, 0xff, 0xff,
    0xff, 0xff, 0xff, 0xff, 0xff, 0xff, 0xff, 0xff, 0xff, 0xff, 0xff, 0xff,
    0xff, 0xff, 0xff, 0xff, 0xff, 0xff, 0xff, 0xff, 0xff, 0xff, 0xff, 0xff,
    0xff, 0xff, 0xff, 0xff, 0xff, 0xff, 0xff, 0xff, 0xff, 0xff, 0xff, 0xff,
    0xff, 0xff, 0xff, 0xff, 0xff, 0xff, 0xff, 0xff, 0xff, 0xff, 0xff, 0xff,
    0xff, 0xff, 0xff, 0xff, 0xff, 0xff, 0xff, 0xff, 0xff, 0xff, 0xff, 0xff,
    0xff, 0xff, 0xff, 0xff, 0xff, 0xff, 0xff, 0xff, 0xff, 0xff, 0xff, 0xff,
    0xff, 0xff, 0xff, 0xff, 0xff, 0xff, 0xff, 0xff, 0xff, 0xff, 0xff, 0xff,
    0xff, 0xff, 0xff, 0xff, 0xff, 0xff, 0xff, 0xff, 0xff, 0xff, 0xff, 0xff,
    0xff, 0xff, 0xff, 0xff, 0xff, 0xff, 0xff, 0xff, 0xff, 0xff, 0xff, 0xff,
    0xff, 0xff, 0xff, 0xff, 0xff, 0xff, 0xff, 0xff, 0xff, 0xff, 0xff, 0xff,
    0xff, 0xff, 0xff, 0xff, 0xff, 0xff, 0xff, 0xff, 0xff, 0xff, 0xff, 0xff,
    0xff, 0xff, 0xff, 0xff, 0xff, 0xff, 0xff, 0xff, 0xff, 0xff, 0xff, 0xff,
    0xff, 0xff, 0xff, 0xff, 0xff, 0xff, 0xff, 0xff, 0xff, 0xff, 0xff, 0xff,
    0xff, 0xff, 0xff, 0xff, 0xff, 0xff, 0xff, 0xff, 0xff, 0xff, 0xff, 0xff,
    0xff, 0xff, 0xff, 0xff, 0xff, 0xff, 0xff, 0xff, 0xff, 0xff, 0xff, 0xff,
    0xff, 0xff, 0xff, 0xff, 0xff, 0xff, 0xff, 0xff, 0xff, 0xff, 0xff, 0xff,
    0xff, 0xff, 0xff, 0xff, 0xff, 0xff, 0xff, 0xff, 0xff, 0xff, 0xff, 0xff,
    0xff, 0xff, 0xff, 0xff, 0xff, 0xff, 0xff, 0xff, 0xff, 0xff, 0xff, 0xff,
    0xff, 0xff, 0xff, 0xff, 0xff, 0xff, 0xff, 0xff, 0xff, 0xff, 0xff, 0xff,
    0xff, 0xff, 0xff, 0xff, 0xff, 0xff, 0xff, 0xff, 0xff, 0xff, 0xff, 0xff,
    0xff, 0xff, 0xff, 0xff, 0xff, 0xff, 0xff, 0xff, 0xff, 0xff, 0xff, 0xff,
    0xff, 0xff, 0xff, 0xff, 0xff, 0xff, 0xff, 0xff, 0xff, 0xff, 0xff, 0xff,
    0xff, 0xff, 0xff, 0xff, 0xff, 0xff, 0xff, 0xff, 0xff, 0xff, 0xff, 0xff,
    0xff, 0xff, 0xff, 0xff, 0xff, 0xff, 0xff, 0xff, 0xff, 0xff, 0xff, 0xff,
    0xff, 0xff, 0xff, 0xff, 0xff, 0xff, 0xff, 0xff, 0xff, 0xff, 0xff, 0xff,
    0xff, 0xff, 0xff, 0xff, 0xff, 0xff, 0xff, 0xff, 0xff, 0xff, 0xff, 0xff,
    0xff, 0xff, 0xff, 0xff, 0xff, 0xff, 0xff, 0xff, 0xff, 0xff, 0xff, 0xff,
    0xff, 0xff, 0xff, 0xff, 0xff, 0xff, 0xff, 0xff, 0xff, 0xff, 0xff, 0xff,
    0xff, 0xff, 0xff, 0xff, 0xff, 0xff, 0xff, 0xff, 0xff, 0xff, 0xff, 0xff,
    0xff, 0xff, 0xff, 0xff, 0xff, 0xff, 0xff, 0xff, 0xff, 0xff, 0xff, 0xff,
    0xff, 0xff, 0xff, 0xff, 0xff, 0xff, 0xff, 0xff, 0xff, 0xff, 0xff, 0xff,
    0xff, 0xff, 0xff, 0xff, 0xff, 0xff, 0xff, 0xff, 0xff, 0xff, 0xff, 0xff,
    0xff, 0xff, 0xff, 0xff, 0xff, 0xff, 0xff, 0xff, 0xff, 0xff, 0xff, 0xff,
    0xff, 0xff, 0xff, 0xff, 0xff, 0xff, 0xff, 0xff, 0xff, 0xff, 0xff, 0xff,
    0xff, 0xff, 0xff, 0xff, 0xff, 0xff, 0xff, 0xff, 0xff, 0xff, 0xff, 0xff,
    0xff, 0xff, 0xff, 0xff, 0xff, 0xff, 0xff, 0xff, 0xff, 0xff, 0xff, 0xff,
    0xff, 0xff, 0xff, 0xff, 0xff, 0xff, 0xff, 0xff, 0xff, 0xff, 0xff, 0xff,
    0xff, 0xff, 0xff, 0xff, 0xff, 0xff, 0xff, 0xff, 0xff, 0xff, 0xff, 0xff,
    0xff, 0xff, 0xff, 0xff, 0xff, 0xff, 0xff, 0xff, 0xff, 0xff, 0xff, 0xff,
    0xff, 0xff, 0xff, 0xff, 0xff, 0xff, 0xff, 0xff, 0xff, 0xff, 0xff, 0xff,
    0xff, 0xff, 0xff, 0xff, 0xff, 0xff, 0xff, 0xff, 0xff, 0xff, 0xff, 0xff,
    0xff, 0xff, 0xff, 0xff, 0xff, 0xff, 0xff, 0xff, 0xff, 0xff, 0xff, 0xff,
    0xff, 0xff, 0xff, 0xff, 0xff, 0xff, 0xff, 0xff, 0xff, 0xff, 0xff, 0xff,
    0xff, 0xff, 0xff, 0xff, 0xff, 0xff, 0xff, 0xff, 0xff, 0xff, 0xff, 0xff,
    0xff, 0xff, 0xff, 0xff, 0xff, 0xff, 0xff, 0xff, 0xff, 0xff, 0xff, 0xff,
    0xff, 0xff, 0xff, 0xff, 0xff, 0xff, 0xff, 0xff, 0xff, 0xff, 0xff, 0xff,
    0xff, 0xff, 0xff, 0xff, 0xff, 0xff, 0xff, 0xff, 0xff, 0xff, 0xff, 0xff,
    0xff, 0xff, 0xff, 0xff, 0xff, 0xff, 0xff, 0xff, 0xff, 0xff, 0xff, 0xff,
    0xff, 0xff, 0xff, 0xff, 0xff, 0xff, 0xff, 0xff, 0xff, 0xff, 0xff, 0xff,
    0xff, 0xff, 0xff, 0xff, 0xff, 0xff, 0xff, 0xff, 0xff, 0xff, 0xff, 0xff,
    0xff, 0xff, 0xff, 0xff, 0xff, 0xff, 0xff, 0xff, 0xff, 0xff, 0xff, 0xff,
    0xff, 0xff, 0xff, 0xff, 0xff, 0xff, 0xff, 0xff, 0xff, 0xff, 0xff, 0xff,
    0xff, 0xff, 0xff, 0xff, 0xff, 0xff, 0xff, 0xff, 0xff, 0xff, 0xff, 0xff,
    0xff, 0xff, 0xff, 0xff, 0xdf, 0xff, 0xff, 0xff, 0xff, 0xff, 0xff, 0xff,
    0xff, 0xff, 0xff, 0xff, 0xff, 0xff, 0xff, 0xff, 0xff, 0xff, 0xff, 0xff,
    0xff, 0xff, 0xff, 0xff, 0xff, 0xff, 0xff, 0xff, 0xff, 0xff, 0xff, 0xff,
    0xff, 0xff, 0xff, 0xff, 0xff, 0xff, 0xff, 0xff, 0xff, 0xff, 0xff, 0xff,
    0xff, 0xff, 0xff, 0xff, 0xff, 0xff, 0xff, 0xff, 0xff, 0xff, 0xff, 0xff,
    0xff, 0xff, 0xff, 0xff, 0xff, 0xff, 0xff, 0xff, 0xff, 0xff, 0xff, 0xff,
    0xff, 0xff, 0xff, 0xff, 0xff, 0xff, 0xff, 0xff, 0xff, 0xff, 0xff, 0xff,
    0xff, 0xff, 0xff, 0xff, 0xff, 0xff, 0xff, 0xff, 0xff, 0xff, 0xff, 0xff,
    0xff, 0xff, 0xff, 0xff, 0xff, 0xff, 0xff, 0xff, 0xff, 0xff, 0xff, 0xff,
    0xff, 0xff, 0xff, 0xff, 0xff, 0xff, 0xff, 0xff, 0xff, 0xff, 0xff, 0xff,
    0xff, 0xff, 0xff, 0xff, 0xff, 0xff, 0xff, 0xff, 0xff, 0xff, 0xff, 0xff,
    0xff, 0xff, 0xff, 0xff, 0xff, 0xff, 0xff, 0xff, 0xff, 0xff, 0xff, 0xff,
    0xff, 0xff, 0xff, 0xff, 0xff, 0xff, 0xff, 0xff, 0xff, 0xff, 0xff, 0xff,
    0xff, 0xff, 0xff, 0xff, 0xff, 0xff, 0xff, 0xff, 0xff, 0xff, 0xff, 0xff,
    0xff, 0xff, 0xff, 0xff, 0xff, 0xff, 0xff, 0xff, 0xff, 0xff, 0xff, 0xff,
    0xff, 0xff, 0xff, 0xff, 0xff, 0xff, 0xff, 0xff, 0xff, 0xff, 0xff, 0xff,
    0xff, 0xff, 0xff, 0xff, 0xff, 0xff, 0xff, 0xff, 0xff, 0xff, 0xff, 0xff,
    0xff, 0xff, 0xff, 0xff, 0xff, 0xff, 0xff, 0xff, 0xff, 0xff, 0xff, 0xff,
    0xff, 0xff, 0xff, 0xff, 0xff, 0xff, 0xff, 0xff, 0xff, 0xff, 0xff, 0xff,
    0xff, 0xff, 0xff, 0xff, 0xff, 0xff, 0xff, 0xff, 0xff, 0xff, 0xff, 0xff,
    0xff, 0xff, 0xff, 0xff, 0xff, 0xff, 0xff, 0xff, 0xff, 0xff, 0xff, 0xff,
    0xff, 0xff, 0xff, 0xff, 0xff, 0xff, 0xff, 0xff, 0xff, 0xff, 0xff, 0xff,
    0xff, 0xff, 0xff, 0xff, 0xff, 0xff, 0xff, 0xff, 0xff, 0xff, 0xff, 0xff,
    0xff, 0xff, 0xff, 0xff, 0xff, 0xff, 0xff, 0xff, 0xff, 0xff, 0xff, 0xff,
    0xff, 0xff, 0xff, 0xff, 0xff, 0xff, 0xff, 0xff, 0xff, 0xff, 0xff, 0xff,
    0xff, 0xff, 0xff, 0xff, 0xff, 0xff, 0xff, 0xff, 0xff, 0xff, 0xff, 0xff,
    0xff, 0xff, 0xff, 0xff, 0xff, 0xff, 0xff, 0xff, 0xff, 0xff, 0xff, 0xff,
    0xff, 0xff, 0xff, 0xff, 0xff, 0xff, 0xff, 0xff, 0xff, 0xff, 0xff, 0xff,
    0xff, 0xff, 0xff, 0xff, 0xff, 0xff, 0xff, 0xff, 0xff, 0xff, 0xff, 0xff,
    0xff, 0xff, 0xff, 0xff, 0xff, 0xff, 0xff, 0xff, 0xff, 0xff, 0xff, 0xff,
    0xff, 0xff, 0xff, 0xff, 0xff, 0xff, 0xff, 0xff, 0xff, 0xff, 0xff, 0xff,
    0xfe, 0xff, 0xff, 0xff, 0xff, 0xff, 0xff, 0xff, 0xff, 0xff, 0xff, 0xff,
    0xff, 0xff, 0xff, 0xff, 0xff, 0xff, 0xdf, 0xff, 0xff, 0xff, 0xff, 0xff,
    0xff, 0xff, 0xff, 0xff, 0xff, 0xff, 0xff, 0xff, 0xff, 0xff, 0xff, 0xff,
    0xff, 0xff, 0xff, 0xff, 0xff, 0xff, 0xff, 0xff, 0xff, 0xff, 0xff, 0xff,
    0xff, 0xff, 0xff, 0xff, 0xff, 0xff, 0xff, 0xff, 0xff, 0xff, 0xff, 0xff,
    0xff, 0xff, 0xff, 0xff, 0xff, 0xff, 0xff, 0xff, 0xff, 0xff, 0xff, 0xff,
    0xff, 0xff, 0xff, 0xff, 0xff, 0xff, 0xff, 0xff, 0xff, 0xff, 0xff, 0xff,
    0xff, 0xff, 0xff, 0xff, 0xff, 0xff, 0xff, 0xff, 0xff, 0xff, 0xff, 0xff,
    0xff, 0xff, 0xff, 0xff, 0xff, 0xff, 0xff, 0xff, 0xff, 0xff, 0xff, 0xff,
    0xff, 0xff, 0xff, 0xff, 0xff, 0xff, 0xff, 0xff, 0xff, 0xff, 0xff, 0xff,
    0xff, 0xff, 0xff, 0xff, 0xff, 0xff, 0xff, 0xff, 0xff, 0xff, 0xff, 0xff,
    0xff, 0xff, 0xff, 0xff, 0xff, 0xff, 0xff, 0xff, 0xff, 0xff, 0xff, 0xff,
    0xff, 0xff, 0xff, 0xff, 0xff, 0xff, 0xff, 0xff, 0xff, 0xff, 0xff, 0xff,
    0xff, 0xff, 0xff, 0xff, 0xff, 0xff, 0xff, 0xff, 0xff, 0xff, 0xff, 0xff,
    0xff, 0xff, 0xff, 0xff, 0xff, 0xff, 0xff, 0xff, 0xff, 0xff, 0xff, 0xff,
    0xff, 0xff, 0xff, 0xff, 0xff, 0xff, 0xff, 0xff, 0xff, 0xff, 0xff, 0xff,
    0xff, 0xff, 0xff, 0xff, 0xff, 0xff, 0xff, 0xff, 0xff, 0xff, 0xff, 0xff,
    0xff, 0xff, 0xff, 0xff, 0xff, 0xff, 0xff, 0xff, 0xff, 0xff, 0xff, 0xff,
    0xff, 0xff, 0xff, 0xff, 0xff, 0xff, 0xff, 0xff, 0xff, 0xff, 0xff, 0xff,
    0xff, 0xff, 0xff, 0xff, 0xff, 0xff, 0xff, 0xff, 0xff, 0xff, 0xff, 0xff,
    0xff, 0xff, 0xff, 0xff, 0xff, 0xff, 0xff, 0xff, 0xff, 0xff, 0xff, 0xff,
    0xff, 0xff, 0xff, 0xff, 0xff, 0xff, 0xff, 0xff, 0xff, 0xff, 0xff, 0xff,
    0xff, 0xff, 0xff, 0xff, 0xff, 0xff, 0xff, 0xff, 0xff, 0xff, 0xff, 0xff,
    0xff, 0xff, 0xff, 0xff, 0xff, 0xff, 0xff, 0xff, 0xff, 0xff, 0xff, 0xff,
    0xff, 0xff, 0xff, 0xff, 0xff, 0xff, 0xff, 0xff, 0xff, 0xff, 0xff, 0xff,
    0xff, 0xff, 0xff, 0xff, 0xff, 0xff, 0xff, 0xff, 0xff, 0xff, 0xff, 0xff,
    0xff, 0xff, 0xff, 0xff, 0xff, 0xff, 0xff, 0xff, 0xff, 0xff, 0xff, 0xff,
    0xff, 0xff, 0xff, 0xff, 0xff, 0xff, 0xff, 0xff, 0xff, 0xff, 0xff, 0xff,
    0xff, 0xff, 0xff, 0xff, 0xff, 0xff, 0xff, 0xff, 0xff, 0xff, 0xff, 0xff,
    0xff, 0xff, 0xff, 0xff, 0xff, 0xff, 0xfe, 0xff, 0xff, 0xff, 0xff, 0xff,
    0xff, 0xff, 0xff, 0xff, 0xff, 0xff, 0xff, 0xff, 0xff, 0xff, 0xff, 0xff,
    0xff, 0xff, 0xff, 0xff, 0xff, 0xff, 0xff, 0xff, 0xff, 0xff, 0xfe, 0xff,
    0xde, 0xff, 0xfe, 0xff, 0xfe, 0xff, 0xfe, 0xff, 0xff, 0xff, 0xff, 0xff,
    0xff, 0xff, 0xff, 0xff, 0xff, 0xff, 0xff, 0xff, 0xff, 0xff, 0xff, 0xff,
    0xff, 0xff, 0xff, 0xff, 0xff, 0xff, 0xff, 0xff, 0xff, 0xff, 0xff, 0xff,
    0xff, 0xff, 0xff, 0xff, 0xff, 0xff, 0xff, 0xff, 0xff, 0xff, 0xff, 0xff,
    0xff, 0xff, 0xff, 0xff, 0xff, 0xff, 0xff, 0xff, 0xff, 0xff, 0xff, 0xff,
    0xff, 0xff, 0xff, 0xff, 0xff, 0xff, 0xff, 0xff, 0xff, 0xff, 0xff, 0xff,
    0xff, 0xff, 0xff, 0xff, 0xff, 0xff, 0xff, 0xff, 0xff, 0xff, 0xff, 0xff,
    0xff, 0xff, 0xff, 0xff, 0xff, 0xff, 0xff, 0xff, 0xff, 0xff, 0xff, 0xff,
    0xff, 0xff, 0xff, 0xff, 0xff, 0xff, 0xff, 0xff, 0xff, 0xff, 0xff, 0xff,
    0xff, 0xff, 0xff, 0xff, 0xff, 0xff, 0xff, 0xff, 0xff, 0xff, 0xff, 0xff,
    0xff, 0xff, 0xff, 0xff, 0xff, 0xff, 0xff, 0xff, 0xff, 0xff, 0xff, 0xff,
    0xff, 0xff, 0xff, 0xff, 0xff, 0xff, 0xff, 0xff, 0xff, 0xff, 0xff, 0xff,
    0xff, 0xff, 0xff, 0xff, 0xff, 0xff, 0xff, 0xff, 0xff, 0xff, 0xff, 0xff,
    0xff, 0xff, 0xff, 0xff, 0xff, 0xff, 0xff, 0xff, 0xff, 0xff, 0xff, 0xff,
    0xff, 0xff, 0xff, 0xff, 0xff, 0xff, 0xff, 0xff, 0xff, 0xff, 0xff, 0xff,
    0xff, 0xff, 0xff, 0xff, 0xff, 0xff, 0xff, 0xff, 0xff, 0xff, 0xff, 0xff,
    0xff, 0xff, 0xff, 0xff, 0xff, 0xff, 0xff, 0xff, 0xff, 0xff, 0xff, 0xff,
    0xff, 0xff, 0xff, 0xff, 0xff, 0xff, 0xff, 0xff, 0xff, 0xff, 0xff, 0xff,
    0xff, 0xff, 0xff, 0xff, 0xff, 0xff, 0xff, 0xff, 0xff, 0xff, 0xff, 0xff,
    0xff, 0xff, 0xff, 0xff, 0xff, 0xff, 0xff, 0xff, 0xff, 0xff, 0xff, 0xff,
    0xff, 0xff, 0xff, 0xff, 0xff, 0xff, 0xff, 0xff, 0xff, 0xff, 0xff, 0xff,
    0xff, 0xff, 0xff, 0xff, 0xff, 0xff, 0xff, 0xff, 0xff, 0xff, 0xff, 0xff,
    0xff, 0xff, 0xff, 0xff, 0xff, 0xff, 0xff, 0xff, 0xff, 0xff, 0xff, 0xff,
    0xff, 0xff, 0xff, 0xff, 0xff, 0xff, 0xff, 0xff, 0xff, 0xff, 0xff, 0xff,
    0xff, 0xff, 0xff, 0xff, 0xff, 0xff, 0xff, 0xff, 0xff, 0xff, 0xff, 0xff,
    0xff, 0xff, 0xff, 0xff, 0xff, 0xff, 0xff, 0xff, 0xff, 0xff, 0xff, 0xff,
    0xff, 0xff, 0xff, 0xff, 0xff, 0xff, 0xff, 0xff, 0xff, 0xff, 0xff, 0xff,
    0xff, 0xff, 0xff, 0xff, 0xff, 0xff, 0xff, 0xff, 0xff, 0xff, 0xff, 0xff,
    0xff, 0xff, 0xff, 0xff, 0xff, 0xff, 0xff, 0xff, 0xff, 0xff, 0xff, 0xff,
    0xff, 0xff, 0xff, 0xff, 0xff, 0xff, 0xff, 0xff, 0xff, 0xff, 0xff, 0xff,
    0xff, 0xff, 0xff, 0xff, 0xff, 0xff, 0xff, 0xff, 0xff, 0xff, 0xff, 0xff,
    0xff, 0xff, 0xff, 0xff, 0xfe, 0xff, 0xfe, 0xff, 0xdd, 0xff, 0xfd, 0xff,
    0xfd, 0xff, 0xfd, 0xff, 0xfe, 0xff, 0xfe, 0xff, 0xfe, 0xff, 0xff, 0xff,
    0xff, 0xff, 0xff, 0xff, 0xff, 0xff, 0xdf, 0xff, 0xff, 0xff, 0xff, 0xff,
    0xff, 0xff, 0xdf, 0xff, 0xff, 0xff, 0xff, 0xff, 0xff, 0xff, 0xff, 0xff,
    0xff, 0xff, 0xff, 0xff, 0xff, 0xff, 0xff, 0xff, 0xff, 0xff, 0xff, 0xff,
    0xff, 0xff, 0xff, 0xff, 0xff, 0xff, 0xff, 0xff, 0xff, 0xff, 0xff, 0xff,
    0xff, 0xff, 0xff, 0xff, 0xff, 0xff, 0xff, 0xff, 0xff, 0xff, 0xff, 0xff,
    0xff, 0xff, 0xff, 0xff, 0xff, 0xff, 0xff, 0xff, 0xff, 0xff, 0xff, 0xff,
    0xff, 0xff, 0xff, 0xff, 0xff, 0xff, 0xff, 0xff, 0xff, 0xff, 0xff, 0xff,
    0xff, 0xff, 0xff, 0xff, 0xff, 0xff, 0xff, 0xff, 0xff, 0xff, 0xff, 0xff,
    0xff, 0xff, 0xff, 0xff, 0xff, 0xff, 0xff, 0xff, 0xff, 0xff, 0xff, 0xff,
    0xff, 0xff, 0xff, 0xff, 0xff, 0xff, 0xff, 0xff, 0xff, 0xff, 0xff, 0xff,
    0xff, 0xff, 0xff, 0xff, 0xff, 0xff, 0xff, 0xff, 0xff, 0xff, 0xff, 0xff,
    0xff, 0xff, 0xff, 0xff, 0xff, 0xff, 0xff, 0xff, 0xff, 0xff, 0xff, 0xff,
    0xff, 0xff, 0xff, 0xff, 0xff, 0xff, 0xff, 0xff, 0xff, 0xff, 0xff, 0xff,
    0xff, 0xff, 0xff, 0xff, 0xff, 0xff, 0xff, 0xff, 0xff, 0xff, 0xff, 0xff,
    0xff, 0xff, 0xff, 0xff, 0xff, 0xff, 0xff, 0xff, 0xff, 0xff, 0xff, 0xff,
    0xff, 0xff, 0xff, 0xff, 0xff, 0xff, 0xff, 0xff, 0xff, 0xff, 0xff, 0xff,
    0xff, 0xff, 0xff, 0xff, 0xff, 0xff, 0xff, 0xff, 0xff, 0xff, 0xff, 0xff,
    0xff, 0xff, 0xff, 0xff, 0xff, 0xff, 0xff, 0xff, 0xff, 0xff, 0xff, 0xff,
    0xff, 0xff, 0xff, 0xff, 0xff, 0xff, 0xff, 0xff, 0xff, 0xff, 0xff, 0xff,
    0xff, 0xff, 0xff, 0xff, 0xff, 0xff, 0xff, 0xff, 0xff, 0xff, 0xff, 0xff,
    0xff, 0xff, 0xff, 0xff, 0xff, 0xff, 0xff, 0xff, 0xff, 0xff, 0xff, 0xff,
    0xff, 0xff, 0xff, 0xff, 0xff, 0xff, 0xff, 0xff, 0xff, 0xff, 0xff, 0xff,
    0xff, 0xff, 0xff, 0xff, 0xff, 0xff, 0xff, 0xff, 0xff, 0xff, 0xff, 0xff,
    0xff, 0xff, 0xff, 0xff, 0xff, 0xff, 0xff, 0xff, 0xff, 0xff, 0xff, 0xff,
    0xff, 0xff, 0xff, 0xff, 0xff, 0xff, 0xff, 0xff, 0xff, 0xff, 0xff, 0xff,
    0xff, 0xff, 0xff, 0xff, 0xff, 0xff, 0xff, 0xff, 0xff, 0xff, 0xff, 0xff,
    0xff, 0xff, 0xff, 0xff, 0xff, 0xff, 0xff, 0xff, 0xff, 0xff, 0xff, 0xff,
    0xff, 0xff, 0xff, 0xff, 0xff, 0xff, 0xff, 0xff, 0xff, 0xff, 0xff, 0xff,
    0xff, 0xff, 0xff, 0xff, 0xff, 0xff, 0xff, 0xff, 0xff, 0xff, 0xff, 0xff,
    0xff, 0xff, 0xff, 0xff, 0xff, 0xff, 0xff, 0xff, 0xff, 0xff, 0xff, 0xff,
    0xfe, 0xff, 0xfd, 0xff, 0xfd, 0xff, 0xdc, 0xff, 0x9a, 0xff, 0x79, 0xff,
    0x79, 0xff, 0xba, 0xff, 0x9b, 0xff, 0xfd, 0xff, 0xfe, 0xff, 0xfe, 0xff,
    0xfe, 0xff, 0xff, 0xff, 0xff, 0xff, 0xff, 0xff, 0xff, 0xff, 0xff, 0xff,
    0xff, 0xff, 0xff, 0xff, 0x1c, 0xdf, 0xff, 0xff, 0xff, 0xff, 0xff, 0xff,
    0xff, 0xff, 0xff, 0xff, 0xff, 0xff, 0xff, 0xff, 0xff, 0xff, 0xff, 0xff,
    0xff, 0xff, 0xff, 0xff, 0xff, 0xff, 0xff, 0xff, 0xff, 0xff, 0xff, 0xff,
    0xff, 0xff, 0xff, 0xff, 0xff, 0xff, 0xff, 0xff, 0xff, 0xff, 0xff, 0xff,
    0xff, 0xff, 0xff, 0xff, 0xff, 0xff, 0xff, 0xff, 0xff, 0xff, 0xff, 0xff,
    0xff, 0xff, 0xff, 0xff, 0xff, 0xff, 0xff, 0xff, 0xff, 0xff, 0xff, 0xff,
    0xff, 0xff, 0xff, 0xff, 0xff, 0xff, 0xff, 0xff, 0xff, 0xff, 0xff, 0xff,
    0xff, 0xff, 0xff, 0xff, 0xff, 0xff, 0xff, 0xff, 0xff, 0xff, 0xff, 0xff,
    0xff, 0xff, 0xff, 0xff, 0xff, 0xff, 0xff, 0xff, 0xff, 0xff, 0xff, 0xff,
    0xff, 0xff, 0xff, 0xff, 0xff, 0xff, 0xff, 0xff, 0xff, 0xff, 0xff, 0xff,
    0xff, 0xff, 0xff, 0xff, 0xff, 0xff, 0xff, 0xff, 0xff, 0xff, 0xff, 0xff,
    0xff, 0xff, 0xff, 0xff, 0xff, 0xff, 0xff, 0xff, 0xff, 0xff, 0xff, 0xff,
    0xff, 0xff, 0xff, 0xff, 0xff, 0xff, 0xff, 0xff, 0xff, 0xff, 0xff, 0xff,
    0xff, 0xff, 0xff, 0xff, 0xff, 0xff, 0xff, 0xff, 0xff, 0xff, 0xff, 0xff,
    0xff, 0xff, 0xff, 0xff, 0xff, 0xff, 0xff, 0xff, 0xff, 0xff, 0xff, 0xff,
    0xff, 0xff, 0xff, 0xff, 0xff, 0xff, 0xff, 0xff, 0xff, 0xff, 0xff, 0xff,
    0xff, 0xff, 0xff, 0xff, 0xff, 0xff, 0xff, 0xff, 0xff, 0xff, 0xff, 0xff,
    0xff, 0xff, 0xff, 0xff, 0xff, 0xff, 0xff, 0xff, 0xff, 0xff, 0xff, 0xff,
    0xff, 0xff, 0xff, 0xff, 0xff, 0xff, 0xff, 0xff, 0xff, 0xff, 0xff, 0xff,
    0xff, 0xff, 0xff, 0xff, 0xff, 0xff, 0xff, 0xff, 0xff, 0xff, 0xff, 0xff,
    0xff, 0xff, 0xff, 0xff, 0xff, 0xff, 0xff, 0xff, 0xff, 0xff, 0xff, 0xff,
    0xff, 0xff, 0xff, 0xff, 0xff, 0xff, 0xff, 0xff, 0xff, 0xff, 0xff, 0xff,
    0xff, 0xff, 0xff, 0xff, 0xff, 0xff, 0xff, 0xff, 0xff, 0xff, 0xff, 0xff,
    0xff, 0xff, 0xff, 0xff, 0xff, 0xff, 0xff, 0xff, 0xff, 0xff, 0xff, 0xff,
    0xff, 0xff, 0xff, 0xff, 0xff, 0xff, 0xff, 0xff, 0xff, 0xff, 0xff, 0xff,
    0xff, 0xff, 0xff, 0xff, 0xff, 0xff, 0xff, 0xff, 0xff, 0xff, 0xff, 0xff,
    0xff, 0xff, 0xff, 0xff, 0xff, 0xff, 0xff, 0xff, 0xff, 0xff, 0xff, 0xff,
    0xff, 0xff, 0xff, 0xff, 0xff, 0xff, 0xff, 0xff, 0xff, 0xff, 0xff, 0xff,
    0xff, 0xff, 0xff, 0xff, 0xff, 0xff, 0xff, 0xff, 0xff, 0xff, 0xfe, 0xff,
    0xfe, 0xff, 0xfd, 0xff, 0xfc, 0xff, 0x9a, 0xff, 0x17, 0xff, 0xb4, 0xee,
    0x72, 0xee, 0x52, 0xee, 0x73, 0xee, 0x96, 0xde, 0x39, 0xef, 0xdc, 0xff,
    0xfd, 0xff, 0xfe, 0xff, 0xff, 0xff, 0xff, 0xff, 0xff, 0xff, 0xff, 0xff,
    0xff, 0xff, 0xff, 0xff, 0x5e, 0xef, 0x97, 0xad, 0xbf, 0xf7, 0xff, 0xff,
    0xff, 0xff, 0xff, 0xff, 0xff, 0xff, 0xff, 0xff, 0xff, 0xff, 0xff, 0xff,
    0xff, 0xff, 0xff, 0xff, 0xff, 0xff, 0xff, 0xff, 0xff, 0xff, 0xff, 0xff,
    0xff, 0xff, 0xff, 0xff, 0xff, 0xff, 0xff, 0xff, 0xff, 0xff, 0xff, 0xff,
    0xff, 0xff, 0xff, 0xff, 0xff, 0xff, 0xff, 0xff, 0xff, 0xff, 0xff, 0xff,
    0xff, 0xff, 0xff, 0xff, 0xff, 0xff, 0xff, 0xff, 0xff, 0xff, 0xff, 0xff,
    0xff, 0xff, 0xff, 0xff, 0xff, 0xff, 0xff, 0xff, 0xff, 0xff, 0xff, 0xff,
    0xff, 0xff, 0xff, 0xff, 0xff, 0xff, 0xff, 0xff, 0xff, 0xff, 0xff, 0xff,
    0xff, 0xff, 0xff, 0xff, 0xff, 0xff, 0xff, 0xff, 0xff, 0xff, 0xff, 0xff,
    0xff, 0xff, 0xff, 0xff, 0xff, 0xff, 0xff, 0xff, 0xff, 0xff, 0xff, 0xff,
    0xff, 0xff, 0xff, 0xff, 0xff, 0xff, 0xff, 0xff, 0xff, 0xff, 0xff, 0xff,
    0xff, 0xff, 0xff, 0xff, 0xff, 0xff, 0xff, 0xff, 0xff, 0xff, 0xff, 0xff,
    0xff, 0xff, 0xff, 0xff, 0xff, 0xff, 0xff, 0xff, 0xff, 0xff, 0xff, 0xff,
    0xff, 0xff, 0xff, 0xff, 0xff, 0xff, 0xff, 0xff, 0xff, 0xff, 0xff, 0xff,
    0xff, 0xff, 0xff, 0xff, 0xff, 0xff, 0xff, 0xff, 0xff, 0xff, 0xff, 0xff,
    0xff, 0xff, 0xff, 0xff, 0xff, 0xff, 0xff, 0xff, 0xff, 0xff, 0xff, 0xff,
    0xff, 0xff, 0xff, 0xff, 0xff, 0xff, 0xff, 0xff, 0xff, 0xff, 0xff, 0xff,
    0xff, 0xff, 0xff, 0xff, 0xff, 0xff, 0xff, 0xff, 0xff, 0xff, 0xff, 0xff,
    0xff, 0xff, 0xff, 0xff, 0xff, 0xff, 0xff, 0xff, 0xff, 0xff, 0xff, 0xff,
    0xff, 0xff, 0xff, 0xff, 0xff, 0xff, 0xff, 0xff, 0xff, 0xff, 0xff, 0xff,
    0xff, 0xff, 0xff, 0xff, 0xff, 0xff, 0xff, 0xff, 0xff, 0xff, 0xff, 0xff,
    0xff, 0xff, 0xff, 0xff, 0xff, 0xff, 0xff, 0xff, 0xff, 0xff, 0xff, 0xff,
    0xff, 0xff, 0xff, 0xff, 0xff, 0xff, 0xff, 0xff, 0xff, 0xff, 0xff, 0xff,
    0xff, 0xff, 0xff, 0xff, 0xff, 0xff, 0xff, 0xff, 0xff, 0xff, 0xff, 0xff,
    0xff, 0xff, 0xff, 0xff, 0xff, 0xff, 0xff, 0xff, 0xff, 0xff, 0xff, 0xff,
    0xff, 0xff, 0xff, 0xff, 0xff, 0xff, 0xff, 0xff, 0xff, 0xff, 0xff, 0xff,
    0xff, 0xff, 0xff, 0xff, 0xff, 0xff, 0xff, 0xff, 0xff, 0xff, 0xff, 0xff,
    0xff, 0xff, 0xff, 0xff, 0xff, 0xff, 0xff, 0xff, 0xff, 0xff, 0xff, 0xff,
    0xff, 0xff, 0xff, 0xff, 0xff, 0xff, 0xff, 0xff, 0xff, 0xff, 0xff, 0xff,
    0xfe, 0xff, 0xfd, 0xff, 0xfd, 0xff, 0x99, 0xff, 0xd5, 0xf6, 0x32, 0xe6,
    0xcf, 0xdd, 0xae, 0xdd, 0x8d, 0xdd, 0xae, 0xdd, 0x74, 0xde, 0x19, 0xef,
    0xdc, 0xff, 0xfd, 0xff, 0xfe, 0xff, 0xff, 0xff, 0xff, 0xff, 0xff, 0xff,
    0xff, 0xff, 0xdf, 0xff, 0xdf, 0xf7, 0x3e, 0xe7, 0x52, 0x8c, 0x9f, 0xef,
    0xff, 0xff, 0xff, 0xff, 0xff, 0xff, 0xff, 0xff, 0xff, 0xff, 0xff, 0xff,
    0xff, 0xff, 0xff, 0xff, 0xff, 0xff, 0xff, 0xff, 0xff, 0xff, 0xff, 0xff,
    0xff, 0xff, 0xff, 0xff, 0xff, 0xff, 0xff, 0xff, 0xff, 0xff, 0xff, 0xff,
    0xff, 0xff, 0xff, 0xff, 0xff, 0xff, 0xff, 0xff, 0xff, 0xff, 0xff, 0xff,
    0xff, 0xff, 0xff, 0xff, 0xff, 0xff, 0xff, 0xff, 0xff, 0xff, 0xff, 0xff,
    0xff, 0xff, 0xff, 0xff, 0xff, 0xff, 0xff, 0xff, 0xff, 0xff, 0xff, 0xff,
    0xff, 0xff, 0xff, 0xff, 0xff, 0xff, 0xff, 0xff, 0xff, 0xff, 0xff, 0xff,
    0xff, 0xff, 0xff, 0xff, 0xff, 0xff, 0xff, 0xff, 0xff, 0xff, 0xff, 0xff,
    0xff, 0xff, 0xff, 0xff, 0xff, 0xff, 0xff, 0xff, 0xff, 0xff, 0xff, 0xff,
    0xff, 0xff, 0xff, 0xff, 0xff, 0xff, 0xff, 0xff, 0xff, 0xff, 0xff, 0xff,
    0xff, 0xff, 0xff, 0xff, 0xff, 0xff, 0xff, 0xff, 0xff, 0xff, 0xff, 0xff,
    0xff, 0xff, 0xff, 0xff, 0xff, 0xff, 0xff, 0xff, 0xff, 0xff, 0xff, 0xff,
    0xff, 0xff, 0xff, 0xff, 0xff, 0xff, 0xff, 0xff, 0xff, 0xff, 0xff, 0xff,
    0xff, 0xff, 0xff, 0xff, 0xff, 0xff, 0xff, 0xff, 0xff, 0xff, 0xff, 0xff,
    0xff, 0xff, 0xff, 0xff, 0xff, 0xff, 0xff, 0xff, 0xff, 0xff, 0xff, 0xff,
    0xff, 0xff, 0xff, 0xff, 0xff, 0xff, 0xff, 0xff, 0xff, 0xff, 0xff, 0xff,
    0xff, 0xff, 0xff, 0xff, 0xff, 0xff, 0xff, 0xff, 0xff, 0xff, 0xff, 0xff,
    0xff, 0xff, 0xff, 0xff, 0xff, 0xff, 0xff, 0xff, 0xff, 0xff, 0xff, 0xff,
    0xff, 0xff, 0xff, 0xff, 0xff, 0xff, 0xff, 0xff, 0xff, 0xff, 0xff, 0xff,
    0xff, 0xff, 0xff, 0xff, 0xff, 0xff, 0xff, 0xff, 0xff, 0xff, 0xff, 0xff,
    0xff, 0xff, 0xff, 0xff, 0xff, 0xff, 0xff, 0xff, 0xff, 0xff, 0xff, 0xff,
    0xff, 0xff, 0xff, 0xff, 0xff, 0xff, 0xff, 0xff, 0xff, 0xff, 0xff, 0xff,
    0xff, 0xff, 0xff, 0xff, 0xff, 0xff, 0xff, 0xff, 0xff, 0xff, 0xff, 0xff,
    0xff, 0xff, 0xff, 0xff, 0xff, 0xff, 0xff, 0xff, 0xff, 0xff, 0xff, 0xff,
    0xff, 0xff, 0xff, 0xff, 0xff, 0xff, 0xff, 0xff, 0xff, 0xff, 0xff, 0xff,
    0xff, 0xff, 0xff, 0xff, 0xff, 0xff, 0xff, 0xff, 0xff, 0xff, 0xff, 0xff,
    0xff, 0xff, 0xff, 0xff, 0xff, 0xff, 0xff, 0xff, 0xff, 0xff, 0xff, 0xff,
    0xff, 0xff, 0xff, 0xff, 0xff, 0xff, 0xdf, 0xff, 0xff, 0xff, 0xff, 0xff,
    0xff, 0xff, 0xfe, 0xff, 0xfd, 0xff, 0xba, 0xff, 0xf5, 0xf6, 0x30, 0xe6,
    0x8d, 0xdd, 0x8d, 0xdd, 0xce, 0xe5, 0xee, 0xed, 0x10, 0xe6, 0x79, 0xff,
    0xfd, 0xff, 0xfe, 0xff, 0xfe, 0xff, 0xde, 0xff, 0xde, 0xff, 0xff, 0xff,
    0xdf, 0xff, 0xff, 0xff, 0xff, 0xff, 0xff, 0xff, 0xbf, 0xf7, 0x11, 0x84,
    0xff, 0xff, 0xff, 0xff, 0xdf, 0xff, 0xff, 0xff, 0xff, 0xff, 0xff, 0xff,
    0xff, 0xff, 0xff, 0xff, 0xff, 0xff, 0xff, 0xff, 0xff, 0xff, 0xff, 0xff,
    0xff, 0xff, 0xff, 0xff, 0xff, 0xff, 0xff, 0xff, 0xff, 0xff, 0xff, 0xff,
    0xff, 0xff, 0xff, 0xff, 0xff, 0xff, 0xff, 0xff, 0xff, 0xff, 0xff, 0xff,
    0xff, 0xff, 0xff, 0xff, 0xff, 0xff, 0xff, 0xff, 0xff, 0xff, 0xff, 0xff,
    0xff, 0xff, 0xff, 0xff, 0xff, 0xff, 0xff, 0xff, 0xff, 0xff, 0xff, 0xff,
    0xff, 0xff, 0xff, 0xff, 0xff, 0xff, 0xff, 0xff, 0xff, 0xff, 0xff, 0xff,
    0xff, 0xff, 0xff, 0xff, 0xff, 0xff, 0xff, 0xff, 0xff, 0xff, 0xff, 0xff,
    0xff, 0xff, 0xff, 0xff, 0xff, 0xff, 0xff, 0xff, 0xff, 0xff, 0xff, 0xff,
    0xff, 0xff, 0xff, 0xff, 0xff, 0xff, 0xff, 0xff, 0xff, 0xff, 0xff, 0xff,
    0xff, 0xff, 0xff, 0xff, 0xff, 0xff, 0xff, 0xff, 0xff, 0xff, 0xff, 0xff,
    0xff, 0xff, 0xff, 0xff, 0xff, 0xff, 0xff, 0xff, 0xff, 0xff, 0xff, 0xff,
    0xff, 0xff, 0xff, 0xff, 0xff, 0xff, 0xff, 0xff, 0xff, 0xff, 0xff, 0xff,
    0xff, 0xff, 0xff, 0xff, 0xff, 0xff, 0xff, 0xff, 0xff, 0xff, 0xff, 0xff,
    0xff, 0xff, 0xff, 0xff, 0xff, 0xff, 0xff, 0xff, 0xff, 0xff, 0xff, 0xff,
    0xff, 0xff, 0xff, 0xff, 0xff, 0xff, 0xff, 0xff, 0xff, 0xff, 0xff, 0xff,
    0xff, 0xff, 0xff, 0xff, 0xff, 0xff, 0xff, 0xff, 0xff, 0xff, 0xff, 0xff,
    0xff, 0xff, 0xff, 0xff, 0xff, 0xff, 0xff, 0xff, 0xff, 0xff, 0xff, 0xff,
    0xff, 0xff, 0xff, 0xff, 0xff, 0xff, 0xff, 0xff, 0xff, 0xff, 0xff, 0xff,
    0xff, 0xff, 0xff, 0xff, 0xff, 0xff, 0xff, 0xff, 0xff, 0xff, 0xff, 0xff,
    0xff, 0xff, 0xff, 0xff, 0xff, 0xff, 0xff, 0xff, 0xff, 0xff, 0xff, 0xff,
    0xff, 0xff, 0xff, 0xff, 0xff, 0xff, 0xff, 0xff, 0xff, 0xff, 0xff, 0xff,
    0xff, 0xff, 0xbe, 0xff, 0xdf, 0xff, 0xff, 0xff, 0xff, 0xff, 0xff, 0xff,
    0xff, 0xff, 0xff, 0xf7, 0xff, 0xff, 0xff, 0xff, 0xde, 0xff, 0xff, 0xff,
    0xff, 0xff, 0xff, 0xff, 0xff, 0xff, 0xdf, 0xff, 0xff, 0xff, 0xff, 0xff,
    0xff, 0xff, 0xff, 0xff, 0xff, 0xf7, 0xff, 0xf7, 0xff, 0xef, 0xff, 0xf7,
    0xff, 0xf7, 0xff, 0xf7, 0xdf, 0xf7, 0xff, 0xff, 0xff, 0xff, 0xff, 0xff,
    0xdf, 0xff, 0xff, 0xff, 0xbf, 0xff, 0xff, 0xff, 0x9f, 0xff, 0xff, 0xff,
    0xff, 0xff, 0x7c, 0xf7, 0xfe, 0xff, 0xfb, 0xff, 0x36, 0xf7, 0x50, 0xe6,
    0xac, 0xe5, 0xec, 0xed, 0xed, 0xed, 0xad, 0xdd, 0x31, 0xe6, 0xf7, 0xf6,
    0xfd, 0xff, 0xfd, 0xff, 0xfe, 0xff, 0xff, 0xff, 0xff, 0xff, 0xff, 0xff,
    0xff, 0xff, 0xff, 0xff, 0xff, 0xff, 0xff, 0xff, 0xff, 0xff, 0x5d, 0xef,
    0x31, 0x84, 0xdf, 0xf7, 0xff, 0xff, 0xff, 0xff, 0xff, 0xff, 0xfe, 0xff,
    0xff, 0xff, 0xff, 0xff, 0xff, 0xff, 0xff, 0xff, 0xff, 0xff, 0xff, 0xff,
    0xff, 0xf7, 0xff, 0xff, 0xff, 0xff, 0xff, 0xff, 0xff, 0xff, 0x9e, 0xf7,
    0xff, 0xff, 0xff, 0xff, 0xff, 0xff, 0xff, 0xff, 0xbf, 0xf7, 0xff, 0xff,
    0xbf, 0xf7, 0xff, 0xff, 0xff, 0xff, 0xff, 0xff, 0xff, 0xff, 0xff, 0xff,
    0x7e, 0xe7, 0xff, 0xff, 0xdf, 0xf7, 0xff, 0xff, 0xff, 0xf7, 0xff, 0xff,
    0xff, 0xff, 0xff, 0xff, 0xbf, 0xf7, 0xff, 0xff, 0xff, 0xff, 0xff, 0xff,
    0xff, 0xf7, 0xdf, 0xf7, 0xff, 0xff, 0xff, 0xff, 0xdf, 0xf7, 0xdf, 0xf7,
    0xff, 0xff, 0xff, 0xff, 0xbf, 0xf7, 0xff, 0xff, 0xff, 0xff, 0xff, 0xff,
    0xff, 0xff, 0xff, 0xff, 0xff, 0xff, 0xff, 0xff, 0xff, 0xff, 0xff, 0xf7,
    0xff, 0xff, 0xff, 0xff, 0xff, 0xf7, 0xff, 0xff, 0xdf, 0xf7, 0xff, 0xff,
    0xff, 0xf7, 0xff, 0xff, 0xff, 0xf7, 0xff, 0xff, 0xff, 0xff, 0xff, 0xff,
    0xff, 0xff, 0xdf, 0xf7, 0xff, 0xff, 0xdf, 0xf7, 0xff, 0xff, 0xff, 0xff,
    0xdf, 0xf7, 0xff, 0xff, 0xff, 0xff, 0xff, 0xff, 0xff, 0xff, 0xff, 0xff,
    0xff, 0xff, 0xff, 0xff, 0xff, 0xff, 0xff, 0xff, 0xff, 0xff, 0xff, 0xff,
    0xff, 0xff, 0xff, 0xff, 0xff, 0xff, 0xff, 0xff, 0xff, 0xff, 0xff, 0xff,
    0xff, 0xff, 0xff, 0xff, 0xff, 0xff, 0xff, 0xff, 0xff, 0xff, 0xff, 0xff,
    0xff, 0xff, 0xff, 0xff, 0xff, 0xff, 0xff, 0xff, 0xff, 0xff, 0xff, 0xff,
    0xff, 0xff, 0xff, 0xff, 0xff, 0xff, 0xff, 0xff, 0xff, 0xff, 0xff, 0xff,
    0xff, 0xff, 0xff, 0xff, 0xff, 0xff, 0xff, 0xff, 0xff, 0xff, 0xff, 0xff,
    0xff, 0xff, 0xff, 0xff, 0xff, 0xff, 0xff, 0xff, 0xff, 0xff, 0xff, 0xff,
    0xff, 0xff, 0xff, 0xff, 0xff, 0xff, 0xff, 0xff, 0xff, 0xff, 0xff, 0xff,
    0xff, 0xff, 0xdf, 0xff, 0xbf, 0xff, 0xff, 0xff, 0xff, 0xff, 0xff, 0xff,
    0xff, 0xf7, 0xff, 0xf7, 0xff, 0xf7, 0xff, 0xf7, 0xff, 0xff, 0xff, 0xff,
    0xff, 0xff, 0xff, 0xff, 0xff, 0xff, 0xff, 0xff, 0xff, 0xff, 0xff, 0xff,
    0x9f, 0xef, 0xff, 0xd6, 0x5d, 0xbe, 0xdb, 0xa5, 0x9a, 0x95, 0x59, 0x8d,
    0x38, 0x8d, 0x79, 0x95, 0x1a, 0xae, 0x9c, 0xc6, 0x3e, 0xdf, 0xbf, 0xef,
    0xdf, 0xf7, 0xff, 0xf7, 0xff, 0xff, 0xff, 0xff, 0xdf, 0xff, 0xdf, 0xff,
    0xff, 0xff, 0xff, 0xff, 0xfe, 0xff, 0xfc, 0xff, 0x16, 0xef, 0x30, 0xde,
    0xec, 0xdd, 0xaa, 0xe5, 0xab, 0xed, 0xcc, 0xed, 0x10, 0xee, 0xf6, 0xf6,
    0xfc, 0xff, 0xfe, 0xff, 0xff, 0xff, 0xff, 0xff, 0xff, 0xff, 0xff, 0xff,
    0xff, 0xff, 0xff, 0xff, 0xff, 0xff, 0xff, 0xff, 0xff, 0xff, 0xff, 0xff,
    0x5e, 0xef, 0x31, 0x84, 0xdf, 0xff, 0xff, 0xff, 0xff, 0xff, 0xff, 0xff,
    0xfe, 0xff, 0xff, 0xff, 0xff, 0xff, 0xff, 0xff, 0xff, 0xf7, 0xbc, 0xce,
    0xdc, 0xce, 0xff, 0xff, 0xdc, 0xce, 0xf9, 0xb5, 0xbf, 0xf7, 0xbf, 0xf7,
    0xff, 0xff, 0xdf, 0xff, 0xdf, 0xff, 0xbf, 0xef, 0x9b, 0xc6, 0xdf, 0xf7,
    0xff, 0xf7, 0xff, 0xf7, 0xb7, 0xad, 0x93, 0x84, 0xb4, 0x8c, 0xf4, 0x94,
    0x1d, 0xd7, 0xff, 0xf7, 0xfd, 0xd6, 0x56, 0x9d, 0x97, 0xa5, 0x56, 0x9d,
    0x97, 0xa5, 0x56, 0x9d, 0x78, 0xa5, 0x36, 0x9d, 0x98, 0xa5, 0xdf, 0xef,
    0x3a, 0xbe, 0x7f, 0xe7, 0x1a, 0xbe, 0x77, 0xa5, 0xb8, 0xad, 0x98, 0xa5,
    0x16, 0x95, 0x98, 0xad, 0x57, 0xa5, 0x77, 0xa5, 0xfd, 0xd6, 0x3b, 0xbe,
    0x1e, 0xdf, 0xff, 0xff, 0xdf, 0xf7, 0xff, 0xff, 0xff, 0xff, 0xdf, 0xef,
    0x38, 0xbe, 0x3d, 0xdf, 0x39, 0xbe, 0x56, 0x9d, 0x98, 0xa5, 0x78, 0xa5,
    0xf6, 0x94, 0xd9, 0xad, 0x56, 0x9d, 0xd8, 0xb5, 0xbc, 0xd6, 0xdf, 0xf7,
    0xff, 0xff, 0x3a, 0xbe, 0xf5, 0x94, 0x73, 0x84, 0x15, 0x9d, 0x19, 0xbe,
    0xfc, 0xd6, 0xff, 0xff, 0x7e, 0xef, 0xdf, 0xf7, 0xff, 0xff, 0xdf, 0xff,
    0xff, 0xff, 0xff, 0xff, 0xff, 0xff, 0xff, 0xff, 0xff, 0xff, 0xff, 0xff,
    0xff, 0xff, 0xff, 0xff, 0xff, 0xff, 0xff, 0xff, 0xff, 0xff, 0xff, 0xff,
    0xff, 0xff, 0xff, 0xff, 0xff, 0xff, 0xff, 0xff, 0xff, 0xff, 0xff, 0xff,
    0xff, 0xff, 0xff, 0xff, 0xff, 0xff, 0xff, 0xff, 0xff, 0xff, 0xff, 0xff,
    0xff, 0xff, 0xff, 0xff, 0xff, 0xff, 0xff, 0xff, 0xff, 0xff, 0xff, 0xff,
    0xff, 0xff, 0xff, 0xff, 0xff, 0xff, 0xff, 0xff, 0xff, 0xff, 0xff, 0xff,
    0xff, 0xff, 0xff, 0xff, 0xff, 0xff, 0xff, 0xff, 0xff, 0xff, 0xff, 0xff,
    0xff, 0xff, 0xff, 0xff, 0xff, 0xff, 0xff, 0xff, 0xff, 0xff, 0xff, 0xff,
    0xff, 0xff, 0xff, 0xff, 0xff, 0xff, 0xff, 0xff, 0xff, 0xff, 0xff, 0xff,
    0xdf, 0xf7, 0xff, 0xff, 0xff, 0xff, 0xff, 0xff, 0xde, 0xff, 0xff, 0xff,
    0xff, 0xff, 0xff, 0xff, 0xbf, 0xef, 0xff, 0xf7, 0x1e, 0xd7, 0x1b, 0xb6,
    0xf4, 0x6b, 0x93, 0x5b, 0xf0, 0x42, 0x8f, 0x32, 0x6f, 0x22, 0x6f, 0x22,
    0x6f, 0x22, 0x4e, 0x22, 0x6f, 0x22, 0x6e, 0x2a, 0x2d, 0x22, 0x4d, 0x2a,
    0x0f, 0x43, 0x54, 0x74, 0xfb, 0xa5, 0x5f, 0xd7, 0xff, 0xff, 0x9f, 0xf7,
    0xff, 0xff, 0xff, 0xff, 0x7c, 0xf7, 0xdc, 0xff, 0x58, 0xff, 0x10, 0xe6,
    0xcd, 0xe5, 0xcc, 0xe5, 0xcb, 0xed, 0xcc, 0xe5, 0x0f, 0xee, 0xb4, 0xf6,
    0x99, 0xff, 0xfd, 0xff, 0xfe, 0xff, 0xff, 0xff, 0xff, 0xff, 0xff, 0xff,
    0xff, 0xff, 0xff, 0xff, 0xff, 0xff, 0xff, 0xff, 0xff, 0xff, 0xff, 0xff,
    0xff, 0xff, 0x5d, 0xef, 0x31, 0x84, 0xdf, 0xff, 0xff, 0xff, 0xff, 0xff,
    0xff, 0xff, 0xfe, 0xff, 0xff, 0xff, 0xff, 0xff, 0xff, 0xff, 0xff, 0xf7,
    0x36, 0x9d, 0x97, 0xa5, 0xbf, 0xef, 0x57, 0xa5, 0x6b, 0x42, 0x5a, 0xc6,
    0xbf, 0xf7, 0xff, 0xff, 0xdf, 0xf7, 0xff, 0xff, 0x39, 0xbe, 0xd0, 0x6b,
    0xff, 0xf7, 0xdf, 0xef, 0xf4, 0x94, 0x93, 0x84, 0x3a, 0xb6, 0x9b, 0xc6,
    0xf5, 0x94, 0xd0, 0x6b, 0xf9, 0xb5, 0xff, 0xf7, 0xf8, 0xad, 0x56, 0x9d,
    0x97, 0xad, 0x6f, 0x63, 0xf1, 0x73, 0x77, 0xa5, 0x77, 0xa5, 0x97, 0xa5,
    0x7f, 0xe7, 0xb0, 0x6b, 0xfd, 0xd6, 0xf9, 0xb5, 0x77, 0xa5, 0x57, 0xa5,
    0x93, 0x8c, 0x2e, 0x5b, 0x77, 0xa5, 0x56, 0x9d, 0x77, 0xa5, 0x9c, 0xce,
    0x74, 0x8c, 0x5b, 0xc6, 0xff, 0xf7, 0xdf, 0xf7, 0xff, 0xff, 0xff, 0xff,
    0x9e, 0xef, 0xb2, 0x8c, 0x39, 0xbe, 0xf9, 0xb5, 0x57, 0x9d, 0x78, 0xa5,
    0xf5, 0x94, 0x0e, 0x53, 0x77, 0x9d, 0x77, 0xa5, 0x77, 0xa5, 0xdc, 0xd6,
    0xff, 0xff, 0x15, 0x9d, 0x11, 0x7c, 0x36, 0x9d, 0xfc, 0xd6, 0xf8, 0xb5,
    0xd4, 0x94, 0xcf, 0x73, 0x1c, 0xdf, 0xff, 0xff, 0xff, 0xff, 0xff, 0xff,
    0xff, 0xff, 0xdf, 0xff, 0xff, 0xff, 0xff, 0xff, 0xff, 0xff, 0xff, 0xff,
    0xff, 0xff, 0xff, 0xff, 0xff, 0xff, 0xff, 0xff, 0xff, 0xff, 0xff, 0xff,
    0xff, 0xff, 0xff, 0xff, 0xff, 0xff, 0xff, 0xff, 0xff, 0xff, 0xff, 0xff,
    0xff, 0xff, 0xff, 0xff, 0xff, 0xff, 0xff, 0xff, 0xff, 0xff, 0xff, 0xff,
    0xff, 0xff, 0xff, 0xff, 0xff, 0xff, 0xff, 0xff, 0xff, 0xff, 0xff, 0xff,
    0xff, 0xff, 0xff, 0xff, 0xff, 0xff, 0xff, 0xff, 0xff, 0xff, 0xff, 0xff,
    0xff, 0xff, 0xff, 0xff, 0xff, 0xff, 0xff, 0xff, 0xff, 0xff, 0xff, 0xff,
    0xff, 0xff, 0xff, 0xff, 0xff, 0xff, 0xff, 0xff, 0xff, 0xff, 0xff, 0xff,
    0xff, 0xff, 0xff, 0xff, 0xff, 0xff, 0xff, 0xff, 0xff, 0xff, 0xdf, 0xff,
    0xff, 0xff, 0xff, 0xff, 0xff, 0xff, 0xff, 0xff, 0xff, 0xff, 0xff, 0xff,
    0xdf, 0xff, 0xdf, 0xf7, 0xff, 0xff, 0xbf, 0xe7, 0x9f, 0xdf, 0x75, 0x74,
    0xf0, 0x3a, 0x4f, 0x22, 0x2f, 0x22, 0x0e, 0x1a, 0x0f, 0x12, 0x30, 0x12,
    0x50, 0x12, 0x50, 0x12, 0x30, 0x12, 0x50, 0x1a, 0x90, 0x22, 0x70, 0x22,
    0x6f, 0x22, 0x4e, 0x22, 0x2e, 0x1a, 0x8f, 0x2a, 0x31, 0x43, 0xbf, 0xe7,
    0xfd, 0xde, 0x9f, 0xef, 0xff, 0xff, 0xfe, 0xff, 0x39, 0xff, 0x52, 0xf6,
    0x4c, 0xdd, 0xed, 0xfd, 0xcb, 0xed, 0xac, 0xe5, 0x2f, 0xee, 0xf4, 0xf6,
    0x99, 0xff, 0xfb, 0xff, 0xdd, 0xff, 0xff, 0xff, 0xff, 0xff, 0xff, 0xff,
    0xff, 0xff, 0xff, 0xff, 0xff, 0xff, 0xff, 0xff, 0xff, 0xff, 0xff, 0xff,
    0xff, 0xff, 0xff, 0xff, 0x5e, 0xef, 0x31, 0x84, 0xdf, 0xf7, 0xff, 0xff,
    0xff, 0xff, 0xff, 0xff, 0xff, 0xff, 0xff, 0xff, 0xff, 0xff, 0xff, 0xff,
    0xff, 0xff, 0x72, 0x84, 0x56, 0x9d, 0xff, 0xf7, 0xd5, 0x94, 0x4e, 0x5b,
    0xb0, 0x6b, 0x7e, 0xe7, 0xbf, 0xef, 0xff, 0xff, 0xbf, 0xf7, 0xbc, 0xce,
    0x93, 0x84, 0xdf, 0xef, 0x9b, 0xc6, 0xb0, 0x6b, 0x1d, 0xd7, 0xdf, 0xef,
    0xff, 0xff, 0xff, 0xff, 0x39, 0xb6, 0x8f, 0x63, 0x3e, 0xdf, 0xff, 0xf7,
    0xff, 0xff, 0xff, 0xff, 0xd4, 0x8c, 0x36, 0x9d, 0xff, 0xff, 0xff, 0xf7,
    0xff, 0xff, 0xbf, 0xef, 0x2e, 0x5b, 0x5f, 0xe7, 0xff, 0xf7, 0xff, 0xf7,
    0xff, 0xf7, 0x7b, 0xc6, 0xb0, 0x6b, 0x9f, 0xef, 0xff, 0xf7, 0xff, 0xf7,
    0xff, 0xf7, 0xf2, 0x73, 0x3b, 0xc6, 0xff, 0xff, 0xff, 0xf7, 0xff, 0xff,
    0xff, 0xff, 0xde, 0xef, 0x51, 0x7c, 0x7b, 0xc6, 0xdf, 0xf7, 0xff, 0xf7,
    0xff, 0xf7, 0xbd, 0xce, 0xb0, 0x6b, 0xbf, 0xef, 0xff, 0xff, 0xdf, 0xf7,
    0xff, 0xff, 0x56, 0xa5, 0x4e, 0x63, 0x7e, 0xe7, 0xff, 0xff, 0xff, 0xf7,
    0xdf, 0xef, 0x9f, 0xef, 0xf5, 0x94, 0xf0, 0x73, 0xff, 0xff, 0xdf, 0xf7,
    0xdf, 0xf7, 0xff, 0xff, 0xdf, 0xf7, 0xff, 0xff, 0xff, 0xff, 0xff, 0xff,
    0xff, 0xff, 0xff, 0xff, 0xff, 0xff, 0xff, 0xff, 0xff, 0xff, 0xff, 0xff,
    0xff, 0xff, 0xff, 0xff, 0xff, 0xff, 0xff, 0xff, 0xff, 0xff, 0xff, 0xff,
    0xff, 0xff, 0xff, 0xff, 0xff, 0xff, 0xff, 0xff, 0xff, 0xff, 0xff, 0xff,
    0xff, 0xff, 0xff, 0xff, 0xff, 0xff, 0xff, 0xff, 0xff, 0xff, 0xff, 0xff,
    0xff, 0xff, 0xff, 0xff, 0xff, 0xff, 0xff, 0xff, 0xff, 0xff, 0xff, 0xff,
    0xff, 0xff, 0xff, 0xff, 0xff, 0xff, 0xff, 0xff, 0xff, 0xff, 0xff, 0xff,
    0xff, 0xff, 0xff, 0xff, 0xff, 0xff, 0xff, 0xff, 0xff, 0xff, 0xff, 0xff,
    0xff, 0xff, 0xff, 0xff, 0xff, 0xff, 0xff, 0xff, 0xff, 0xff, 0xbe, 0xf7,
    0xff, 0xff, 0xff, 0xff, 0xff, 0xff, 0xdf, 0xff, 0xdf, 0xff, 0xbf, 0xff,
    0xdf, 0xff, 0xff, 0xff, 0xdc, 0xd6, 0x94, 0x84, 0x75, 0x7c, 0x9f, 0xd7,
    0xb7, 0x6c, 0xac, 0x01, 0x2f, 0x12, 0x50, 0x12, 0x51, 0x12, 0x71, 0x12,
    0x71, 0x12, 0x52, 0x12, 0x51, 0x12, 0x51, 0x0a, 0x30, 0x0a, 0x31, 0x0a,
    0x30, 0x0a, 0x30, 0x12, 0x30, 0x12, 0x0f, 0x12, 0x71, 0x1a, 0x11, 0x3b,
    0x3f, 0xcf, 0x97, 0xa5, 0x51, 0x7c, 0x38, 0xc6, 0x7a, 0xff, 0x33, 0xee,
    0xae, 0xf5, 0x8b, 0xf5, 0xab, 0xfd, 0x6b, 0xed, 0xce, 0xe5, 0xd4, 0xf6,
    0xba, 0xff, 0xfd, 0xff, 0xfd, 0xff, 0xfe, 0xff, 0xff, 0xff, 0xff, 0xff,
    0xff, 0xff, 0xff, 0xff, 0xff, 0xff, 0xff, 0xff, 0xff, 0xff, 0xff, 0xff,
    0xff, 0xff, 0xff, 0xff, 0xff, 0xff, 0x5d, 0xef, 0x51, 0x84, 0xdf, 0xff,
    0xff, 0xff, 0xff, 0xff, 0xff, 0xff, 0xff, 0xff, 0xff, 0xff, 0xff, 0xff,
    0xff, 0xf7, 0xff, 0xff, 0x32, 0x7c, 0x98, 0xa5, 0xff, 0xf7, 0x37, 0x9d,
    0x57, 0x9d, 0x53, 0x7c, 0x73, 0x84, 0xff, 0xf7, 0xff, 0xff, 0xdf, 0xef,
    0x5a, 0xbe, 0xf1, 0x6b, 0x9f, 0xe7, 0x9c, 0xc6, 0xb0, 0x6b, 0xff, 0xf7,
    0xff, 0xf7, 0xdf, 0xef, 0xff, 0xf7, 0xdf, 0xef, 0x97, 0xa5, 0xdf, 0xf7,
    0xdf, 0xef, 0xbf, 0xef, 0xff, 0xf7, 0xd5, 0x94, 0x35, 0x9d, 0xff, 0xf7,
    0xff, 0xf7, 0xff, 0xff, 0x7f, 0xe7, 0x4e, 0x5b, 0xfc, 0xd6, 0xff, 0xff,
    0xff, 0xf7, 0xff, 0xf7, 0xfd, 0xd6, 0x6e, 0x63, 0xdf, 0xef, 0xff, 0xf7,
    0xff, 0xff, 0xff, 0xf7, 0xf2, 0x7b, 0x5b, 0xc6, 0xff, 0xf7, 0xff, 0xff,
    0xff, 0xf7, 0xff, 0xf7, 0xdf, 0xef, 0x72, 0x84, 0x19, 0xb6, 0xff, 0xf7,
    0xff, 0xf7, 0xff, 0xf7, 0xfd, 0xce, 0x4f, 0x5b, 0xff, 0xf7, 0xdf, 0xef,
    0xff, 0xff, 0x7f, 0xe7, 0xf0, 0x73, 0xdc, 0xd6, 0xdf, 0xf7, 0xff, 0xff,
    0xdf, 0xef, 0xff, 0xf7, 0xff, 0xff, 0xff, 0xf7, 0x6e, 0x63, 0xdb, 0xd6,
    0xff, 0xff, 0xff, 0xff, 0xff, 0xff, 0xff, 0xff, 0xff, 0xff, 0xff, 0xff,
    0xff, 0xff, 0xff, 0xff, 0xff, 0xff, 0xff, 0xff, 0xff, 0xff, 0xff, 0xff,
    0xff, 0xff, 0xff, 0xff, 0xff, 0xff, 0xff, 0xff, 0xff, 0xff, 0xff, 0xff,
    0xff, 0xff, 0xff, 0xff, 0xff, 0xff, 0xff, 0xff, 0xff, 0xff, 0xff, 0xff,
    0xff, 0xff, 0xff, 0xff, 0xff, 0xff, 0xff, 0xff, 0xff, 0xff, 0xff, 0xff,
    0xff, 0xff, 0xff, 0xff, 0xff, 0xff, 0xff, 0xff, 0xff, 0xff, 0xff, 0xff,
    0xff, 0xff, 0xff, 0xff, 0xff, 0xff, 0xff, 0xff, 0xff, 0xff, 0xff, 0xff,
    0xff, 0xff, 0xff, 0xff, 0xff, 0xff, 0xff, 0xff, 0xff, 0xff, 0xff, 0xff,
    0xff, 0xff, 0xff, 0xff, 0xff, 0xff, 0xff, 0xff, 0xff, 0xff, 0xff, 0xff,
    0xff, 0xff, 0xff, 0xff, 0xff, 0xff, 0xff, 0xff, 0xff, 0xff, 0xff, 0xff,
    0xff, 0xff, 0xbf, 0xf7, 0x16, 0x9d, 0xee, 0x52, 0x4c, 0x32, 0xb3, 0x53,
    0x1f, 0xbf, 0x57, 0x54, 0xd1, 0x22, 0x50, 0x12, 0x51, 0x12, 0x52, 0x12,
    0x71, 0x12, 0x52, 0x12, 0x52, 0x12, 0x72, 0x12, 0x72, 0x12, 0x72, 0x12,
    0x72, 0x12, 0x52, 0x12, 0x72, 0x12, 0x92, 0x1a, 0x51, 0x12, 0x71, 0x12,
    0xf1, 0x32, 0xdf, 0xdf, 0xb2, 0x84, 0x65, 0x21, 0x6b, 0x73, 0xf3, 0xd5,
    0x6e, 0xdd, 0x8c, 0xf5, 0xcc, 0xfd, 0x4a, 0xf5, 0xad, 0xf5, 0x93, 0xf6,
    0x99, 0xff, 0xfd, 0xff, 0xfe, 0xff, 0xfe, 0xff, 0xff, 0xff, 0xff, 0xff,
    0xff, 0xff, 0xff, 0xff, 0xff, 0xff, 0xff, 0xff, 0xff, 0xff, 0xff, 0xff,
    0xff, 0xff, 0xff, 0xff, 0xff, 0xff, 0xff, 0xff, 0x5d, 0xef, 0x51, 0x84,
    0xdf, 0xff, 0xff, 0xff, 0xff, 0xff, 0xff, 0xff, 0xff, 0xff, 0xff, 0xff,
    0xff, 0xff, 0xff, 0xf7, 0xff, 0xff, 0x73, 0x84, 0xb8, 0xa5, 0x9f, 0xe7,
    0x78, 0x9d, 0x16, 0x95, 0x5e, 0xd7, 0xb0, 0x63, 0xd8, 0xad, 0xff, 0xf7,
    0xff, 0xf7, 0x5f, 0xdf, 0x90, 0x63, 0xff, 0xf7, 0x5f, 0xdf, 0x6f, 0x5b,
    0x36, 0x95, 0xfd, 0xce, 0x9f, 0xe7, 0xff, 0xff, 0x7f, 0xe7, 0xbf, 0xef,
    0xff, 0xff, 0xff, 0xf7, 0xff, 0xff, 0xff, 0xff, 0xb4, 0x8c, 0x77, 0xa5,
    0xdf, 0xef, 0xff, 0xf7, 0xff, 0xf7, 0xff, 0xff, 0xaf, 0x6b, 0x1d, 0xd7,
    0xff, 0xff, 0xff, 0xf7, 0xff, 0xf7, 0xfd, 0xd6, 0x8f, 0x63, 0xff, 0xff,
    0xdf, 0xef, 0xff, 0xf7, 0xff, 0xff, 0x12, 0x7c, 0x5b, 0xc6, 0xff, 0xf7,
    0xff, 0xff, 0xff, 0xf7, 0xff, 0xf7, 0xff, 0xf7, 0x92, 0x84, 0x19, 0xb6,
    0xff, 0xf7, 0xff, 0xff, 0xff, 0xf7, 0xfe, 0xd6, 0x4f, 0x5b, 0xff, 0xf7,
    0xff, 0xf7, 0xdf, 0xef, 0x3e, 0xdf, 0x0d, 0x53, 0x3e, 0xdf, 0xff, 0xf7,
    0xff, 0xf7, 0xff, 0xf7, 0xff, 0xf7, 0x9f, 0xef, 0xdf, 0xef, 0x93, 0x84,
    0xd7, 0xad, 0xff, 0xff, 0xff, 0xff, 0xff, 0xff, 0xff, 0xff, 0xff, 0xff,
    0xff, 0xff, 0xff, 0xff, 0xff, 0xff, 0xff, 0xff, 0xff, 0xff, 0xff, 0xff,
    0xff, 0xff, 0xff, 0xff, 0xff, 0xff, 0xff, 0xff, 0xff, 0xff, 0xff, 0xff,
    0xff, 0xff, 0xff, 0xff, 0xff, 0xff, 0xff, 0xff, 0xff, 0xff, 0xff, 0xff,
    0xff, 0xff, 0xff, 0xff, 0xff, 0xff, 0xff, 0xff, 0xff, 0xff, 0xff, 0xff,
    0xff, 0xff, 0xff, 0xff, 0xff, 0xff, 0xff, 0xff, 0xff, 0xff, 0xff, 0xff,
    0xff, 0xff, 0xff, 0xff, 0xff, 0xff, 0xff, 0xff, 0xff, 0xff, 0xff, 0xff,
    0xff, 0xff, 0xff, 0xff, 0xff, 0xff, 0xff, 0xff, 0xff, 0xff, 0xff, 0xff,
    0xff, 0xff, 0xff, 0xff, 0xff, 0xff, 0xff, 0xff, 0xff, 0xff, 0xff, 0xff,
    0xff, 0xff, 0xff, 0xff, 0xff, 0xff, 0xff, 0xf7, 0xff, 0xf7, 0xff, 0xf7,
    0xbf, 0xef, 0xde, 0xce, 0x13, 0x74, 0x6d, 0x42, 0xab, 0x21, 0x2d, 0x22,
    0x36, 0x64, 0xff, 0xd7, 0x57, 0x54, 0xee, 0x01, 0x92, 0x12, 0x52, 0x12,
    0x51, 0x12, 0x30, 0x0a, 0x10, 0x0a, 0x10, 0x0a, 0x11, 0x0a, 0x11, 0x0a,
    0x93, 0x1a, 0x72, 0x12, 0x31, 0x0a, 0x31, 0x0a, 0x51, 0x12, 0x10, 0x0a,
    0x71, 0x1a, 0x11, 0x3b, 0xdf, 0xe7, 0xd1, 0x94, 0xc8, 0x5a, 0x6d, 0x9c,
    0x12, 0xe6, 0xae, 0xed, 0x8c, 0xf5, 0x8b, 0xf5, 0x8d, 0xf5, 0x92, 0xfe,
    0x99, 0xff, 0xfd, 0xff, 0xff, 0xff, 0xff, 0xff, 0xff, 0xff, 0xff, 0xff,
    0xff, 0xff, 0xff, 0xff, 0xff, 0xff, 0xff, 0xff, 0xff, 0xff, 0xff, 0xff,
    0xff, 0xff, 0xff, 0xff, 0xff, 0xff, 0xff, 0xff, 0xff, 0xff, 0x7d, 0xe7,
    0x31, 0x84, 0xdf, 0xff, 0xff, 0xff, 0xff, 0xff, 0xff, 0xff, 0xff, 0xff,
    0xff, 0xff, 0xff, 0xff, 0xff, 0xff, 0xff, 0xf7, 0xb4, 0x84, 0x98, 0xa5,
    0xff, 0xf7, 0x77, 0x9d, 0x16, 0x95, 0xff, 0xf7, 0xdd, 0xc6, 0x2e, 0x53,
    0xbc, 0xc6, 0xbf, 0xe7, 0x5b, 0xbe, 0x13, 0x6c, 0xff, 0xf7, 0xff, 0xef,
    0x9c, 0xc6, 0x74, 0x7c, 0x2e, 0x53, 0x4f, 0x5b, 0x32, 0x7c, 0x7b, 0xc6,
    0xff, 0xf7, 0xdf, 0xf7, 0xff, 0xff, 0xff, 0xff, 0x9f, 0xef, 0xd4, 0x94,
    0x56, 0xa5, 0xff, 0xf7, 0xff, 0xff, 0xdf, 0xf7, 0xff, 0xf7, 0x2d, 0x5b,
    0xfd, 0xd6, 0xff, 0xf7, 0xff, 0xf7, 0xdf, 0xef, 0xbb, 0xce, 0x4e, 0x5b,
    0xff, 0xff, 0xff, 0xf7, 0xff, 0xf7, 0xff, 0xf7, 0x33, 0x7c, 0x5b, 0xbe,
    0xff, 0xf7, 0xff, 0xff, 0xff, 0xf7, 0xff, 0xf7, 0xff, 0xff, 0x51, 0x7c,
    0xf9, 0xb5, 0xff, 0xf7, 0xff, 0xf7, 0xff, 0xf7, 0xdd, 0xd6, 0x2e, 0x53,
    0xff, 0xf7, 0xff, 0xff, 0xff, 0xff, 0x39, 0xbe, 0xf1, 0x73, 0xff, 0xff,
    0xff, 0xf7, 0x9f, 0xe7, 0xff, 0xff, 0xff, 0xf7, 0xff, 0xf7, 0xdf, 0xef,
    0x56, 0xa5, 0x15, 0x9d, 0xff, 0xf7, 0xdf, 0xf7, 0xff, 0xff, 0xff, 0xff,
    0xff, 0xff, 0xff, 0xff, 0xff, 0xff, 0xff, 0xff, 0xff, 0xff, 0xff, 0xff,
    0xff, 0xff, 0xff, 0xff, 0xff, 0xff, 0xff, 0xff, 0xff, 0xff, 0xff, 0xff,
    0xff, 0xff, 0xff, 0xff, 0xff, 0xff, 0xff, 0xff, 0xff, 0xff, 0xff, 0xff,
    0xff, 0xff, 0xff, 0xff, 0xff, 0xff, 0xff, 0xff, 0xff, 0xff, 0xff, 0xff,
    0xff, 0xff, 0xff, 0xff, 0xff, 0xff, 0xff, 0xff, 0xff, 0xff, 0xff, 0xff,
    0xff, 0xff, 0xff, 0xff, 0xff, 0xff, 0xff, 0xff, 0xff, 0xff, 0xff, 0xff,
    0xff, 0xff, 0xff, 0xff, 0xff, 0xff, 0xff, 0xff, 0xff, 0xff, 0xff, 0xff,
    0xff, 0xff, 0xff, 0xff, 0xff, 0xff, 0xff, 0xff, 0xff, 0xff, 0xff, 0xff,
    0xff, 0xff, 0xfe, 0xff, 0xfe, 0xff, 0xff, 0xf7, 0xff, 0xf7, 0xff, 0xf7,
    0xff, 0xef, 0x3d, 0xae, 0x73, 0x53, 0xed, 0x21, 0x0e, 0x22, 0x6f, 0x2a,
    0x0e, 0x1a, 0x53, 0x43, 0xbf, 0xc7, 0x77, 0x54, 0x70, 0x12, 0x51, 0x12,
    0x31, 0x0a, 0x30, 0x0a, 0x11, 0x12, 0x51, 0x12, 0x71, 0x1a, 0x51, 0x1a,
    0x31, 0x12, 0x51, 0x0a, 0x52, 0x12, 0x52, 0x12, 0x71, 0x12, 0x71, 0x1a,
    0x10, 0x12, 0x50, 0x1a, 0xf0, 0x42, 0x5c, 0xe7, 0x30, 0xad, 0xee, 0xb4,
    0xb0, 0xd5, 0x8e, 0xdd, 0x8d, 0xe5, 0xad, 0xed, 0x8e, 0xed, 0x11, 0xee,
    0x37, 0xff, 0xfd, 0xff, 0xff, 0xff, 0xff, 0xff, 0xff, 0xff, 0xff, 0xff,
    0xdf, 0xff, 0xff, 0xff, 0xff, 0xff, 0xff, 0xff, 0xff, 0xff, 0xff, 0xff,
    0xff, 0xff, 0xff, 0xff, 0xff, 0xff, 0xff, 0xff, 0xff, 0xff, 0xff, 0xff,
    0x5d, 0xe7, 0x51, 0x84, 0xdf, 0xff, 0xff, 0xff, 0xff, 0xff, 0xff, 0xff,
    0xff, 0xff, 0xff, 0xff, 0xff, 0xff, 0xff, 0xff, 0xff, 0xf7, 0xd4, 0x8c,
    0x57, 0x9d, 0xbf, 0xef, 0x98, 0xa5, 0x16, 0x8d, 0xff, 0xef, 0xff, 0xf7,
    0x36, 0x95, 0x12, 0x74, 0xff, 0xf7, 0xdd, 0xc6, 0xf2, 0x6b, 0xbf, 0xe7,
    0xff, 0xf7, 0xff, 0xf7, 0xff, 0xf7, 0xff, 0xf7, 0x5f, 0xdf, 0xd9, 0xad,
    0x90, 0x6b, 0x4e, 0x63, 0x5e, 0xe7, 0xff, 0xf7, 0xff, 0xf7, 0xff, 0xff,
    0xd4, 0x94, 0x15, 0x9d, 0xff, 0xff, 0xdf, 0xf7, 0xff, 0xf7, 0xff, 0xf7,
    0x4e, 0x5b, 0x5e, 0xdf, 0xff, 0xff, 0xdf, 0xf7, 0xff, 0xff, 0x1d, 0xd7,
    0x4d, 0x5b, 0xdf, 0xf7, 0xff, 0xff, 0xff, 0xff, 0xdf, 0xef, 0x12, 0x7c,
    0x5b, 0xbe, 0xbf, 0xef, 0xff, 0xff, 0xff, 0xf7, 0xff, 0xff, 0xff, 0xf7,
    0x10, 0x74, 0x7a, 0xc6, 0xff, 0xf7, 0xdf, 0xef, 0xff, 0xf7, 0x3e, 0xdf,
    0x4e, 0x5b, 0xff, 0xf7, 0xff, 0xf7, 0xff, 0xf7, 0x9b, 0xce, 0x2e, 0x5b,
    0xdf, 0xef, 0xdf, 0xf7, 0xff, 0xff, 0xbf, 0xef, 0xff, 0xf7, 0x7f, 0xe7,
    0xff, 0xff, 0x56, 0xa5, 0x72, 0x84, 0xff, 0xff, 0xff, 0xff, 0xff, 0xff,
    0xff, 0xff, 0xff, 0xff, 0xff, 0xff, 0xff, 0xff, 0xff, 0xff, 0xff, 0xff,
    0xff, 0xff, 0xff, 0xff, 0xff, 0xff, 0xff, 0xff, 0xff, 0xff, 0xff, 0xff,
    0xff, 0xff, 0xff, 0xff, 0xff, 0xff, 0xff, 0xff, 0xff, 0xff, 0xff, 0xff,
    0xff, 0xff, 0xff, 0xff, 0xff, 0xff, 0xff, 0xff, 0xff, 0xff, 0xff, 0xff,
    0xff, 0xff, 0xff, 0xff, 0xff, 0xff, 0xff, 0xff, 0xff, 0xff, 0xff, 0xff,
    0xff, 0xff, 0xff, 0xff, 0xff, 0xff, 0xff, 0xff, 0xff, 0xff, 0xff, 0xff,
    0xff, 0xff, 0xff, 0xff, 0xff, 0xff, 0xff, 0xff, 0xff, 0xff, 0xff, 0xff,
    0xff, 0xff, 0xff, 0xff, 0xff, 0xff, 0xff, 0xff, 0xff, 0xff, 0xff, 0xff,
    0xff, 0xff, 0xff, 0xff, 0xfe, 0xff, 0x9d, 0xf7, 0xff, 0xff, 0xff, 0xf7,
    0x9f, 0xdf, 0x5e, 0xae, 0xf1, 0x32, 0x50, 0x22, 0x30, 0x1a, 0x50, 0x1a,
    0x0f, 0x1a, 0xee, 0x11, 0x16, 0x54, 0xbf, 0xc7, 0x77, 0x5c, 0x0e, 0x0a,
    0x71, 0x12, 0x51, 0x0a, 0x31, 0x12, 0x51, 0x12, 0x31, 0x12, 0x31, 0x12,
    0x31, 0x12, 0x52, 0x12, 0x31, 0x0a, 0x72, 0x1a, 0x51, 0x12, 0x31, 0x12,
    0x50, 0x1a, 0x2f, 0x1a, 0x4e, 0x22, 0xee, 0x4a, 0x5a, 0xef, 0x11, 0xde,
    0xcf, 0xdd, 0xef, 0xed, 0x8d, 0xe5, 0xce, 0xed, 0x11, 0xee, 0x70, 0xcd,
    0x93, 0xc5, 0xfe, 0xff, 0xff, 0xff, 0xff, 0xff, 0xff, 0xff, 0xbf, 0xf7,
    0xff, 0xff, 0xff, 0xff, 0xdf, 0xff, 0xdf, 0xff, 0xff, 0xff, 0xff, 0xff,
    0xdf, 0xff, 0xff, 0xff, 0xff, 0xff, 0xff, 0xff, 0xff, 0xff, 0xff, 0xff,
    0xff, 0xff, 0x7d, 0xe7, 0x31, 0x84, 0xdf, 0xf7, 0xff, 0xff, 0xff, 0xff,
    0xdf, 0xff, 0xff, 0xff, 0xff, 0xff, 0xdf, 0xff, 0xff, 0xff, 0xff, 0xff,
    0x52, 0x7c, 0x98, 0xa5, 0xff, 0xf7, 0xb4, 0x84, 0x16, 0x95, 0xff, 0xef,
    0xff, 0xef, 0xdf, 0xef, 0x32, 0x74, 0x36, 0x95, 0xdd, 0xc6, 0xd1, 0x6b,
    0xdf, 0xef, 0x3b, 0xb6, 0x9c, 0xc6, 0xff, 0xf7, 0xdf, 0xef, 0xff, 0xf7,
    0xff, 0xf7, 0xff, 0xf7, 0xd1, 0x73, 0x97, 0xad, 0xff, 0xff, 0xbf, 0xf7,
    0xff, 0xff, 0xd4, 0x94, 0xf5, 0x9c, 0xff, 0xf7, 0xff, 0xff, 0xff, 0xf7,
    0xbf, 0xf7, 0x2d, 0x5b, 0xfc, 0xd6, 0xff, 0xf7, 0xff, 0xff, 0xff, 0xf7,
    0x9b, 0xce, 0xaf, 0x6b, 0xdf, 0xf7, 0xff, 0xff, 0xff, 0xff, 0xff, 0xf7,
    0xf2, 0x73, 0x3b, 0xbe, 0xff, 0xf7, 0xff, 0xf7, 0xff, 0xff, 0xbf, 0xef,
    0xff, 0xf7, 0x11, 0x7c, 0x3a, 0xbe, 0xbf, 0xef, 0xff, 0xff, 0xff, 0xff,
    0x5b, 0xc6, 0xb0, 0x6b, 0xdf, 0xf7, 0xff, 0xff, 0xff, 0xff, 0x1d, 0xdf,
    0x4e, 0x63, 0x5e, 0xe7, 0xdf, 0xef, 0xff, 0xf7, 0xff, 0xf7, 0xff, 0xf7,
    0xff, 0xf7, 0xff, 0xf7, 0x8f, 0x6b, 0x18, 0xbe, 0xff, 0xff, 0xff, 0xff,
    0xff, 0xff, 0xff, 0xff, 0xff, 0xff, 0xff, 0xff, 0xff, 0xff, 0xff, 0xff,
    0xff, 0xff, 0xff, 0xff, 0xff, 0xff, 0xff, 0xff, 0xff, 0xff, 0xff, 0xff,
    0xff, 0xff, 0xff, 0xff, 0xff, 0xff, 0xff, 0xff, 0xff, 0xff, 0xff, 0xff,
    0xff, 0xff, 0xff, 0xff, 0xff, 0xff, 0xff, 0xff, 0xff, 0xff, 0xff, 0xff,
    0xff, 0xff, 0xff, 0xff, 0xff, 0xff, 0xff, 0xff, 0xff, 0xff, 0xff, 0xff,
    0xff, 0xff, 0xff, 0xff, 0xff, 0xff, 0xff, 0xff, 0xff, 0xff, 0xff, 0xff,
    0xff, 0xff, 0xff, 0xff, 0xff, 0xff, 0xff, 0xff, 0xff, 0xff, 0xff, 0xff,
    0xff, 0xff, 0xff, 0xff, 0xff, 0xff, 0xff, 0xff, 0xff, 0xff, 0xff, 0xff,
    0xff, 0xff, 0xff, 0xff, 0xff, 0xff, 0xbd, 0xff, 0xfe, 0xff, 0xff, 0xf7,
    0xff, 0xef, 0xff, 0xbe, 0x90, 0x22, 0xd3, 0x2a, 0x10, 0x0a, 0x51, 0x12,
    0x31, 0x12, 0x50, 0x12, 0x50, 0x1a, 0xf5, 0x53, 0xdf, 0xcf, 0x14, 0x5c,
    0x8f, 0x1a, 0x71, 0x12, 0x52, 0x0a, 0x31, 0x0a, 0x51, 0x12, 0x51, 0x12,
    0x30, 0x12, 0x31, 0x12, 0x51, 0x12, 0x72, 0x12, 0x51, 0x0a, 0x10, 0x0a,
    0x50, 0x12, 0x70, 0x22, 0x0d, 0x1a, 0x2d, 0x2a, 0x0d, 0x53, 0x54, 0xde,
    0x0f, 0xee, 0xad, 0xe5, 0x8c, 0xed, 0xee, 0xf5, 0xf0, 0xe5, 0xad, 0xac,
    0x0a, 0x63, 0x6a, 0x42, 0x35, 0x95, 0xff, 0xf7, 0xdf, 0xf7, 0xdf, 0xf7,
    0xff, 0xff, 0xff, 0xff, 0x9f, 0xf7, 0xff, 0xff, 0xdf, 0xff, 0xff, 0xff,
    0xff, 0xff, 0xde, 0xff, 0xff, 0xff, 0xff, 0xff, 0xff, 0xff, 0xff, 0xff,
    0xff, 0xff, 0xff, 0xff, 0x7d, 0xe7, 0x51, 0x84, 0xdf, 0xff, 0xff, 0xff,
    0xff, 0xff, 0xff, 0xff, 0xff, 0xff, 0xff, 0xff, 0xdf, 0xf7, 0xff, 0xff,
    0xff, 0xff, 0x93, 0x8c, 0xb8, 0xad, 0xff, 0xf7, 0x57, 0x9d, 0x16, 0x95,
    0xff, 0xf7, 0xdf, 0xef, 0xff, 0xf7, 0xdc, 0xc6, 0xb0, 0x63, 0x57, 0x9d,
    0xf2, 0x6b, 0xdf, 0xef, 0x77, 0x9d, 0xd5, 0x8c, 0xff, 0xf7, 0xff, 0xff,
    0xdf, 0xf7, 0xdf, 0xf7, 0xff, 0xff, 0xb4, 0x8c, 0x15, 0x9d, 0x9f, 0xef,
    0xff, 0xff, 0xff, 0xff, 0xd4, 0x94, 0x14, 0x9d, 0xff, 0xff, 0xff, 0xff,
    0xff, 0xff, 0xff, 0xff, 0xeb, 0x52, 0x3d, 0xe7, 0xff, 0xff, 0xdf, 0xf7,
    0xff, 0xff, 0xfc, 0xde, 0x8e, 0x6b, 0xff, 0xff, 0xff, 0xf7, 0xff, 0xff,
    0xff, 0xff, 0xd5, 0x94, 0xb4, 0x8c, 0xff, 0xf7, 0xff, 0xff, 0xbf, 0xef,
    0xff, 0xff, 0xff, 0xf7, 0xec, 0x52, 0x1d, 0xdf, 0xff, 0xff, 0xff, 0xff,
    0xff, 0xf7, 0xdc, 0xd6, 0x8f, 0x6b, 0xff, 0xff, 0xff, 0xff, 0xbf, 0xef,
    0xff, 0xf7, 0xd4, 0x94, 0xd3, 0x8c, 0xdf, 0xf7, 0xff, 0xff, 0xdf, 0xef,
    0xff, 0xff, 0xff, 0xff, 0x5a, 0xbe, 0x8e, 0x63, 0xbf, 0xef, 0xff, 0xff,
    0xbf, 0xf7, 0xff, 0xff, 0xff, 0xff, 0xff, 0xff, 0xff, 0xff, 0xff, 0xff,
    0xff, 0xff, 0xff, 0xff, 0xff, 0xff, 0xff, 0xff, 0xff, 0xff, 0xff, 0xff,
    0xff, 0xff, 0xff, 0xff, 0xff, 0xff, 0xff, 0xff, 0xff, 0xff, 0xff, 0xff,
    0xff, 0xff, 0xff, 0xff, 0xff, 0xff, 0xff, 0xff, 0xff, 0xff, 0xff, 0xff,
    0xff, 0xff, 0xff, 0xff, 0xff, 0xff, 0xff, 0xff, 0xff, 0xff, 0xff, 0xff,
    0xff, 0xff, 0xff, 0xff, 0xff, 0xff, 0xff, 0xff, 0xff, 0xff, 0xff, 0xff,
    0xff, 0xff, 0xff, 0xff, 0xff, 0xff, 0xff, 0xff, 0xff, 0xff, 0xff, 0xff,
    0xff, 0xff, 0xff, 0xff, 0xff, 0xff, 0xff, 0xff, 0xff, 0xff, 0xff, 0xff,
    0xff, 0xff, 0xff, 0xff, 0xff, 0xff, 0xff, 0xff, 0xfe, 0xff, 0xff, 0xff,
    0x9e, 0xe7, 0xbd, 0xbe, 0x51, 0x43, 0x4f, 0x12, 0x30, 0x0a, 0x31, 0x0a,
    0x31, 0x0a, 0x10, 0x0a, 0x91, 0x1a, 0x70, 0x22, 0xb4, 0x4b, 0x9f, 0xd7,
    0xb2, 0x53, 0x2d, 0x1a, 0x91, 0x12, 0x72, 0x0a, 0x72, 0x12, 0x72, 0x12,
    0x71, 0x1a, 0x51, 0x12, 0x52, 0x12, 0x72, 0x12, 0x72, 0x12, 0x72, 0x0a,
    0x71, 0x12, 0x91, 0x1a, 0x2e, 0x1a, 0xaa, 0x19, 0x6c, 0x3a, 0x0f, 0x84,
    0xb0, 0xd5, 0x2f, 0xfe, 0xad, 0xf5, 0x4b, 0xe5, 0xcf, 0xed, 0xd1, 0xd5,
    0xed, 0x83, 0x49, 0x32, 0x0b, 0x22, 0x30, 0x4b, 0x3b, 0xb6, 0xff, 0xff,
    0xff, 0xff, 0xff, 0xff, 0xff, 0xff, 0xff, 0xff, 0xfe, 0xff, 0x9c, 0xff,
    0xde, 0xff, 0xfe, 0xff, 0xfe, 0xff, 0xff, 0xff, 0xff, 0xff, 0xff, 0xff,
    0xff, 0xff, 0xff, 0xff, 0xff, 0xff, 0x5e, 0xe7, 0x51, 0x84, 0xdf, 0xff,
    0xff, 0xff, 0xff, 0xff, 0xff, 0xff, 0xff, 0xff, 0xff, 0xff, 0xff, 0xff,
    0xff, 0xff, 0xdf, 0xf7, 0x93, 0x8c, 0x36, 0xa5, 0xdf, 0xf7, 0x56, 0x9d,
    0x93, 0x84, 0xff, 0xff, 0xff, 0xf7, 0xff, 0xef, 0xff, 0xf7, 0x56, 0x95,
    0xcc, 0x4a, 0xd0, 0x6b, 0xff, 0xff, 0x5b, 0xbe, 0x90, 0x63, 0xf9, 0xb5,
    0xdf, 0xef, 0xbf, 0xef, 0xff, 0xf7, 0x97, 0xad, 0xd1, 0x73, 0xbc, 0xd6,
    0xff, 0xff, 0xdf, 0xf7, 0xff, 0xff, 0xd3, 0x94, 0x76, 0xad, 0xff, 0xff,
    0xdf, 0xf7, 0xff, 0xff, 0xff, 0xff, 0x2d, 0x63, 0x5e, 0xef, 0xff, 0xf7,
    0xff, 0xff, 0xff, 0xff, 0xbb, 0xd6, 0x2d, 0x5b, 0xff, 0xff, 0xff, 0xff,
    0xff, 0xff, 0xdf, 0xf7, 0xdc, 0xd6, 0x8f, 0x6b, 0xbc, 0xce, 0xdf, 0xef,
    0xff, 0xf7, 0x5d, 0xe7, 0x72, 0x8c, 0x71, 0x84, 0xbf, 0xef, 0xff, 0xff,
    0xff, 0xff, 0xdf, 0xf7, 0xdc, 0xd6, 0x0d, 0x5b, 0xdf, 0xf7, 0xff, 0xff,
    0xff, 0xff, 0xff, 0xff, 0xdb, 0xd6, 0x11, 0x7c, 0xf8, 0xb5, 0x3d, 0xdf,
    0xdf, 0xf7, 0x7e, 0xe7, 0xd8, 0xb5, 0xf0, 0x73, 0xd8, 0xb5, 0xff, 0xff,
    0x7e, 0xef, 0xff, 0xff, 0xdf, 0xf7, 0xff, 0xff, 0xff, 0xff, 0xff, 0xff,
    0xff, 0xff, 0xff, 0xff, 0xff, 0xff, 0xff, 0xff, 0xff, 0xff, 0xff, 0xff,
    0xff, 0xff, 0xff, 0xff, 0xff, 0xff, 0xff, 0xff, 0xff, 0xff, 0xff, 0xff,
    0xff, 0xff, 0xff, 0xff, 0xff, 0xff, 0xff, 0xff, 0xff, 0xff, 0xff, 0xff,
    0xff, 0xff, 0xff, 0xff, 0xff, 0xff, 0xff, 0xff, 0xff, 0xff, 0xff, 0xff,
    0xff, 0xff, 0xff, 0xff, 0xff, 0xff, 0xff, 0xff, 0xff, 0xff, 0xff, 0xff,
    0xff, 0xff, 0xff, 0xff, 0xff, 0xff, 0xff, 0xff, 0xff, 0xff, 0xff, 0xff,
    0xff, 0xff, 0xff, 0xff, 0xff, 0xff, 0xff, 0xff, 0xff, 0xff, 0xff, 0xff,
    0xff, 0xff, 0xff, 0xff, 0xff, 0xff, 0xff, 0xff, 0xff, 0xff, 0xbd, 0xf7,
    0xff, 0xff, 0xff, 0xf7, 0xd2, 0x63, 0xec, 0x11, 0x90, 0x22, 0x50, 0x0a,
    0xb2, 0x1a, 0x92, 0x1a, 0x30, 0x12, 0x2f, 0x12, 0x0d, 0x1a, 0x35, 0x64,
    0xff, 0xe7, 0xd6, 0x84, 0x2c, 0x22, 0x50, 0x12, 0x51, 0x0a, 0x50, 0x0a,
    0x50, 0x12, 0x50, 0x12, 0x30, 0x12, 0x31, 0x0a, 0x31, 0x0a, 0x31, 0x0a,
    0x71, 0x12, 0x70, 0x12, 0x2e, 0x1a, 0xeb, 0x21, 0x4a, 0x3a, 0xef, 0x7b,
    0x93, 0xc5, 0xf0, 0xed, 0x4b, 0xe5, 0x6c, 0xed, 0x50, 0xfe, 0x8f, 0xd5,
    0x69, 0x73, 0x07, 0x32, 0x4b, 0x2a, 0x2d, 0x1a, 0x0d, 0x1a, 0xcf, 0x42,
    0x3f, 0xdf, 0xff, 0xff, 0xbe, 0xff, 0xde, 0xff, 0xde, 0xff, 0xbc, 0xff,
    0x19, 0xf7, 0x7b, 0xff, 0xdd, 0xff, 0xfe, 0xff, 0xff, 0xff, 0xff, 0xff,
    0xff, 0xff, 0xff, 0xff, 0xff, 0xff, 0xff, 0xff, 0x5e, 0xe7, 0x51, 0x84,
    0xdf, 0xff, 0xff, 0xff, 0xff, 0xff, 0xdf, 0xff, 0xff, 0xff, 0xff, 0xff,
    0xff, 0xff, 0xff, 0xff, 0xdf, 0xf7, 0x97, 0xad, 0xf8, 0xbd, 0xdf, 0xf7,
    0xf8, 0xb5, 0xb7, 0xad, 0xbf, 0xef, 0xff, 0xff, 0xff, 0xf7, 0xff, 0xf7,
    0xff, 0xf7, 0xb4, 0x8c, 0x11, 0x7c, 0x7f, 0xe7, 0xff, 0xff, 0xd8, 0xb5,
    0x11, 0x7c, 0x8f, 0x6b, 0x11, 0x7c, 0x11, 0x7c, 0x6e, 0x63, 0x76, 0xa5,
    0xff, 0xff, 0xff, 0xff, 0xff, 0xff, 0xff, 0xff, 0x56, 0xad, 0x56, 0xad,
    0xdf, 0xf7, 0xff, 0xff, 0xff, 0xff, 0x5e, 0xef, 0xcf, 0x73, 0x1c, 0xdf,
    0xff, 0xff, 0xff, 0xff, 0xff, 0xff, 0xfc, 0xde, 0x52, 0x8c, 0xff, 0xff,
    0xff, 0xff, 0xff, 0xff, 0xdf, 0xf7, 0xff, 0xff, 0x5b, 0xc6, 0xaf, 0x6b,
    0x4e, 0x63, 0x31, 0x7c, 0xcf, 0x73, 0xd3, 0x94, 0x5d, 0xe7, 0xdf, 0xf7,
    0xff, 0xff, 0xff, 0xff, 0xff, 0xff, 0x1d, 0xe7, 0x71, 0x8c, 0xbf, 0xf7,
    0xff, 0xff, 0xff, 0xff, 0x9e, 0xef, 0xff, 0xff, 0xbb, 0xce, 0xf0, 0x73,
    0xd0, 0x73, 0x72, 0x84, 0xf0, 0x73, 0x93, 0x8c, 0xf8, 0xbd, 0x9f, 0xef,
    0xff, 0xff, 0xdf, 0xff, 0xff, 0xff, 0xff, 0xff, 0xff, 0xff, 0xff, 0xff,
    0xff, 0xff, 0xff, 0xff, 0xff, 0xff, 0xff, 0xff, 0xff, 0xff, 0xff, 0xff,
    0xff, 0xff, 0xff, 0xff, 0xff, 0xff, 0xff, 0xff, 0xff, 0xff, 0xff, 0xff,
    0xff, 0xff, 0xff, 0xff, 0xff, 0xff, 0xff, 0xff, 0xff, 0xff, 0xff, 0xff,
    0xff, 0xff, 0xff, 0xff, 0xff, 0xff, 0xff, 0xff, 0xff, 0xff, 0xff, 0xff,
    0xff, 0xff, 0xff, 0xff, 0xff, 0xff, 0xff, 0xff, 0xff, 0xff, 0xff, 0xff,
    0xff, 0xff, 0xff, 0xff, 0xff, 0xff, 0xff, 0xff, 0xff, 0xff, 0xff, 0xff,
    0xff, 0xff, 0xff, 0xff, 0xff, 0xff, 0xff, 0xff, 0xff, 0xff, 0xff, 0xff,
    0xff, 0xff, 0xff, 0xff, 0xff, 0xff, 0xff, 0xff, 0xff, 0xff, 0xff, 0xff,
    0xff, 0xff, 0xdf, 0xf7, 0x16, 0x95, 0x2b, 0x2a, 0x0c, 0x1a, 0x2e, 0x12,
    0x2f, 0x1a, 0x2f, 0x12, 0x4f, 0x1a, 0xcd, 0x11, 0xec, 0x19, 0xef, 0x3a,
    0xfb, 0xa5, 0xff, 0xef, 0xd9, 0xa5, 0x6d, 0x32, 0x8f, 0x22, 0x70, 0x12,
    0x4f, 0x12, 0x70, 0x1a, 0x70, 0x22, 0x6f, 0x1a, 0x50, 0x1a, 0x70, 0x1a,
    0x70, 0x12, 0x90, 0x1a, 0x2e, 0x1a, 0xca, 0x19, 0x49, 0x3a, 0xee, 0x83,
    0x51, 0xbd, 0xb0, 0xdd, 0xef, 0xfd, 0x4c, 0xed, 0xce, 0xed, 0xb0, 0xdd,
    0xeb, 0x83, 0x47, 0x42, 0x2a, 0x2a, 0x8d, 0x2a, 0x8f, 0x22, 0x6f, 0x2a,
    0xab, 0x19, 0x54, 0x7c, 0xfc, 0xde, 0xff, 0xff, 0xfe, 0xff, 0xdc, 0xff,
    0x18, 0xf7, 0x76, 0xe6, 0x39, 0xf7, 0xfc, 0xff, 0xfe, 0xff, 0xff, 0xff,
    0xdf, 0xff, 0xff, 0xff, 0xff, 0xff, 0xff, 0xff, 0xff, 0xff, 0x7e, 0xe7,
    0x32, 0x84, 0xff, 0xf7, 0xff, 0xff, 0xff, 0xff, 0xff, 0xff, 0xff, 0xff,
    0xff, 0xff, 0xff, 0xff, 0xff, 0xff, 0xff, 0xff, 0x5e, 0xef, 0xff, 0xff,
    0xdf, 0xf7, 0xbf, 0xf7, 0xff, 0xff, 0xbf, 0xef, 0xff, 0xff, 0xff, 0xff,
    0x9e, 0xef, 0xff, 0xff, 0xff, 0xff, 0xff, 0xf7, 0xff, 0xff, 0xff, 0xff,
    0x9f, 0xef, 0xff, 0xff, 0x7e, 0xef, 0x1c, 0xdf, 0xfc, 0xde, 0xff, 0xff,
    0xff, 0xff, 0xff, 0xff, 0xbf, 0xf7, 0xff, 0xff, 0xff, 0xff, 0x9e, 0xef,
    0xff, 0xff, 0xff, 0xff, 0xbf, 0xf7, 0xff, 0xff, 0xff, 0xff, 0xdf, 0xff,
    0xff, 0xff, 0xdf, 0xff, 0xdf, 0xff, 0xff, 0xff, 0xff, 0xff, 0x3c, 0xe7,
    0xff, 0xff, 0xff, 0xff, 0xff, 0xff, 0xff, 0xff, 0xff, 0xff, 0xdf, 0xf7,
    0xff, 0xff, 0x3d, 0xe7, 0xfc, 0xde, 0xde, 0xf7, 0x7e, 0xef, 0xff, 0xff,
    0xff, 0xff, 0xff, 0xff, 0xdf, 0xf7, 0xff, 0xff, 0xdf, 0xff, 0x5d, 0xef,
    0xff, 0xff, 0xff, 0xff, 0xff, 0xff, 0xff, 0xff, 0xff, 0xff, 0xff, 0xff,
    0xff, 0xff, 0x9e, 0xef, 0xfc, 0xde, 0xbb, 0xce, 0x3d, 0xe7, 0xff, 0xff,
    0xff, 0xff, 0xff, 0xff, 0xff, 0xff, 0xdf, 0xff, 0xff, 0xff, 0xff, 0xff,
    0xff, 0xff, 0xff, 0xff, 0xff, 0xff, 0xff, 0xff, 0xff, 0xff, 0xff, 0xff,
    0xff, 0xff, 0xff, 0xff, 0xff, 0xff, 0xff, 0xff, 0xff, 0xff, 0xff, 0xff,
    0xff, 0xff, 0xff, 0xff, 0xff, 0xff, 0xff, 0xff, 0xff, 0xff, 0xff, 0xff,
    0xff, 0xff, 0xff, 0xff, 0xff, 0xff, 0xff, 0xff, 0xff, 0xff, 0xff, 0xff,
    0xff, 0xff, 0xff, 0xff, 0xff, 0xff, 0xff, 0xff, 0xff, 0xff, 0xff, 0xff,
    0xff, 0xff, 0xff, 0xff, 0xff, 0xff, 0xff, 0xff, 0xff, 0xff, 0xff, 0xff,
    0xff, 0xff, 0xff, 0xff, 0xff, 0xff, 0xff, 0xff, 0xff, 0xff, 0xff, 0xff,
    0xff, 0xff, 0xff, 0xff, 0xff, 0xff, 0xff, 0xff, 0xff, 0xff, 0xff, 0xff,
    0xff, 0xff, 0xdf, 0xf7, 0x5f, 0xdf, 0xd1, 0x63, 0x70, 0x53, 0x92, 0x53,
    0xf4, 0x5b, 0x93, 0x43, 0x72, 0x43, 0xd3, 0x53, 0x71, 0x53, 0x54, 0x74,
    0xd9, 0xa5, 0xff, 0xef, 0xff, 0xf7, 0xff, 0xf7, 0x9d, 0xbe, 0xd3, 0x53,
    0xb4, 0x4b, 0x72, 0x4b, 0x93, 0x4b, 0x93, 0x53, 0x93, 0x4b, 0x93, 0x4b,
    0xb4, 0x4b, 0x93, 0x43, 0xd3, 0x53, 0xd2, 0x5b, 0x6f, 0x5b, 0xcd, 0x7b,
    0x30, 0xbd, 0x11, 0xee, 0xae, 0xf5, 0x6d, 0xed, 0x8d, 0xed, 0x11, 0xee,
    0x30, 0xb5, 0x8c, 0x6b, 0x8e, 0x53, 0xf2, 0x5b, 0x51, 0x3b, 0x93, 0x4b,
    0x52, 0x43, 0x72, 0x5b, 0x50, 0x5b, 0xbb, 0xd6, 0xdd, 0xff, 0xfd, 0xff,
    0x79, 0xff, 0x53, 0xde, 0x13, 0xde, 0x18, 0xff, 0xfc, 0xff, 0xfe, 0xff,
    0xfe, 0xff, 0xdf, 0xff, 0xff, 0xff, 0xff, 0xff, 0xff, 0xff, 0xff, 0xff,
    0x5f, 0xe7, 0x32, 0x84, 0xff, 0xf7, 0xff, 0xff, 0xff, 0xff, 0xff, 0xff,
    0xff, 0xff, 0xff, 0xff, 0xff, 0xff, 0xff, 0xff, 0xff, 0xff, 0xff, 0xff,
    0xff, 0xff, 0xff, 0xff, 0xff, 0xff, 0xff, 0xff, 0xff, 0xff, 0xff, 0xff,
    0xff, 0xff, 0xff, 0xff, 0xbe, 0xf7, 0xdf, 0xff, 0xff, 0xff, 0xff, 0xff,
    0xff, 0xff, 0xff, 0xff, 0xff, 0xff, 0x7e, 0xef, 0xff, 0xff, 0xff, 0xff,
    0xdf, 0xf7, 0xdf, 0xff, 0xff, 0xff, 0xff, 0xff, 0xff, 0xff, 0xdf, 0xff,
    0xff, 0xff, 0xdf, 0xff, 0xff, 0xff, 0xff, 0xff, 0xff, 0xff, 0xbe, 0xf7,
    0xff, 0xff, 0xbf, 0xf7, 0xff, 0xff, 0xff, 0xff, 0xdf, 0xff, 0xff, 0xff,
    0xff, 0xff, 0xdf, 0xff, 0xff, 0xff, 0xff, 0xff, 0xff, 0xff, 0xff, 0xff,
    0xff, 0xff, 0xff, 0xff, 0xff, 0xff, 0xbe, 0xf7, 0xde, 0xf7, 0xff, 0xff,
    0xff, 0xff, 0xff, 0xff, 0xdf, 0xff, 0xff, 0xff, 0xff, 0xff, 0xff, 0xff,
    0xff, 0xff, 0xff, 0xff, 0xff, 0xff, 0xdf, 0xff, 0xff, 0xff, 0xdf, 0xf7,
    0xdf, 0xf7, 0xff, 0xff, 0x7e, 0xe7, 0xff, 0xff, 0xff, 0xff, 0xff, 0xff,
    0xbf, 0xf7, 0xff, 0xff, 0xbf, 0xf7, 0xdf, 0xff, 0xff, 0xff, 0xbe, 0xf7,
    0xff, 0xff, 0xff, 0xff, 0xff, 0xff, 0xff, 0xff, 0xff, 0xff, 0xff, 0xff,
    0xff, 0xff, 0xff, 0xff, 0xff, 0xff, 0xff, 0xff, 0xff, 0xff, 0xff, 0xff,
    0xff, 0xff, 0xff, 0xff, 0xff, 0xff, 0xff, 0xff, 0xff, 0xff, 0xff, 0xff,
    0xff, 0xff, 0xff, 0xff, 0xff, 0xff, 0xff, 0xff, 0xff, 0xff, 0xff, 0xff,
    0xff, 0xff, 0xff, 0xff, 0xff, 0xff, 0xff, 0xff, 0xff, 0xff, 0xff, 0xff,
    0xff, 0xff, 0xff, 0xff, 0xff, 0xff, 0xff, 0xff, 0xff, 0xff, 0xff, 0xff,
    0xff, 0xff, 0xff, 0xff, 0xff, 0xff, 0xff, 0xff, 0xff, 0xff, 0xff, 0xff,
    0xff, 0xff, 0xff, 0xff, 0xff, 0xff, 0xff, 0xff, 0xff, 0xff, 0xff, 0xff,
    0xff, 0xff, 0xff, 0xff, 0xff, 0xf7, 0x9f, 0xdf, 0xff, 0xef, 0x9f, 0xdf,
    0xff, 0xe7, 0x9f, 0xd7, 0xdf, 0xdf, 0xdf, 0xe7, 0xff, 0xef, 0x9f, 0xdf,
    0xff, 0xf7, 0xff, 0xff, 0xff, 0xff, 0x9f, 0xef, 0xff, 0xff, 0xff, 0xf7,
    0xff, 0xef, 0xff, 0xe7, 0xdf, 0xe7, 0xdf, 0xe7, 0xff, 0xef, 0xdf, 0xef,
    0xff, 0xe7, 0xff, 0xe7, 0xbf, 0xd7, 0xdf, 0xdf, 0xdf, 0xef, 0x5b, 0xef,
    0x34, 0xde, 0xcf, 0xed, 0xac, 0xfd, 0x4b, 0xf5, 0x6c, 0xf5, 0x8e, 0xe5,
    0xf6, 0xf6, 0xfd, 0xff, 0xff, 0xe7, 0xbf, 0xcf, 0xff, 0xd7, 0xff, 0xe7,
    0xff, 0xdf, 0xbf, 0xdf, 0xff, 0xef, 0x5f, 0xdf, 0xff, 0xff, 0xfe, 0xff,
    0x38, 0xff, 0x53, 0xe6, 0xd0, 0xd5, 0x11, 0xde, 0x37, 0xff, 0xfb, 0xff,
    0xfd, 0xff, 0xfe, 0xff, 0xdf, 0xff, 0xff, 0xff, 0xff, 0xff, 0xff, 0xff,
    0xff, 0xff, 0x5e, 0xe7, 0x52, 0x84, 0xff, 0xf7, 0xff, 0xff, 0xff, 0xff,
    0xdf, 0xff, 0xff, 0xff, 0xff, 0xff, 0xff, 0xff, 0xff, 0xff, 0xbf, 0xff,
    0xdf, 0xff, 0xbf, 0xff, 0xff, 0xff, 0xdf, 0xff, 0x9e, 0xf7, 0xff, 0xff,
    0xdf, 0xff, 0xff, 0xff, 0xff, 0xff, 0xff, 0xff, 0xff, 0xff, 0xff, 0xff,
    0xff, 0xff, 0x7e, 0xef, 0xff, 0xff, 0xff, 0xff, 0xff, 0xff, 0xff, 0xff,
    0xff, 0xff, 0xff, 0xff, 0xff, 0xff, 0xff, 0xff, 0x7d, 0xef, 0xdf, 0xf7,
    0xff, 0xff, 0xff, 0xff, 0xff, 0xff, 0xff, 0xff, 0xdf, 0xff, 0xff, 0xff,
    0xbf, 0xff, 0xff, 0xff, 0xdf, 0xff, 0xff, 0xff, 0xff, 0xff, 0xdf, 0xff,
    0xdf, 0xff, 0xdf, 0xff, 0xdf, 0xff, 0xff, 0xff, 0xff, 0xff, 0xff, 0xff,
    0xff, 0xff, 0xdf, 0xf7, 0xff, 0xff, 0x7e, 0xef, 0xff, 0xff, 0xff, 0xff,
    0x7e, 0xef, 0xdf, 0xff, 0xdf, 0xff, 0xff, 0xff, 0xff, 0xff, 0xff, 0xff,
    0xbf, 0xff, 0xff, 0xff, 0xde, 0xff, 0xde, 0xff, 0xff, 0xff, 0xff, 0xff,
    0xff, 0xff, 0xff, 0xff, 0xff, 0xff, 0xff, 0xff, 0xff, 0xff, 0x9e, 0xef,
    0xbf, 0xf7, 0xff, 0xff, 0xbf, 0xf7, 0xff, 0xff, 0xff, 0xff, 0xdf, 0xff,
    0xff, 0xff, 0xdf, 0xff, 0xff, 0xff, 0xff, 0xff, 0xff, 0xff, 0xff, 0xff,
    0xff, 0xff, 0xff, 0xff, 0xff, 0xff, 0xff, 0xff, 0xff, 0xff, 0xff, 0xff,
    0xff, 0xff, 0xff, 0xff, 0xff, 0xff, 0xff, 0xff, 0xff, 0xff, 0xff, 0xff,
    0xff, 0xff, 0xff, 0xff, 0xff, 0xff, 0xff, 0xff, 0xff, 0xff, 0xff, 0xff,
    0xff, 0xff, 0xff, 0xff, 0xff, 0xff, 0xff, 0xff, 0xff, 0xff, 0xff, 0xff,
    0xff, 0xff, 0xff, 0xff, 0xff, 0xff, 0xff, 0xff, 0xff, 0xff, 0xff, 0xff,
    0xff, 0xff, 0xff, 0xff, 0xff, 0xff, 0xff, 0xff, 0xff, 0xff, 0xff, 0xff,
    0xff, 0xff, 0xff, 0xff, 0xff, 0xff, 0xff, 0xff, 0xff, 0xff, 0xff, 0xff,
    0xff, 0xff, 0xff, 0xff, 0xff, 0xff, 0x5c, 0xbe, 0x35, 0x74, 0xb3, 0x5b,
    0x96, 0x74, 0x14, 0x5c, 0x55, 0x6c, 0x74, 0x74, 0x12, 0x6c, 0x11, 0x7c,
    0x71, 0x8c, 0x57, 0xd6, 0x3b, 0xf7, 0xdf, 0xff, 0xff, 0xff, 0x9f, 0xef,
    0x9d, 0xc6, 0x75, 0x7c, 0x34, 0x6c, 0xf3, 0x6b, 0xf2, 0x6b, 0x13, 0x6c,
    0x33, 0x6c, 0x14, 0x6c, 0x34, 0x6c, 0x74, 0x7c, 0x31, 0x74, 0xf2, 0x9c,
    0xf3, 0xcd, 0xcf, 0xe5, 0x8c, 0xed, 0xaa, 0xfd, 0xab, 0xfd, 0xaf, 0xf5,
    0xb5, 0xfe, 0x56, 0xd6, 0xf3, 0x8c, 0x53, 0x64, 0x95, 0x5c, 0x76, 0x5c,
    0x15, 0x5c, 0xd4, 0x5b, 0xb7, 0x7c, 0xb3, 0x63, 0x74, 0x84, 0xcf, 0x73,
    0x73, 0xb5, 0x94, 0xee, 0xcf, 0xd5, 0x8e, 0xcd, 0x11, 0xde, 0x77, 0xff,
    0xfb, 0xff, 0xfd, 0xff, 0xfe, 0xff, 0xdf, 0xff, 0xff, 0xff, 0xff, 0xff,
    0xff, 0xff, 0xff, 0xff, 0x7e, 0xe7, 0x51, 0x84, 0xdf, 0xf7, 0xff, 0xff,
    0xff, 0xff, 0xff, 0xff, 0xff, 0xff, 0xff, 0xff, 0xff, 0xff, 0xff, 0xff,
    0xdf, 0xff, 0xff, 0xff, 0xff, 0xff, 0xff, 0xff, 0xff, 0xff, 0xff, 0xff,
    0xff, 0xff, 0xff, 0xff, 0xff, 0xff, 0x9d, 0xf7, 0xff, 0xff, 0xff, 0xff,
    0xbe, 0xf7, 0xff, 0xff, 0xff, 0xff, 0xff, 0xff, 0xff, 0xff, 0xff, 0xff,
    0xff, 0xff, 0xff, 0xff, 0xff, 0xff, 0xbf, 0xf7, 0xbf, 0xf7, 0xff, 0xff,
    0xff, 0xff, 0xff, 0xff, 0xff, 0xff, 0xff, 0xff, 0xff, 0xff, 0xff, 0xff,
    0xff, 0xff, 0xdf, 0xff, 0xff, 0xff, 0xff, 0xff, 0xff, 0xff, 0xbe, 0xf7,
    0xff, 0xff, 0xff, 0xff, 0xbf, 0xff, 0xff, 0xff, 0xff, 0xff, 0xdf, 0xff,
    0xff, 0xff, 0xff, 0xff, 0xff, 0xff, 0xdf, 0xf7, 0xff, 0xff, 0xff, 0xff,
    0xdf, 0xf7, 0xff, 0xff, 0xff, 0xff, 0xff, 0xff, 0xff, 0xff, 0xdf, 0xff,
    0xdf, 0xff, 0xff, 0xff, 0xdf, 0xff, 0xff, 0xff, 0xff, 0xff, 0xff, 0xff,
    0xff, 0xff, 0xff, 0xff, 0xff, 0xff, 0xff, 0xff, 0xff, 0xff, 0xff, 0xff,
    0xff, 0xff, 0xff, 0xff, 0xbf, 0xf7, 0xff, 0xff, 0xff, 0xff, 0xdf, 0xff,
    0xff, 0xff, 0xbb, 0xde, 0xff, 0xff, 0xff, 0xff, 0xff, 0xff, 0xff, 0xff,
    0xff, 0xff, 0xff, 0xff, 0xff, 0xff, 0xff, 0xff, 0xff, 0xff, 0xff, 0xff,
    0xff, 0xff, 0xff, 0xff, 0xff, 0xff, 0xff, 0xff, 0xff, 0xff, 0xff, 0xff,
    0xff, 0xff, 0xff, 0xff, 0xff, 0xff, 0xff, 0xff, 0xff, 0xff, 0xff, 0xff,
    0xff, 0xff, 0xff, 0xff, 0xff, 0xff, 0xff, 0xff, 0xff, 0xff, 0xff, 0xff,
    0xff, 0xff, 0xff, 0xff, 0xff, 0xff, 0xff, 0xff, 0xff, 0xff, 0xff, 0xff,
    0xff, 0xff, 0xff, 0xff, 0xff, 0xff, 0xff, 0xff, 0xff, 0xff, 0xff, 0xff,
    0xff, 0xff, 0xff, 0xff, 0xdf, 0xff, 0xff, 0xff, 0xff, 0xff, 0xff, 0xff,
    0xff, 0xff, 0xff, 0xff, 0xff, 0xff, 0xbf, 0xf7, 0x93, 0x63, 0x4f, 0x32,
    0x2e, 0x22, 0x0e, 0x1a, 0x4f, 0x1a, 0x8f, 0x22, 0x2c, 0x1a, 0x2a, 0x2a,
    0x27, 0x3a, 0xf0, 0xac, 0xb1, 0xdd, 0xb1, 0xdd, 0x9b, 0xff, 0xbe, 0xff,
    0xbd, 0xc6, 0xcf, 0x3a, 0x0e, 0x2a, 0x2f, 0x2a, 0x2e, 0x22, 0x4e, 0x1a,
    0x6e, 0x1a, 0x4e, 0x1a, 0x2e, 0x1a, 0x6d, 0x32, 0xc9, 0x29, 0xea, 0x5a,
    0x50, 0xb5, 0xef, 0xdd, 0xcc, 0xdd, 0x8b, 0xe5, 0x2d, 0xfe, 0x8c, 0xe5,
    0x95, 0xee, 0xda, 0xe6, 0x4e, 0x5b, 0x0b, 0x1a, 0x8e, 0x1a, 0x4e, 0x0a,
    0x0e, 0x0a, 0xd1, 0x2a, 0x0e, 0x22, 0xad, 0x19, 0x8f, 0x3a, 0xca, 0x31,
    0x48, 0x4a, 0x50, 0xbd, 0x6d, 0xcd, 0x0e, 0xee, 0x2f, 0xe6, 0xcf, 0xd5,
    0xf5, 0xf6, 0xfb, 0xff, 0xdd, 0xff, 0xdf, 0xff, 0xff, 0xff, 0xdf, 0xff,
    0xff, 0xff, 0xff, 0xff, 0xff, 0xff, 0x7d, 0xe7, 0x51, 0x84, 0xff, 0xf7,
    0xff, 0xff, 0xff, 0xff, 0xff, 0xff, 0xff, 0xff, 0xff, 0xff, 0xff, 0xff,
    0xff, 0xff, 0xff, 0xff, 0xff, 0xff, 0xdf, 0xf7, 0xdf, 0xff, 0xff, 0xff,
    0xdf, 0xf7, 0xff, 0xff, 0xff, 0xff, 0xbf, 0xf7, 0xff, 0xff, 0xff, 0xff,
    0xff, 0xf7, 0xdf, 0xf7, 0xff, 0xff, 0xdf, 0xf7, 0xff, 0xff, 0xff, 0xff,
    0xff, 0xff, 0xdf, 0xff, 0xdf, 0xff, 0xff, 0xff, 0xff, 0xff, 0xff, 0xff,
    0xdf, 0xf7, 0xff, 0xff, 0xff, 0xff, 0xff, 0xff, 0xff, 0xff, 0xff, 0xff,
    0x9f, 0xf7, 0xff, 0xff, 0xff, 0xff, 0xdf, 0xff, 0xff, 0xff, 0xff, 0xff,
    0xff, 0xff, 0xff, 0xff, 0xff, 0xff, 0xff, 0xff, 0xde, 0xf7, 0xff, 0xff,
    0xff, 0xff, 0xdf, 0xff, 0xdf, 0xf7, 0xff, 0xff, 0xff, 0xff, 0xff, 0xff,
    0xdf, 0xff, 0xde, 0xf7, 0xff, 0xff, 0xbe, 0xf7, 0xff, 0xff, 0xbf, 0xff,
    0xff, 0xff, 0xff, 0xff, 0xff, 0xff, 0xff, 0xff, 0xff, 0xff, 0xff, 0xff,
    0xff, 0xff, 0xde, 0xf7, 0xff, 0xff, 0xff, 0xff, 0xff, 0xff, 0xbf, 0xf7,
    0xff, 0xff, 0xff, 0xff, 0xff, 0xff, 0xff, 0xff, 0xff, 0xff, 0xdf, 0xf7,
    0xff, 0xff, 0xd7, 0xb5, 0xd4, 0x9c, 0x7e, 0xef, 0xdf, 0xff, 0xff, 0xff,
    0xbf, 0xff, 0xff, 0xff, 0xff, 0xff, 0xff, 0xff, 0xdf, 0xff, 0xff, 0xff,
    0xff, 0xff, 0xff, 0xff, 0xff, 0xff, 0xff, 0xff, 0xff, 0xff, 0xff, 0xff,
    0xff, 0xff, 0xff, 0xff, 0xff, 0xff, 0xff, 0xff, 0xff, 0xff, 0xff, 0xff,
    0xff, 0xff, 0xff, 0xff, 0xff, 0xff, 0xff, 0xff, 0xff, 0xff, 0xff, 0xff,
    0xff, 0xff, 0xff, 0xff, 0xff, 0xff, 0xff, 0xff, 0xff, 0xff, 0xff, 0xff,
    0xff, 0xff, 0xff, 0xff, 0xff, 0xff, 0xff, 0xff, 0xff, 0xff, 0xff, 0xff,
    0xff, 0xff, 0xff, 0xff, 0xff, 0xff, 0xff, 0xff, 0xff, 0xff, 0xfe, 0xff,
    0xff, 0xff, 0xff, 0xff, 0xff, 0xff, 0xff, 0xff, 0x9e, 0xd6, 0xb0, 0x3a,
    0x30, 0x22, 0x51, 0x22, 0x30, 0x1a, 0x0f, 0x12, 0x6f, 0x1a, 0x4c, 0x22,
    0x49, 0x32, 0x0c, 0x8c, 0x90, 0xcd, 0xf0, 0xed, 0xd0, 0xe5, 0x55, 0xee,
    0xff, 0xff, 0x95, 0x7c, 0x0e, 0x1a, 0x0f, 0x22, 0x51, 0x22, 0x50, 0x1a,
    0x30, 0x12, 0x91, 0x1a, 0x70, 0x1a, 0x2d, 0x22, 0xeb, 0x29, 0xeb, 0x52,
    0x6d, 0x94, 0xd0, 0xd5, 0xed, 0xe5, 0xec, 0xe5, 0xcc, 0xdd, 0xee, 0xe5,
    0xb0, 0xd5, 0xfa, 0xe6, 0x97, 0xa5, 0x4c, 0x2a, 0x2d, 0x12, 0xb0, 0x1a,
    0x90, 0x0a, 0x50, 0x0a, 0x50, 0x1a, 0x70, 0x2a, 0x0e, 0x2a, 0xcb, 0x29,
    0xe9, 0x39, 0xf1, 0xac, 0x6f, 0xcd, 0xcd, 0xe5, 0xcc, 0xe5, 0xce, 0xdd,
    0x10, 0xde, 0x16, 0xff, 0xfc, 0xff, 0xdd, 0xff, 0xdf, 0xff, 0xff, 0xff,
    0xdf, 0xff, 0xff, 0xff, 0xff, 0xff, 0xff, 0xff, 0x7d, 0xe7, 0x51, 0x84,
    0xff, 0xf7, 0xff, 0xff, 0xff, 0xff, 0xde, 0xff, 0xff, 0xff, 0xff, 0xff,
    0xff, 0xff, 0xdf, 0xff, 0xff, 0xf7, 0xff, 0xff, 0xff, 0xff, 0xdf, 0xf7,
    0xff, 0xff, 0xff, 0xff, 0xbf, 0xf7, 0x5e, 0xef, 0xff, 0xff, 0xff, 0xff,
    0xff, 0xff, 0xff, 0xff, 0xdf, 0xef, 0xff, 0xff, 0xff, 0xf7, 0xff, 0xff,
    0xdf, 0xff, 0xff, 0xff, 0xff, 0xff, 0xff, 0xff, 0xff, 0xff, 0xff, 0xff,
    0xff, 0xff, 0xdf, 0xff, 0xff, 0xff, 0xff, 0xff, 0xff, 0xf7, 0x5e, 0xef,
    0xff, 0xff, 0xff, 0xff, 0xdf, 0xf7, 0xff, 0xff, 0xdf, 0xf7, 0xff, 0xff,
    0xff, 0xff, 0xff, 0xff, 0x7e, 0xef, 0xff, 0xff, 0xff, 0xff, 0xff, 0xff,
    0xff, 0xff, 0x7d, 0xef, 0xff, 0xff, 0xff, 0xff, 0xdf, 0xf7, 0xdf, 0xf7,
    0xff, 0xff, 0xff, 0xff, 0xff, 0xff, 0xff, 0xff, 0xff, 0xff, 0xdf, 0xff,
    0xff, 0xff, 0xdf, 0xff, 0xbf, 0xf7, 0xbf, 0xf7, 0xff, 0xff, 0xff, 0xff,
    0xff, 0xff, 0xff, 0xff, 0xff, 0xff, 0xff, 0xff, 0xbe, 0xef, 0xff, 0xff,
    0x9e, 0xef, 0xff, 0xff, 0xff, 0xf7, 0xdf, 0xf7, 0xff, 0xff, 0xff, 0xff,
    0xff, 0xff, 0x7e, 0xef, 0x92, 0x8c, 0x3d, 0xe7, 0xff, 0xff, 0xdf, 0xf7,
    0xff, 0xff, 0xdf, 0xf7, 0xff, 0xff, 0xdf, 0xff, 0x9e, 0xf7, 0xff, 0xff,
    0xdf, 0xff, 0xff, 0xff, 0xff, 0xff, 0xff, 0xff, 0xff, 0xff, 0xff, 0xff,
    0xff, 0xff, 0xff, 0xff, 0xff, 0xff, 0xff, 0xff, 0xff, 0xff, 0xff, 0xff,
    0xff, 0xff, 0xff, 0xff, 0xff, 0xff, 0xff, 0xff, 0xff, 0xff, 0xff, 0xff,
    0xff, 0xff, 0xff, 0xff, 0xff, 0xff, 0xff, 0xff, 0xff, 0xff, 0xff, 0xff,
    0xff, 0xff, 0xff, 0xff, 0xff, 0xff, 0xff, 0xff, 0xff, 0xff, 0xff, 0xff,
    0xff, 0xff, 0xff, 0xff, 0xff, 0xff, 0xff, 0xff, 0xfe, 0xff, 0xfe, 0xff,
    0xff, 0xff, 0xff, 0xff, 0xff, 0xff, 0xff, 0xff, 0xff, 0xff, 0xf8, 0x94,
    0x0e, 0x22, 0x30, 0x1a, 0x31, 0x12, 0x31, 0x1a, 0x71, 0x22, 0xcc, 0x19,
    0x0a, 0x32, 0x0e, 0x8c, 0xd1, 0xd5, 0xce, 0xdd, 0x0e, 0xee, 0x8e, 0xd5,
    0x55, 0xde, 0xbe, 0xf7, 0xf3, 0x63, 0x2f, 0x22, 0x2f, 0x12, 0x30, 0x12,
    0x51, 0x12, 0x52, 0x12, 0x52, 0x1a, 0x0f, 0x1a, 0xec, 0x29, 0x6a, 0x4a,
    0xae, 0xa4, 0x11, 0xde, 0xee, 0xe5, 0x8c, 0xd5, 0xee, 0xe5, 0x31, 0xe6,
    0xee, 0xb4, 0xcc, 0x8b, 0xbf, 0xf7, 0xb5, 0x84, 0xcb, 0x19, 0x8f, 0x22,
    0xb0, 0x12, 0x51, 0x0a, 0x71, 0x0a, 0x0f, 0x0a, 0xb0, 0x2a, 0xcb, 0x21,
    0xe9, 0x39, 0x6f, 0x9c, 0xb1, 0xd5, 0xef, 0xe5, 0x0d, 0xee, 0x8b, 0xdd,
    0xce, 0xdd, 0x73, 0xe6, 0x78, 0xff, 0xfc, 0xff, 0xfe, 0xff, 0xdf, 0xff,
    0xff, 0xff, 0xff, 0xff, 0xff, 0xff, 0xff, 0xff, 0xff, 0xff, 0x7d, 0xe7,
    0x51, 0x84, 0xff, 0xf7, 0xff, 0xff, 0xff, 0xff, 0xff, 0xff, 0xff, 0xff,
    0xff, 0xff, 0xdf, 0xff, 0xff, 0xff, 0xff, 0xff, 0x3e, 0xe7, 0x1d, 0xdf,
    0x9f, 0xef, 0x3e, 0xe7, 0x7e, 0xe7, 0xff, 0xff, 0xff, 0xff, 0xff, 0xff,
    0xdf, 0xff, 0xff, 0xff, 0x5d, 0xdf, 0x5e, 0xdf, 0xbf, 0xef, 0x1d, 0xdf,
    0x5e, 0xe7, 0x5e, 0xef, 0x5e, 0xef, 0x3d, 0xe7, 0xdf, 0xff, 0xdf, 0xff,
    0xdf, 0xff, 0xff, 0xff, 0xff, 0xff, 0x3d, 0xdf, 0x5d, 0xe7, 0x7e, 0xe7,
    0xdf, 0xf7, 0xfd, 0xde, 0xdc, 0xd6, 0x3e, 0xe7, 0xff, 0xff, 0xff, 0xff,
    0x7f, 0xef, 0xff, 0xff, 0xff, 0xff, 0xff, 0xff, 0xff, 0xff, 0xff, 0xff,
    0x9e, 0xef, 0x3c, 0xdf, 0xff, 0xff, 0xdf, 0xf7, 0xfb, 0xd6, 0x9e, 0xef,
    0xbf, 0xf7, 0x3c, 0xdf, 0x1d, 0xe7, 0x5d, 0xe7, 0xfc, 0xde, 0xdf, 0xf7,
    0x1d, 0xe7, 0x5e, 0xef, 0x9e, 0xef, 0x7f, 0xef, 0x3d, 0xdf, 0xbf, 0xef,
    0x7f, 0xe7, 0xff, 0xff, 0xff, 0xff, 0xbe, 0xef, 0xdf, 0xf7, 0xff, 0xff,
    0xdf, 0xf7, 0x3c, 0xdf, 0x59, 0xc6, 0xdb, 0xd6, 0xbf, 0xef, 0xff, 0xff,
    0x9f, 0xef, 0xff, 0xff, 0xdf, 0xf7, 0x7e, 0xe7, 0xff, 0xff, 0xbf, 0xf7,
    0xff, 0xff, 0xff, 0xff, 0xff, 0xff, 0x1d, 0xdf, 0x9e, 0xf7, 0xff, 0xff,
    0xff, 0xff, 0xdf, 0xff, 0xff, 0xff, 0xff, 0xff, 0xff, 0xff, 0xff, 0xff,
    0xff, 0xff, 0xff, 0xff, 0xff, 0xff, 0xff, 0xff, 0xff, 0xff, 0xff, 0xff,
    0xff, 0xff, 0xff, 0xff, 0xff, 0xff, 0xff, 0xff, 0xff, 0xff, 0xff, 0xff,
    0xff, 0xff, 0xff, 0xff, 0xff, 0xff, 0xff, 0xff, 0xff, 0xff, 0xff, 0xff,
    0xff, 0xff, 0xff, 0xff, 0xff, 0xff, 0xff, 0xff, 0xff, 0xff, 0xff, 0xff,
    0xff, 0xff, 0xff, 0xff, 0xff, 0xff, 0xff, 0xff, 0xff, 0xff, 0xfe, 0xff,
    0xfe, 0xff, 0xfe, 0xff, 0xff, 0xff, 0xff, 0xff, 0xff, 0xff, 0xdf, 0xef,
    0x72, 0x5b, 0x2f, 0x22, 0x10, 0x12, 0x51, 0x1a, 0x51, 0x1a, 0xee, 0x19,
    0xeb, 0x31, 0x8d, 0x7b, 0xb1, 0xd5, 0xce, 0xe5, 0xac, 0xe5, 0xad, 0xdd,
    0xf0, 0xdd, 0xb7, 0xde, 0x9e, 0xe7, 0x14, 0x6c, 0x90, 0x2a, 0x4f, 0x12,
    0x30, 0x0a, 0x52, 0x12, 0x73, 0x1a, 0x11, 0x1a, 0xac, 0x19, 0x8b, 0x4a,
    0x2e, 0x94, 0xd0, 0xdd, 0x2e, 0xee, 0x8b, 0xe5, 0xce, 0xe5, 0xd0, 0xdd,
    0x51, 0xbd, 0x4b, 0x6b, 0x4a, 0x42, 0xdf, 0xef, 0xd7, 0x7c, 0x0d, 0x22,
    0x90, 0x22, 0x50, 0x12, 0x50, 0x0a, 0x71, 0x12, 0x50, 0x12, 0x0c, 0x1a,
    0x2a, 0x32, 0x0e, 0x8c, 0x13, 0xe6, 0x4e, 0xd5, 0xee, 0xed, 0xac, 0xe5,
    0xcd, 0xe5, 0x31, 0xe6, 0x37, 0xff, 0xba, 0xff, 0xdc, 0xff, 0xff, 0xff,
    0xff, 0xff, 0xdf, 0xff, 0xff, 0xff, 0xff, 0xff, 0xff, 0xff, 0xff, 0xff,
    0x7d, 0xe7, 0x51, 0x84, 0xdf, 0xf7, 0xff, 0xff, 0xff, 0xff, 0xff, 0xff,
    0xbe, 0xff, 0xff, 0xff, 0xff, 0xff, 0xff, 0xff, 0xbf, 0xf7, 0x52, 0x84,
    0x0d, 0x5b, 0x4e, 0x63, 0x32, 0x84, 0x2e, 0x5b, 0xed, 0x5a, 0xb7, 0xad,
    0x3d, 0xdf, 0xbf, 0xef, 0xff, 0xf7, 0xb3, 0x8c, 0x4e, 0x5b, 0xaf, 0x6b,
    0xb0, 0x6b, 0xf0, 0x7b, 0x4e, 0x63, 0xd0, 0x7b, 0x96, 0xb5, 0xff, 0xff,
    0xff, 0xff, 0xff, 0xff, 0xff, 0xff, 0x5e, 0xe7, 0x0d, 0x5b, 0x8f, 0x6b,
    0x8f, 0x6b, 0x6f, 0x63, 0xb0, 0x6b, 0xf1, 0x7b, 0x11, 0x7c, 0xdc, 0xd6,
    0x36, 0xa5, 0xac, 0x52, 0xfc, 0xd6, 0xff, 0xf7, 0xff, 0xf7, 0xff, 0xff,
    0xff, 0xff, 0x5a, 0xc6, 0x31, 0x7c, 0xff, 0xff, 0xfc, 0xd6, 0xab, 0x4a,
    0xaf, 0x6b, 0x4e, 0x63, 0xaf, 0x6b, 0xd0, 0x73, 0x8e, 0x6b, 0x92, 0x8c,
    0x7e, 0xef, 0xd8, 0xb5, 0xab, 0x52, 0x6f, 0x6b, 0xf1, 0x7b, 0x4e, 0x63,
    0x2e, 0x5b, 0x6f, 0x63, 0x19, 0xb6, 0xff, 0xf7, 0x9e, 0xef, 0xff, 0xff,
    0xd7, 0xb5, 0x2d, 0x5b, 0x11, 0x74, 0x52, 0x84, 0xf0, 0x73, 0xaf, 0x6b,
    0xb7, 0xad, 0xff, 0xff, 0xdf, 0xf7, 0x3e, 0xe7, 0x8f, 0x6b, 0x7f, 0xe7,
    0xff, 0xff, 0xff, 0xf7, 0xff, 0xf7, 0x5a, 0xc6, 0x0d, 0x5b, 0xd4, 0x94,
    0xff, 0xff, 0xbf, 0xf7, 0xff, 0xff, 0xff, 0xff, 0xff, 0xff, 0xff, 0xff,
    0xff, 0xff, 0xff, 0xff, 0xff, 0xff, 0xff, 0xff, 0xff, 0xff, 0xff, 0xff,
    0xff, 0xff, 0xff, 0xff, 0xff, 0xff, 0xff, 0xff, 0xff, 0xff, 0xff, 0xff,
    0xff, 0xff, 0xff, 0xff, 0xff, 0xff, 0xff, 0xff, 0xff, 0xff, 0xff, 0xff,
    0xff, 0xff, 0xff, 0xff, 0xff, 0xff, 0xff, 0xff, 0xff, 0xff, 0xff, 0xff,
    0xff, 0xff, 0xff, 0xff, 0xff, 0xff, 0xff, 0xff, 0xff, 0xff, 0xff, 0xff,
    0xff, 0xff, 0xde, 0xff, 0xff, 0xff, 0xff, 0xff, 0xff, 0xf7, 0xff, 0xf7,
    0x3f, 0xd7, 0x6e, 0x32, 0x50, 0x22, 0x10, 0x12, 0x92, 0x1a, 0x2f, 0x1a,
    0xaa, 0x19, 0xae, 0x73, 0xf2, 0xdd, 0x8e, 0xe5, 0x2a, 0xe5, 0x0d, 0xfe,
    0x6d, 0xd5, 0x33, 0xd6, 0x73, 0xa5, 0xff, 0xef, 0x91, 0x53, 0x4e, 0x1a,
    0x70, 0x12, 0x92, 0x0a, 0x52, 0x12, 0x31, 0x12, 0xef, 0x29, 0x6d, 0x42,
    0xee, 0x8b, 0xd1, 0xdd, 0xed, 0xed, 0x49, 0xe5, 0x8b, 0xe5, 0x92, 0xfe,
    0x11, 0xbd, 0x0b, 0x6b, 0x0a, 0x32, 0xf0, 0x42, 0x5f, 0xcf, 0x1a, 0x7d,
    0x4f, 0x22, 0x0e, 0x1a, 0x30, 0x12, 0x71, 0x1a, 0x50, 0x0a, 0x8f, 0x1a,
    0xea, 0x21, 0xcd, 0x7b, 0xd1, 0xd5, 0x4c, 0xdd, 0xed, 0xf5, 0x6b, 0xed,
    0x8d, 0xe5, 0x30, 0xee, 0x16, 0xf7, 0xdc, 0xff, 0xfd, 0xff, 0xbd, 0xff,
    0xff, 0xff, 0xff, 0xff, 0xff, 0xff, 0xff, 0xff, 0xff, 0xff, 0xff, 0xff,
    0xff, 0xff, 0x7d, 0xe7, 0x51, 0x84, 0xdf, 0xf7, 0xff, 0xff, 0xff, 0xff,
    0xff, 0xff, 0xff, 0xff, 0xff, 0xff, 0xdf, 0xff, 0xff, 0xff, 0xff, 0xff,
    0x36, 0xa5, 0x77, 0xa5, 0xff, 0xf7, 0x9f, 0xef, 0xff, 0xff, 0x5e, 0xe7,
    0x93, 0x8c, 0xf0, 0x73, 0xdf, 0xf7, 0xff, 0xff, 0xd4, 0x8c, 0xfa, 0xad,
    0xff, 0xef, 0x7f, 0xe7, 0xbf, 0xef, 0xff, 0xff, 0xff, 0xf7, 0xdf, 0xf7,
    0xff, 0xff, 0xff, 0xff, 0xbf, 0xf7, 0xff, 0xf7, 0xdf, 0xf7, 0x0d, 0x53,
    0x5f, 0xdf, 0xff, 0xff, 0xff, 0xf7, 0xdf, 0xf7, 0xff, 0xff, 0xff, 0xf7,
    0xdf, 0xef, 0x15, 0x9d, 0xcd, 0x52, 0xd0, 0x73, 0xbf, 0xef, 0xbf, 0xef,
    0xdf, 0xf7, 0xff, 0xff, 0x5a, 0xc6, 0xd0, 0x73, 0xbf, 0xef, 0x3e, 0xdf,
    0x0d, 0x53, 0xff, 0xef, 0xff, 0xf7, 0xff, 0xf7, 0xbf, 0xf7, 0xdf, 0xf7,
    0xff, 0xf7, 0xdf, 0xf7, 0x36, 0x9d, 0xb3, 0x8c, 0xbf, 0xef, 0xdf, 0xef,
    0xff, 0xf7, 0xff, 0xff, 0xdd, 0xce, 0xcc, 0x4a, 0xfc, 0xd6, 0xff, 0xf7,
    0xd8, 0xad, 0x6e, 0x63, 0x3d, 0xdf, 0xff, 0xf7, 0xdf, 0xf7, 0xff, 0xff,
    0x7b, 0xc6, 0x2d, 0x5b, 0x5a, 0xc6, 0xbf, 0xef, 0x7f, 0xe7, 0xf0, 0x73,
    0x3e, 0xdf, 0xff, 0xff, 0xff, 0xf7, 0xff, 0xff, 0xf5, 0x94, 0xf0, 0x73,
    0xf1, 0x73, 0xff, 0xf7, 0xff, 0xff, 0xff, 0xff, 0xff, 0xff, 0xff, 0xff,
    0xff, 0xff, 0xff, 0xff, 0xff, 0xff, 0xff, 0xff, 0xff, 0xff, 0xff, 0xff,
    0xff, 0xff, 0xff, 0xff, 0xff, 0xff, 0xff, 0xff, 0xff, 0xff, 0xff, 0xff,
    0xff, 0xff, 0xff, 0xff, 0xff, 0xff, 0xff, 0xff, 0xff, 0xff, 0xff, 0xff,
    0xff, 0xff, 0xff, 0xff, 0xff, 0xff, 0xff, 0xff, 0xff, 0xff, 0xff, 0xff,
    0xfe, 0xff, 0xff, 0xff, 0xff, 0xff, 0xff, 0xff, 0xfe, 0xff, 0xfe, 0xff,
    0xfe, 0xff, 0xfe, 0xff, 0xfe, 0xff, 0xff, 0xff, 0xff, 0xff, 0xff, 0xf7,
    0xff, 0xf7, 0x5c, 0xb6, 0x2d, 0x22, 0x10, 0x1a, 0x72, 0x22, 0xcd, 0x11,
    0x0c, 0x2a, 0xae, 0x73, 0x51, 0xbd, 0xcf, 0xed, 0x8c, 0xed, 0xac, 0xf5,
    0x0e, 0xf6, 0xb1, 0xd5, 0x0d, 0x84, 0xcf, 0x6b, 0xff, 0xef, 0xb2, 0x53,
    0x6e, 0x1a, 0x70, 0x0a, 0x92, 0x12, 0x30, 0x12, 0xae, 0x11, 0x8e, 0x42,
    0x10, 0x8c, 0x50, 0xcd, 0x0f, 0xf6, 0xab, 0xed, 0xab, 0xed, 0xcf, 0xed,
    0x71, 0xd5, 0x6d, 0x7b, 0x0b, 0x3a, 0x2e, 0x22, 0x33, 0x3b, 0x3f, 0xbf,
    0x1a, 0x7d, 0x2f, 0x22, 0xce, 0x11, 0x50, 0x1a, 0x70, 0x22, 0xed, 0x11,
    0x6c, 0x2a, 0xce, 0x6b, 0x91, 0xbd, 0xce, 0xe5, 0x8b, 0xed, 0xcc, 0xf5,
    0xad, 0xed, 0xf0, 0xe5, 0x70, 0xcd, 0x9b, 0xff, 0xfe, 0xff, 0xfe, 0xff,
    0xde, 0xff, 0xff, 0xff, 0xff, 0xff, 0xff, 0xff, 0xff, 0xff, 0xff, 0xff,
    0xff, 0xff, 0xff, 0xff, 0x7d, 0xe7, 0x51, 0x84, 0xdf, 0xf7, 0xff, 0xff,
    0xff, 0xff, 0xdf, 0xff, 0xff, 0xff, 0xff, 0xff, 0xff, 0xff, 0xff, 0xff,
    0xbf, 0xf7, 0x53, 0x84, 0x35, 0x9d, 0xff, 0xff, 0xbf, 0xef, 0xbf, 0xef,
    0xff, 0xf7, 0x9f, 0xe7, 0x52, 0x7c, 0x97, 0xad, 0xff, 0xf7, 0x74, 0x7c,
    0x78, 0x9d, 0xff, 0xf7, 0xff, 0xf7, 0xff, 0xff, 0xff, 0xff, 0xdf, 0xf7,
    0xff, 0xff, 0xdf, 0xf7, 0xff, 0xff, 0xff, 0xff, 0xdf, 0xf7, 0xdf, 0xef,
    0x8c, 0x42, 0x7f, 0xe7, 0xdf, 0xef, 0x9f, 0xe7, 0xff, 0xf7, 0x7f, 0xe7,
    0xbf, 0xef, 0xff, 0xf7, 0x16, 0x95, 0x73, 0x84, 0x32, 0x74, 0x36, 0x9d,
    0xff, 0xf7, 0xdf, 0xef, 0xff, 0xff, 0x9c, 0xc6, 0x73, 0x84, 0xbf, 0xef,
    0x5f, 0xdf, 0xac, 0x4a, 0xdf, 0xef, 0xdf, 0xe7, 0xff, 0xf7, 0xff, 0xff,
    0xff, 0xf7, 0xff, 0xff, 0xff, 0xf7, 0xd4, 0x8c, 0x77, 0xa5, 0xff, 0xff,
    0xff, 0xf7, 0xdf, 0xef, 0x9f, 0xe7, 0xff, 0xf7, 0x12, 0x74, 0xbc, 0xce,
    0x3e, 0xdf, 0xf1, 0x73, 0xbc, 0xce, 0xdf, 0xf7, 0x9f, 0xe7, 0xff, 0xff,
    0xdf, 0xef, 0xff, 0xff, 0x3a, 0xbe, 0x12, 0x74, 0xff, 0xf7, 0x7f, 0xe7,
    0xd0, 0x6b, 0x9f, 0xef, 0xdf, 0xef, 0xbf, 0xef, 0x9f, 0xdf, 0xf1, 0x6b,
    0x1e, 0xd7, 0x32, 0x7c, 0x19, 0xb6, 0xff, 0xf7, 0xdf, 0xf7, 0xff, 0xff,
    0xff, 0xff, 0xff, 0xff, 0xff, 0xff, 0xff, 0xff, 0xff, 0xff, 0xff, 0xff,
    0xff, 0xff, 0xff, 0xff, 0xff, 0xff, 0xff, 0xff, 0xff, 0xff, 0xff, 0xff,
    0xff, 0xff, 0xff, 0xff, 0xff, 0xff, 0xff, 0xff, 0xff, 0xff, 0xff, 0xff,
    0xff, 0xff, 0xff, 0xff, 0xff, 0xff, 0xff, 0xff, 0xff, 0xff, 0xff, 0xff,
    0xff, 0xff, 0xff, 0xff, 0xff, 0xff, 0xff, 0xff, 0xff, 0xff, 0xff, 0xff,
    0xfe, 0xff, 0xfe, 0xff, 0xff, 0xff, 0xff, 0xff, 0xff, 0xff, 0xff, 0xf7,
    0xff, 0xef, 0xff, 0xef, 0x38, 0x8d, 0x2e, 0x2a, 0xef, 0x19, 0x90, 0x32,
    0xea, 0x21, 0x4c, 0x63, 0xf2, 0xc5, 0xce, 0xdd, 0x49, 0xdd, 0xec, 0xfd,
    0xee, 0xfd, 0x2f, 0xd5, 0x70, 0x9c, 0x29, 0x3a, 0x70, 0x53, 0xdf, 0xd7,
    0x54, 0x64, 0xaf, 0x22, 0x2f, 0x0a, 0x70, 0x12, 0x0e, 0x1a, 0x4c, 0x3a,
    0xce, 0x83, 0x70, 0xc5, 0xee, 0xe5, 0xcb, 0xed, 0xab, 0xed, 0x2f, 0xf6,
    0x2f, 0xcd, 0x0b, 0x73, 0x4c, 0x42, 0x2d, 0x2a, 0x90, 0x22, 0xd2, 0x22,
    0xdf, 0xcf, 0xfa, 0x74, 0x4f, 0x1a, 0x2f, 0x1a, 0x2e, 0x22, 0x2d, 0x22,
    0x4b, 0x2a, 0x6d, 0x63, 0xb2, 0xbd, 0xf0, 0xdd, 0x8c, 0xe5, 0x2d, 0xfe,
    0x6c, 0xe5, 0x6e, 0xd5, 0x8d, 0xa4, 0x0e, 0x94, 0xde, 0xff, 0xff, 0xff,
    0xff, 0xff, 0xff, 0xff, 0xff, 0xff, 0xff, 0xff, 0xff, 0xff, 0xff, 0xff,
    0xff, 0xff, 0xff, 0xff, 0xff, 0xff, 0x7d, 0xe7, 0x51, 0x84, 0xdf, 0xf7,
    0xff, 0xff, 0xff, 0xff, 0xff, 0xff, 0xff, 0xff, 0xff, 0xff, 0xbf, 0xf7,
    0xff, 0xff, 0xff, 0xff, 0xb4, 0x8c, 0xd9, 0xb5, 0xff, 0xf7, 0xff, 0xff,
    0xff, 0xf7, 0xff, 0xef, 0xff, 0xf7, 0xf8, 0xad, 0xb3, 0x8c, 0xbf, 0xe7,
    0xf6, 0x8c, 0xda, 0xad, 0xff, 0xf7, 0xff, 0xef, 0xff, 0xf7, 0xff, 0xff,
    0xbe, 0xef, 0xff, 0xf7, 0xbe, 0xef, 0xff, 0xff, 0xff, 0xff, 0xdf, 0xf7,
    0xdf, 0xf7, 0x6f, 0x63, 0x9f, 0xe7, 0xff, 0xf7, 0xff, 0xf7, 0xff, 0xf7,
    0xff, 0xf7, 0xff, 0xf7, 0xff, 0xf7, 0xb5, 0x8c, 0xb8, 0xad, 0x9c, 0xc6,
    0x90, 0x63, 0x7b, 0xc6, 0x9f, 0xe7, 0xff, 0xf7, 0x3b, 0xbe, 0xf2, 0x73,
    0xff, 0xf7, 0xbd, 0xce, 0x90, 0x5b, 0xff, 0xf7, 0xff, 0xf7, 0xff, 0xef,
    0xdf, 0xe7, 0xff, 0xf7, 0xff, 0xf7, 0xdf, 0xef, 0x36, 0x9d, 0x15, 0x95,
    0x7f, 0xe7, 0xdf, 0xef, 0xff, 0xf7, 0xff, 0xf7, 0x9f, 0xdf, 0x90, 0x63,
    0x9b, 0xc6, 0xfd, 0xce, 0x0d, 0x53, 0xbf, 0xe7, 0xbf, 0xef, 0xff, 0xf7,
    0xff, 0xf7, 0xbf, 0xef, 0xff, 0xef, 0xdf, 0xef, 0x3e, 0xdf, 0xbf, 0xef,
    0xbf, 0xe7, 0x90, 0x63, 0x5f, 0xdf, 0xff, 0xf7, 0xff, 0xf7, 0xfa, 0xad,
    0x73, 0x7c, 0xff, 0xf7, 0x57, 0x9d, 0xf1, 0x6b, 0xdf, 0xf7, 0xff, 0xff,
    0xff, 0xff, 0xff, 0xff, 0xff, 0xff, 0xff, 0xff, 0xff, 0xff, 0xff, 0xff,
    0xff, 0xff, 0xff, 0xff, 0xff, 0xff, 0xff, 0xff, 0xff, 0xff, 0xff, 0xff,
    0xff, 0xff, 0xff, 0xff, 0xff, 0xff, 0xff, 0xff, 0xff, 0xff, 0xff, 0xff,
    0xff, 0xff, 0xff, 0xff, 0xff, 0xff, 0xff, 0xff, 0xff, 0xff, 0xff, 0xff,
    0xff, 0xff, 0xff, 0xff, 0xff, 0xff, 0xff, 0xff, 0xff, 0xff, 0xff, 0xff,
    0xff, 0xff, 0xff, 0xff, 0xff, 0xff, 0xff, 0xff, 0xff, 0xff, 0xff, 0xff,
    0xff, 0xf7, 0xdf, 0xef, 0xff, 0xef, 0x75, 0x74, 0x6d, 0x32, 0x2e, 0x2a,
    0xcb, 0x29, 0xeb, 0x5a, 0x50, 0xad, 0xad, 0xcd, 0xcb, 0xe5, 0x6d, 0xfe,
    0x6b, 0xe5, 0x4f, 0xd5, 0x8f, 0xac, 0x2a, 0x4a, 0x6d, 0x42, 0x92, 0x53,
    0xbf, 0xcf, 0x33, 0x5c, 0x4d, 0x1a, 0x4f, 0x1a, 0x0e, 0x1a, 0x4b, 0x2a,
    0x8c, 0x6b, 0x2e, 0xbd, 0xee, 0xe5, 0xcb, 0xed, 0xcb, 0xed, 0xad, 0xe5,
    0xd1, 0xdd, 0x0e, 0x94, 0xe9, 0x39, 0x6e, 0x32, 0xce, 0x11, 0x10, 0x12,
    0x33, 0x2b, 0xff, 0xd7, 0x97, 0x64, 0x4e, 0x1a, 0xaf, 0x32, 0x2d, 0x2a,
    0x0b, 0x32, 0x0c, 0x63, 0x51, 0xb5, 0x11, 0xe6, 0x8c, 0xdd, 0x2d, 0xf6,
    0x4a, 0xd5, 0x11, 0xee, 0x6d, 0xa4, 0xc5, 0x39, 0x4d, 0x6b, 0xdf, 0xff,
    0xdf, 0xff, 0xff, 0xff, 0xff, 0xff, 0xff, 0xff, 0xff, 0xff, 0xff, 0xff,
    0xff, 0xff, 0xff, 0xff, 0xff, 0xff, 0xff, 0xff, 0x7d, 0xe7, 0x51, 0x84,
    0xdf, 0xf7, 0xff, 0xff, 0xff, 0xff, 0xff, 0xff, 0xff, 0xff, 0xff, 0xff,
    0xbf, 0xff, 0xff, 0xff, 0xff, 0xff, 0x31, 0x7c, 0x77, 0xa5, 0xff, 0xf7,
    0xff, 0xf7, 0xff, 0xf7, 0xff, 0xf7, 0xff, 0xf7, 0x9b, 0xc6, 0x8f, 0x63,
    0xdf, 0xef, 0xf7, 0x8c, 0x71, 0x5b, 0xb5, 0x84, 0x16, 0x95, 0x36, 0x95,
    0xd3, 0x8c, 0x34, 0x9d, 0x9e, 0xef, 0xff, 0xff, 0xff, 0xff, 0xff, 0xf7,
    0xff, 0xf7, 0x9f, 0xe7, 0xad, 0x4a, 0xb5, 0x84, 0xf7, 0x94, 0xd5, 0x8c,
    0xd5, 0x8c, 0x16, 0x95, 0x36, 0x9d, 0xdf, 0xef, 0xb8, 0xa5, 0xb5, 0x8c,
    0xff, 0xf7, 0x98, 0xa5, 0x90, 0x63, 0xff, 0xf7, 0xdf, 0xef, 0x9d, 0xc6,
    0x33, 0x74, 0xdf, 0xef, 0x1e, 0xd7, 0x8c, 0x3a, 0x16, 0x8d, 0xb5, 0x84,
    0x77, 0x9d, 0x16, 0x95, 0x16, 0x95, 0xd9, 0xad, 0xff, 0xf7, 0x77, 0x9d,
    0xd1, 0x6b, 0xfd, 0xce, 0x9c, 0xc6, 0x3a, 0xb6, 0x3b, 0xb6, 0x74, 0x7c,
    0xf6, 0x8c, 0xbf, 0xe7, 0x19, 0xb6, 0x73, 0x84, 0xdf, 0xe7, 0xff, 0xf7,
    0xbf, 0xe7, 0x3e, 0xdf, 0x7f, 0xe7, 0x7f, 0xdf, 0x1e, 0xd7, 0x3e, 0xd7,
    0xff, 0xf7, 0x1e, 0xd7, 0x32, 0x7c, 0xbf, 0xef, 0xdf, 0xef, 0xff, 0xef,
    0x33, 0x74, 0xfa, 0xad, 0xff, 0xef, 0xdf, 0xef, 0x6f, 0x5b, 0xfd, 0xd6,
    0xff, 0xf7, 0xff, 0xff, 0xff, 0xff, 0xff, 0xff, 0xff, 0xff, 0xff, 0xff,
    0xff, 0xff, 0xff, 0xff, 0xff, 0xff, 0xff, 0xff, 0xff, 0xff, 0xff, 0xff,
    0xff, 0xff, 0xff, 0xff, 0xff, 0xff, 0xff, 0xff, 0xff, 0xff, 0xff, 0xff,
    0xff, 0xff, 0xff, 0xff, 0xff, 0xff, 0xff, 0xff, 0xff, 0xff, 0xff, 0xff,
    0xff, 0xff, 0xff, 0xff, 0xff, 0xff, 0xff, 0xff, 0xff, 0xff, 0xff, 0xff,
    0xff, 0xff, 0xff, 0xff, 0xff, 0xff, 0xff, 0xff, 0xff, 0xff, 0xff, 0xff,
    0xdf, 0xf7, 0xff, 0xff, 0xff, 0xf7, 0xff, 0xf7, 0x33, 0x6c, 0xea, 0x29,
    0x0a, 0x3a, 0x89, 0x52, 0x30, 0xb5, 0xce, 0xdd, 0xeb, 0xe5, 0xcb, 0xed,
    0x0d, 0xe6, 0xcf, 0xd5, 0x11, 0xad, 0x8b, 0x52, 0xcb, 0x31, 0x4e, 0x32,
    0x73, 0x53, 0xdf, 0xd7, 0xf3, 0x53, 0x4c, 0x22, 0x2d, 0x22, 0x4c, 0x32,
    0x8c, 0x6b, 0x6f, 0xbd, 0x2e, 0xee, 0xcb, 0xed, 0xab, 0xe5, 0xee, 0xe5,
    0x12, 0xde, 0x2e, 0x8c, 0x4a, 0x3a, 0x2c, 0x22, 0x0e, 0x12, 0x0f, 0x12,
    0x92, 0x22, 0xf3, 0x2a, 0xff, 0xcf, 0xf7, 0x74, 0x6d, 0x22, 0x2c, 0x22,
    0x88, 0x21, 0x2c, 0x63, 0x31, 0xbd, 0xd0, 0xe5, 0xee, 0xf5, 0x6b, 0xe5,
    0xed, 0xe5, 0x31, 0xe6, 0x4d, 0x9c, 0x08, 0x42, 0x2b, 0x3a, 0xae, 0x4a,
    0x7f, 0xef, 0xdf, 0xff, 0xff, 0xff, 0xff, 0xff, 0xff, 0xff, 0xff, 0xff,
    0xff, 0xff, 0xff, 0xff, 0xff, 0xff, 0xff, 0xff, 0xff, 0xff, 0x5e, 0xef,
    0x52, 0x84, 0xdf, 0xf7, 0xff, 0xff, 0xff, 0xff, 0xbf, 0xff, 0xff, 0xff,
    0xff, 0xff, 0x9f, 0xf7, 0xdf, 0xff, 0xff, 0xff, 0x53, 0x84, 0xb8, 0xad,
    0xff, 0xff, 0xff, 0xf7, 0xff, 0xef, 0xff, 0xf7, 0xff, 0xf7, 0xbb, 0xc6,
    0xcf, 0x6b, 0x9f, 0xe7, 0xf6, 0x8c, 0x54, 0x74, 0x3b, 0xbe, 0x7b, 0xbe,
    0x7b, 0xc6, 0x59, 0xbe, 0x59, 0xbe, 0x9e, 0xef, 0xff, 0xff, 0xdf, 0xef,
    0xff, 0xff, 0xff, 0xf7, 0xbf, 0xef, 0xad, 0x42, 0xda, 0xad, 0x1b, 0xb6,
    0x1a, 0xb6, 0x19, 0xb6, 0x3a, 0xbe, 0x9b, 0xc6, 0xbf, 0xef, 0x36, 0x95,
    0x57, 0x9d, 0xff, 0xef, 0xff, 0xef, 0x54, 0x7c, 0x53, 0x7c, 0xff, 0xf7,
    0x3b, 0xb6, 0x74, 0x84, 0xbf, 0xe7, 0x1f, 0xd7, 0xcd, 0x42, 0x5b, 0xb6,
    0x7c, 0xbe, 0x3a, 0xb6, 0xb9, 0xad, 0x9c, 0xc6, 0xbc, 0xce, 0xff, 0xf7,
    0x36, 0x95, 0x6f, 0x63, 0xd5, 0x8c, 0x32, 0x74, 0x57, 0x95, 0x73, 0x7c,
    0x6f, 0x53, 0x5b, 0xb6, 0xff, 0xef, 0xd8, 0xad, 0x93, 0x84, 0xbf, 0xe7,
    0xff, 0xf7, 0xff, 0xf7, 0x19, 0xb6, 0x32, 0x7c, 0x53, 0x7c, 0x90, 0x63,
    0x4f, 0x5b, 0xff, 0xf7, 0xfd, 0xce, 0xb1, 0x6b, 0x9f, 0xe7, 0xff, 0xf7,
    0x1e, 0xcf, 0x0e, 0x4b, 0x9f, 0xdf, 0xff, 0xef, 0xbf, 0xe7, 0x52, 0x7c,
    0x77, 0xa5, 0xff, 0xf7, 0xff, 0xff, 0xff, 0xf7, 0xff, 0xff, 0xff, 0xff,
    0xff, 0xff, 0xff, 0xff, 0xff, 0xff, 0xff, 0xff, 0xff, 0xff, 0xff, 0xff,
    0xff, 0xff, 0xff, 0xff, 0xff, 0xff, 0xff, 0xff, 0xff, 0xff, 0xff, 0xff,
    0xff, 0xff, 0xff, 0xff, 0xff, 0xff, 0xff, 0xff, 0xff, 0xff, 0xff, 0xff,
    0xff, 0xff, 0xff, 0xff, 0xff, 0xff, 0xff, 0xff, 0xff, 0xff, 0xff, 0xff,
    0xff, 0xff, 0xff, 0xff, 0xff, 0xff, 0xff, 0xff, 0xff, 0xff, 0xbf, 0xff,
    0xff, 0xff, 0xff, 0xff, 0xff, 0xff, 0xff, 0xff, 0xff, 0xef, 0xb0, 0x6b,
    0xc7, 0x31, 0x67, 0x52, 0xef, 0xac, 0x8e, 0xd5, 0xcc, 0xe5, 0xcb, 0xed,
    0xab, 0xdd, 0x30, 0xde, 0xef, 0xa4, 0x0c, 0x53, 0xcb, 0x21, 0xed, 0x21,
    0x0e, 0x22, 0xb4, 0x53, 0xbf, 0xdf, 0x14, 0x64, 0x6c, 0x2a, 0x2b, 0x32,
    0x0b, 0x63, 0x2f, 0xb5, 0x50, 0xe6, 0x8a, 0xdd, 0xcb, 0xe5, 0x4f, 0xf6,
    0xaf, 0xd5, 0x2d, 0x84, 0xab, 0x42, 0x6c, 0x22, 0x4e, 0x12, 0x70, 0x12,
    0x50, 0x12, 0x31, 0x1a, 0x13, 0x33, 0xbf, 0xcf, 0x15, 0x7d, 0x0a, 0x22,
    0x09, 0x2a, 0xeb, 0x5a, 0xaf, 0xac, 0xd0, 0xe5, 0xce, 0xf5, 0x6b, 0xe5,
    0x0e, 0xf6, 0xcf, 0xdd, 0x8e, 0x9c, 0x2c, 0x5b, 0x0b, 0x2a, 0x2e, 0x22,
    0xb1, 0x3a, 0x7f, 0xe7, 0xdf, 0xf7, 0xff, 0xff, 0xff, 0xff, 0xff, 0xff,
    0xff, 0xff, 0xff, 0xff, 0xff, 0xff, 0xff, 0xff, 0xff, 0xff, 0xff, 0xff,
    0x5e, 0xef, 0x52, 0x84, 0xdf, 0xf7, 0xff, 0xff, 0xff, 0xff, 0xff, 0xff,
    0xff, 0xff, 0xff, 0xff, 0xdf, 0xff, 0xff, 0xff, 0xff, 0xff, 0x32, 0x84,
    0x36, 0x9d, 0xff, 0xf7, 0xff, 0xf7, 0xdf, 0xef, 0xff, 0xf7, 0xff, 0xf7,
    0x76, 0x9d, 0x52, 0x7c, 0xff, 0xf7, 0xd6, 0x8c, 0x99, 0xa5, 0xff, 0xf7,
    0xdf, 0xe7, 0xdf, 0xef, 0xff, 0xff, 0xff, 0xf7, 0xff, 0xff, 0xff, 0xf7,
    0xdf, 0xf7, 0xff, 0xf7, 0xff, 0xf7, 0xdf, 0xf7, 0xee, 0x52, 0x9f, 0xe7,
    0xff, 0xf7, 0xff, 0xf7, 0xff, 0xf7, 0xff, 0xf7, 0xff, 0xef, 0xff, 0xf7,
    0x16, 0x95, 0x15, 0x95, 0xff, 0xf7, 0x9f, 0xef, 0xbf, 0xef, 0xee, 0x52,
    0x1a, 0xb6, 0x7d, 0xc6, 0x12, 0x74, 0x5f, 0xe7, 0x1f, 0xd7, 0x2f, 0x53,
    0xdf, 0xe7, 0xff, 0xf7, 0xff, 0xf7, 0xff, 0xf7, 0xff, 0xf7, 0xff, 0xef,
    0xff, 0xf7, 0x77, 0xa5, 0xf5, 0x94, 0xff, 0xf7, 0xff, 0xef, 0xff, 0xef,
    0xff, 0xef, 0xdd, 0xc6, 0x8f, 0x5b, 0x9f, 0xe7, 0xbc, 0xc6, 0x0e, 0x5b,
    0xdf, 0xef, 0xff, 0xf7, 0xff, 0xf7, 0xff, 0xf7, 0xdf, 0xef, 0xdf, 0xef,
    0xff, 0xef, 0x2e, 0x5b, 0x9f, 0xe7, 0x3f, 0xdf, 0xd1, 0x6b, 0xbf, 0xef,
    0xff, 0xf7, 0x16, 0x8d, 0x6f, 0x5b, 0xf1, 0x6b, 0x4f, 0x5b, 0x6f, 0x5b,
    0x4f, 0x5b, 0xac, 0x4a, 0xff, 0xf7, 0xff, 0xff, 0xff, 0xff, 0xff, 0xff,
    0xff, 0xff, 0xff, 0xff, 0xff, 0xff, 0xff, 0xff, 0xff, 0xff, 0xff, 0xff,
    0xff, 0xff, 0xff, 0xff, 0xff, 0xff, 0xff, 0xff, 0xff, 0xff, 0xff, 0xff,
    0xff, 0xff, 0xff, 0xff, 0xff, 0xff, 0xff, 0xff, 0xff, 0xff, 0xff, 0xff,
    0xff, 0xff, 0xff, 0xff, 0xff, 0xff, 0xff, 0xff, 0xff, 0xff, 0xff, 0xff,
    0xff, 0xff, 0xff, 0xff, 0xff, 0xff, 0xff, 0xff, 0xff, 0xff, 0xff, 0xff,
    0xff, 0xff, 0xff, 0xff, 0xff, 0xff, 0xff, 0xff, 0xff, 0xff, 0x9e, 0xf7,
    0x6d, 0x6b, 0x67, 0x52, 0xac, 0xa4, 0x0f, 0xe6, 0x0e, 0xf6, 0x4b, 0xe5,
    0xcd, 0xed, 0x51, 0xee, 0x8f, 0x9c, 0x4d, 0x5b, 0x2b, 0x1a, 0x0d, 0x12,
    0x4e, 0x22, 0x0d, 0x1a, 0xd3, 0x5b, 0x7f, 0xdf, 0xd3, 0x63, 0x0a, 0x32,
    0xc9, 0x5a, 0x71, 0xbd, 0x30, 0xe6, 0x8c, 0xd5, 0x0d, 0xee, 0x2e, 0xf6,
    0x4e, 0xc5, 0x11, 0xad, 0xcb, 0x4a, 0xc9, 0x11, 0x8e, 0x12, 0xaf, 0x12,
    0x70, 0x0a, 0x71, 0x12, 0xd0, 0x09, 0x13, 0x43, 0x7f, 0xd7, 0xf3, 0x84,
    0xe7, 0x29, 0xea, 0x52, 0xd0, 0xa4, 0x12, 0xde, 0xcf, 0xed, 0xad, 0xf5,
    0x8c, 0xed, 0x30, 0xee, 0xcf, 0xac, 0xca, 0x4a, 0x2c, 0x2a, 0x2f, 0x1a,
    0x31, 0x1a, 0xd2, 0x3a, 0x9f, 0xe7, 0xdf, 0xf7, 0xff, 0xff, 0xff, 0xff,
    0xff, 0xff, 0xff, 0xff, 0xff, 0xff, 0xff, 0xff, 0xff, 0xff, 0xff, 0xff,
    0xff, 0xff, 0x7e, 0xe7, 0x52, 0x84, 0xdf, 0xf7, 0xff, 0xff, 0xff, 0xff,
    0xff, 0xff, 0xff, 0xff, 0xff, 0xff, 0xff, 0xff, 0xff, 0xff, 0xff, 0xf7,
    0x93, 0x8c, 0xb8, 0xad, 0xff, 0xff, 0xff, 0xff, 0xff, 0xff, 0xff, 0xf7,
    0xbf, 0xef, 0xb3, 0x8c, 0xd7, 0xad, 0xdf, 0xef, 0x33, 0x74, 0x99, 0xa5,
    0xff, 0xf7, 0xff, 0xef, 0xff, 0xf7, 0xff, 0xff, 0xff, 0xff, 0xff, 0xf7,
    0xff, 0xf7, 0xff, 0xff, 0xff, 0xff, 0xff, 0xff, 0xdf, 0xf7, 0x6b, 0x42,
    0x9f, 0xe7, 0xff, 0xf7, 0xdf, 0xf7, 0xff, 0xff, 0xff, 0xff, 0xff, 0xf7,
    0xff, 0xff, 0xf5, 0x94, 0xd5, 0x94, 0xff, 0xf7, 0xff, 0xf7, 0xff, 0xff,
    0x3a, 0xbe, 0xee, 0x52, 0x1a, 0xbe, 0xd1, 0x6b, 0xff, 0xff, 0x1e, 0xd7,
    0x4f, 0x5b, 0xff, 0xf7, 0xff, 0xef, 0xbf, 0xef, 0xdf, 0xef, 0xff, 0xf7,
    0xff, 0xf7, 0xff, 0xf7, 0x35, 0x9d, 0x56, 0x9d, 0xff, 0xf7, 0xff, 0xff,
    0xff, 0xf7, 0xff, 0xef, 0xff, 0xef, 0x2e, 0x53, 0xfd, 0xd6, 0xbf, 0xef,
    0x8f, 0x6b, 0xdc, 0xce, 0x9f, 0xe7, 0xbf, 0xef, 0xff, 0xff, 0xff, 0xf7,
    0xff, 0xff, 0xdd, 0xce, 0xac, 0x4a, 0x7f, 0xe7, 0xdf, 0xef, 0xf1, 0x73,
    0xdd, 0xd6, 0x5f, 0xdf, 0x0e, 0x53, 0xfd, 0xce, 0x3e, 0xdf, 0xbf, 0xe7,
    0x9f, 0xe7, 0x9f, 0xef, 0xd0, 0x6b, 0x7a, 0xc6, 0xdf, 0xf7, 0xff, 0xff,
    0xff, 0xff, 0xff, 0xff, 0xff, 0xff, 0xff, 0xff, 0xff, 0xff, 0xff, 0xff,
    0xff, 0xff, 0xff, 0xff, 0xff, 0xff, 0xff, 0xff, 0xff, 0xff, 0xff, 0xff,
    0xff, 0xff, 0xff, 0xff, 0xff, 0xff, 0xff, 0xff, 0xff, 0xff, 0xff, 0xff,
    0xff, 0xff, 0xff, 0xff, 0xff, 0xff, 0xff, 0xff, 0xff, 0xff, 0xff, 0xff,
    0xff, 0xff, 0xff, 0xff, 0xff, 0xff, 0xff, 0xff, 0xff, 0xff, 0xff, 0xff,
    0xff, 0xff, 0xff, 0xff, 0xff, 0xff, 0xff, 0xff, 0xdf, 0xff, 0xff, 0xff,
    0xbc, 0xff, 0x4e, 0x94, 0x2b, 0x94, 0x0e, 0xe6, 0xec, 0xe5, 0xac, 0xed,
    0xad, 0xed, 0x90, 0xdd, 0x93, 0xc5, 0xec, 0x52, 0x2c, 0x22, 0x4f, 0x12,
    0xb0, 0x1a, 0x6f, 0x1a, 0x2d, 0x1a, 0xd3, 0x5b, 0xbf, 0xe7, 0xd2, 0x6b,
    0x8b, 0x52, 0xef, 0xb4, 0xaf, 0xd5, 0xee, 0xe5, 0xad, 0xdd, 0xce, 0xe5,
    0xf0, 0xdd, 0xaf, 0xa4, 0x0c, 0x53, 0x8d, 0x32, 0x2d, 0x0a, 0xb0, 0x12,
    0x90, 0x0a, 0x50, 0x0a, 0x50, 0x12, 0xf0, 0x11, 0x13, 0x43, 0x9f, 0xdf,
    0xd2, 0x8c, 0xa9, 0x4a, 0x8e, 0x9c, 0xf2, 0xd5, 0xf0, 0xe5, 0x6c, 0xe5,
    0x8c, 0xed, 0x10, 0xee, 0x0e, 0xbd, 0x2b, 0x63, 0xea, 0x21, 0x2e, 0x1a,
    0x51, 0x12, 0x31, 0x12, 0x34, 0x3b, 0xbf, 0xe7, 0xff, 0xf7, 0xff, 0xff,
    0xff, 0xff, 0xff, 0xff, 0xff, 0xff, 0xff, 0xff, 0xff, 0xff, 0xff, 0xff,
    0xff, 0xff, 0xff, 0xff, 0x5e, 0xef, 0x52, 0x84, 0xff, 0xf7, 0xff, 0xff,
    0xff, 0xf7, 0xff, 0xff, 0xff, 0xff, 0xff, 0xff, 0xff, 0xff, 0xff, 0xff,
    0x9f, 0xef, 0xb3, 0x8c, 0x15, 0x9d, 0xdf, 0xf7, 0xbf, 0xef, 0xff, 0xff,
    0xfd, 0xd6, 0xf4, 0x94, 0xcf, 0x73, 0x3d, 0xdf, 0xff, 0xf7, 0x77, 0x9d,
    0xd9, 0xad, 0xbf, 0xef, 0xdf, 0xef, 0xdf, 0xf7, 0xdf, 0xf7, 0xdf, 0xf7,
    0xff, 0xff, 0xff, 0xff, 0xff, 0xff, 0xbf, 0xf7, 0x9f, 0xef, 0x9f, 0xef,
    0x0d, 0x53, 0x7f, 0xe7, 0xff, 0xff, 0xff, 0xf7, 0xff, 0xff, 0xff, 0xf7,
    0xbf, 0xef, 0xff, 0xf7, 0x36, 0x9d, 0xf5, 0x94, 0xff, 0xff, 0xff, 0xf7,
    0xdf, 0xf7, 0xff, 0xff, 0x94, 0x8c, 0xcd, 0x52, 0xf2, 0x7b, 0xff, 0xff,
    0xbc, 0xce, 0xee, 0x52, 0x7f, 0xe7, 0xff, 0xf7, 0xff, 0xf7, 0xff, 0xff,
    0xff, 0xf7, 0xdf, 0xf7, 0xff, 0xff, 0x15, 0x95, 0x35, 0x9d, 0x9f, 0xef,
    0xff, 0xff, 0xff, 0xff, 0x9f, 0xef, 0xff, 0xf7, 0x11, 0x74, 0xbc, 0xce,
    0xff, 0xf7, 0xb7, 0xad, 0x0d, 0x53, 0xff, 0xff, 0xff, 0xf7, 0xff, 0xf7,
    0xdf, 0xf7, 0xfd, 0xd6, 0xd0, 0x6b, 0x2e, 0x63, 0xbf, 0xef, 0xbd, 0xce,
    0x90, 0x63, 0xff, 0xff, 0xf9, 0xb5, 0x90, 0x6b, 0xff, 0xff, 0xff, 0xf7,
    0xff, 0xff, 0xff, 0xf7, 0xdf, 0xf7, 0xd8, 0xb5, 0xcf, 0x73, 0xbf, 0xf7,
    0xff, 0xff, 0xff, 0xff, 0xff, 0xff, 0xff, 0xff, 0xff, 0xff, 0xff, 0xff,
    0xff, 0xff, 0xff, 0xff, 0xff, 0xff, 0xff, 0xff, 0xff, 0xff, 0xff, 0xff,
    0xff, 0xff, 0xff, 0xff, 0xff, 0xff, 0xff, 0xff, 0xff, 0xff, 0xff, 0xff,
    0xff, 0xff, 0xff, 0xff, 0xff, 0xff, 0xff, 0xff, 0xff, 0xff, 0xff, 0xff,
    0xff, 0xff, 0xff, 0xff, 0xff, 0xff, 0xff, 0xff, 0xff, 0xff, 0xff, 0xff,
    0xff, 0xff, 0xff, 0xff, 0xff, 0xff, 0xbf, 0xff, 0xff, 0xff, 0xbd, 0xff,
    0xfd, 0xff, 0xda, 0xff, 0x70, 0xc5, 0xef, 0xd5, 0xab, 0xdd, 0xeb, 0xed,
    0x8c, 0xdd, 0x73, 0xf6, 0xd0, 0xb4, 0x0d, 0x6b, 0x8e, 0x3a, 0x2f, 0x1a,
    0x50, 0x0a, 0xb1, 0x12, 0x2e, 0x0a, 0x4d, 0x1a, 0xb1, 0x5b, 0xff, 0xf7,
    0xd4, 0x9c, 0xb0, 0xa4, 0x10, 0xe6, 0xcd, 0xe5, 0xad, 0xdd, 0xef, 0xe5,
    0xf1, 0xd5, 0xd0, 0xac, 0x2d, 0x5b, 0xca, 0x21, 0x4e, 0x1a, 0x91, 0x1a,
    0x50, 0x0a, 0x50, 0x02, 0x71, 0x12, 0x50, 0x12, 0x71, 0x22, 0xd1, 0x42,
    0x9f, 0xe7, 0x32, 0xa5, 0x2d, 0x8c, 0xf2, 0xd5, 0xcf, 0xdd, 0x8d, 0xe5,
    0xce, 0xed, 0xcf, 0xe5, 0x30, 0xbd, 0x4c, 0x63, 0x2b, 0x2a, 0x0d, 0x12,
    0x71, 0x12, 0x51, 0x12, 0x30, 0x12, 0x33, 0x43, 0xbf, 0xef, 0xff, 0xf7,
    0xff, 0xff, 0xff, 0xff, 0xff, 0xff, 0xff, 0xff, 0xff, 0xff, 0xff, 0xff,
    0xff, 0xff, 0xff, 0xff, 0xff, 0xff, 0x5e, 0xef, 0x52, 0x84, 0xff, 0xf7,
    0xff, 0xff, 0xff, 0xf7, 0xff, 0xff, 0xff, 0xff, 0xff, 0xff, 0xff, 0xff,
    0xff, 0xff, 0xbf, 0xf7, 0xf5, 0x9c, 0x11, 0x7c, 0x15, 0x9d, 0x52, 0x84,
    0x11, 0x7c, 0x32, 0x84, 0xf4, 0x94, 0xbb, 0xce, 0xff, 0xff, 0xff, 0xff,
    0x93, 0x84, 0xb0, 0x6b, 0x93, 0x84, 0xd4, 0x94, 0xb4, 0x94, 0x52, 0x84,
    0x93, 0x94, 0x96, 0xb5, 0x9f, 0xf7, 0xdf, 0xff, 0xff, 0xff, 0xff, 0xff,
    0xbf, 0xf7, 0x6e, 0x63, 0x93, 0x8c, 0x32, 0x7c, 0x72, 0x84, 0x93, 0x8c,
    0x93, 0x8c, 0x55, 0xa5, 0x9b, 0xce, 0x56, 0xa5, 0x76, 0xa5, 0xdf, 0xf7,
    0xff, 0xff, 0xdf, 0xf7, 0x9f, 0xef, 0xff, 0xff, 0x2d, 0x5b, 0x52, 0x84,
    0xdf, 0xf7, 0xfd, 0xd6, 0x0d, 0x5b, 0xb4, 0x8c, 0xd4, 0x94, 0x52, 0x84,
    0x52, 0x84, 0x93, 0x8c, 0xf4, 0x9c, 0x1d, 0xe7, 0x97, 0xb5, 0x14, 0x9d,
    0xdf, 0xf7, 0xff, 0xf7, 0xdf, 0xf7, 0xdf, 0xf7, 0xff, 0xf7, 0x11, 0x74,
    0x5a, 0xc6, 0xbf, 0xef, 0xff, 0xff, 0x39, 0xbe, 0x6f, 0x63, 0xd4, 0x94,
    0x15, 0x9d, 0x15, 0x9d, 0x32, 0x7c, 0x19, 0xbe, 0x73, 0x8c, 0x3e, 0xdf,
    0xdf, 0xf7, 0x32, 0x7c, 0xdc, 0xd6, 0x12, 0x7c, 0xb8, 0xb5, 0xff, 0xff,
    0xbf, 0xef, 0xdf, 0xf7, 0xff, 0xff, 0xdf, 0xf7, 0x3d, 0xe7, 0x2d, 0x63,
    0xbf, 0xf7, 0xdf, 0xff, 0xff, 0xff, 0xff, 0xff, 0xff, 0xff, 0xff, 0xff,
    0xff, 0xff, 0xff, 0xff, 0xff, 0xff, 0xff, 0xff, 0xff, 0xff, 0xff, 0xff,
    0xff, 0xff, 0xff, 0xff, 0xff, 0xff, 0xff, 0xff, 0xff, 0xff, 0xff, 0xff,
    0xff, 0xff, 0xff, 0xff, 0xff, 0xff, 0xff, 0xff, 0xff, 0xff, 0xff, 0xff,
    0xff, 0xff, 0xff, 0xff, 0xff, 0xff, 0xff, 0xff, 0xff, 0xff, 0xff, 0xff,
    0xff, 0xff, 0xff, 0xff, 0xff, 0xff, 0xff, 0xff, 0xdf, 0xff, 0xfe, 0xff,
    0xdc, 0xff, 0x9a, 0xff, 0x16, 0xff, 0xcf, 0xdd, 0x2e, 0xee, 0xab, 0xe5,
    0xcb, 0xe5, 0x10, 0xe6, 0xb2, 0xd5, 0x4d, 0x73, 0xec, 0x31, 0x0f, 0x22,
    0x10, 0x12, 0x31, 0x0a, 0xb2, 0x12, 0x2e, 0x0a, 0x6d, 0x1a, 0xb1, 0x5b,
    0xbf, 0xef, 0x95, 0xbd, 0xf3, 0xdd, 0x8c, 0xe5, 0x2d, 0xf6, 0xce, 0xe5,
    0xb0, 0xd5, 0x72, 0xb5, 0x6d, 0x63, 0xc9, 0x21, 0x4e, 0x22, 0xee, 0x09,
    0x92, 0x1a, 0x12, 0x0a, 0x31, 0x12, 0x72, 0x1a, 0x10, 0x12, 0x70, 0x22,
    0xae, 0x32, 0x9f, 0xe7, 0x36, 0xce, 0x91, 0xcd, 0x31, 0xee, 0x4c, 0xdd,
    0xcd, 0xed, 0x30, 0xee, 0x70, 0xc5, 0x4b, 0x63, 0x2b, 0x2a, 0x4e, 0x1a,
    0x70, 0x12, 0x71, 0x12, 0x30, 0x12, 0x2f, 0x12, 0x72, 0x4b, 0xff, 0xef,
    0xff, 0xf7, 0xff, 0xff, 0xff, 0xff, 0xff, 0xff, 0xfe, 0xff, 0xff, 0xff,
    0xff, 0xff, 0xff, 0xff, 0xff, 0xff, 0xff, 0xff, 0x5f, 0xe7, 0x52, 0x84,
    0xff, 0xf7, 0xff, 0xf7, 0xff, 0xff, 0xff, 0xff, 0xff, 0xff, 0xff, 0xff,
    0xff, 0xff, 0xff, 0xff, 0xff, 0xff, 0xdc, 0xd6, 0xf9, 0xbd, 0xd9, 0xb5,
    0xbc, 0xce, 0x9b, 0xce, 0xfc, 0xd6, 0xbf, 0xf7, 0xff, 0xff, 0x9e, 0xef,
    0xff, 0xff, 0x3d, 0xdf, 0x5a, 0xbe, 0x9b, 0xce, 0x7a, 0xc6, 0x7a, 0xce,
    0x39, 0xc6, 0x7a, 0xd6, 0xfc, 0xe6, 0xff, 0xff, 0xff, 0xff, 0xff, 0xff,
    0xdf, 0xf7, 0xff, 0xff, 0x39, 0xbe, 0x59, 0xc6, 0x9a, 0xc6, 0x59, 0xc6,
    0x39, 0xc6, 0x18, 0xbe, 0x9b, 0xce, 0xbf, 0xf7, 0x5d, 0xe7, 0x1d, 0xdf,
    0xff, 0xff, 0xff, 0xff, 0xff, 0xff, 0xff, 0xff, 0xff, 0xff, 0x3d, 0xdf,
    0x19, 0xbe, 0xff, 0xff, 0xbf, 0xf7, 0x7b, 0xc6, 0x3a, 0xc6, 0x7b, 0xc6,
    0x3a, 0xc6, 0x5a, 0xce, 0x7a, 0xce, 0x59, 0xc6, 0xff, 0xff, 0x5e, 0xef,
    0x3c, 0xe7, 0xff, 0xff, 0xdf, 0xf7, 0xff, 0xff, 0xff, 0xff, 0xff, 0xff,
    0x1c, 0xdf, 0x1d, 0xdf, 0xff, 0xff, 0xff, 0xff, 0x5e, 0xe7, 0x3e, 0xe7,
    0x19, 0xbe, 0x97, 0xad, 0xd8, 0xb5, 0x3e, 0xe7, 0xff, 0xff, 0xbc, 0xd6,
    0xff, 0xff, 0x9f, 0xef, 0xbc, 0xd6, 0xff, 0xff, 0xbb, 0xce, 0xdf, 0xf7,
    0xff, 0xff, 0xff, 0xff, 0xff, 0xff, 0xff, 0xff, 0xff, 0xff, 0xff, 0xff,
    0xbb, 0xd6, 0xbf, 0xff, 0xdf, 0xff, 0xff, 0xff, 0xff, 0xff, 0xff, 0xff,
    0xff, 0xff, 0xff, 0xff, 0xff, 0xff, 0xff, 0xff, 0xff, 0xff, 0xff, 0xff,
    0xff, 0xff, 0xff, 0xff, 0xff, 0xff, 0xff, 0xff, 0xff, 0xff, 0xff, 0xff,
    0xff, 0xff, 0xff, 0xff, 0xff, 0xff, 0xff, 0xff, 0xff, 0xff, 0xff, 0xff,
    0xff, 0xff, 0xff, 0xff, 0xff, 0xff, 0xff, 0xff, 0xff, 0xff, 0xff, 0xff,
    0xff, 0xff, 0xff, 0xff, 0xff, 0xff, 0xff, 0xff, 0xff, 0xff, 0xff, 0xff,
    0xfd, 0xff, 0xba, 0xff, 0xf5, 0xfe, 0x10, 0xe6, 0xcd, 0xdd, 0xab, 0xe5,
    0x2d, 0xf6, 0x8c, 0xdd, 0x90, 0xcd, 0x8c, 0x7b, 0x4b, 0x42, 0x4e, 0x32,
    0xae, 0x11, 0x11, 0x12, 0x52, 0x12, 0x72, 0x12, 0x91, 0x12, 0x6e, 0x1a,
    0x73, 0x6c, 0xdd, 0xf7, 0x34, 0xd6, 0xf0, 0xe5, 0xac, 0xf5, 0x6b, 0xe5,
    0xf0, 0xe5, 0x70, 0xbd, 0x2a, 0x5b, 0x4a, 0x2a, 0x8e, 0x2a, 0x2e, 0x12,
    0x11, 0x12, 0x53, 0x1a, 0x34, 0x1a, 0xf3, 0x19, 0x32, 0x22, 0x0f, 0x12,
    0x4d, 0x1a, 0x70, 0x4b, 0xdf, 0xef, 0x1a, 0xf7, 0xf1, 0xe5, 0xef, 0xf5,
    0x6b, 0xe5, 0xcd, 0xed, 0x4e, 0xc5, 0xcc, 0x7b, 0x2a, 0x2a, 0x2d, 0x12,
    0x91, 0x12, 0x31, 0x0a, 0x50, 0x12, 0x2f, 0x1a, 0x4e, 0x1a, 0x54, 0x6c,
    0xff, 0xf7, 0xff, 0xff, 0xff, 0xff, 0xff, 0xff, 0xfe, 0xff, 0xfe, 0xff,
    0xff, 0xff, 0xff, 0xff, 0xff, 0xff, 0xff, 0xff, 0xff, 0xff, 0x5f, 0xef,
    0x52, 0x84, 0xff, 0xf7, 0xff, 0xf7, 0xff, 0xf7, 0xff, 0xff, 0xff, 0xff,
    0xff, 0xff, 0xff, 0xff, 0xff, 0xff, 0xff, 0xff, 0xff, 0xff, 0xff, 0xff,
    0xff, 0xff, 0xff, 0xff, 0x9f, 0xf7, 0xdf, 0xff, 0xff, 0xff, 0xff, 0xff,
    0x9e, 0xf7, 0xff, 0xff, 0xff, 0xff, 0xff, 0xf7, 0xff, 0xff, 0xdf, 0xf7,
    0xff, 0xff, 0xdf, 0xff, 0xff, 0xff, 0xdf, 0xff, 0xdf, 0xff, 0xdf, 0xff,
    0xff, 0xff, 0xff, 0xff, 0xff, 0xff, 0xff, 0xff, 0xbe, 0xf7, 0xff, 0xff,
    0xff, 0xff, 0xff, 0xff, 0xdf, 0xf7, 0xdf, 0xf7, 0xff, 0xff, 0xff, 0xff,
    0xff, 0xff, 0xff, 0xff, 0xbf, 0xf7, 0xff, 0xff, 0xff, 0xff, 0x9f, 0xef,
    0xff, 0xff, 0xff, 0xff, 0xff, 0xff, 0xff, 0xff, 0xff, 0xff, 0xbf, 0xef,
    0xdf, 0xff, 0xff, 0xff, 0xff, 0xff, 0xff, 0xff, 0xbf, 0xf7, 0xff, 0xff,
    0x9e, 0xf7, 0xff, 0xff, 0xff, 0xff, 0xff, 0xff, 0xff, 0xff, 0xff, 0xff,
    0x9e, 0xef, 0xff, 0xff, 0xff, 0xff, 0xff, 0xff, 0xff, 0xff, 0xff, 0xff,
    0xff, 0xff, 0xbf, 0xf7, 0xdf, 0xf7, 0xff, 0xff, 0xff, 0xff, 0xff, 0xff,
    0xdf, 0xf7, 0xff, 0xff, 0xff, 0xff, 0xff, 0xff, 0xbf, 0xf7, 0xff, 0xff,
    0xff, 0xff, 0xbf, 0xf7, 0xff, 0xff, 0xdf, 0xf7, 0xdf, 0xff, 0xbf, 0xff,
    0x9f, 0xf7, 0xff, 0xff, 0xff, 0xff, 0xff, 0xff, 0xff, 0xff, 0xff, 0xff,
    0xff, 0xff, 0xff, 0xff, 0xff, 0xff, 0xff, 0xff, 0xff, 0xff, 0xff, 0xff,
    0xff, 0xff, 0xff, 0xff, 0xff, 0xff, 0xff, 0xff, 0xff, 0xff, 0xff, 0xff,
    0xff, 0xff, 0xff, 0xff, 0xff, 0xff, 0xff, 0xff, 0xff, 0xff, 0xff, 0xff,
    0xff, 0xff, 0xff, 0xff, 0xff, 0xff, 0xff, 0xff, 0xff, 0xff, 0xff, 0xff,
    0xff, 0xff, 0xff, 0xff, 0xff, 0xff, 0xff, 0xff, 0xff, 0xff, 0xff, 0xff,
    0xdd, 0xff, 0x9b, 0xff, 0x58, 0xff, 0x52, 0xee, 0x8c, 0xdd, 0xed, 0xf5,
    0xab, 0xe5, 0xcd, 0xe5, 0xcf, 0xdd, 0x0c, 0x8c, 0x48, 0x42, 0x2c, 0x32,
    0xcc, 0x19, 0x90, 0x2a, 0x92, 0x22, 0x11, 0x12, 0xef, 0x09, 0x91, 0x22,
    0x2d, 0x1a, 0x76, 0x95, 0xfe, 0xff, 0x17, 0xf7, 0xd0, 0xdd, 0xae, 0xe5,
    0x10, 0xee, 0x70, 0xc5, 0x8c, 0x73, 0x28, 0x32, 0x0a, 0x22, 0x6d, 0x22,
    0x4f, 0x1a, 0x92, 0x22, 0xf1, 0x19, 0x33, 0x2a, 0xd2, 0x19, 0x10, 0x1a,
    0x2f, 0x1a, 0x6d, 0x22, 0xf5, 0x7c, 0xff, 0xff, 0x5b, 0xff, 0xb1, 0xdd,
    0xaf, 0xe5, 0xce, 0xed, 0xaf, 0xdd, 0xeb, 0x8b, 0x08, 0x32, 0x2c, 0x22,
    0x70, 0x1a, 0x70, 0x12, 0xce, 0x01, 0x70, 0x22, 0x4e, 0x22, 0x2d, 0x2a,
    0x58, 0x95, 0xff, 0xf7, 0xff, 0xff, 0xff, 0xff, 0xff, 0xff, 0xfe, 0xff,
    0xfe, 0xff, 0xff, 0xff, 0xff, 0xff, 0xff, 0xff, 0xff, 0xff, 0xff, 0xff,
    0x5e, 0xef, 0x52, 0x84, 0xff, 0xf7, 0xff, 0xff, 0xff, 0xf7, 0xff, 0xff,
    0xfe, 0xff, 0xff, 0xff, 0xff, 0xff, 0xff, 0xff, 0xdf, 0xff, 0xff, 0xff,
    0xdf, 0xf7, 0xff, 0xff, 0xdf, 0xf7, 0xff, 0xff, 0xff, 0xff, 0xbf, 0xff,
    0x9f, 0xf7, 0xff, 0xff, 0xdf, 0xf7, 0xff, 0xf7, 0xbf, 0xef, 0xff, 0xff,
    0xff, 0xff, 0xff, 0xff, 0xff, 0xff, 0xff, 0xff, 0xdf, 0xff, 0xff, 0xff,
    0xff, 0xff, 0xdf, 0xff, 0xff, 0xff, 0xff, 0xff, 0xff, 0xff, 0xfe, 0xf7,
    0xff, 0xff, 0xff, 0xff, 0xff, 0xff, 0xff, 0xff, 0xff, 0xff, 0xbf, 0xf7,
    0xff, 0xff, 0xff, 0xff, 0xdf, 0xf7, 0xff, 0xff, 0xdf, 0xf7, 0xdf, 0xf7,
    0xff, 0xff, 0xff, 0xff, 0xff, 0xff, 0xdf, 0xff, 0xff, 0xff, 0xff, 0xff,
    0xff, 0xff, 0xff, 0xff, 0xff, 0xff, 0xdf, 0xff, 0xdf, 0xff, 0xff, 0xff,
    0xdf, 0xff, 0xff, 0xff, 0xff, 0xff, 0xbe, 0xf7, 0xff, 0xff, 0xdf, 0xff,
    0xff, 0xff, 0xff, 0xff, 0xff, 0xff, 0xbf, 0xf7, 0xbf, 0xf7, 0xff, 0xff,
    0xbf, 0xf7, 0xdf, 0xf7, 0xff, 0xff, 0xff, 0xff, 0xff, 0xff, 0xdf, 0xff,
    0xff, 0xff, 0xff, 0xff, 0xff, 0xff, 0xbf, 0xf7, 0xff, 0xff, 0xff, 0xff,
    0xbf, 0xf7, 0xff, 0xff, 0xff, 0xff, 0xff, 0xff, 0xdf, 0xff, 0xff, 0xff,
    0xff, 0xff, 0xff, 0xff, 0x9e, 0xf7, 0xff, 0xff, 0xff, 0xff, 0xff, 0xff,
    0xff, 0xff, 0xff, 0xff, 0xff, 0xff, 0xff, 0xff, 0xff, 0xff, 0xff, 0xff,
    0xff, 0xff, 0xff, 0xff, 0xff, 0xff, 0xff, 0xff, 0xff, 0xff, 0xff, 0xff,
    0xff, 0xff, 0xff, 0xff, 0xff, 0xff, 0xff, 0xff, 0xff, 0xff, 0xff, 0xff,
    0xff, 0xff, 0xff, 0xff, 0xff, 0xff, 0xff, 0xff, 0xff, 0xff, 0xff, 0xff,
    0xff, 0xff, 0xff, 0xff, 0xff, 0xff, 0xff, 0xff, 0xfe, 0xff, 0xfe, 0xff,
    0xfd, 0xff, 0xdb, 0xff, 0x17, 0xff, 0x12, 0xe6, 0x6e, 0xdd, 0x6c, 0xed,
    0xac, 0xf5, 0xed, 0xf5, 0xee, 0xd5, 0x2e, 0xad, 0xac, 0x73, 0x4d, 0x5b,
    0x0e, 0x43, 0x91, 0x4b, 0x31, 0x3b, 0x32, 0x3b, 0x54, 0x43, 0x12, 0x43,
    0x72, 0x53, 0xfa, 0xad, 0x9d, 0xef, 0xfe, 0xff, 0xdc, 0xff, 0x19, 0xf7,
    0x57, 0xd6, 0x37, 0xce, 0xd2, 0x94, 0x4d, 0x63, 0x0e, 0x4b, 0x2f, 0x4b,
    0x30, 0x43, 0x52, 0x43, 0x73, 0x4b, 0x11, 0x3b, 0x32, 0x43, 0x53, 0x4b,
    0x52, 0x4b, 0x51, 0x4b, 0x17, 0x85, 0xff, 0xef, 0xff, 0xff, 0xbd, 0xff,
    0x3a, 0xff, 0x35, 0xde, 0x55, 0xde, 0xb1, 0xa4, 0x4e, 0x6b, 0x2f, 0x53,
    0x31, 0x43, 0xf1, 0x32, 0x93, 0x43, 0x72, 0x43, 0x30, 0x43, 0x0f, 0x4b,
    0xd3, 0x6b, 0x3b, 0xc6, 0xff, 0xff, 0xff, 0xff, 0xff, 0xff, 0xff, 0xff,
    0xff, 0xff, 0xff, 0xff, 0xff, 0xff, 0xff, 0xff, 0xff, 0xff, 0xff, 0xff,
    0xff, 0xff, 0x5e, 0xe7, 0x31, 0x84, 0xdf, 0xf7, 0xff, 0xff, 0xff, 0xff,
    0xff, 0xff, 0xff, 0xff, 0xff, 0xff, 0xff, 0xff, 0xff, 0xff, 0xff, 0xff,
    0xbf, 0xf7, 0xff, 0xff, 0xff, 0xff, 0xff, 0xff, 0xff, 0xff, 0xff, 0xff,
    0xff, 0xff, 0xdf, 0xff, 0xff, 0xff, 0xff, 0xff, 0xff, 0xff, 0xbf, 0xf7,
    0xff, 0xff, 0xff, 0xff, 0xff, 0xff, 0xff, 0xff, 0xbf, 0xf7, 0xff, 0xff,
    0xff, 0xff, 0xff, 0xff, 0xff, 0xff, 0xff, 0xff, 0xff, 0xff, 0xff, 0xff,
    0xfe, 0xff, 0xff, 0xff, 0xbf, 0xff, 0xdf, 0xff, 0xff, 0xff, 0xbf, 0xff,
    0xbf, 0xff, 0xff, 0xff, 0xff, 0xff, 0xdf, 0xff, 0xff, 0xff, 0xff, 0xff,
    0xde, 0xff, 0xff, 0xff, 0xff, 0xff, 0xff, 0xff, 0xff, 0xff, 0xde, 0xff,
    0xff, 0xff, 0xff, 0xff, 0xff, 0xff, 0xff, 0xff, 0xff, 0xff, 0xff, 0xff,
    0xff, 0xff, 0xff, 0xff, 0xff, 0xff, 0xff, 0xff, 0xff, 0xff, 0xff, 0xff,
    0xff, 0xff, 0xff, 0xff, 0xff, 0xff, 0xff, 0xff, 0xff, 0xff, 0xff, 0xff,
    0xff, 0xff, 0xff, 0xff, 0xff, 0xff, 0xff, 0xff, 0xff, 0xff, 0xff, 0xff,
    0xff, 0xff, 0xff, 0xff, 0xff, 0xff, 0xff, 0xff, 0xff, 0xff, 0xff, 0xff,
    0xff, 0xff, 0xff, 0xff, 0xff, 0xff, 0xff, 0xff, 0xff, 0xff, 0xff, 0xff,
    0xff, 0xff, 0xff, 0xff, 0xff, 0xff, 0xff, 0xff, 0xff, 0xff, 0xff, 0xff,
    0xff, 0xff, 0xff, 0xff, 0xff, 0xff, 0xff, 0xff, 0xff, 0xff, 0xff, 0xff,
    0xff, 0xff, 0xff, 0xff, 0xff, 0xff, 0xff, 0xff, 0xff, 0xff, 0xff, 0xff,
    0xff, 0xff, 0xff, 0xff, 0xff, 0xff, 0xff, 0xff, 0xff, 0xff, 0xff, 0xff,
    0xff, 0xff, 0xff, 0xff, 0xff, 0xff, 0xff, 0xff, 0xff, 0xff, 0xdf, 0xff,
    0xff, 0xff, 0xff, 0xff, 0xff, 0xff, 0xff, 0xff, 0xff, 0xff, 0xfe, 0xff,
    0xfd, 0xff, 0xdb, 0xff, 0x18, 0xff, 0x73, 0xee, 0xf0, 0xe5, 0xcf, 0xed,
    0xad, 0xf5, 0xac, 0xf5, 0xad, 0xe5, 0x16, 0xef, 0xfc, 0xf7, 0x9e, 0xe7,
    0xff, 0xe7, 0xff, 0xdf, 0xdf, 0xcf, 0xdf, 0xd7, 0xff, 0xdf, 0xdf, 0xdf,
    0xbf, 0xdf, 0x7f, 0xdf, 0xff, 0xf7, 0xff, 0xff, 0x9d, 0xf7, 0xff, 0xff,
    0xdf, 0xff, 0xff, 0xf7, 0xff, 0xf7, 0xdf, 0xef, 0x9f, 0xdf, 0xff, 0xe7,
    0xff, 0xe7, 0xdf, 0xdf, 0xff, 0xdf, 0x7f, 0xcf, 0xdf, 0xdf, 0xff, 0xdf,
    0xbf, 0xd7, 0xdf, 0xdf, 0xff, 0xe7, 0xdf, 0xdf, 0xff, 0xf7, 0x5e, 0xef,
    0xff, 0xff, 0xfe, 0xff, 0xbd, 0xf7, 0xff, 0xff, 0xbf, 0xf7, 0x7f, 0xe7,
    0x9f, 0xdf, 0xbf, 0xdf, 0xdf, 0xd7, 0xbf, 0xcf, 0xff, 0xdf, 0xdf, 0xe7,
    0x9f, 0xe7, 0x3f, 0xe7, 0xff, 0xff, 0xff, 0xff, 0xff, 0xff, 0xff, 0xff,
    0xff, 0xff, 0xff, 0xff, 0xff, 0xff, 0xff, 0xff, 0xff, 0xff, 0xff, 0xff,
    0xff, 0xff, 0xff, 0xff, 0x5d, 0xe7, 0x51, 0x84, 0xdf, 0xff, 0xff, 0xff,
    0xff, 0xff, 0xbe, 0xff, 0xff, 0xff, 0xdf, 0xff, 0xdf, 0xff, 0xff, 0xff,
    0xff, 0xff, 0xff, 0xff, 0xff, 0xff, 0xff, 0xff, 0xff, 0xff, 0xbe, 0xf7,
    0xff, 0xff, 0xff, 0xff, 0xff, 0xff, 0xff, 0xff, 0xff, 0xff, 0xff, 0xff,
    0xff, 0xff, 0xbf, 0xf7, 0xff, 0xff, 0xff, 0xff, 0xff, 0xff, 0xff, 0xff,
    0xff, 0xff, 0xff, 0xff, 0xff, 0xff, 0xff, 0xff, 0xdf, 0xff, 0xff, 0xff,
    0xff, 0xff, 0xff, 0xff, 0xff, 0xff, 0xff, 0xff, 0xff, 0xff, 0x9f, 0xff,
    0xff, 0xff, 0xff, 0xff, 0x5d, 0xef, 0xdf, 0xff, 0xff, 0xff, 0xff, 0xff,
    0xff, 0xff, 0xdf, 0xff, 0xff, 0xff, 0xff, 0xff, 0xde, 0xff, 0xff, 0xff,
    0xff, 0xff, 0xde, 0xf7, 0xff, 0xff, 0xdf, 0xf7, 0xdf, 0xff, 0xff, 0xff,
    0xff, 0xff, 0xff, 0xff, 0xbe, 0xff, 0xff, 0xff, 0xff, 0xff, 0xff, 0xff,
    0xff, 0xff, 0xff, 0xff, 0xff, 0xff, 0xff, 0xff, 0xff, 0xff, 0xff, 0xff,
    0xff, 0xff, 0xff, 0xff, 0xff, 0xff, 0xff, 0xff, 0xff, 0xff, 0xff, 0xff,
    0xff, 0xff, 0xff, 0xff, 0xff, 0xff, 0xff, 0xff, 0xff, 0xff, 0xff, 0xff,
    0xff, 0xff, 0xff, 0xff, 0xff, 0xff, 0xff, 0xff, 0xff, 0xff, 0xff, 0xff,
    0xff, 0xff, 0xff, 0xff, 0xff, 0xff, 0xff, 0xff, 0xff, 0xff, 0xff, 0xff,
    0xff, 0xff, 0xff, 0xff, 0xff, 0xff, 0xff, 0xff, 0xff, 0xff, 0xff, 0xff,
    0xff, 0xff, 0xff, 0xff, 0xff, 0xff, 0xff, 0xff, 0xff, 0xff, 0xff, 0xff,
    0xff, 0xff, 0xff, 0xff, 0xff, 0xff, 0xff, 0xff, 0xff, 0xff, 0xff, 0xff,
    0xff, 0xff, 0xff, 0xff, 0xff, 0xff, 0xff, 0xff, 0xff, 0xff, 0xff, 0xff,
    0xbf, 0xff, 0xff, 0xff, 0xff, 0xff, 0xff, 0xff, 0xff, 0xff, 0xff, 0xff,
    0xfe, 0xff, 0xfc, 0xff, 0x17, 0xff, 0x53, 0xee, 0xaf, 0xe5, 0xae, 0xed,
    0xce, 0xed, 0xad, 0xed, 0xae, 0xe5, 0xf1, 0xdd, 0x0d, 0x84, 0xd4, 0x8c,
    0x95, 0x7c, 0x97, 0x74, 0x19, 0x7d, 0x77, 0x64, 0x98, 0x6c, 0x78, 0x64,
    0x79, 0x6c, 0xda, 0x7c, 0x3a, 0x95, 0x5d, 0xbe, 0xff, 0xf7, 0xff, 0xef,
    0xff, 0xff, 0x7c, 0xc6, 0xd5, 0x84, 0xb5, 0x7c, 0x95, 0x7c, 0xb6, 0x74,
    0xd7, 0x7c, 0x97, 0x6c, 0x56, 0x64, 0xb8, 0x6c, 0xf9, 0x74, 0xd8, 0x74,
    0xb8, 0x6c, 0x76, 0x6c, 0xb7, 0x74, 0x39, 0x85, 0x1c, 0x9e, 0xff, 0xe7,
    0xff, 0xf7, 0xff, 0xff, 0xdb, 0xd6, 0x56, 0xa5, 0xf6, 0x94, 0x34, 0x7c,
    0x97, 0x7c, 0x77, 0x74, 0x98, 0x6c, 0xd9, 0x6c, 0x97, 0x64, 0x97, 0x6c,
    0xb7, 0x7c, 0xd7, 0x84, 0x3b, 0xbe, 0xbf, 0xf7, 0xff, 0xff, 0xff, 0xff,
    0xff, 0xff, 0xff, 0xff, 0xff, 0xff, 0xff, 0xff, 0xff, 0xff, 0xff, 0xff,
    0xff, 0xff, 0xff, 0xff, 0xff, 0xff, 0x5e, 0xef, 0x51, 0x84, 0xdf, 0xf7,
    0xff, 0xff, 0xff, 0xff, 0xff, 0xff, 0xff, 0xff, 0xff, 0xff, 0xff, 0xff,
    0xff, 0xff, 0xbf, 0xf7, 0xff, 0xff, 0xff, 0xff, 0xff, 0xff, 0xff, 0xff,
    0x9e, 0xef, 0xff, 0xff, 0xff, 0xff, 0xff, 0xff, 0xff, 0xff, 0xff, 0xff,
    0xdf, 0xff, 0xff, 0xff, 0xff, 0xff, 0xdf, 0xff, 0xdf, 0xff, 0xff, 0xff,
    0xff, 0xff, 0xdf, 0xf7, 0xff, 0xff, 0xff, 0xff, 0xff, 0xff, 0xff, 0xff,
    0xff, 0xff, 0xff, 0xff, 0xff, 0xff, 0xdf, 0xff, 0xff, 0xff, 0xff, 0xff,
    0xff, 0xff, 0xff, 0xff, 0xbf, 0xff, 0xff, 0xff, 0xff, 0xff, 0xff, 0xff,
    0xff, 0xff, 0xdf, 0xff, 0xdf, 0xf7, 0xff, 0xff, 0xff, 0xff, 0xff, 0xff,
    0xff, 0xff, 0xff, 0xff, 0xff, 0xff, 0xff, 0xff, 0xff, 0xff, 0xbe, 0xf7,
    0xff, 0xff, 0x9d, 0xf7, 0xff, 0xff, 0xff, 0xff, 0xff, 0xff, 0xff, 0xff,
    0xff, 0xff, 0xff, 0xff, 0xff, 0xff, 0xff, 0xff, 0xff, 0xff, 0xff, 0xff,
    0xff, 0xff, 0xff, 0xff, 0xff, 0xff, 0xff, 0xff, 0xff, 0xff, 0xff, 0xff,
    0xff, 0xff, 0xff, 0xff, 0xff, 0xff, 0xff, 0xff, 0xff, 0xff, 0xff, 0xff,
    0xff, 0xff, 0xff, 0xff, 0xff, 0xff, 0xff, 0xff, 0xff, 0xff, 0xff, 0xff,
    0xff, 0xff, 0xff, 0xff, 0xff, 0xff, 0xff, 0xff, 0xff, 0xff, 0xff, 0xff,
    0xff, 0xff, 0xff, 0xff, 0xff, 0xff, 0xff, 0xff, 0xff, 0xff, 0xff, 0xff,
    0xff, 0xff, 0xff, 0xff, 0xff, 0xff, 0xff, 0xff, 0xff, 0xff, 0xff, 0xff,
    0xff, 0xff, 0xff, 0xff, 0xff, 0xff, 0xff, 0xff, 0xff, 0xff, 0xff, 0xff,
    0xff, 0xff, 0xff, 0xff, 0xff, 0xff, 0xff, 0xff, 0xff, 0xff, 0xfe, 0xff,
    0xff, 0xff, 0xff, 0xff, 0xff, 0xff, 0xff, 0xff, 0xdf, 0xff, 0xff, 0xff,
    0xff, 0xff, 0xdc, 0xff, 0x79, 0xff, 0x32, 0xee, 0xef, 0xed, 0xad, 0xed,
    0x8d, 0xed, 0x8d, 0xe5, 0xef, 0xe5, 0x52, 0xee, 0xf7, 0xee, 0x0c, 0x53,
    0x4d, 0x32, 0x2f, 0x2a, 0xae, 0x11, 0x30, 0x1a, 0x50, 0x1a, 0x50, 0x1a,
    0xce, 0x11, 0x30, 0x22, 0xcf, 0x19, 0xee, 0x21, 0x10, 0x43, 0x9d, 0xb6,
    0xff, 0xe7, 0xbe, 0xbe, 0xb2, 0x5b, 0x6d, 0x32, 0x4d, 0x2a, 0x0d, 0x22,
    0x0d, 0x1a, 0x0d, 0x1a, 0x0d, 0x1a, 0x0e, 0x12, 0x4f, 0x1a, 0x70, 0x22,
    0x0e, 0x0a, 0x0e, 0x12, 0x4f, 0x1a, 0x4e, 0x22, 0x0d, 0x1a, 0x51, 0x43,
    0x3c, 0xa6, 0xff, 0xef, 0xdc, 0xce, 0x90, 0x63, 0x0c, 0x32, 0x0d, 0x2a,
    0xcc, 0x21, 0x8f, 0x2a, 0x2e, 0x1a, 0x90, 0x1a, 0x2f, 0x12, 0x70, 0x1a,
    0x0e, 0x1a, 0x0d, 0x22, 0x4d, 0x32, 0x1b, 0xbe, 0xff, 0xff, 0xff, 0xff,
    0xff, 0xff, 0xff, 0xff, 0xff, 0xff, 0xff, 0xff, 0xff, 0xff, 0xff, 0xff,
    0xff, 0xff, 0xff, 0xff, 0xff, 0xff, 0xff, 0xff, 0x5e, 0xef, 0x51, 0x84,
    0xdf, 0xff, 0xff, 0xff, 0xff, 0xff, 0xff, 0xff, 0xff, 0xff, 0xff, 0xff,
    0xff, 0xff, 0xff, 0xff, 0xff, 0xf7, 0xff, 0xff, 0xff, 0xff, 0x3d, 0xdf,
    0xbf, 0xef, 0xff, 0xff, 0xbf, 0xef, 0xff, 0xff, 0xdf, 0xf7, 0xff, 0xff,
    0xff, 0xff, 0xff, 0xff, 0x7e, 0xf7, 0xff, 0xff, 0xdf, 0xf7, 0xbf, 0xf7,
    0xdf, 0xf7, 0x9f, 0xef, 0xff, 0xff, 0xff, 0xff, 0xff, 0xff, 0x5d, 0xe7,
    0xff, 0xff, 0xff, 0xff, 0xbe, 0xf7, 0xff, 0xff, 0xff, 0xff, 0xff, 0xff,
    0xbf, 0xff, 0xff, 0xff, 0xbf, 0xf7, 0xdf, 0xff, 0xff, 0xff, 0xdf, 0xff,
    0xff, 0xff, 0xff, 0xff, 0xff, 0xff, 0xff, 0xff, 0xbf, 0xf7, 0xdf, 0xf7,
    0xff, 0xf7, 0xdf, 0xf7, 0xff, 0xff, 0xff, 0xff, 0xdf, 0xf7, 0xff, 0xff,
    0xff, 0xff, 0xff, 0xff, 0xff, 0xff, 0xdf, 0xff, 0xfe, 0xff, 0xff, 0xff,
    0xff, 0xff, 0xff, 0xff, 0xff, 0xff, 0xff, 0xff, 0xff, 0xff, 0xff, 0xff,
    0xff, 0xff, 0xff, 0xff, 0xff, 0xff, 0xff, 0xff, 0xff, 0xff, 0xff, 0xff,
    0xff, 0xff, 0xff, 0xff, 0xff, 0xff, 0xff, 0xff, 0xff, 0xff, 0xff, 0xff,
    0xff, 0xff, 0xff, 0xff, 0xff, 0xff, 0xff, 0xff, 0xff, 0xff, 0xff, 0xff,
    0xff, 0xff, 0xff, 0xff, 0xff, 0xff, 0xff, 0xff, 0xff, 0xff, 0xff, 0xff,
    0xff, 0xff, 0xff, 0xff, 0xff, 0xff, 0xff, 0xff, 0xff, 0xff, 0xff, 0xff,
    0xff, 0xff, 0xff, 0xff, 0xff, 0xff, 0xff, 0xff, 0xff, 0xff, 0xff, 0xff,
    0xff, 0xff, 0xff, 0xff, 0xff, 0xff, 0xff, 0xff, 0xff, 0xff, 0xff, 0xff,
    0xfe, 0xff, 0xfe, 0xff, 0xfe, 0xff, 0xfe, 0xff, 0xfe, 0xff, 0xfe, 0xff,
    0xfe, 0xff, 0xff, 0xff, 0xff, 0xff, 0xdf, 0xff, 0xdf, 0xff, 0xdf, 0xff,
    0xff, 0xff, 0xfd, 0xff, 0x59, 0xff, 0x93, 0xf6, 0xce, 0xed, 0xcd, 0xf5,
    0xcc, 0xf5, 0x8c, 0xed, 0xce, 0xe5, 0x92, 0xee, 0x77, 0xff, 0xfd, 0xff,
    0xb5, 0x84, 0xee, 0x19, 0x72, 0x2a, 0x32, 0x22, 0x31, 0x12, 0x71, 0x1a,
    0x71, 0x1a, 0x71, 0x1a, 0xb2, 0x2a, 0x51, 0x22, 0x2f, 0x22, 0x0d, 0x1a,
    0xb5, 0x6c, 0xdf, 0xd7, 0xd7, 0x74, 0x0d, 0x1a, 0xed, 0x11, 0x2e, 0x1a,
    0x4f, 0x1a, 0x4f, 0x1a, 0x50, 0x1a, 0x71, 0x1a, 0x71, 0x1a, 0x30, 0x12,
    0x50, 0x12, 0x71, 0x1a, 0x91, 0x1a, 0x50, 0x1a, 0x4f, 0x1a, 0x2e, 0x12,
    0x2e, 0x12, 0x52, 0x43, 0xff, 0xe7, 0xf9, 0xa5, 0x6e, 0x3a, 0xee, 0x21,
    0x30, 0x2a, 0xef, 0x19, 0x70, 0x1a, 0x0e, 0x0a, 0x90, 0x12, 0x4f, 0x0a,
    0x71, 0x1a, 0x91, 0x22, 0x2f, 0x2a, 0xd3, 0x63, 0x7f, 0xe7, 0xff, 0xff,
    0xff, 0xff, 0xff, 0xff, 0xff, 0xff, 0xff, 0xff, 0xff, 0xff, 0xff, 0xff,
    0xff, 0xff, 0xff, 0xff, 0xff, 0xff, 0xff, 0xff, 0xff, 0xff, 0x5d, 0xe7,
    0x51, 0x84, 0xdf, 0xff, 0xff, 0xff, 0xff, 0xff, 0xff, 0xff, 0xff, 0xff,
    0xff, 0xff, 0xde, 0xf7, 0xdf, 0xf7, 0xff, 0xff, 0xbf, 0xf7, 0xd8, 0xb5,
    0x15, 0x9d, 0x6f, 0x63, 0xf0, 0x73, 0xf5, 0x94, 0x3d, 0xdf, 0xff, 0xff,
    0xff, 0xff, 0xff, 0xff, 0xdf, 0xff, 0x19, 0xc6, 0xd0, 0x7b, 0x6f, 0x6b,
    0xf1, 0x7b, 0xd4, 0x9c, 0xdc, 0xd6, 0xff, 0xff, 0xff, 0xff, 0xbf, 0xef,
    0xb7, 0xb5, 0x1c, 0xdf, 0xff, 0xff, 0xbe, 0xf7, 0xff, 0xff, 0xff, 0xff,
    0xff, 0xff, 0xdf, 0xff, 0xdf, 0xff, 0xff, 0xff, 0xdf, 0xf7, 0xf1, 0x7b,
    0xbb, 0xce, 0xdf, 0xef, 0xbf, 0xef, 0xff, 0xff, 0xff, 0xff, 0x35, 0x9d,
    0x31, 0x84, 0x52, 0x84, 0x31, 0x7c, 0x72, 0x84, 0x72, 0x84, 0x76, 0xa5,
    0xff, 0xf7, 0xff, 0xff, 0x7e, 0xe7, 0xff, 0xff, 0xff, 0xff, 0xff, 0xff,
    0xff, 0xff, 0xff, 0xff, 0xff, 0xff, 0xff, 0xff, 0xff, 0xff, 0xff, 0xff,
    0xff, 0xff, 0xff, 0xff, 0xff, 0xff, 0xff, 0xff, 0xff, 0xff, 0xff, 0xff,
    0xff, 0xff, 0xff, 0xff, 0xff, 0xff, 0xff, 0xff, 0xff, 0xff, 0xff, 0xff,
    0xff, 0xff, 0xff, 0xff, 0xff, 0xff, 0xff, 0xff, 0xff, 0xff, 0xff, 0xff,
    0xff, 0xff, 0xff, 0xff, 0xff, 0xff, 0xff, 0xff, 0xff, 0xff, 0xff, 0xff,
    0xff, 0xff, 0xff, 0xff, 0xff, 0xff, 0xff, 0xff, 0xff, 0xff, 0xff, 0xff,
    0xff, 0xff, 0xff, 0xff, 0xff, 0xff, 0xff, 0xff, 0xff, 0xff, 0xff, 0xff,
    0xff, 0xff, 0xff, 0xff, 0xff, 0xff, 0xff, 0xff, 0xff, 0xff, 0xff, 0xff,
    0xfe, 0xff, 0xfe, 0xff, 0xfe, 0xff, 0xfe, 0xff, 0xfe, 0xff, 0xff, 0xff,
    0xff, 0xff, 0xff, 0xff, 0xff, 0xff, 0xff, 0xff, 0xbf, 0xff, 0xdf, 0xff,
    0xff, 0xff, 0xfe, 0xff, 0x9a, 0xff, 0x94, 0xee, 0xaf, 0xe5, 0xac, 0xf5,
    0xab, 0xf5, 0x8b, 0xf5, 0x8c, 0xed, 0x51, 0xee, 0x77, 0xff, 0xfc, 0xff,
    0xff, 0xff, 0x1f, 0xcf, 0xb1, 0x32, 0xf1, 0x19, 0x52, 0x22, 0x31, 0x12,
    0x30, 0x12, 0x0f, 0x0a, 0x50, 0x12, 0xae, 0x01, 0x0f, 0x12, 0x70, 0x22,
    0x2d, 0x1a, 0xf3, 0x53, 0xff, 0xdf, 0x15, 0x54, 0x2e, 0x12, 0x2f, 0x12,
    0x4f, 0x12, 0x71, 0x1a, 0x70, 0x1a, 0x30, 0x0a, 0x51, 0x12, 0x72, 0x12,
    0x10, 0x0a, 0x51, 0x0a, 0x71, 0x12, 0x51, 0x12, 0x0f, 0x0a, 0x50, 0x12,
    0x70, 0x1a, 0x50, 0x1a, 0x11, 0x33, 0x7f, 0xcf, 0xf6, 0x7c, 0xed, 0x19,
    0x10, 0x1a, 0x52, 0x1a, 0x31, 0x12, 0x71, 0x12, 0x91, 0x12, 0x0f, 0x02,
    0x70, 0x0a, 0xef, 0x09, 0x70, 0x22, 0x2e, 0x22, 0xfc, 0xad, 0xff, 0xff,
    0xff, 0xff, 0xff, 0xff, 0xff, 0xff, 0xff, 0xff, 0xff, 0xff, 0xff, 0xff,
    0xff, 0xff, 0xff, 0xff, 0xff, 0xff, 0xff, 0xff, 0xff, 0xff, 0xff, 0xff,
    0x5e, 0xe7, 0x51, 0x84, 0xdf, 0xf7, 0xff, 0xff, 0xff, 0xff, 0xff, 0xff,
    0xff, 0xff, 0xff, 0xff, 0xff, 0xff, 0xbf, 0xf7, 0xff, 0xff, 0x97, 0xad,
    0x52, 0x84, 0xd8, 0xb5, 0x3e, 0xdf, 0x5e, 0xdf, 0x15, 0x95, 0x6f, 0x63,
    0xdd, 0xce, 0xff, 0xf7, 0x5e, 0xe7, 0x32, 0x84, 0x4e, 0x6b, 0xfd, 0xde,
    0xdf, 0xff, 0xfd, 0xde, 0x56, 0xa5, 0x2e, 0x63, 0xf9, 0xbd, 0xff, 0xff,
    0xbf, 0xef, 0x52, 0x84, 0x39, 0xc6, 0xff, 0xff, 0xff, 0xff, 0xff, 0xff,
    0xff, 0xff, 0xff, 0xff, 0xff, 0xff, 0xff, 0xff, 0xff, 0xff, 0x56, 0xa5,
    0x6e, 0x63, 0x73, 0x84, 0xdf, 0xf7, 0xff, 0xf7, 0xff, 0xf7, 0xff, 0xf7,
    0x93, 0x84, 0xf5, 0x94, 0x9b, 0xce, 0xbb, 0xce, 0x9b, 0xce, 0x5a, 0xbe,
    0x8f, 0x63, 0xd0, 0x6b, 0xff, 0xf7, 0xff, 0xff, 0xdf, 0xf7, 0x9e, 0xef,
    0xff, 0xff, 0xff, 0xff, 0xff, 0xff, 0xff, 0xff, 0xff, 0xff, 0xff, 0xff,
    0xff, 0xff, 0xff, 0xff, 0xff, 0xff, 0xff, 0xff, 0xff, 0xff, 0xff, 0xff,
    0xff, 0xff, 0xff, 0xff, 0xff, 0xff, 0xff, 0xff, 0xff, 0xff, 0xff, 0xff,
    0xff, 0xff, 0xff, 0xff, 0xff, 0xff, 0xff, 0xff, 0xff, 0xff, 0xff, 0xff,
    0xff, 0xff, 0xff, 0xff, 0xff, 0xff, 0xff, 0xff, 0xff, 0xff, 0xff, 0xff,
    0xff, 0xff, 0xff, 0xff, 0xff, 0xff, 0xff, 0xff, 0xff, 0xff, 0xff, 0xff,
    0xff, 0xff, 0xff, 0xff, 0xff, 0xff, 0xff, 0xff, 0xff, 0xff, 0xff, 0xff,
    0xff, 0xff, 0xff, 0xff, 0xff, 0xff, 0xff, 0xff, 0xff, 0xff, 0xff, 0xff,
    0xfe, 0xff, 0xfe, 0xff, 0xfe, 0xff, 0xfe, 0xff, 0xff, 0xff, 0xff, 0xff,
    0xff, 0xff, 0xff, 0xff, 0xff, 0xff, 0xff, 0xff, 0xff, 0xff, 0xdf, 0xff,
    0xff, 0xff, 0xfd, 0xff, 0x7a, 0xff, 0x94, 0xf6, 0xef, 0xe5, 0x8c, 0xe5,
    0x8b, 0xf5, 0x6b, 0xf5, 0x8c, 0xed, 0x2f, 0xf6, 0x36, 0xff, 0xfb, 0xff,
    0xfe, 0xff, 0xff, 0xf7, 0xff, 0xef, 0xd8, 0x7c, 0x10, 0x1a, 0x30, 0x1a,
    0x50, 0x12, 0x70, 0x12, 0x90, 0x12, 0x8f, 0x12, 0x91, 0x12, 0x91, 0x1a,
    0x6f, 0x1a, 0x4d, 0x12, 0xf2, 0x4b, 0xff, 0xd7, 0x15, 0x54, 0x90, 0x22,
    0x70, 0x1a, 0x30, 0x0a, 0x51, 0x12, 0x72, 0x12, 0x31, 0x0a, 0x31, 0x0a,
    0x93, 0x12, 0x93, 0x12, 0x11, 0x0a, 0x11, 0x0a, 0x52, 0x12, 0x72, 0x12,
    0x91, 0x1a, 0x10, 0x12, 0x0f, 0x0a, 0x53, 0x3b, 0xdf, 0xd7, 0xf8, 0x74,
    0x2f, 0x1a, 0x31, 0x1a, 0x32, 0x12, 0x33, 0x0a, 0x31, 0x02, 0xb3, 0x12,
    0x71, 0x0a, 0xf2, 0x1a, 0x30, 0x12, 0x4f, 0x1a, 0xd4, 0x5b, 0x3f, 0xdf,
    0xff, 0xff, 0xff, 0xff, 0xff, 0xff, 0xff, 0xff, 0xff, 0xff, 0xff, 0xff,
    0xff, 0xff, 0xff, 0xff, 0xff, 0xff, 0xff, 0xff, 0xff, 0xff, 0xff, 0xff,
    0xff, 0xff, 0x5e, 0xef, 0x31, 0x84, 0xdf, 0xff, 0xff, 0xff, 0xff, 0xff,
    0xdf, 0xff, 0xbe, 0xff, 0xff, 0xff, 0xff, 0xff, 0xff, 0xff, 0xbf, 0xf7,
    0xf1, 0x7b, 0x97, 0xa5, 0xff, 0xf7, 0xff, 0xf7, 0xff, 0xf7, 0x9f, 0xe7,
    0xb4, 0x84, 0x77, 0x9d, 0x9f, 0xe7, 0x3a, 0xbe, 0x32, 0x84, 0xbf, 0xf7,
    0x9f, 0xf7, 0xff, 0xff, 0xff, 0xff, 0xff, 0xf7, 0x5e, 0xe7, 0xed, 0x52,
    0x7f, 0xef, 0xff, 0xf7, 0x52, 0x84, 0xd8, 0xb5, 0xff, 0xff, 0xff, 0xff,
    0xff, 0xff, 0xff, 0xff, 0xbf, 0xf7, 0xff, 0xff, 0xff, 0xff, 0xdf, 0xf7,
    0x4e, 0x5b, 0x7b, 0xc6, 0x8f, 0x63, 0xfd, 0xce, 0xff, 0xf7, 0xff, 0xf7,
    0xbf, 0xef, 0x32, 0x7c, 0xb8, 0xad, 0xff, 0xff, 0xff, 0xff, 0xdf, 0xf7,
    0xff, 0xf7, 0x5e, 0xdf, 0xf1, 0x73, 0xdc, 0xce, 0xbf, 0xef, 0xff, 0xff,
    0xff, 0xff, 0xbf, 0xf7, 0xff, 0xff, 0xff, 0xff, 0xff, 0xff, 0xff, 0xff,
    0xff, 0xff, 0xff, 0xff, 0xff, 0xff, 0xff, 0xff, 0xff, 0xff, 0xff, 0xff,
    0xff, 0xff, 0xff, 0xff, 0xff, 0xff, 0xff, 0xff, 0xff, 0xff, 0xff, 0xff,
    0xff, 0xff, 0xff, 0xff, 0xff, 0xff, 0xff, 0xff, 0xff, 0xff, 0xff, 0xff,
    0xff, 0xff, 0xff, 0xff, 0xff, 0xff, 0xff, 0xff, 0xff, 0xff, 0xff, 0xff,
    0xff, 0xff, 0xff, 0xff, 0xff, 0xff, 0xff, 0xff, 0xff, 0xff, 0xff, 0xff,
    0xff, 0xff, 0xff, 0xff, 0xff, 0xff, 0xff, 0xff, 0xff, 0xff, 0xff, 0xff,
    0xff, 0xff, 0xff, 0xff, 0xff, 0xff, 0xff, 0xff, 0xff, 0xff, 0xff, 0xff,
    0xff, 0xff, 0xff, 0xff, 0xff, 0xff, 0xfe, 0xff, 0xff, 0xff, 0xff, 0xff,
    0xff, 0xff, 0xff, 0xff, 0xff, 0xff, 0xff, 0xff, 0xff, 0xff, 0xff, 0xff,
    0xfe, 0xff, 0xfd, 0xff, 0xbb, 0xff, 0xf5, 0xfe, 0xef, 0xe5, 0x8d, 0xe5,
    0xcc, 0xf5, 0x8b, 0xf5, 0xac, 0xed, 0x2f, 0xf6, 0x15, 0xff, 0xda, 0xff,
    0xfd, 0xff, 0xff, 0xff, 0xff, 0xf7, 0xff, 0xf7, 0x1f, 0xcf, 0x53, 0x53,
    0x90, 0x2a, 0x2f, 0x12, 0x4f, 0x0a, 0xd0, 0x12, 0x4e, 0x02, 0x50, 0x0a,
    0x90, 0x12, 0x4e, 0x0a, 0x8e, 0x1a, 0x33, 0x54, 0x7f, 0xc7, 0xf4, 0x4b,
    0x6f, 0x1a, 0x71, 0x1a, 0xf0, 0x01, 0x51, 0x0a, 0xb3, 0x1a, 0x52, 0x0a,
    0x11, 0x02, 0x32, 0x0a, 0x32, 0x0a, 0x72, 0x0a, 0x52, 0x12, 0x72, 0x12,
    0x31, 0x0a, 0x51, 0x12, 0x30, 0x12, 0x10, 0x12, 0x33, 0x33, 0xdf, 0xd7,
    0xd8, 0x6c, 0x50, 0x1a, 0x51, 0x1a, 0x32, 0x0a, 0x94, 0x12, 0x11, 0x02,
    0x52, 0x02, 0x51, 0x02, 0x50, 0x0a, 0x6f, 0x1a, 0x6e, 0x2a, 0xdf, 0xc6,
    0xff, 0xf7, 0xff, 0xff, 0xdf, 0xff, 0xff, 0xff, 0xff, 0xff, 0xff, 0xff,
    0xff, 0xff, 0xff, 0xff, 0xff, 0xff, 0xff, 0xff, 0xff, 0xff, 0xff, 0xff,
    0xff, 0xff, 0xff, 0xff, 0x5d, 0xef, 0x51, 0x84, 0xdf, 0xf7, 0xff, 0xff,
    0xff, 0xff, 0xff, 0xff, 0xff, 0xff, 0xff, 0xff, 0x9f, 0xf7, 0xff, 0xff,
    0xff, 0xff, 0x4e, 0x63, 0xf9, 0xb5, 0xff, 0xf7, 0xbf, 0xef, 0xdf, 0xef,
    0xff, 0xf7, 0xde, 0xce, 0xbd, 0xc6, 0xff, 0xf7, 0x2f, 0x5b, 0xf9, 0xbd,
    0xff, 0xff, 0xff, 0xff, 0xff, 0xf7, 0xff, 0xf7, 0xff, 0xff, 0x7f, 0xe7,
    0x73, 0x84, 0xd8, 0xb5, 0xbf, 0xf7, 0x73, 0x8c, 0x19, 0xbe, 0xff, 0xff,
    0xff, 0xff, 0xff, 0xff, 0xff, 0xff, 0xff, 0xf7, 0xff, 0xff, 0xdf, 0xef,
    0xdc, 0xce, 0xf0, 0x73, 0xff, 0xf7, 0x52, 0x7c, 0x36, 0x95, 0xff, 0xef,
    0xff, 0xf7, 0xff, 0xf7, 0x73, 0x7c, 0x98, 0xad, 0xff, 0xf7, 0xff, 0xf7,
    0xff, 0xf7, 0xff, 0xf7, 0xdf, 0xef, 0xac, 0x4a, 0x1d, 0xd7, 0xff, 0xff,
    0xdf, 0xf7, 0xff, 0xff, 0xff, 0xff, 0xff, 0xff, 0xff, 0xff, 0xff, 0xff,
    0xff, 0xff, 0xff, 0xff, 0xff, 0xff, 0xff, 0xff, 0xff, 0xff, 0xff, 0xff,
    0xff, 0xff, 0xff, 0xff, 0xff, 0xff, 0xff, 0xff, 0xff, 0xff, 0xff, 0xff,
    0xff, 0xff, 0xff, 0xff, 0xff, 0xff, 0xff, 0xff, 0xff, 0xff, 0xff, 0xff,
    0xff, 0xff, 0xff, 0xff, 0xff, 0xff, 0xff, 0xff, 0xff, 0xff, 0xff, 0xff,
    0xff, 0xff, 0xff, 0xff, 0xff, 0xff, 0xff, 0xff, 0xff, 0xff, 0xff, 0xff,
    0xff, 0xff, 0xff, 0xff, 0xff, 0xff, 0xff, 0xff, 0xff, 0xff, 0xff, 0xff,
    0xff, 0xff, 0xff, 0xff, 0xff, 0xff, 0xff, 0xff, 0xff, 0xff, 0xff, 0xff,
    0xff, 0xff, 0xff, 0xff, 0xff, 0xff, 0xff, 0xff, 0xff, 0xff, 0xff, 0xff,
    0xff, 0xff, 0xff, 0xff, 0xff, 0xff, 0xff, 0xff, 0xff, 0xff, 0xff, 0xff,
    0xff, 0xff, 0xfd, 0xff, 0xdb, 0xff, 0xd5, 0xf6, 0xef, 0xed, 0xac, 0xed,
    0xac, 0xf5, 0xcc, 0xfd, 0x8c, 0xed, 0x2f, 0xf6, 0x15, 0xff, 0xdb, 0xff,
    0xfd, 0xff, 0xff, 0xff, 0xff, 0xf7, 0xff, 0xf7, 0xff, 0xff, 0xff, 0xff,
    0xbb, 0xad, 0x8f, 0x32, 0x4e, 0x1a, 0x6e, 0x0a, 0x6e, 0x02, 0xb0, 0x0a,
    0x91, 0x0a, 0x71, 0x0a, 0x4f, 0x0a, 0x0d, 0x0a, 0x13, 0x54, 0xff, 0xd7,
    0x15, 0x64, 0xee, 0x19, 0x50, 0x12, 0x51, 0x0a, 0x52, 0x12, 0x52, 0x12,
    0x52, 0x0a, 0x52, 0x12, 0x52, 0x12, 0x52, 0x0a, 0x72, 0x12, 0x32, 0x0a,
    0x52, 0x12, 0x51, 0x12, 0x51, 0x12, 0x31, 0x12, 0x50, 0x12, 0x13, 0x33,
    0x9f, 0xcf, 0xf9, 0x74, 0x4f, 0x1a, 0x50, 0x12, 0xb3, 0x1a, 0x52, 0x0a,
    0x32, 0x0a, 0x73, 0x12, 0x30, 0x0a, 0x2f, 0x12, 0xaf, 0x2a, 0x17, 0x85,
    0xff, 0xf7, 0xff, 0xff, 0x9f, 0xf7, 0xff, 0xff, 0xff, 0xff, 0xff, 0xff,
    0xff, 0xff, 0xff, 0xff, 0xff, 0xff, 0xff, 0xff, 0xff, 0xff, 0xff, 0xff,
    0xff, 0xff, 0xff, 0xff, 0xff, 0xff, 0x5e, 0xe7, 0x51, 0x84, 0xdf, 0xf7,
    0xff, 0xff, 0xff, 0xff, 0xff, 0xff, 0xff, 0xff, 0xff, 0xff, 0xff, 0xff,
    0xff, 0xff, 0xff, 0xff, 0x97, 0xad, 0xd0, 0x6b, 0xf6, 0x94, 0x3a, 0xb6,
    0xfe, 0xce, 0xff, 0xf7, 0xff, 0xef, 0xff, 0xef, 0x3f, 0xd7, 0x70, 0x5b,
    0xbf, 0xf7, 0xdf, 0xff, 0xff, 0xff, 0xff, 0xff, 0xbf, 0xf7, 0xff, 0xff,
    0xff, 0xff, 0x57, 0xa5, 0xd4, 0x8c, 0xbf, 0xef, 0x32, 0x7c, 0x19, 0xbe,
    0xff, 0xff, 0xff, 0xff, 0xff, 0xff, 0xff, 0xff, 0xff, 0xf7, 0xff, 0xf7,
    0xdf, 0xef, 0x93, 0x84, 0x19, 0xb6, 0xbf, 0xe7, 0x9b, 0xc6, 0xf1, 0x6b,
    0xbf, 0xe7, 0xff, 0xf7, 0xdf, 0xef, 0x53, 0x7c, 0xd9, 0xb5, 0x7f, 0xe7,
    0xdf, 0xef, 0xff, 0xf7, 0xff, 0xef, 0xd5, 0x8c, 0x93, 0x84, 0x7f, 0xe7,
    0xff, 0xff, 0xff, 0xff, 0xff, 0xf7, 0xff, 0xff, 0xff, 0xff, 0xff, 0xff,
    0xff, 0xff, 0xff, 0xff, 0xff, 0xff, 0xff, 0xff, 0xff, 0xff, 0xff, 0xff,
    0xff, 0xff, 0xff, 0xff, 0xff, 0xff, 0xff, 0xff, 0xff, 0xff, 0xff, 0xff,
    0xff, 0xff, 0xff, 0xff, 0xff, 0xff, 0xff, 0xff, 0xff, 0xff, 0xff, 0xff,
    0xff, 0xff, 0xff, 0xff, 0xff, 0xff, 0xff, 0xff, 0xff, 0xff, 0xff, 0xff,
    0xff, 0xff, 0xff, 0xff, 0xff, 0xff, 0xff, 0xff, 0xff, 0xff, 0xff, 0xff,
    0xff, 0xff, 0xff, 0xff, 0xff, 0xff, 0xff, 0xff, 0xff, 0xff, 0xff, 0xff,
    0xff, 0xff, 0xff, 0xff, 0xff, 0xff, 0xff, 0xff, 0xff, 0xff, 0xff, 0xff,
    0xff, 0xff, 0xff, 0xff, 0xff, 0xff, 0xff, 0xff, 0xff, 0xff, 0xff, 0xff,
    0xff, 0xff, 0xff, 0xff, 0xff, 0xff, 0xff, 0xff, 0xdf, 0xff, 0xdf, 0xff,
    0xff, 0xff, 0xfe, 0xff, 0xfb, 0xff, 0x36, 0xff, 0x30, 0xe6, 0x8c, 0xe5,
    0xab, 0xf5, 0xab, 0xfd, 0xac, 0xed, 0x0f, 0xf6, 0xd4, 0xfe, 0x9a, 0xff,
    0xfd, 0xff, 0xff, 0xff, 0xff, 0xff, 0xff, 0xff, 0xdf, 0xff, 0xbe, 0xff,
    0xff, 0xff, 0xbf, 0xf7, 0x9a, 0x9d, 0x0d, 0x12, 0x2e, 0x0a, 0x11, 0x1b,
    0x2f, 0x02, 0x51, 0x02, 0x93, 0x0a, 0xb2, 0x1a, 0x2f, 0x12, 0xd3, 0x4b,
    0xbf, 0xd7, 0xf6, 0x63, 0x2f, 0x22, 0x51, 0x12, 0x51, 0x12, 0x52, 0x12,
    0x52, 0x0a, 0x52, 0x12, 0x52, 0x12, 0x52, 0x0a, 0x52, 0x12, 0x52, 0x12,
    0x31, 0x0a, 0x51, 0x12, 0x31, 0x12, 0x51, 0x1a, 0x50, 0x12, 0x30, 0x12,
    0x13, 0x33, 0xdf, 0xd7, 0x78, 0x6c, 0x6f, 0x22, 0x6f, 0x1a, 0xef, 0x01,
    0x10, 0x02, 0xb4, 0x1a, 0xf1, 0x01, 0xd3, 0x2a, 0xac, 0x09, 0x13, 0x64,
    0x9f, 0xdf, 0xff, 0xff, 0xff, 0xff, 0xff, 0xff, 0xbf, 0xff, 0xff, 0xff,
    0xff, 0xff, 0xff, 0xff, 0xff, 0xff, 0xff, 0xff, 0xff, 0xff, 0xff, 0xff,
    0xff, 0xff, 0xff, 0xff, 0xff, 0xff, 0xff, 0xff, 0x5e, 0xef, 0x51, 0x84,
    0xdf, 0xff, 0xff, 0xff, 0xff, 0xff, 0xff, 0xff, 0xdf, 0xff, 0xbf, 0xff,
    0xdf, 0xff, 0xff, 0xff, 0xff, 0xff, 0xff, 0xff, 0xbc, 0xce, 0xb5, 0x8c,
    0x73, 0x7c, 0x90, 0x63, 0xf2, 0x73, 0xfa, 0xad, 0xdf, 0xef, 0xbd, 0xc6,
    0x90, 0x63, 0x9f, 0xef, 0xff, 0xff, 0xdf, 0xf7, 0xff, 0xff, 0xff, 0xff,
    0xff, 0xf7, 0x9f, 0xef, 0x7b, 0xc6, 0x12, 0x7c, 0xbf, 0xef, 0x73, 0x84,
    0x19, 0xbe, 0xff, 0xf7, 0xff, 0xff, 0xff, 0xff, 0xdf, 0xf7, 0xff, 0xff,
    0xdf, 0xef, 0xbf, 0xe7, 0x8f, 0x63, 0x9f, 0xe7, 0xff, 0xf7, 0x7f, 0xdf,
    0xd1, 0x6b, 0x5b, 0xbe, 0xdf, 0xef, 0xff, 0xf7, 0xf2, 0x73, 0x0e, 0x53,
    0x74, 0x84, 0x12, 0x74, 0xf1, 0x73, 0xf1, 0x6b, 0x4f, 0x5b, 0x1d, 0xd7,
    0xff, 0xf7, 0xff, 0xff, 0xff, 0xff, 0xff, 0xff, 0xff, 0xff, 0xff, 0xff,
    0xff, 0xff, 0xff, 0xff, 0xff, 0xff, 0xff, 0xff, 0xff, 0xff, 0xff, 0xff,
    0xff, 0xff, 0xff, 0xff, 0xff, 0xff, 0xff, 0xff, 0xff, 0xff, 0xff, 0xff,
    0xff, 0xff, 0xff, 0xff, 0xff, 0xff, 0xff, 0xff, 0xff, 0xff, 0xff, 0xff,
    0xff, 0xff, 0xff, 0xff, 0xff, 0xff, 0xff, 0xff, 0xff, 0xff, 0xff, 0xff,
    0xff, 0xff, 0xff, 0xff, 0xff, 0xff, 0xff, 0xff, 0xff, 0xff, 0xff, 0xff,
    0xff, 0xff, 0xff, 0xff, 0xff, 0xff, 0xff, 0xff, 0xff, 0xff, 0xff, 0xff,
    0xff, 0xff, 0xff, 0xff, 0xff, 0xff, 0xff, 0xff, 0xff, 0xff, 0xff, 0xff,
    0xff, 0xff, 0xff, 0xff, 0xff, 0xff, 0xff, 0xff, 0xff, 0xff, 0xff, 0xff,
    0xff, 0xff, 0xff, 0xff, 0xff, 0xff, 0xff, 0xff, 0xff, 0xff, 0xdf, 0xff,
    0xbf, 0xff, 0xff, 0xff, 0xfb, 0xff, 0x36, 0xf7, 0x50, 0xe6, 0xcd, 0xe5,
    0x8b, 0xed, 0x8b, 0xf5, 0xac, 0xf5, 0xce, 0xed, 0xd4, 0xfe, 0xb9, 0xff,
    0xfe, 0xff, 0xff, 0xff, 0xdf, 0xff, 0xff, 0xff, 0xff, 0xff, 0xdf, 0xff,
    0xbe, 0xff, 0xff, 0xff, 0xff, 0xff, 0x9f, 0xe7, 0x56, 0x6c, 0x6f, 0x22,
    0x0e, 0x02, 0xb2, 0x12, 0x73, 0x12, 0x12, 0x0a, 0x10, 0x0a, 0x10, 0x1a,
    0xf6, 0x5b, 0x7f, 0xd7, 0xd6, 0x63, 0x30, 0x2a, 0x31, 0x12, 0x51, 0x12,
    0x51, 0x12, 0x51, 0x0a, 0x51, 0x12, 0x52, 0x12, 0x32, 0x12, 0x52, 0x12,
    0x52, 0x12, 0x31, 0x12, 0x51, 0x12, 0x31, 0x12, 0x51, 0x1a, 0x30, 0x1a,
    0x30, 0x12, 0x13, 0x33, 0xdf, 0xd7, 0x3a, 0x85, 0x0d, 0x12, 0xed, 0x09,
    0xf1, 0x2a, 0x50, 0x12, 0xf0, 0x09, 0x92, 0x22, 0x0f, 0x1a, 0xd4, 0x63,
    0xbc, 0xc6, 0xff, 0xff, 0xff, 0xff, 0xde, 0xff, 0xff, 0xff, 0xdf, 0xff,
    0xff, 0xff, 0xff, 0xff, 0xff, 0xff, 0xff, 0xff, 0xff, 0xff, 0xff, 0xff,
    0xff, 0xff, 0xff, 0xff, 0xff, 0xff, 0xff, 0xff, 0xff, 0xff, 0x5d, 0xe7,
    0x51, 0x84, 0xdf, 0xf7, 0xff, 0xff, 0xff, 0xff, 0xff, 0xff, 0xff, 0xff,
    0xff, 0xff, 0xff, 0xff, 0xff, 0xff, 0xdf, 0xf7, 0x5f, 0xe7, 0xff, 0xf7,
    0xff, 0xff, 0xbf, 0xef, 0x9f, 0xe7, 0xd9, 0xad, 0xd1, 0x6b, 0xf6, 0x8c,
    0x3f, 0xd7, 0x2f, 0x5b, 0xbf, 0xef, 0xff, 0xff, 0xff, 0xff, 0xff, 0xf7,
    0xdf, 0xf7, 0xff, 0xff, 0xff, 0xf7, 0xb8, 0xad, 0xd4, 0x8c, 0xdf, 0xef,
    0x52, 0x84, 0x3a, 0xbe, 0xff, 0xff, 0xff, 0xf7, 0xff, 0xff, 0xff, 0xf7,
    0xff, 0xff, 0xff, 0xf7, 0xb7, 0xa5, 0x8b, 0x42, 0x97, 0xa5, 0x56, 0x9d,
    0xf9, 0xad, 0xb0, 0x63, 0x32, 0x74, 0xbf, 0xe7, 0xff, 0xf7, 0xb4, 0x8c,
    0xd5, 0x8c, 0x3e, 0xdf, 0x3f, 0xe7, 0x5f, 0xe7, 0x9c, 0xc6, 0x52, 0x7c,
    0x77, 0xa5, 0x7e, 0xe7, 0xff, 0xf7, 0xff, 0xff, 0xff, 0xff, 0xdf, 0xff,
    0xff, 0xff, 0xff, 0xff, 0xff, 0xff, 0xff, 0xff, 0xff, 0xff, 0xff, 0xff,
    0xff, 0xff, 0xff, 0xff, 0xff, 0xff, 0xff, 0xff, 0xff, 0xff, 0xff, 0xff,
    0xff, 0xff, 0xff, 0xff, 0xff, 0xff, 0xff, 0xff, 0xff, 0xff, 0xff, 0xff,
    0xff, 0xff, 0xff, 0xff, 0xff, 0xff, 0xff, 0xff, 0xff, 0xff, 0xff, 0xff,
    0xff, 0xff, 0xff, 0xff, 0xff, 0xff, 0xff, 0xff, 0xff, 0xff, 0xff, 0xff,
    0xff, 0xff, 0xff, 0xff, 0xff, 0xff, 0xff, 0xff, 0xff, 0xff, 0xff, 0xff,
    0xff, 0xff, 0xff, 0xff, 0xff, 0xff, 0xff, 0xff, 0xff, 0xff, 0xfe, 0xff,
    0xfe, 0xff, 0xff, 0xff, 0xff, 0xff, 0xff, 0xff, 0xff, 0xff, 0xff, 0xff,
    0xff, 0xff, 0xff, 0xff, 0xff, 0xff, 0xff, 0xff, 0xdf, 0xff, 0xdf, 0xff,
    0xff, 0xff, 0xdf, 0xff, 0xdc, 0xff, 0x57, 0xf7, 0x51, 0xe6, 0xcd, 0xdd,
    0xed, 0xed, 0xcc, 0xf5, 0x8b, 0xed, 0xce, 0xed, 0x92, 0xfe, 0x99, 0xff,
    0xfd, 0xff, 0xff, 0xff, 0xff, 0xff, 0xff, 0xff, 0xff, 0xff, 0xff, 0xff,
    0xff, 0xff, 0xfe, 0xff, 0x9e, 0xff, 0xff, 0xff, 0x3f, 0xdf, 0xff, 0xef,
    0xd4, 0x53, 0x2e, 0x12, 0x71, 0x1a, 0x52, 0x12, 0x32, 0x12, 0xf0, 0x11,
    0xef, 0x11, 0xf6, 0x5b, 0x9f, 0xd7, 0xd7, 0x63, 0x10, 0x22, 0x31, 0x12,
    0x51, 0x12, 0x51, 0x12, 0x51, 0x12, 0x51, 0x12, 0x51, 0x0a, 0x31, 0x12,
    0x51, 0x12, 0x51, 0x12, 0x31, 0x12, 0x51, 0x1a, 0x30, 0x12, 0x51, 0x12,
    0x50, 0x12, 0x30, 0x12, 0x12, 0x33, 0x7f, 0xcf, 0xd8, 0x7c, 0x6e, 0x22,
    0x2d, 0x12, 0x2e, 0x12, 0x4f, 0x1a, 0x71, 0x22, 0x8d, 0x11, 0x11, 0x43,
    0xdf, 0xce, 0xff, 0xff, 0xbe, 0xf7, 0xfe, 0xff, 0xff, 0xff, 0xbf, 0xff,
    0xff, 0xff, 0xff, 0xff, 0xff, 0xff, 0xff, 0xff, 0xff, 0xff, 0xff, 0xff,
    0xff, 0xff, 0xff, 0xff, 0xff, 0xff, 0xff, 0xff, 0xff, 0xff, 0xff, 0xff,
    0x5e, 0xef, 0x31, 0x84, 0xdf, 0xf7, 0xff, 0xff, 0xff, 0xff, 0xdf, 0xff,
    0xdf, 0xff, 0xff, 0xff, 0xff, 0xff, 0xbf, 0xf7, 0xbf, 0xf7, 0x52, 0x84,
    0xff, 0xf7, 0xff, 0xf7, 0xff, 0xf7, 0xff, 0xef, 0xff, 0xf7, 0xdd, 0xce,
    0x90, 0x63, 0xbc, 0xc6, 0xf1, 0x6b, 0x3a, 0xbe, 0xff, 0xf7, 0xff, 0xff,
    0xff, 0xff, 0x9f, 0xe7, 0xff, 0xff, 0xdf, 0xef, 0xd0, 0x6b, 0x5a, 0xbe,
    0xdf, 0xef, 0x11, 0x74, 0x3a, 0xbe, 0xff, 0xff, 0x9f, 0xef, 0xff, 0xf7,
    0xdf, 0xf7, 0xdf, 0xef, 0xdf, 0xef, 0x8f, 0x6b, 0x76, 0x9d, 0xb8, 0xa5,
    0x15, 0x95, 0xd9, 0xad, 0x56, 0x95, 0xb0, 0x6b, 0x5f, 0xdf, 0xbf, 0xef,
    0x11, 0x74, 0x19, 0xbe, 0xdf, 0xf7, 0xff, 0xf7, 0xff, 0xf7, 0xff, 0xff,
    0x7b, 0xc6, 0x2d, 0x5b, 0xff, 0xf7, 0xff, 0xff, 0xdf, 0xf7, 0xff, 0xff,
    0xff, 0xff, 0xff, 0xff, 0xff, 0xff, 0xff, 0xff, 0xff, 0xff, 0xff, 0xff,
    0xff, 0xff, 0xff, 0xff, 0xff, 0xff, 0xff, 0xff, 0xff, 0xff, 0xff, 0xff,
    0xff, 0xff, 0xff, 0xff, 0xff, 0xff, 0xff, 0xff, 0xff, 0xff, 0xff, 0xff,
    0xff, 0xff, 0xff, 0xff, 0xff, 0xff, 0xff, 0xff, 0xff, 0xff, 0xff, 0xff,
    0xff, 0xff, 0xff, 0xff, 0xff, 0xff, 0xff, 0xff, 0xff, 0xff, 0xff, 0xff,
    0xff, 0xff, 0xff, 0xff, 0xff, 0xff, 0xff, 0xff, 0xff, 0xff, 0xff, 0xff,
    0xff, 0xff, 0xff, 0xff, 0xff, 0xff, 0xff, 0xff, 0xff, 0xff, 0xff, 0xff,
    0xfe, 0xff, 0xff, 0xff, 0xff, 0xff, 0xff, 0xff, 0xff, 0xff, 0xff, 0xff,
    0xff, 0xff, 0xff, 0xff, 0xff, 0xff, 0xff, 0xff, 0xff, 0xff, 0xbe, 0xff,
    0xde, 0xff, 0xfd, 0xff, 0xdc, 0xff, 0x38, 0xff, 0x51, 0xe6, 0x0d, 0xe6,
    0xcc, 0xe5, 0xcd, 0xe5, 0xad, 0xe5, 0xee, 0xed, 0xb3, 0xfe, 0x98, 0xff,
    0xfc, 0xff, 0xfe, 0xff, 0xff, 0xff, 0xff, 0xff, 0xff, 0xff, 0xff, 0xff,
    0xff, 0xff, 0xff, 0xff, 0xbe, 0xff, 0xdf, 0xff, 0x5f, 0xf7, 0xff, 0xff,
    0x7f, 0xdf, 0x7f, 0xd7, 0x35, 0x64, 0x4f, 0x22, 0xae, 0x11, 0x72, 0x22,
    0xb2, 0x32, 0xef, 0x19, 0x94, 0x4b, 0xbf, 0xd7, 0x38, 0x64, 0x10, 0x1a,
    0x51, 0x12, 0x51, 0x12, 0x51, 0x12, 0x51, 0x0a, 0x51, 0x12, 0x51, 0x12,
    0x51, 0x12, 0x51, 0x12, 0x51, 0x12, 0x31, 0x12, 0x51, 0x12, 0x30, 0x12,
    0x51, 0x12, 0x50, 0x12, 0x50, 0x12, 0x12, 0x33, 0xbf, 0xd7, 0x96, 0x6c,
    0x6e, 0x2a, 0xaf, 0x2a, 0x2e, 0x1a, 0x8c, 0x09, 0x90, 0x2a, 0x73, 0x53,
    0xff, 0xce, 0x9f, 0xe7, 0xff, 0xff, 0xff, 0xff, 0xfe, 0xff, 0xff, 0xff,
    0xff, 0xff, 0xdf, 0xff, 0xff, 0xff, 0xff, 0xff, 0xff, 0xff, 0xff, 0xff,
    0xff, 0xff, 0xff, 0xff, 0xff, 0xff, 0xff, 0xff, 0xff, 0xff, 0xff, 0xff,
    0xff, 0xff, 0x5e, 0xef, 0x51, 0x84, 0xdf, 0xff, 0xff, 0xff, 0xff, 0xff,
    0xff, 0xff, 0xff, 0xff, 0xff, 0xff, 0xdf, 0xff, 0x9f, 0xf7, 0x9f, 0xef,
    0x6e, 0x63, 0x3a, 0xbe, 0x9f, 0xe7, 0xff, 0xf7, 0xff, 0xf7, 0xff, 0xf7,
    0x7b, 0xbe, 0x90, 0x63, 0x3e, 0xdf, 0xf9, 0xb5, 0xd0, 0x73, 0xdf, 0xf7,
    0xbf, 0xef, 0xbf, 0xef, 0xff, 0xff, 0xff, 0xf7, 0xfd, 0xd6, 0x2e, 0x53,
    0x7f, 0xe7, 0xff, 0xf7, 0x52, 0x7c, 0x5a, 0xbe, 0xff, 0xff, 0xff, 0xff,
    0xff, 0xff, 0xff, 0xff, 0xff, 0xff, 0x5a, 0xbe, 0x8f, 0x63, 0xff, 0xf7,
    0xdf, 0xef, 0xff, 0xf7, 0xdf, 0xef, 0x9f, 0xe7, 0x53, 0x7c, 0x36, 0x9d,
    0xff, 0xf7, 0xd0, 0x73, 0x5a, 0xc6, 0xdf, 0xf7, 0xdf, 0xf7, 0xff, 0xff,
    0xbf, 0xef, 0xdf, 0xf7, 0xcc, 0x52, 0xdf, 0xff, 0xff, 0xff, 0xbf, 0xff,
    0xff, 0xff, 0xff, 0xff, 0xff, 0xff, 0xff, 0xff, 0xff, 0xff, 0xff, 0xff,
    0xff, 0xff, 0xff, 0xff, 0xff, 0xff, 0xff, 0xff, 0xff, 0xff, 0xff, 0xff,
    0xff, 0xff, 0xff, 0xff, 0xff, 0xff, 0xff, 0xff, 0xff, 0xff, 0xff, 0xff,
    0xff, 0xff, 0xff, 0xff, 0xff, 0xff, 0xff, 0xff, 0xff, 0xff, 0xff, 0xff,
    0xff, 0xff, 0xff, 0xff, 0xff, 0xff, 0xff, 0xff, 0xff, 0xff, 0xff, 0xff,
    0xff, 0xff, 0xff, 0xff, 0xff, 0xff, 0xff, 0xff, 0xff, 0xff, 0xff, 0xff,
    0xff, 0xff, 0xff, 0xff, 0xff, 0xff, 0xff, 0xff, 0xff, 0xff, 0xff, 0xff,
    0xff, 0xff, 0xff, 0xff, 0xff, 0xff, 0xff, 0xff, 0xff, 0xff, 0xff, 0xff,
    0xff, 0xff, 0xff, 0xff, 0xff, 0xff, 0xdf, 0xff, 0xff, 0xff, 0xfe, 0xff,
    0xfd, 0xff, 0xfc, 0xff, 0xfb, 0xff, 0x58, 0xff, 0x72, 0xe6, 0xac, 0xdd,
    0x0c, 0xee, 0xed, 0xed, 0x8c, 0xdd, 0x8d, 0xdd, 0xb3, 0xf6, 0x99, 0xff,
    0xfc, 0xff, 0xfe, 0xff, 0xff, 0xff, 0xdf, 0xf7, 0xff, 0xff, 0xff, 0xff,
    0xff, 0xff, 0xff, 0xff, 0xfe, 0xff, 0xbd, 0xff, 0xbe, 0xff, 0xff, 0xff,
    0x9f, 0xf7, 0xff, 0xf7, 0xff, 0xf7, 0x7f, 0xdf, 0xb7, 0x7c, 0x6f, 0x32,
    0xee, 0x21, 0xee, 0x21, 0x0e, 0x22, 0xf4, 0x5b, 0xbf, 0xc7, 0xf6, 0x53,
    0x71, 0x1a, 0x50, 0x12, 0x51, 0x12, 0x50, 0x12, 0x51, 0x12, 0x51, 0x12,
    0x31, 0x12, 0x51, 0x12, 0x31, 0x12, 0x51, 0x12, 0x30, 0x12, 0x51, 0x12,
    0x51, 0x12, 0x51, 0x12, 0x50, 0x12, 0x50, 0x12, 0x12, 0x33, 0xff, 0xd7,
    0xf7, 0x7c, 0x0c, 0x1a, 0xed, 0x11, 0x90, 0x2a, 0x2e, 0x22, 0x15, 0x64,
    0x5f, 0xcf, 0xff, 0xf7, 0x9f, 0xef, 0xdf, 0xff, 0xff, 0xff, 0xde, 0xff,
    0xff, 0xff, 0xff, 0xff, 0xdf, 0xff, 0xff, 0xff, 0xff, 0xff, 0xff, 0xff,
    0xff, 0xff, 0xff, 0xff, 0xff, 0xff, 0xff, 0xff, 0xff, 0xff, 0xff, 0xff,
    0xff, 0xff, 0xff, 0xff, 0x5d, 0xe7, 0x51, 0x84, 0xdf, 0xf7, 0xff, 0xff,
    0xff, 0xff, 0xff, 0xff, 0xff, 0xff, 0xff, 0xff, 0xff, 0xff, 0xff, 0xff,
    0x9e, 0xef, 0x56, 0xa5, 0xf1, 0x7b, 0x7b, 0xc6, 0x1d, 0xd7, 0x7f, 0xe7,
    0x5a, 0xbe, 0x4f, 0x5b, 0x56, 0x9d, 0xff, 0xff, 0x9f, 0xe7, 0x72, 0x84,
    0x2d, 0x5b, 0x3d, 0xdf, 0xdf, 0xf7, 0xfc, 0xce, 0x76, 0xa5, 0x0d, 0x53,
    0xdc, 0xce, 0xff, 0xf7, 0xff, 0xf7, 0x73, 0x84, 0xd4, 0x94, 0x19, 0xbe,
    0x7a, 0xc6, 0x9b, 0xce, 0x19, 0xbe, 0x3a, 0xc6, 0x32, 0x7c, 0x97, 0xad,
    0xbf, 0xef, 0xff, 0xff, 0xff, 0xf7, 0xff, 0xff, 0xff, 0xff, 0x9c, 0xc6,
    0x8f, 0x63, 0xff, 0xf7, 0xd0, 0x73, 0xd8, 0xb5, 0xff, 0xff, 0xff, 0xff,
    0xff, 0xff, 0xff, 0xff, 0xdf, 0xf7, 0x6e, 0x6b, 0x5a, 0xce, 0xff, 0xff,
    0xff, 0xff, 0xff, 0xff, 0xdf, 0xff, 0xff, 0xff, 0xff, 0xff, 0xff, 0xff,
    0xff, 0xff, 0xff, 0xff, 0xff, 0xff, 0xff, 0xff, 0xff, 0xff, 0xff, 0xff,
    0xff, 0xff, 0xff, 0xff, 0xff, 0xff, 0xff, 0xff, 0xff, 0xff, 0xff, 0xff,
    0xff, 0xff, 0xff, 0xff, 0xff, 0xff, 0xff, 0xff, 0xff, 0xff, 0xff, 0xff,
    0xff, 0xff, 0xff, 0xff, 0xff, 0xff, 0xff, 0xff, 0xff, 0xff, 0xff, 0xff,
    0xff, 0xff, 0xff, 0xff, 0xff, 0xff, 0xff, 0xff, 0xff, 0xff, 0xff, 0xff,
    0xff, 0xff, 0xff, 0xff, 0xff, 0xff, 0xff, 0xff, 0xff, 0xff, 0xff, 0xff,
    0xff, 0xff, 0xff, 0xff, 0xff, 0xff, 0xff, 0xff, 0xff, 0xff, 0xff, 0xff,
    0xff, 0xff, 0xff, 0xff, 0xff, 0xff, 0xff, 0xff, 0xff, 0xff, 0xff, 0xff,
    0xfd, 0xff, 0xfc, 0xff, 0xda, 0xff, 0x57, 0xff, 0x93, 0xe6, 0x0f, 0xde,
    0xaa, 0xed, 0xca, 0xf5, 0xcc, 0xed, 0xad, 0xe5, 0x72, 0xee, 0x78, 0xff,
    0xfc, 0xff, 0xfe, 0xff, 0xff, 0xff, 0xff, 0xff, 0xff, 0xff, 0xff, 0xff,
    0xff, 0xff, 0xff, 0xff, 0xfe, 0xff, 0xde, 0xff, 0xde, 0xff, 0xff, 0xff,
    0xff, 0xff, 0x9f, 0xf7, 0xff, 0xff, 0xff, 0xff, 0xff, 0xff, 0xdf, 0xef,
    0x59, 0x9d, 0x51, 0x5b, 0x0c, 0x2a, 0x2c, 0x22, 0x74, 0x5c, 0xdf, 0xc7,
    0xf5, 0x43, 0x90, 0x12, 0x50, 0x0a, 0x70, 0x0a, 0x51, 0x12, 0x50, 0x0a,
    0x51, 0x12, 0x50, 0x12, 0x51, 0x12, 0x51, 0x12, 0x51, 0x12, 0x31, 0x0a,
    0x51, 0x12, 0x50, 0x12, 0x51, 0x12, 0x51, 0x12, 0x51, 0x12, 0x32, 0x2b,
    0x7f, 0xcf, 0xb5, 0x74, 0x6e, 0x2a, 0xed, 0x19, 0x90, 0x2a, 0x3a, 0x7d,
    0xdf, 0xdf, 0xdf, 0xe7, 0xdf, 0xf7, 0xff, 0xff, 0xff, 0xff, 0xdf, 0xff,
    0xdf, 0xff, 0xff, 0xff, 0xff, 0xff, 0xff, 0xff, 0xff, 0xff, 0xff, 0xff,
    0xff, 0xff, 0xff, 0xff, 0xff, 0xff, 0xff, 0xff, 0xff, 0xff, 0xff, 0xff,
    0xff, 0xff, 0xff, 0xff, 0xff, 0xff, 0x5e, 0xef, 0x51, 0x84, 0xdf, 0xf7,
    0xff, 0xff, 0xff, 0xff, 0x9e, 0xf7, 0xdf, 0xff, 0xff, 0xff, 0xff, 0xff,
    0xff, 0xff, 0xff, 0xff, 0x9f, 0xef, 0x77, 0xa5, 0x52, 0x7c, 0x11, 0x7c,
    0xd0, 0x73, 0x52, 0x84, 0x19, 0xb6, 0xff, 0xff, 0xdf, 0xef, 0xff, 0xff,
    0xff, 0xf7, 0xd7, 0xb5, 0xf0, 0x73, 0x11, 0x7c, 0x31, 0x7c, 0x15, 0x95,
    0x1d, 0xd7, 0xbf, 0xe7, 0xff, 0xf7, 0xff, 0xf7, 0x76, 0xa5, 0xb4, 0x8c,
    0xd4, 0x94, 0xb4, 0x8c, 0xb3, 0x8c, 0x93, 0x8c, 0xb4, 0x8c, 0x93, 0x8c,
    0x9f, 0xef, 0xff, 0xf7, 0xff, 0xf7, 0xdf, 0xef, 0xff, 0xf7, 0xff, 0xf7,
    0xdf, 0xf7, 0xd4, 0x94, 0x5e, 0xe7, 0x56, 0xa5, 0x9a, 0xce, 0xff, 0xff,
    0xff, 0xff, 0xff, 0xff, 0xff, 0xff, 0x3d, 0xe7, 0x76, 0xad, 0x1c, 0xe7,
    0xff, 0xff, 0xff, 0xff, 0xff, 0xff, 0xff, 0xff, 0xff, 0xff, 0xff, 0xff,
    0xff, 0xff, 0xff, 0xff, 0xff, 0xff, 0xff, 0xff, 0xff, 0xff, 0xff, 0xff,
    0xff, 0xff, 0xff, 0xff, 0xff, 0xff, 0xff, 0xff, 0xff, 0xff, 0xff, 0xff,
    0xff, 0xff, 0xff, 0xff, 0xff, 0xff, 0xff, 0xff, 0xff, 0xff, 0xff, 0xff,
    0xff, 0xff, 0xff, 0xff, 0xff, 0xff, 0xff, 0xff, 0xff, 0xff, 0xff, 0xff,
    0xff, 0xff, 0xff, 0xff, 0xff, 0xff, 0xff, 0xff, 0xff, 0xff, 0xff, 0xff,
    0xff, 0xff, 0xff, 0xff, 0xff, 0xff, 0xff, 0xff, 0xff, 0xff, 0xff, 0xff,
    0xff, 0xff, 0xff, 0xff, 0xff, 0xff, 0xff, 0xff, 0xff, 0xff, 0xff, 0xff,
    0xff, 0xff, 0xff, 0xff, 0xff, 0xff, 0xff, 0xff, 0xff, 0xff, 0xff, 0xff,
    0xdd, 0xff, 0xdc, 0xff, 0xfb, 0xff, 0x97, 0xff, 0xb1, 0xe6, 0x0e, 0xd6,
    0x0d, 0xe6, 0x0c, 0xf6, 0x6a, 0xed, 0x8c, 0xe5, 0x71, 0xf6, 0x78, 0xff,
    0xfc, 0xff, 0xfe, 0xff, 0xff, 0xff, 0xdf, 0xf7, 0xff, 0xff, 0xff, 0xff,
    0xff, 0xff, 0xff, 0xff, 0xff, 0xff, 0xfe, 0xff, 0xdd, 0xff, 0xff, 0xff,
    0xff, 0xff, 0xdf, 0xf7, 0xff, 0xff, 0xff, 0xff, 0xff, 0xff, 0xbe, 0xf7,
    0xff, 0xff, 0xff, 0xff, 0x9c, 0xce, 0x33, 0x74, 0x4b, 0x2a, 0xd1, 0x53,
    0xff, 0xd7, 0x95, 0x5c, 0x2e, 0x0a, 0x50, 0x12, 0x50, 0x12, 0x50, 0x12,
    0x50, 0x12, 0x50, 0x12, 0x51, 0x12, 0x51, 0x12, 0x51, 0x12, 0x71, 0x12,
    0x30, 0x12, 0x50, 0x12, 0x50, 0x12, 0x50, 0x12, 0x50, 0x12, 0x50, 0x12,
    0x11, 0x33, 0xff, 0xdf, 0xf5, 0x84, 0x8d, 0x32, 0xd4, 0x5b, 0x9f, 0xb6,
    0xbf, 0xdf, 0xff, 0xf7, 0xff, 0xf7, 0xff, 0xff, 0xff, 0xff, 0xff, 0xff,
    0xff, 0xff, 0xff, 0xff, 0xff, 0xff, 0xff, 0xff, 0xff, 0xff, 0xff, 0xff,
    0xff, 0xff, 0xff, 0xff, 0xff, 0xff, 0xff, 0xff, 0xff, 0xff, 0xff, 0xff,
    0xff, 0xff, 0xff, 0xff, 0xff, 0xff, 0xff, 0xff, 0x5e, 0xef, 0x31, 0x84,
    0xdf, 0xff, 0xff, 0xff, 0xff, 0xff, 0xff, 0xff, 0xff, 0xff, 0xff, 0xff,
    0xff, 0xff, 0xdf, 0xf7, 0xff, 0xff, 0xff, 0xff, 0xff, 0xff, 0xdf, 0xf7,
    0x7e, 0xe7, 0xff, 0xff, 0xbf, 0xef, 0xff, 0xff, 0xbf, 0xef, 0xff, 0xff,
    0xff, 0xf7, 0xff, 0xff, 0xff, 0xff, 0xbf, 0xef, 0xbf, 0xef, 0xff, 0xff,
    0xbf, 0xef, 0xff, 0xf7, 0xff, 0xff, 0xdf, 0xf7, 0xff, 0xff, 0x9f, 0xef,
    0xff, 0xf7, 0xff, 0xff, 0xbf, 0xef, 0x9f, 0xef, 0xff, 0xff, 0x9e, 0xef,
    0xff, 0xff, 0xff, 0xf7, 0xff, 0xff, 0xdf, 0xf7, 0xff, 0xff, 0xff, 0xff,
    0xff, 0xf7, 0xdf, 0xf7, 0xff, 0xff, 0xff, 0xff, 0xff, 0xff, 0xff, 0xff,
    0xbf, 0xf7, 0xdf, 0xff, 0xff, 0xff, 0xff, 0xff, 0xff, 0xff, 0x7e, 0xef,
    0xff, 0xff, 0xdf, 0xff, 0xbf, 0xff, 0xff, 0xff, 0xdf, 0xff, 0xff, 0xff,
    0xff, 0xff, 0xff, 0xff, 0xff, 0xff, 0xff, 0xff, 0xff, 0xff, 0xff, 0xff,
    0xff, 0xff, 0xff, 0xff, 0xff, 0xff, 0xff, 0xff, 0xff, 0xff, 0xff, 0xff,
    0xff, 0xff, 0xff, 0xff, 0xff, 0xff, 0xff, 0xff, 0xff, 0xff, 0xff, 0xff,
    0xff, 0xff, 0xff, 0xff, 0xff, 0xff, 0xff, 0xff, 0xff, 0xff, 0xff, 0xff,
    0xff, 0xff, 0xff, 0xff, 0xff, 0xff, 0xff, 0xff, 0xff, 0xff, 0xff, 0xff,
    0xff, 0xff, 0xff, 0xff, 0xff, 0xff, 0xff, 0xff, 0xff, 0xff, 0xff, 0xff,
    0xff, 0xff, 0xff, 0xff, 0xff, 0xff, 0xff, 0xff, 0xff, 0xff, 0xff, 0xff,
    0xff, 0xff, 0xff, 0xff, 0xff, 0xff, 0xff, 0xff, 0xff, 0xff, 0xff, 0xff,
    0xde, 0xff, 0xfd, 0xff, 0xfb, 0xff, 0xb8, 0xff, 0xf3, 0xf6, 0x0e, 0xde,
    0xcb, 0xd5, 0x0c, 0xde, 0xcd, 0xd5, 0xee, 0xdd, 0x72, 0xee, 0x57, 0xff,
    0xdb, 0xff, 0xfd, 0xff, 0xfe, 0xff, 0xff, 0xff, 0xff, 0xff, 0xff, 0xff,
    0xff, 0xff, 0xff, 0xff, 0xff, 0xff, 0xff, 0xff, 0xff, 0xff, 0xff, 0xff,
    0xff, 0xff, 0xff, 0xff, 0xff, 0xff, 0xff, 0xff, 0xff, 0xff, 0xff, 0xff,
    0xff, 0xff, 0xff, 0xff, 0xdf, 0xff, 0xff, 0xff, 0xdf, 0xef, 0x9b, 0xc6,
    0x57, 0x95, 0xff, 0xe7, 0xf2, 0x5b, 0x2d, 0x22, 0x4f, 0x22, 0x30, 0x1a,
    0x30, 0x1a, 0x30, 0x1a, 0x50, 0x1a, 0x30, 0x12, 0x30, 0x12, 0x50, 0x12,
    0x30, 0x12, 0x50, 0x12, 0x50, 0x1a, 0x90, 0x22, 0x6f, 0x1a, 0xed, 0x11,
    0x2e, 0x1a, 0x10, 0x43, 0x7f, 0xdf, 0x19, 0xb6, 0xb8, 0xad, 0x5e, 0xdf,
    0xff, 0xff, 0xff, 0xf7, 0xdf, 0xf7, 0xff, 0xff, 0xff, 0xff, 0xff, 0xff,
    0xff, 0xff, 0xff, 0xff, 0xff, 0xff, 0xff, 0xff, 0xff, 0xff, 0xff, 0xff,
    0xff, 0xff, 0xff, 0xff, 0xff, 0xff, 0xff, 0xff, 0xff, 0xff, 0xff, 0xff,
    0xff, 0xff, 0xff, 0xff, 0xff, 0xff, 0xff, 0xff, 0xff, 0xff, 0x9e, 0xf7,
    0x10, 0x84, 0xdf, 0xff, 0xff, 0xff, 0xff, 0xff, 0xff, 0xff, 0xff, 0xff,
    0xff, 0xff, 0xff, 0xff, 0xff, 0xff, 0xff, 0xff, 0xff, 0xff, 0xff, 0xff,
    0xff, 0xff, 0xff, 0xff, 0xff, 0xff, 0xff, 0xff, 0xff, 0xff, 0xff, 0xff,
    0xff, 0xff, 0xff, 0xff, 0xff, 0xff, 0xff, 0xff, 0xff, 0xff, 0xff, 0xff,
    0xff, 0xff, 0xff, 0xff, 0xff, 0xff, 0xff, 0xff, 0xff, 0xff, 0xff, 0xff,
    0xff, 0xff, 0xff, 0xff, 0xff, 0xff, 0xff, 0xff, 0xff, 0xff, 0xff, 0xff,
    0xff, 0xff, 0xff, 0xff, 0xff, 0xff, 0xff, 0xff, 0xff, 0xff, 0xff, 0xff,
    0xff, 0xff, 0xff, 0xff, 0xff, 0xff, 0xff, 0xff, 0xff, 0xff, 0xff, 0xff,
    0xff, 0xff, 0xff, 0xff, 0xff, 0xff, 0xff, 0xff, 0xff, 0xff, 0xff, 0xff,
    0xff, 0xff, 0xff, 0xff, 0xff, 0xff, 0xff, 0xff, 0xff, 0xff, 0xff, 0xff,
    0xff, 0xff, 0xff, 0xff, 0xff, 0xff, 0xff, 0xff, 0xff, 0xff, 0xff, 0xff,
    0xff, 0xff, 0xff, 0xff, 0xff, 0xff, 0xff, 0xff, 0xff, 0xff, 0xff, 0xff,
    0xff, 0xff, 0xff, 0xff, 0xff, 0xff, 0xff, 0xff, 0xff, 0xff, 0xff, 0xff,
    0xff, 0xff, 0xff, 0xff, 0xff, 0xff, 0xff, 0xff, 0xff, 0xff, 0xff, 0xff,
    0xff, 0xff, 0xff, 0xff, 0xff, 0xff, 0xff, 0xff, 0xff, 0xff, 0xff, 0xff,
    0xff, 0xff, 0xff, 0xff, 0xff, 0xff, 0xff, 0xff, 0xff, 0xff, 0xff, 0xff,
    0xff, 0xff, 0xff, 0xff, 0xff, 0xff, 0xff, 0xff, 0xff, 0xff, 0xff, 0xff,
    0xff, 0xff, 0xff, 0xff, 0xff, 0xff, 0xff, 0xff, 0xff, 0xff, 0xff, 0xff,
    0xff, 0xff, 0xfe, 0xff, 0xfd, 0xff, 0xba, 0xff, 0xd5, 0xf6, 0x30, 0xde,
    0xee, 0xdd, 0xec, 0xdd, 0xed, 0xdd, 0xcf, 0xcd, 0x72, 0xde, 0x36, 0xf7,
    0xba, 0xff, 0xfc, 0xff, 0xfe, 0xff, 0xff, 0xff, 0xdf, 0xff, 0xff, 0xff,
    0xff, 0xff, 0xff, 0xff, 0xff, 0xff, 0xff, 0xff, 0xff, 0xff, 0xff, 0xff,
    0xff, 0xff, 0xff, 0xff, 0xff, 0xff, 0xff, 0xff, 0xff, 0xff, 0xff, 0xff,
    0xff, 0xff, 0xff, 0xff, 0xff, 0xff, 0xff, 0xff, 0xff, 0xff, 0xff, 0xff,
    0xff, 0xff, 0xbf, 0xe7, 0xff, 0xf7, 0x17, 0x95, 0xb2, 0x5b, 0x2d, 0x2a,
    0x0e, 0x22, 0x0f, 0x22, 0x50, 0x2a, 0x91, 0x2a, 0x70, 0x22, 0x50, 0x1a,
    0x50, 0x1a, 0x4f, 0x1a, 0x2f, 0x1a, 0x0d, 0x12, 0x0d, 0x12, 0x2e, 0x22,
    0x8f, 0x32, 0x72, 0x4b, 0xb5, 0x7c, 0xdf, 0xef, 0xbf, 0xef, 0xbf, 0xef,
    0xff, 0xf7, 0xff, 0xff, 0xff, 0xff, 0xff, 0xff, 0xff, 0xff, 0xff, 0xff,
    0xff, 0xff, 0xff, 0xff, 0xff, 0xff, 0xff, 0xff, 0xff, 0xff, 0xff, 0xff,
    0xff, 0xff, 0xff, 0xff, 0xff, 0xff, 0xff, 0xff, 0xff, 0xff, 0xff, 0xff,
    0xff, 0xff, 0xff, 0xff, 0xff, 0xff, 0xff, 0xff, 0xff, 0xff, 0xdf, 0xff,
    0x5d, 0xef, 0x51, 0x8c, 0x9e, 0xf7, 0xff, 0xff, 0xff, 0xff, 0xff, 0xff,
    0xff, 0xff, 0xff, 0xff, 0xff, 0xff, 0xff, 0xff, 0xff, 0xff, 0xff, 0xff,
    0xff, 0xff, 0xff, 0xff, 0xff, 0xff, 0xff, 0xff, 0xff, 0xff, 0xff, 0xff,
    0xff, 0xff, 0xff, 0xff, 0xff, 0xff, 0xff, 0xff, 0xff, 0xff, 0xff, 0xff,
    0xff, 0xff, 0xff, 0xff, 0xff, 0xff, 0xff, 0xff, 0xff, 0xff, 0xff, 0xff,
    0xff, 0xff, 0xff, 0xff, 0xff, 0xff, 0xff, 0xff, 0xff, 0xff, 0xff, 0xff,
    0xff, 0xff, 0xff, 0xff, 0xff, 0xff, 0xff, 0xff, 0xff, 0xff, 0xff, 0xff,
    0xff, 0xff, 0xff, 0xff, 0xff, 0xff, 0xff, 0xff, 0xff, 0xff, 0xff, 0xff,
    0xff, 0xff, 0xff, 0xff, 0xff, 0xff, 0xff, 0xff, 0xff, 0xff, 0xff, 0xff,
    0xff, 0xff, 0xff, 0xff, 0xff, 0xff, 0xff, 0xff, 0xff, 0xff, 0xff, 0xff,
    0xff, 0xff, 0xff, 0xff, 0xff, 0xff, 0xff, 0xff, 0xff, 0xff, 0xff, 0xff,
    0xff, 0xff, 0xff, 0xff, 0xff, 0xff, 0xff, 0xff, 0xff, 0xff, 0xff, 0xff,
    0xff, 0xff, 0xff, 0xff, 0xff, 0xff, 0xff, 0xff, 0xff, 0xff, 0xff, 0xff,
    0xff, 0xff, 0xff, 0xff, 0xff, 0xff, 0xff, 0xff, 0xff, 0xff, 0xff, 0xff,
    0xff, 0xff, 0xff, 0xff, 0xff, 0xff, 0xff, 0xff, 0xff, 0xff, 0xff, 0xff,
    0xff, 0xff, 0xff, 0xff, 0xff, 0xff, 0xff, 0xff, 0xff, 0xff, 0xff, 0xff,
    0xff, 0xff, 0xff, 0xff, 0xff, 0xff, 0xff, 0xff, 0xff, 0xff, 0xff, 0xff,
    0xff, 0xff, 0xff, 0xff, 0xff, 0xff, 0xff, 0xff, 0xff, 0xff, 0xff, 0xff,
    0xff, 0xff, 0xff, 0xff, 0xbe, 0xff, 0x9c, 0xff, 0x19, 0xef, 0x13, 0xd6,
    0xb0, 0xcd, 0xf0, 0xd5, 0x10, 0xde, 0xef, 0xdd, 0x53, 0xe6, 0x17, 0xf7,
    0xdb, 0xff, 0xfc, 0xff, 0xfd, 0xff, 0xfe, 0xff, 0xff, 0xff, 0xdf, 0xff,
    0xff, 0xff, 0xff, 0xff, 0xff, 0xff, 0xff, 0xff, 0xff, 0xff, 0xff, 0xff,
    0xff, 0xff, 0xff, 0xff, 0xff, 0xff, 0xff, 0xff, 0xff, 0xff, 0xff, 0xff,
    0xff, 0xff, 0xff, 0xff, 0xff, 0xff, 0xff, 0xff, 0xff, 0xff, 0xff, 0xff,
    0xbf, 0xf7, 0xff, 0xff, 0xff, 0xf7, 0xff, 0xf7, 0xff, 0xef, 0x7f, 0xdf,
    0x7e, 0xbe, 0x7a, 0x9d, 0x15, 0x64, 0x11, 0x43, 0x8f, 0x32, 0x4e, 0x2a,
    0x6f, 0x2a, 0x8f, 0x2a, 0x8f, 0x2a, 0xf0, 0x3a, 0x72, 0x4b, 0x14, 0x64,
    0x18, 0x85, 0x1b, 0xa6, 0x3f, 0xcf, 0xff, 0xf7, 0xdf, 0xef, 0xff, 0xff,
    0xff, 0xff, 0xff, 0xff, 0xdf, 0xf7, 0xff, 0xff, 0xff, 0xff, 0xff, 0xff,
    0xff, 0xff, 0xff, 0xff, 0xff, 0xff, 0xff, 0xff, 0xff, 0xff, 0xff, 0xff,
    0xff, 0xff, 0xff, 0xff, 0xff, 0xff, 0xff, 0xff, 0xff, 0xff, 0xff, 0xff,
    0xff, 0xff, 0xff, 0xff, 0xff, 0xff, 0xff, 0xff, 0xff, 0xff, 0xff, 0xff,
    0xdf, 0xff, 0x5d, 0xef, 0x56, 0xad, 0xbf, 0xf7, 0xff, 0xff, 0xff, 0xff,
    0xff, 0xff, 0xff, 0xff, 0xff, 0xff, 0xff, 0xff, 0xff, 0xff, 0xff, 0xff,
    0xff, 0xff, 0xff, 0xff, 0xff, 0xff, 0xff, 0xff, 0xff, 0xff, 0xff, 0xff,
    0xff, 0xff, 0xff, 0xff, 0xff, 0xff, 0xff, 0xff, 0xff, 0xff, 0xff, 0xff,
    0xff, 0xff, 0xff, 0xff, 0xff, 0xff, 0xff, 0xff, 0xff, 0xff, 0xff, 0xff,
    0xff, 0xff, 0xff, 0xff, 0xff, 0xff, 0xff, 0xff, 0xff, 0xff, 0xff, 0xff,
    0xff, 0xff, 0xff, 0xff, 0xff, 0xff, 0xff, 0xff, 0xff, 0xff, 0xff, 0xff,
    0xff, 0xff, 0xff, 0xff, 0xff, 0xff, 0xff, 0xff, 0xff, 0xff, 0xff, 0xff,
    0xff, 0xff, 0xff, 0xff, 0xff, 0xff, 0xff, 0xff, 0xff, 0xff, 0xff, 0xff,
    0xff, 0xff, 0xff, 0xff, 0xff, 0xff, 0xff, 0xff, 0xff, 0xff, 0xff, 0xff,
    0xff, 0xff, 0xff, 0xff, 0xff, 0xff, 0xff, 0xff, 0xff, 0xff, 0xff, 0xff,
    0xff, 0xff, 0xff, 0xff, 0xff, 0xff, 0xff, 0xff, 0xff, 0xff, 0xff, 0xff,
    0xff, 0xff, 0xff, 0xff, 0xff, 0xff, 0xff, 0xff, 0xff, 0xff, 0xff, 0xff,
    0xff, 0xff, 0xff, 0xff, 0xff, 0xff, 0xff, 0xff, 0xff, 0xff, 0xff, 0xff,
    0xff, 0xff, 0xff, 0xff, 0xff, 0xff, 0xff, 0xff, 0xff, 0xff, 0xff, 0xff,
    0xff, 0xff, 0xff, 0xff, 0xff, 0xff, 0xff, 0xff, 0xff, 0xff, 0xff, 0xff,
    0xff, 0xff, 0xff, 0xff, 0xff, 0xff, 0xff, 0xff, 0xff, 0xff, 0xff, 0xff,
    0xff, 0xff, 0xff, 0xff, 0xff, 0xff, 0xff, 0xff, 0xff, 0xff, 0xff, 0xff,
    0xff, 0xff, 0xff, 0xff, 0xff, 0xff, 0xff, 0xff, 0xff, 0xff, 0xdd, 0xff,
    0x7a, 0xff, 0x59, 0xff, 0x79, 0xff, 0x99, 0xff, 0x78, 0xff, 0x59, 0xff,
    0xdb, 0xff, 0xfd, 0xff, 0xfe, 0xff, 0xde, 0xff, 0xff, 0xff, 0xff, 0xff,
    0xff, 0xff, 0xff, 0xff, 0xff, 0xff, 0xff, 0xff, 0xff, 0xff, 0xff, 0xff,
    0xff, 0xff, 0xfe, 0xff, 0xff, 0xff, 0xff, 0xff, 0xff, 0xff, 0xff, 0xff,
    0xff, 0xff, 0xff, 0xff, 0xff, 0xff, 0xff, 0xff, 0xff, 0xff, 0xff, 0xff,
    0xff, 0xff, 0xff, 0xff, 0xff, 0xff, 0xff, 0xff, 0xff, 0xf7, 0xff, 0xf7,
    0xff, 0xf7, 0xff, 0xf7, 0xff, 0xf7, 0xff, 0xef, 0xff, 0xef, 0xff, 0xef,
    0xbf, 0xdf, 0x5f, 0xcf, 0x1f, 0xcf, 0x3f, 0xcf, 0xbf, 0xdf, 0xff, 0xe7,
    0xff, 0xef, 0xff, 0xf7, 0xff, 0xf7, 0xff, 0xf7, 0xff, 0xf7, 0xdf, 0xf7,
    0xdf, 0xf7, 0xdf, 0xf7, 0xff, 0xff, 0xff, 0xff, 0xff, 0xff, 0xff, 0xff,
    0xff, 0xff, 0xff, 0xff, 0xff, 0xff, 0xff, 0xff, 0xff, 0xff, 0xff, 0xff,
    0xff, 0xff, 0xff, 0xff, 0xff, 0xff, 0xff, 0xff, 0xff, 0xff, 0xff, 0xff,
    0xff, 0xff, 0xff, 0xff, 0xff, 0xff, 0xff, 0xff, 0xff, 0xff, 0xff, 0xff,
    0xff, 0xff, 0xff, 0xff, 0xdf, 0xff, 0xfc, 0xde, 0xff, 0xff, 0xff, 0xff,
    0xff, 0xff, 0xff, 0xff, 0xff, 0xff, 0xff, 0xff, 0xff, 0xff, 0xff, 0xff,
    0xff, 0xff, 0xff, 0xff, 0xff, 0xff, 0xff, 0xff, 0xff, 0xff, 0xff, 0xff,
    0xff, 0xff, 0xff, 0xff, 0xff, 0xff, 0xff, 0xff, 0xff, 0xff, 0xff, 0xff,
    0xff, 0xff, 0xff, 0xff, 0xff, 0xff, 0xff, 0xff, 0xff, 0xff, 0xff, 0xff,
    0xff, 0xff, 0xff, 0xff, 0xff, 0xff, 0xff, 0xff, 0xff, 0xff, 0xff, 0xff,
    0xff, 0xff, 0xff, 0xff, 0xff, 0xff, 0xff, 0xff, 0xff, 0xff, 0xff, 0xff,
    0xff, 0xff, 0xff, 0xff, 0xff, 0xff, 0xff, 0xff, 0xff, 0xff, 0xff, 0xff,
    0xff, 0xff, 0xff, 0xff, 0xff, 0xff, 0xff, 0xff, 0xff, 0xff, 0xff, 0xff,
    0xff, 0xff, 0xff, 0xff, 0xff, 0xff, 0xff, 0xff, 0xff, 0xff, 0xff, 0xff,
    0xff, 0xff, 0xff, 0xff, 0xff, 0xff, 0xff, 0xff, 0xff, 0xff, 0xff, 0xff,
    0xff, 0xff, 0xff, 0xff, 0xff, 0xff, 0xff, 0xff, 0xff, 0xff, 0xff, 0xff,
    0xff, 0xff, 0xff, 0xff, 0xff, 0xff, 0xff, 0xff, 0xff, 0xff, 0xff, 0xff,
    0xff, 0xff, 0xff, 0xff, 0xff, 0xff, 0xff, 0xff, 0xff, 0xff, 0xff, 0xff,
    0xff, 0xff, 0xff, 0xff, 0xff, 0xff, 0xff, 0xff, 0xff, 0xff, 0xff, 0xff,
    0xff, 0xff, 0xff, 0xff, 0xff, 0xff, 0xff, 0xff, 0xff, 0xff, 0xff, 0xff,
    0xff, 0xff, 0xff, 0xff, 0xff, 0xff, 0xff, 0xff, 0xff, 0xff, 0xff, 0xff,
    0xff, 0xff, 0xff, 0xff, 0xff, 0xff, 0xff, 0xff, 0xff, 0xff, 0xff, 0xff,
    0xff, 0xff, 0xff, 0xff, 0xff, 0xff, 0xff, 0xff, 0xbf, 0xff, 0xbf, 0xff,
    0xde, 0xff, 0xde, 0xff, 0xbe, 0xff, 0xbc, 0xff, 0xbc, 0xff, 0xdd, 0xff,
    0xfe, 0xff, 0xde, 0xff, 0xff, 0xff, 0xff, 0xff, 0xff, 0xff, 0xdf, 0xff,
    0xff, 0xff, 0xff, 0xff, 0xff, 0xff, 0xff, 0xff, 0xff, 0xff, 0xff, 0xff,
    0xff, 0xff, 0xfe, 0xff, 0xfe, 0xff, 0xff, 0xff, 0xff, 0xff, 0xff, 0xff,
    0xff, 0xff, 0xff, 0xff, 0xff, 0xff, 0xff, 0xff, 0xff, 0xff, 0xff, 0xff,
    0xff, 0xff, 0xff, 0xff, 0xff, 0xff, 0xff, 0xff, 0xff, 0xff, 0xff, 0xff,
    0xff, 0xf7, 0xdf, 0xef, 0xff, 0xff, 0xff, 0xff, 0xff, 0xf7, 0xff, 0xf7,
    0xff, 0xf7, 0xff, 0xef, 0xff, 0xf7, 0xff, 0xf7, 0xff, 0xef, 0xff, 0xf7,
    0xff, 0xf7, 0xff, 0xf7, 0xff, 0xff, 0xff, 0xff, 0xff, 0xf7, 0xff, 0xff,
    0xff, 0xff, 0xff, 0xff, 0xdf, 0xf7, 0xff, 0xff, 0xff, 0xff, 0xff, 0xff,
    0xff, 0xff, 0xff, 0xff, 0xff, 0xff, 0xff, 0xff, 0xff, 0xff, 0xff, 0xff,
    0xff, 0xff, 0xff, 0xff, 0xff, 0xff, 0xff, 0xff, 0xff, 0xff, 0xff, 0xff,
    0xff, 0xff, 0xff, 0xff, 0xff, 0xff, 0xff, 0xff, 0xff, 0xff, 0xff, 0xff,
    0xff, 0xff, 0xff, 0xff, 0xff, 0xff, 0xff, 0xff, 0xdf, 0xff, 0xff, 0xff,
    0xff, 0xff, 0xff, 0xff, 0xff, 0xff, 0xff, 0xff, 0xff, 0xff, 0xff, 0xff,
    0xff, 0xff, 0xff, 0xff, 0xff, 0xff, 0xff, 0xff, 0xff, 0xff, 0xff, 0xff,
    0xff, 0xff, 0xff, 0xff, 0xff, 0xff, 0xff, 0xff, 0xff, 0xff, 0xff, 0xff,
    0xff, 0xff, 0xff, 0xff, 0xff, 0xff, 0xff, 0xff, 0xff, 0xff, 0xff, 0xff,
    0xff, 0xff, 0xff, 0xff, 0xff, 0xff, 0xff, 0xff, 0xff, 0xff, 0xff, 0xff,
    0xff, 0xff, 0xff, 0xff, 0xff, 0xff, 0xff, 0xff, 0xff, 0xff, 0xff, 0xff,
    0xff, 0xff, 0xff, 0xff, 0xff, 0xff, 0xff, 0xff, 0xff, 0xff, 0xff, 0xff,
    0xff, 0xff, 0xff, 0xff, 0xff, 0xff, 0xff, 0xff, 0xff, 0xff, 0xff, 0xff,
    0xff, 0xff, 0xff, 0xff, 0xff, 0xff, 0xff, 0xff, 0xff, 0xff, 0xff, 0xff,
    0xff, 0xff, 0xff, 0xff, 0xff, 0xff, 0xff, 0xff, 0xff, 0xff, 0xff, 0xff,
    0xff, 0xff, 0xff, 0xff, 0xff, 0xff, 0xff, 0xff, 0xff, 0xff, 0xff, 0xff,
    0xff, 0xff, 0xff, 0xff, 0xff, 0xff, 0xff, 0xff, 0xff, 0xff, 0xff, 0xff,
    0xff, 0xff, 0xff, 0xff, 0xff, 0xff, 0xff, 0xff, 0xff, 0xff, 0xff, 0xff,
    0xff, 0xff, 0xff, 0xff, 0xff, 0xff, 0xff, 0xff, 0xff, 0xff, 0xff, 0xff,
    0xff, 0xff, 0xff, 0xff, 0xff, 0xff, 0xff, 0xff, 0xff, 0xff, 0xff, 0xff,
    0xff, 0xff, 0xff, 0xff, 0xff, 0xff, 0xff, 0xff, 0xff, 0xff, 0xff, 0xff,
    0xff, 0xff, 0xff, 0xff, 0xff, 0xff, 0xff, 0xff, 0xff, 0xff, 0xff, 0xff,
    0xff, 0xff, 0xff, 0xff, 0xff, 0xff, 0xff, 0xff, 0xff, 0xff, 0xff, 0xff,
    0xff, 0xff, 0xff, 0xff, 0xff, 0xff, 0xdf, 0xff, 0xbf, 0xff, 0xbf, 0xff,
    0xdf, 0xff, 0xff, 0xff, 0xbf, 0xff, 0xbf, 0xff, 0xff, 0xff, 0xff, 0xff,
    0xff, 0xff, 0xff, 0xff, 0xff, 0xff, 0xff, 0xff, 0xff, 0xff, 0xff, 0xff,
    0xff, 0xff, 0xff, 0xff, 0xff, 0xff, 0xfe, 0xff, 0xff, 0xff, 0xff, 0xff,
    0xff, 0xff, 0xff, 0xff, 0xff, 0xff, 0xff, 0xff, 0xff, 0xff, 0xff, 0xff,
    0xff, 0xff, 0xff, 0xff, 0xde, 0xff, 0xdf, 0xff, 0xff, 0xff, 0xdf, 0xf7,
    0xff, 0xff, 0xdf, 0xf7, 0xff, 0xff, 0xdf, 0xff, 0xff, 0xff, 0xff, 0xff,
    0xff, 0xff, 0xff, 0xff, 0xff, 0xff, 0xff, 0xff, 0xff, 0xff, 0xff, 0xff,
    0xff, 0xff, 0xff, 0xff, 0xff, 0xf7, 0xff, 0xff, 0xff, 0xff, 0xff, 0xff,
    0xff, 0xff, 0xff, 0xff, 0xff, 0xff, 0xff, 0xff, 0xff, 0xff, 0xff, 0xff,
    0xff, 0xff, 0xff, 0xff, 0xff, 0xff, 0xff, 0xff, 0xff, 0xff, 0xff, 0xff,
    0xff, 0xff, 0xff, 0xff, 0xff, 0xff, 0xff, 0xff, 0xff, 0xff, 0xff, 0xff,
    0xff, 0xff, 0xff, 0xff, 0xff, 0xff, 0xff, 0xff, 0xff, 0xff, 0xff, 0xff,
    0xff, 0xff, 0xff, 0xff, 0xff, 0xff, 0xff, 0xff, 0xff, 0xff, 0xff, 0xff,
    0xff, 0xff, 0xff, 0xff, 0xff, 0xff, 0xff, 0xff, 0xff, 0xff, 0xff, 0xff,
    0xff, 0xff, 0xff, 0xff, 0xff, 0xff, 0xff, 0xff, 0xff, 0xff, 0xff, 0xff,
    0xff, 0xff, 0xff, 0xff, 0xff, 0xff, 0xff, 0xff, 0xff, 0xff, 0xff, 0xff,
    0xff, 0xff, 0xff, 0xff, 0xff, 0xff, 0xff, 0xff, 0xff, 0xff, 0xff, 0xff,
    0xff, 0xff, 0xff, 0xff, 0xff, 0xff, 0xff, 0xff, 0xff, 0xff, 0xff, 0xff,
    0xff, 0xff, 0xff, 0xff, 0xff, 0xff, 0xff, 0xff, 0xff, 0xff, 0xff, 0xff,
    0xff, 0xff, 0xff, 0xff, 0xff, 0xff, 0xff, 0xff, 0xff, 0xff, 0xff, 0xff,
    0xff, 0xff, 0xff, 0xff, 0xff, 0xff, 0xff, 0xff, 0xff, 0xff, 0xff, 0xff,
    0xff, 0xff, 0xff, 0xff, 0xff, 0xff, 0xff, 0xff, 0xff, 0xff, 0xff, 0xff,
    0xff, 0xff, 0xff, 0xff, 0xff, 0xff, 0xff, 0xff, 0xff, 0xff, 0xff, 0xff,
    0xff, 0xff, 0xff, 0xff, 0xff, 0xff, 0xff, 0xff, 0xff, 0xff, 0xff, 0xff,
    0xff, 0xff, 0xff, 0xff, 0xff, 0xff, 0xff, 0xff, 0xff, 0xff, 0xff, 0xff,
    0xff, 0xff, 0xff, 0xff, 0xff, 0xff, 0xff, 0xff, 0xff, 0xff, 0xff, 0xff,
    0xff, 0xff, 0xff, 0xff, 0xff, 0xff, 0xff, 0xff, 0xff, 0xff, 0xff, 0xff,
    0xff, 0xff, 0xff, 0xff, 0xff, 0xff, 0xff, 0xff, 0xff, 0xff, 0xff, 0xff,
    0xff, 0xff, 0xff, 0xff, 0xff, 0xff, 0xff, 0xff, 0xff, 0xff, 0xff, 0xff,
    0xff, 0xff, 0xff, 0xff, 0xff, 0xff, 0xff, 0xff, 0xff, 0xff, 0xff, 0xff,
    0xff, 0xff, 0xff, 0xff, 0xff, 0xff, 0xff, 0xff, 0xff, 0xff, 0xff, 0xff,
    0xff, 0xff, 0xff, 0xff, 0xff, 0xff, 0xdf, 0xff, 0xdf, 0xff, 0xdf, 0xff,
    0xdf, 0xff, 0xdf, 0xff, 0xdf, 0xff, 0xdf, 0xff, 0xdf, 0xff, 0xff, 0xff,
    0xff, 0xff, 0xff, 0xff, 0xff, 0xff, 0xff, 0xff, 0xff, 0xff, 0xff, 0xff,
    0xff, 0xff, 0xff, 0xff, 0xff, 0xff, 0xff, 0xff, 0xff, 0xff, 0xff, 0xff,
    0xff, 0xff, 0xff, 0xff, 0xff, 0xff, 0xff, 0xff, 0xff, 0xff, 0xff, 0xff,
    0xff, 0xff, 0xff, 0xff, 0xff, 0xff, 0xdf, 0xff, 0xff, 0xff, 0xff, 0xff,
    0xff, 0xff, 0xff, 0xff, 0x9e, 0xf7, 0xff, 0xff, 0xff, 0xff, 0xfe, 0xff,
    0xff, 0xff, 0xff, 0xff, 0xff, 0xff, 0xff, 0xff, 0xff, 0xff, 0xff, 0xff,
    0xff, 0xff, 0xff, 0xff, 0xff, 0xff, 0xff, 0xff, 0xff, 0xff, 0xdf, 0xff,
    0xde, 0xff, 0xff, 0xff, 0xbf, 0xff, 0xff, 0xff, 0xff, 0xff, 0xff, 0xff,
    0xff, 0xff, 0xff, 0xff, 0xff, 0xff, 0xff, 0xff, 0xff, 0xff, 0xff, 0xff,
    0xff, 0xff, 0xff, 0xff, 0xff, 0xff, 0xff, 0xff, 0xff, 0xff, 0xff, 0xff,
    0xff, 0xff, 0xff, 0xff, 0xff, 0xff, 0xff, 0xff, 0xff, 0xff, 0xff, 0xff,
    0xff, 0xff, 0xff, 0xff, 0xff, 0xff, 0xff, 0xff, 0xdf, 0xff, 0xff, 0xff,
    0xdf, 0xff, 0xff, 0xff, 0xff, 0xff, 0xff, 0xff, 0xff, 0xff, 0xff, 0xff,
    0xff, 0xff, 0xff, 0xff, 0xff, 0xff, 0xff, 0xff, 0xff, 0xff, 0xff, 0xff,
    0xff, 0xff, 0xff, 0xff, 0xff, 0xff, 0xff, 0xff, 0xff, 0xff, 0xff, 0xff,
    0xff, 0xff, 0xff, 0xff, 0xff, 0xff, 0xff, 0xff, 0xff, 0xff, 0xff, 0xff,
    0xff, 0xff, 0xff, 0xff, 0xff, 0xff, 0xff, 0xff, 0xff, 0xff, 0xff, 0xff,
    0xff, 0xff, 0xff, 0xff, 0xff, 0xff, 0xff, 0xff, 0xff, 0xff, 0xff, 0xff,
    0xff, 0xff, 0xff, 0xff, 0xff, 0xff, 0xff, 0xff, 0xff, 0xff, 0xff, 0xff,
    0xff, 0xff, 0xff, 0xff, 0xff, 0xff, 0xff, 0xff, 0xff, 0xff, 0xff, 0xff,
    0xff, 0xff, 0xff, 0xff, 0xff, 0xff, 0xff, 0xff, 0xff, 0xff, 0xff, 0xff,
    0xff, 0xff, 0xff, 0xff, 0xff, 0xff, 0xff, 0xff, 0xff, 0xff, 0xff, 0xff,
    0xff, 0xff, 0xff, 0xff, 0xff, 0xff, 0xff, 0xff, 0xff, 0xff, 0xff, 0xff,
    0xff, 0xff, 0xff, 0xff, 0xff, 0xff, 0xff, 0xff, 0xff, 0xff, 0xff, 0xff,
    0xff, 0xff, 0xff, 0xff, 0xff, 0xff, 0xff, 0xff, 0xff, 0xff, 0xff, 0xff,
    0xff, 0xff, 0xff, 0xff, 0xff, 0xff, 0xff, 0xff, 0xff, 0xff, 0xff, 0xff,
    0xff, 0xff, 0xff, 0xff, 0xff, 0xff, 0xff, 0xff, 0xff, 0xff, 0xff, 0xff,
    0xff, 0xff, 0xff, 0xff, 0xff, 0xff, 0xff, 0xff, 0xff, 0xff, 0xff, 0xff,
    0xff, 0xff, 0xff, 0xff, 0xff, 0xff, 0xff, 0xff, 0xff, 0xff, 0xff, 0xff,
    0xff, 0xff, 0xff, 0xff, 0xff, 0xff, 0xff, 0xff, 0xff, 0xff, 0xff, 0xff,
    0xff, 0xff, 0xdf, 0xff, 0xff, 0xff, 0xff, 0xff, 0xdf, 0xff, 0xdf, 0xff,
    0xff, 0xff, 0xff, 0xff, 0xbf, 0xff, 0xff, 0xff, 0xff, 0xff, 0xff, 0xff,
    0xdf, 0xff, 0xdf, 0xff, 0xff, 0xff, 0xff, 0xff, 0xff, 0xff, 0xff, 0xff,
    0xff, 0xff, 0xff, 0xff, 0xff, 0xff, 0xff, 0xff, 0xff, 0xff, 0xff, 0xff,
    0xff, 0xff, 0xff, 0xff, 0xff, 0xff, 0xff, 0xff, 0xff, 0xff, 0xff, 0xff,
    0xff, 0xff, 0xff, 0xff, 0xff, 0xff, 0xff, 0xff, 0xff, 0xff, 0xff, 0xff,
    0xdf, 0xff, 0xff, 0xff, 0xff, 0xff, 0xff, 0xff, 0xff, 0xff, 0xfe, 0xff,
    0xfe, 0xff, 0xfe, 0xff, 0xfe, 0xff, 0xfe, 0xff, 0xff, 0xff, 0xff, 0xff,
    0xff, 0xff, 0xff, 0xff, 0xff, 0xff, 0xff, 0xff, 0xff, 0xff, 0xff, 0xff,
    0xdf, 0xff, 0xde, 0xff, 0xff, 0xff, 0xff, 0xff, 0xff, 0xff, 0xff, 0xff,
    0xff, 0xff, 0xff, 0xff, 0xff, 0xff, 0xff, 0xff, 0xff, 0xff, 0xff, 0xff,
    0xff, 0xff, 0xff, 0xff, 0xff, 0xff, 0xff, 0xff, 0xff, 0xff, 0xff, 0xff,
    0xff, 0xff, 0xff, 0xff, 0xff, 0xff, 0xff, 0xff, 0xff, 0xff, 0xff, 0xff,
    0xff, 0xff, 0xff, 0xff, 0xff, 0xff, 0xff, 0xff, 0xff, 0xff, 0xff, 0xff,
    0xff, 0xff, 0xdf, 0xff, 0xff, 0xff, 0xff, 0xff, 0xff, 0xff, 0xff, 0xff,
    0xff, 0xff, 0xff, 0xff, 0xff, 0xff, 0xff, 0xff, 0xff, 0xff, 0xff, 0xff,
    0xff, 0xff, 0xff, 0xff, 0xff, 0xff, 0xff, 0xff, 0xff, 0xff, 0xff, 0xff,
    0xff, 0xff, 0xff, 0xff, 0xff, 0xff, 0xff, 0xff, 0xff, 0xff, 0xff, 0xff,
    0xff, 0xff, 0xff, 0xff, 0xff, 0xff, 0xff, 0xff, 0xff, 0xff, 0xff, 0xff,
    0xff, 0xff, 0xff, 0xff, 0xff, 0xff, 0xff, 0xff, 0xff, 0xff, 0xff, 0xff,
    0xff, 0xff, 0xff, 0xff, 0xff, 0xff, 0xff, 0xff, 0xff, 0xff, 0xff, 0xff,
    0xff, 0xff, 0xff, 0xff, 0xff, 0xff, 0xff, 0xff, 0xff, 0xff, 0xff, 0xff,
    0xff, 0xff, 0xff, 0xff, 0xff, 0xff, 0xff, 0xff, 0xff, 0xff, 0xff, 0xff,
    0xff, 0xff, 0xff, 0xff, 0xff, 0xff, 0xff, 0xff, 0xff, 0xff, 0xff, 0xff,
    0xff, 0xff, 0xff, 0xff, 0xff, 0xff, 0xff, 0xff, 0xff, 0xff, 0xff, 0xff,
    0xff, 0xff, 0xff, 0xff, 0xff, 0xff, 0xff, 0xff, 0xff, 0xff, 0xff, 0xff,
    0xff, 0xff, 0xff, 0xff, 0xff, 0xff, 0xff, 0xff, 0xff, 0xff, 0xff, 0xff,
    0xff, 0xff, 0xff, 0xff, 0xff, 0xff, 0xff, 0xff, 0xff, 0xff, 0xff, 0xff,
    0xff, 0xff, 0xff, 0xff, 0xff, 0xff, 0xff, 0xff, 0xff, 0xff, 0xff, 0xff,
    0xff, 0xff, 0xff, 0xff, 0xff, 0xff, 0xff, 0xff, 0xff, 0xff, 0xff, 0xff,
    0xff, 0xff, 0xff, 0xff, 0xff, 0xff, 0xff, 0xff, 0xff, 0xff, 0xff, 0xff,
    0xff, 0xff, 0xff, 0xff, 0xff, 0xff, 0xff, 0xff, 0xff, 0xff, 0xff, 0xff,
    0xff, 0xff, 0xff, 0xff, 0xff, 0xff, 0xff, 0xff, 0xff, 0xff, 0xff, 0xff,
    0xff, 0xff, 0xff, 0xff, 0xff, 0xff, 0xff, 0xff, 0xff, 0xff, 0xff, 0xff,
    0xff, 0xff, 0xff, 0xff, 0xff, 0xff, 0xff, 0xff, 0xff, 0xff, 0xff, 0xff,
    0xff, 0xff, 0xff, 0xff, 0xff, 0xff, 0xff, 0xff, 0xff, 0xff, 0xff, 0xff,
    0xff, 0xff, 0xff, 0xff, 0xff, 0xff, 0xff, 0xff, 0xff, 0xff, 0xff, 0xff,
    0xff, 0xff, 0xff, 0xff, 0xff, 0xff, 0xff, 0xff, 0xff, 0xff, 0xff, 0xff,
    0xff, 0xff, 0xff, 0xff, 0xff, 0xff, 0xff, 0xff, 0xff, 0xff, 0xff, 0xff,
    0xff, 0xff, 0xfe, 0xff, 0xfe, 0xff, 0xff, 0xff, 0xff, 0xff, 0xff, 0xff,
    0xff, 0xff, 0xff, 0xff, 0xff, 0xff, 0xff, 0xff, 0xff, 0xff, 0xff, 0xff,
    0xff, 0xff, 0xff, 0xff, 0xff, 0xff, 0xff, 0xff, 0xff, 0xff, 0xff, 0xff,
    0xff, 0xff, 0xff, 0xff, 0xff, 0xff, 0xff, 0xff, 0xff, 0xff, 0xff, 0xff,
    0xff, 0xff, 0xff, 0xff, 0xff, 0xff, 0xff, 0xff, 0xff, 0xff, 0xff, 0xff,
    0xff, 0xff, 0xff, 0xff, 0xff, 0xff, 0xff, 0xff, 0xff, 0xff, 0xff, 0xff,
    0xff, 0xff, 0xff, 0xff, 0xff, 0xff, 0xff, 0xff, 0xdf, 0xff, 0xff, 0xff,
    0xff, 0xff, 0xff, 0xff, 0xff, 0xff, 0xff, 0xff, 0xff, 0xff, 0xff, 0xff,
    0xff, 0xff, 0xff, 0xff, 0xff, 0xff, 0xff, 0xff, 0xff, 0xff, 0xff, 0xff,
    0xff, 0xff, 0xff, 0xff, 0xff, 0xff, 0xff, 0xff, 0xff, 0xff, 0xff, 0xff,
    0xff, 0xff, 0xff, 0xff, 0xff, 0xff, 0xff, 0xff, 0xff, 0xff, 0xff, 0xff,
    0xff, 0xff, 0xff, 0xff, 0xff, 0xff, 0xff, 0xff, 0xff, 0xff, 0xff, 0xff,
    0xff, 0xff, 0xff, 0xff, 0xff, 0xff, 0xff, 0xff, 0xff, 0xff, 0xff, 0xff,
    0xff, 0xff, 0xff, 0xff, 0xff, 0xff, 0xff, 0xff, 0xff, 0xff, 0xff, 0xff,
    0xff, 0xff, 0xff, 0xff, 0xff, 0xff, 0xff, 0xff, 0xff, 0xff, 0xff, 0xff,
    0xff, 0xff, 0xff, 0xff, 0xff, 0xff, 0xff, 0xff, 0xff, 0xff, 0xff, 0xff,
    0xff, 0xff, 0xff, 0xff, 0xff, 0xff, 0xff, 0xff, 0xff, 0xff, 0xff, 0xff,
    0xff, 0xff, 0xff, 0xff, 0xff, 0xff, 0xff, 0xff, 0xff, 0xff, 0xff, 0xff,
    0xff, 0xff, 0xff, 0xff, 0xff, 0xff, 0xff, 0xff, 0xff, 0xff, 0xff, 0xff,
    0xff, 0xff, 0xff, 0xff, 0xff, 0xff, 0xff, 0xff, 0xff, 0xff, 0xff, 0xff,
    0xff, 0xff, 0xff, 0xff, 0xff, 0xff, 0xff, 0xff, 0xff, 0xff, 0xff, 0xff,
    0xff, 0xff, 0xff, 0xff, 0xff, 0xff, 0xff, 0xff, 0xff, 0xff, 0xff, 0xff,
    0xff, 0xff, 0xff, 0xff, 0xff, 0xff, 0xff, 0xff, 0xff, 0xff, 0xff, 0xff,
    0xff, 0xff, 0xff, 0xff, 0xff, 0xff, 0xff, 0xff, 0xff, 0xff, 0xff, 0xff,
    0xff, 0xff
};
