// 4.26.1 0xa561dca3 D2 R0 FRGB565 U565 N0 SExtFlashSection
// Generated by imageconverter. Please, do not edit!

#include <touchgfx/hal/Config.hpp>

LOCATION_PRAGMA("ExtFlashSection")
KEEP extern const unsigned char image_politecnica[] LOCATION_ATTRIBUTE("ExtFlashSection") = { // 159x127 RGB565 pixels.
    0xff, 0xff, 0xff, 0xff, 0xff, 0xff, 0xff, 0xff, 0xff, 0xff, 0xff, 0xff,
    0xff, 0xff, 0xff, 0xff, 0xff, 0xff, 0xff, 0xff, 0xff, 0xff, 0xff, 0xff,
    0xff, 0xff, 0xff, 0xff, 0xff, 0xff, 0xff, 0xff, 0xff, 0xff, 0xff, 0xff,
    0xff, 0xff, 0xff, 0xff, 0xff, 0xff, 0xff, 0xff, 0xff, 0xff, 0xff, 0xff,
    0xff, 0xff, 0xff, 0xff, 0xff, 0xff, 0xff, 0xff, 0xff, 0xff, 0xff, 0xff,
    0xff, 0xff, 0xff, 0xff, 0xff, 0xff, 0xff, 0xff, 0xff, 0xff, 0xff, 0xff,
    0xff, 0xff, 0xff, 0xff, 0xff, 0xff, 0xff, 0xff, 0xff, 0xff, 0xff, 0xff,
    0xff, 0xff, 0xff, 0xff, 0xff, 0xff, 0xff, 0xff, 0xff, 0xff, 0xff, 0xff,
    0xff, 0xff, 0xff, 0xff, 0xff, 0xff, 0xff, 0xff, 0xff, 0xff, 0xff, 0xff,
    0xff, 0xff, 0xff, 0xff, 0xff, 0xff, 0xff, 0xff, 0xff, 0xff, 0xff, 0xff,
    0xff, 0xff, 0xff, 0xff, 0xff, 0xff, 0xff, 0xff, 0xdf, 0xff, 0xff, 0xff,
    0xff, 0xff, 0xff, 0xff, 0xff, 0xff, 0xff, 0xff, 0xff, 0xff, 0xff, 0xff,
    0xfe, 0xff, 0xff, 0xff, 0xff, 0xff, 0xfe, 0xff, 0xff, 0xff, 0xff, 0xff,
    0xbd, 0xf7, 0xfe, 0xff, 0xff, 0xff, 0xff, 0xff, 0xff, 0xff, 0xde, 0xff,
    0xff, 0xff, 0xff, 0xff, 0xff, 0xff, 0xbe, 0xff, 0xff, 0xff, 0xff, 0xff,
    0xdf, 0xff, 0xdf, 0xff, 0xff, 0xff, 0xff, 0xff, 0xff, 0xff, 0xff, 0xff,
    0xff, 0xff, 0xff, 0xff, 0xff, 0xff, 0xdf, 0xff, 0xff, 0xff, 0xff, 0xff,
    0xff, 0xff, 0xdf, 0xff, 0xff, 0xff, 0xff, 0xff, 0xff, 0xff, 0xff, 0xff,
    0xff, 0xff, 0xff, 0xff, 0xff, 0xff, 0xff, 0xff, 0xff, 0xff, 0xff, 0xff,
    0xff, 0xff, 0xff, 0xff, 0xff, 0xff, 0xff, 0xff, 0xff, 0xff, 0xff, 0xff,
    0xff, 0xff, 0xff, 0xff, 0xff, 0xff, 0xff, 0xff, 0xff, 0xff, 0xff, 0xff,
    0xff, 0xff, 0xff, 0xff, 0xff, 0xff, 0xff, 0xff, 0xff, 0xff, 0xff, 0xff,
    0xff, 0xff, 0xff, 0xff, 0xff, 0xff, 0xff, 0xff, 0xff, 0xff, 0xff, 0xff,
    0xff, 0xff, 0xff, 0xff, 0xff, 0xff, 0xff, 0xff, 0xff, 0xff, 0xff, 0xff,
    0xff, 0xff, 0xff, 0xff, 0xff, 0xff, 0xff, 0xff, 0xff, 0xff, 0xff, 0xff,
    0xff, 0xff, 0xff, 0xff, 0xff, 0xff, 0xff, 0xff, 0xff, 0xff, 0xff, 0xff,
    0xff, 0xff, 0xff, 0xff, 0xff, 0xff, 0xff, 0xff, 0xff, 0xff, 0xff, 0xff,
    0xff, 0xff, 0xff, 0xff, 0xff, 0xff, 0xff, 0xff, 0xff, 0xff, 0xff, 0xff,
    0xff, 0xff, 0xff, 0xff, 0xff, 0xff, 0xff, 0xff, 0xff, 0xff, 0xff, 0xff,
    0xff, 0xff, 0xff, 0xff, 0xff, 0xff, 0xff, 0xff, 0xff, 0xff, 0xff, 0xff,
    0xff, 0xff, 0xff, 0xff, 0xff, 0xff, 0xff, 0xff, 0xff, 0xff, 0xff, 0xff,
    0xff, 0xff, 0xff, 0xff, 0xff, 0xff, 0xff, 0xff, 0xff, 0xff, 0xff, 0xff,
    0xff, 0xff, 0xff, 0xff, 0xff, 0xff, 0xff, 0xff, 0xff, 0xff, 0xff, 0xff,
    0xff, 0xff, 0xff, 0xff, 0xff, 0xff, 0xff, 0xff, 0xff, 0xff, 0xff, 0xff,
    0xff, 0xff, 0xff, 0xff, 0xff, 0xff, 0xff, 0xff, 0xff, 0xff, 0xff, 0xff,
    0xff, 0xff, 0xff, 0xff, 0xff, 0xff, 0xff, 0xff, 0xff, 0xff, 0xff, 0xff,
    0xff, 0xff, 0xff, 0xff, 0xff, 0xff, 0xff, 0xff, 0xff, 0xff, 0xff, 0xff,
    0xff, 0xff, 0xff, 0xff, 0xde, 0xff, 0xbe, 0xf7, 0xde, 0xff, 0xff, 0xff,
    0xff, 0xff, 0xff, 0xff, 0xff, 0xff, 0xff, 0xff, 0xff, 0xff, 0xff, 0xff,
    0xde, 0xff, 0xde, 0xff, 0xde, 0xff, 0xde, 0xff, 0xff, 0xff, 0xff, 0xff,
    0xde, 0xff, 0xff, 0xff, 0xff, 0xff, 0xff, 0xff, 0xbe, 0xff, 0xff, 0xff,
    0xff, 0xff, 0xff, 0xff, 0xff, 0xff, 0xff, 0xff, 0xff, 0xff, 0xff, 0xff,
    0xff, 0xff, 0xdf, 0xff, 0x9e, 0xf7, 0xdf, 0xff, 0xdf, 0xff, 0xff, 0xff,
    0xff, 0xff, 0xff, 0xff, 0xff, 0xff, 0xff, 0xff, 0xdf, 0xff, 0xff, 0xff,
    0xff, 0xff, 0xff, 0xff, 0xff, 0xff, 0xff, 0xff, 0xff, 0xff, 0xff, 0xff,
    0xff, 0xff, 0xff, 0xff, 0xff, 0xff, 0xff, 0xff, 0xff, 0xff, 0xff, 0xff,
    0xff, 0xff, 0xff, 0xff, 0xff, 0xff, 0xff, 0xff, 0xff, 0xff, 0xff, 0xff,
    0xff, 0xff, 0xff, 0xff, 0xff, 0xff, 0xff, 0xff, 0xff, 0xff, 0xff, 0xff,
    0xff, 0xff, 0xff, 0xff, 0xff, 0xff, 0xff, 0xff, 0xff, 0xff, 0xff, 0xff,
    0xff, 0xff, 0xff, 0xff, 0xff, 0xff, 0xff, 0xff, 0xff, 0xff, 0xff, 0xff,
    0xff, 0xff, 0xff, 0xff, 0xff, 0xff, 0xff, 0xff, 0xff, 0xff, 0xff, 0xff,
    0xff, 0xff, 0xff, 0xff, 0xff, 0xff, 0xff, 0xff, 0xff, 0xff, 0xff, 0xff,
    0xff, 0xff, 0xff, 0xff, 0xff, 0xff, 0xff, 0xff, 0xff, 0xff, 0xff, 0xff,
    0xff, 0xff, 0xff, 0xff, 0xff, 0xff, 0xff, 0xff, 0xff, 0xff, 0xff, 0xff,
    0xff, 0xff, 0xff, 0xff, 0xff, 0xff, 0xff, 0xff, 0xff, 0xff, 0xff, 0xff,
    0xff, 0xff, 0xff, 0xff, 0xff, 0xff, 0xff, 0xff, 0xff, 0xff, 0xff, 0xff,
    0xff, 0xff, 0xff, 0xff, 0xff, 0xff, 0xff, 0xff, 0xff, 0xff, 0xff, 0xff,
    0xff, 0xff, 0xff, 0xff, 0xff, 0xff, 0xff, 0xff, 0xff, 0xff, 0xff, 0xff,
    0xff, 0xff, 0xff, 0xff, 0xff, 0xff, 0xff, 0xff, 0xff, 0xff, 0xff, 0xff,
    0xff, 0xff, 0xff, 0xff, 0xff, 0xff, 0xff, 0xff, 0xff, 0xff, 0xff, 0xff,
    0xff, 0xff, 0xff, 0xff, 0xff, 0xff, 0xff, 0xff, 0xff, 0xff, 0xff, 0xff,
    0xff, 0xff, 0xff, 0xff, 0xff, 0xff, 0xff, 0xff, 0xff, 0xff, 0xff, 0xff,
    0xff, 0xff, 0xff, 0xff, 0xff, 0xff, 0xff, 0xff, 0xff, 0xff, 0xff, 0xff,
    0xff, 0xff, 0xff, 0xff, 0xff, 0xff, 0xff, 0xff, 0xff, 0xff, 0xff, 0xff,
    0xff, 0xff, 0xff, 0xff, 0xff, 0xff, 0xbe, 0xf7, 0xff, 0xff, 0xff, 0xff,
    0xde, 0xff, 0xde, 0xff, 0xfe, 0xff, 0xff, 0xff, 0xfe, 0xff, 0xdd, 0xf7,
    0x9c, 0xf7, 0x7c, 0xef, 0x9d, 0xf7, 0x7d, 0xf7, 0xbe, 0xf7, 0xfe, 0xff,
    0xff, 0xff, 0xde, 0xff, 0xdf, 0xff, 0xff, 0xff, 0xbe, 0xf7, 0xdf, 0xff,
    0xff, 0xff, 0xbe, 0xff, 0x9e, 0xf7, 0xdf, 0xff, 0xff, 0xff, 0xff, 0xff,
    0xff, 0xff, 0xff, 0xff, 0xff, 0xff, 0xff, 0xff, 0xff, 0xff, 0xff, 0xff,
    0xff, 0xff, 0xff, 0xff, 0xff, 0xff, 0xff, 0xff, 0xff, 0xff, 0xff, 0xff,
    0xff, 0xff, 0xff, 0xff, 0xff, 0xff, 0xff, 0xff, 0xff, 0xff, 0xff, 0xff,
    0xff, 0xff, 0xff, 0xff, 0xff, 0xff, 0xff, 0xff, 0xff, 0xff, 0xff, 0xff,
    0xff, 0xff, 0xff, 0xff, 0xff, 0xff, 0xff, 0xff, 0xff, 0xff, 0xff, 0xff,
    0xff, 0xff, 0xff, 0xff, 0xff, 0xff, 0xff, 0xff, 0xff, 0xff, 0xff, 0xff,
    0xff, 0xff, 0xff, 0xff, 0xff, 0xff, 0xff, 0xff, 0xff, 0xff, 0xff, 0xff,
    0xff, 0xff, 0xff, 0xff, 0xff, 0xff, 0xff, 0xff, 0xff, 0xff, 0xff, 0xff,
    0xff, 0xff, 0xff, 0xff, 0xff, 0xff, 0xff, 0xff, 0xff, 0xff, 0xff, 0xff,
    0xff, 0xff, 0xff, 0xff, 0xff, 0xff, 0xff, 0xff, 0xff, 0xff, 0xff, 0xff,
    0xff, 0xff, 0xff, 0xff, 0xff, 0xff, 0xff, 0xff, 0xff, 0xff, 0xff, 0xff,
    0xff, 0xff, 0xff, 0xff, 0xff, 0xff, 0xff, 0xff, 0xff, 0xff, 0xff, 0xff,
    0xff, 0xff, 0xff, 0xff, 0xff, 0xff, 0xff, 0xff, 0xff, 0xff, 0xff, 0xff,
    0xff, 0xff, 0xff, 0xff, 0xff, 0xff, 0xff, 0xff, 0xff, 0xff, 0xff, 0xff,
    0xff, 0xff, 0xff, 0xff, 0xff, 0xff, 0xff, 0xff, 0xff, 0xff, 0xff, 0xff,
    0xff, 0xff, 0xff, 0xff, 0xff, 0xff, 0xff, 0xff, 0xff, 0xff, 0xff, 0xff,
    0xff, 0xff, 0xff, 0xff, 0xff, 0xff, 0xff, 0xff, 0xff, 0xff, 0xff, 0xff,
    0xff, 0xff, 0xff, 0xff, 0xff, 0xff, 0xff, 0xff, 0xff, 0xff, 0xff, 0xff,
    0xff, 0xff, 0xff, 0xff, 0xff, 0xff, 0xff, 0xff, 0xff, 0xff, 0xff, 0xff,
    0xff, 0xff, 0xff, 0xff, 0xff, 0xff, 0xff, 0xff, 0xff, 0xff, 0xff, 0xff,
    0xff, 0xff, 0xff, 0xff, 0xff, 0xff, 0xff, 0xff, 0xff, 0xff, 0xff, 0xff,
    0xde, 0xff, 0xff, 0xff, 0xbe, 0xf7, 0xde, 0xff, 0xff, 0xff, 0xff, 0xff,
    0xff, 0xff, 0xde, 0xff, 0x7c, 0xef, 0x1b, 0xe7, 0x78, 0xce, 0xb5, 0xb5,
    0x53, 0xad, 0xf2, 0x9c, 0x12, 0xa5, 0x54, 0xad, 0xd2, 0x9c, 0x13, 0xa5,
    0x54, 0xad, 0x33, 0xad, 0x33, 0xa5, 0xd6, 0xbd, 0x58, 0xce, 0xda, 0xde,
    0x5c, 0xef, 0xff, 0xff, 0xde, 0xff, 0xff, 0xff, 0xff, 0xff, 0xff, 0xff,
    0xff, 0xff, 0xff, 0xff, 0xdf, 0xff, 0xff, 0xff, 0xff, 0xff, 0xdf, 0xff,
    0xff, 0xff, 0xff, 0xff, 0xff, 0xff, 0xff, 0xff, 0xff, 0xff, 0xff, 0xff,
    0xff, 0xff, 0xff, 0xff, 0xff, 0xff, 0xff, 0xff, 0xff, 0xff, 0xff, 0xff,
    0xff, 0xff, 0xff, 0xff, 0xff, 0xff, 0xff, 0xff, 0xff, 0xff, 0xff, 0xff,
    0xff, 0xff, 0xff, 0xff, 0xff, 0xff, 0xff, 0xff, 0xff, 0xff, 0xff, 0xff,
    0xff, 0xff, 0xff, 0xff, 0xff, 0xff, 0xff, 0xff, 0xff, 0xff, 0xff, 0xff,
    0xff, 0xff, 0xff, 0xff, 0xff, 0xff, 0xff, 0xff, 0xff, 0xff, 0xff, 0xff,
    0xff, 0xff, 0xff, 0xff, 0xff, 0xff, 0xff, 0xff, 0xff, 0xff, 0xff, 0xff,
    0xff, 0xff, 0xff, 0xff, 0xff, 0xff, 0xff, 0xff, 0xff, 0xff, 0xff, 0xff,
    0xff, 0xff, 0xff, 0xff, 0xff, 0xff, 0xff, 0xff, 0xff, 0xff, 0xff, 0xff,
    0xff, 0xff, 0xff, 0xff, 0xff, 0xff, 0xff, 0xff, 0xff, 0xff, 0xff, 0xff,
    0xff, 0xff, 0xff, 0xff, 0xff, 0xff, 0xff, 0xff, 0xff, 0xff, 0xff, 0xff,
    0xff, 0xff, 0xff, 0xff, 0xff, 0xff, 0xff, 0xff, 0xff, 0xff, 0xff, 0xff,
    0xff, 0xff, 0xff, 0xff, 0xff, 0xff, 0xff, 0xff, 0xff, 0xff, 0xff, 0xff,
    0xff, 0xff, 0xff, 0xff, 0xff, 0xff, 0xff, 0xff, 0xff, 0xff, 0xff, 0xff,
    0xff, 0xff, 0xff, 0xff, 0xff, 0xff, 0xff, 0xff, 0xff, 0xff, 0xff, 0xff,
    0xff, 0xff, 0xff, 0xff, 0xff, 0xff, 0xff, 0xff, 0xff, 0xff, 0xff, 0xff,
    0xff, 0xff, 0xff, 0xff, 0xff, 0xff, 0xff, 0xff, 0xff, 0xff, 0xff, 0xff,
    0xff, 0xff, 0xff, 0xff, 0xff, 0xff, 0xff, 0xff, 0xff, 0xff, 0xff, 0xff,
    0xff, 0xff, 0xff, 0xff, 0xff, 0xff, 0xff, 0xff, 0xff, 0xff, 0xff, 0xff,
    0xff, 0xff, 0xff, 0xff, 0xff, 0xff, 0xff, 0xff, 0xff, 0xff, 0xff, 0xff,
    0xff, 0xff, 0xff, 0xff, 0xff, 0xff, 0xde, 0xff, 0xde, 0xff, 0xff, 0xff,
    0xff, 0xff, 0xbd, 0xff, 0x1b, 0xe7, 0x37, 0xce, 0x54, 0xad, 0x90, 0x94,
    0x91, 0x9c, 0xb1, 0x9c, 0xd1, 0x9c, 0x53, 0xad, 0x74, 0xb5, 0xd5, 0xbd,
    0x57, 0xce, 0xb5, 0xbd, 0x16, 0xc6, 0x17, 0xc6, 0xb5, 0xbd, 0x54, 0xad,
    0x13, 0xa5, 0xf3, 0xa4, 0xb2, 0x9c, 0xb2, 0x9c, 0x54, 0xb5, 0xd6, 0xbd,
    0xda, 0xde, 0xbe, 0xff, 0xff, 0xff, 0xdf, 0xff, 0xff, 0xff, 0xff, 0xff,
    0xde, 0xff, 0xde, 0xff, 0xdf, 0xff, 0xff, 0xff, 0xff, 0xff, 0xff, 0xff,
    0xff, 0xff, 0xff, 0xff, 0xff, 0xff, 0xff, 0xff, 0xff, 0xff, 0xff, 0xff,
    0xff, 0xff, 0xff, 0xff, 0xff, 0xff, 0xff, 0xff, 0xff, 0xff, 0xff, 0xff,
    0xff, 0xff, 0xff, 0xff, 0xff, 0xff, 0xff, 0xff, 0xff, 0xff, 0xff, 0xff,
    0xff, 0xff, 0xff, 0xff, 0xff, 0xff, 0xff, 0xff, 0xff, 0xff, 0xff, 0xff,
    0xff, 0xff, 0xff, 0xff, 0xff, 0xff, 0xff, 0xff, 0xff, 0xff, 0xff, 0xff,
    0xff, 0xff, 0xff, 0xff, 0xff, 0xff, 0xff, 0xff, 0xff, 0xff, 0xff, 0xff,
    0xff, 0xff, 0xff, 0xff, 0xff, 0xff, 0xff, 0xff, 0xff, 0xff, 0xff, 0xff,
    0xff, 0xff, 0xff, 0xff, 0xff, 0xff, 0xff, 0xff, 0xff, 0xff, 0xff, 0xff,
    0xff, 0xff, 0xff, 0xff, 0xff, 0xff, 0xff, 0xff, 0xff, 0xff, 0xff, 0xff,
    0xff, 0xff, 0xff, 0xff, 0xff, 0xff, 0xff, 0xff, 0xff, 0xff, 0xff, 0xff,
    0xff, 0xff, 0xff, 0xff, 0xff, 0xff, 0xff, 0xff, 0xff, 0xff, 0xff, 0xff,
    0xff, 0xff, 0xff, 0xff, 0xff, 0xff, 0xff, 0xff, 0xff, 0xff, 0xff, 0xff,
    0xff, 0xff, 0xff, 0xff, 0xff, 0xff, 0xff, 0xff, 0xff, 0xff, 0xff, 0xff,
    0xff, 0xff, 0xff, 0xff, 0xff, 0xff, 0xff, 0xff, 0xff, 0xff, 0xff, 0xff,
    0xff, 0xff, 0xff, 0xff, 0xff, 0xff, 0xff, 0xff, 0xff, 0xff, 0xff, 0xff,
    0xff, 0xff, 0xff, 0xff, 0xff, 0xff, 0xff, 0xff, 0xff, 0xff, 0xff, 0xff,
    0xff, 0xff, 0xff, 0xff, 0xff, 0xff, 0xff, 0xff, 0xff, 0xff, 0xff, 0xff,
    0xff, 0xff, 0xff, 0xff, 0xff, 0xff, 0xff, 0xff, 0xff, 0xff, 0xff, 0xff,
    0xff, 0xff, 0xff, 0xff, 0xff, 0xff, 0xff, 0xff, 0xff, 0xff, 0xff, 0xff,
    0xff, 0xff, 0xff, 0xff, 0xff, 0xff, 0xff, 0xff, 0xff, 0xff, 0xff, 0xff,
    0xff, 0xff, 0xff, 0xff, 0x9c, 0xf7, 0xf7, 0xc5, 0xd1, 0x9c, 0x91, 0x94,
    0xb1, 0x9c, 0x33, 0xad, 0xf6, 0xc5, 0x3b, 0xef, 0x9c, 0xf7, 0x7c, 0xf7,
    0xff, 0xff, 0xfe, 0xff, 0xfe, 0xff, 0xfe, 0xff, 0xde, 0xff, 0xdd, 0xff,
    0xfe, 0xff, 0xff, 0xff, 0xfe, 0xff, 0x1b, 0xef, 0x1b, 0xe7, 0xda, 0xde,
    0x78, 0xd6, 0xb5, 0xbd, 0xf3, 0xa4, 0x50, 0x8c, 0xd2, 0x9c, 0x38, 0xce,
    0x3c, 0xef, 0x9d, 0xf7, 0xfe, 0xff, 0xff, 0xff, 0xff, 0xff, 0xff, 0xff,
    0xff, 0xff, 0xff, 0xff, 0xff, 0xff, 0xff, 0xff, 0xff, 0xff, 0xff, 0xff,
    0xff, 0xff, 0xff, 0xff, 0xff, 0xff, 0xff, 0xff, 0xff, 0xff, 0xff, 0xff,
    0xff, 0xff, 0xff, 0xff, 0xff, 0xff, 0xff, 0xff, 0xff, 0xff, 0xff, 0xff,
    0xff, 0xff, 0xff, 0xff, 0xff, 0xff, 0xff, 0xff, 0xff, 0xff, 0xff, 0xff,
    0xff, 0xff, 0xff, 0xff, 0xff, 0xff, 0xff, 0xff, 0xff, 0xff, 0xff, 0xff,
    0xff, 0xff, 0xff, 0xff, 0xff, 0xff, 0xff, 0xff, 0xff, 0xff, 0xff, 0xff,
    0xff, 0xff, 0xff, 0xff, 0xff, 0xff, 0xff, 0xff, 0xff, 0xff, 0xff, 0xff,
    0xff, 0xff, 0xff, 0xff, 0xff, 0xff, 0xff, 0xff, 0xff, 0xff, 0xff, 0xff,
    0xff, 0xff, 0xff, 0xff, 0xff, 0xff, 0xff, 0xff, 0xff, 0xff, 0xff, 0xff,
    0xff, 0xff, 0xff, 0xff, 0xff, 0xff, 0xff, 0xff, 0xff, 0xff, 0xff, 0xff,
    0xff, 0xff, 0xff, 0xff, 0xff, 0xff, 0xff, 0xff, 0xff, 0xff, 0xff, 0xff,
    0xff, 0xff, 0xff, 0xff, 0xff, 0xff, 0xff, 0xff, 0xff, 0xff, 0xff, 0xff,
    0xff, 0xff, 0xff, 0xff, 0xff, 0xff, 0xff, 0xff, 0xff, 0xff, 0xff, 0xff,
    0xff, 0xff, 0xff, 0xff, 0xff, 0xff, 0xff, 0xff, 0xff, 0xff, 0xff, 0xff,
    0xff, 0xff, 0xff, 0xff, 0xff, 0xff, 0xff, 0xff, 0xff, 0xff, 0xff, 0xff,
    0xff, 0xff, 0xff, 0xff, 0xff, 0xff, 0xff, 0xff, 0xff, 0xff, 0xff, 0xff,
    0xff, 0xff, 0xff, 0xff, 0xff, 0xff, 0xff, 0xff, 0xff, 0xff, 0xff, 0xff,
    0xff, 0xff, 0xff, 0xff, 0xff, 0xff, 0xff, 0xff, 0xff, 0xff, 0xff, 0xff,
    0xff, 0xff, 0xff, 0xff, 0xff, 0xff, 0xff, 0xff, 0xff, 0xff, 0xff, 0xff,
    0xff, 0xff, 0xff, 0xff, 0xff, 0xff, 0xff, 0xff, 0xff, 0xff, 0xff, 0xff,
    0xff, 0xff, 0xff, 0xff, 0x9d, 0xf7, 0xfa, 0xde, 0x53, 0xad, 0xf2, 0xa4,
    0x70, 0x94, 0x54, 0xad, 0xda, 0xe6, 0xfa, 0xe6, 0x98, 0xd6, 0x1b, 0xe7,
    0x37, 0xce, 0x37, 0xce, 0x16, 0xc6, 0xbd, 0xff, 0xfe, 0xff, 0xd9, 0xde,
    0xf6, 0xc5, 0x33, 0xad, 0xd9, 0xde, 0x7c, 0xf7, 0x9d, 0xff, 0x99, 0xde,
    0x33, 0xad, 0x78, 0xd6, 0x1a, 0xe7, 0x37, 0xce, 0xb9, 0xde, 0xde, 0xff,
    0x5c, 0xf7, 0xd6, 0xbd, 0xd2, 0xa4, 0x91, 0x9c, 0x74, 0xb5, 0x1b, 0xe7,
    0x9d, 0xf7, 0xff, 0xff, 0xff, 0xff, 0xff, 0xff, 0xde, 0xff, 0xff, 0xff,
    0xff, 0xff, 0xff, 0xff, 0xff, 0xff, 0xff, 0xff, 0xff, 0xff, 0xff, 0xff,
    0xff, 0xff, 0xff, 0xff, 0xff, 0xff, 0xff, 0xff, 0xff, 0xff, 0xff, 0xff,
    0xff, 0xff, 0xff, 0xff, 0xff, 0xff, 0xff, 0xff, 0xff, 0xff, 0xff, 0xff,
    0xff, 0xff, 0xff, 0xff, 0xff, 0xff, 0xff, 0xff, 0xff, 0xff, 0xff, 0xff,
    0xff, 0xff, 0xff, 0xff, 0xff, 0xff, 0xff, 0xff, 0xff, 0xff, 0xff, 0xff,
    0xff, 0xff, 0xff, 0xff, 0xff, 0xff, 0xff, 0xff, 0xff, 0xff, 0xff, 0xff,
    0xff, 0xff, 0xff, 0xff, 0xff, 0xff, 0xff, 0xff, 0xff, 0xff, 0xff, 0xff,
    0xff, 0xff, 0xff, 0xff, 0xff, 0xff, 0xff, 0xff, 0xff, 0xff, 0xff, 0xff,
    0xff, 0xff, 0xff, 0xff, 0xff, 0xff, 0xff, 0xff, 0xff, 0xff, 0xff, 0xff,
    0xff, 0xff, 0xff, 0xff, 0xff, 0xff, 0xff, 0xff, 0xff, 0xff, 0xff, 0xff,
    0xff, 0xff, 0xff, 0xff, 0xff, 0xff, 0xff, 0xff, 0xff, 0xff, 0xff, 0xff,
    0xff, 0xff, 0xff, 0xff, 0xff, 0xff, 0xff, 0xff, 0xff, 0xff, 0xff, 0xff,
    0xff, 0xff, 0xff, 0xff, 0xff, 0xff, 0xff, 0xff, 0xff, 0xff, 0xff, 0xff,
    0xff, 0xff, 0xff, 0xff, 0xff, 0xff, 0xff, 0xff, 0xff, 0xff, 0xff, 0xff,
    0xff, 0xff, 0xff, 0xff, 0xff, 0xff, 0xff, 0xff, 0xff, 0xff, 0xff, 0xff,
    0xff, 0xff, 0xff, 0xff, 0xff, 0xff, 0xff, 0xff, 0xff, 0xff, 0xff, 0xff,
    0xff, 0xff, 0xff, 0xff, 0xff, 0xff, 0xff, 0xff, 0xff, 0xff, 0xff, 0xff,
    0xff, 0xff, 0xff, 0xff, 0xff, 0xff, 0xff, 0xff, 0xff, 0xff, 0xff, 0xff,
    0xff, 0xff, 0xff, 0xff, 0xff, 0xff, 0xff, 0xff, 0xff, 0xff, 0xff, 0xff,
    0xff, 0xff, 0xff, 0xff, 0xff, 0xff, 0xde, 0xff, 0x3b, 0xef, 0xf6, 0xc5,
    0xb1, 0x9c, 0xd2, 0xa4, 0x17, 0xce, 0x1a, 0xe7, 0xfe, 0xff, 0xfe, 0xff,
    0x16, 0xc6, 0x54, 0xb5, 0xfa, 0xe6, 0xfe, 0xff, 0xb9, 0xde, 0x12, 0xa5,
    0xd9, 0xde, 0xdd, 0xff, 0x16, 0xc6, 0xd1, 0xa4, 0x4f, 0x8c, 0xb1, 0x9c,
    0x1a, 0xe7, 0xfe, 0xff, 0xd9, 0xde, 0x13, 0xad, 0x7c, 0xf7, 0xff, 0xff,
    0x16, 0xc6, 0x74, 0xb5, 0xbd, 0xff, 0xff, 0xff, 0x9c, 0xff, 0x9c, 0xf7,
    0x98, 0xd6, 0xf2, 0xa4, 0x91, 0x94, 0xb6, 0xbd, 0xfa, 0xe6, 0xff, 0xff,
    0xff, 0xff, 0xff, 0xff, 0xff, 0xff, 0xff, 0xff, 0xbe, 0xff, 0xff, 0xff,
    0xff, 0xff, 0xff, 0xff, 0xff, 0xff, 0xff, 0xff, 0xff, 0xff, 0xff, 0xff,
    0xff, 0xff, 0xff, 0xff, 0xff, 0xff, 0xff, 0xff, 0xff, 0xff, 0xff, 0xff,
    0xff, 0xff, 0xff, 0xff, 0xff, 0xff, 0xff, 0xff, 0xff, 0xff, 0xff, 0xff,
    0xff, 0xff, 0xff, 0xff, 0xff, 0xff, 0xff, 0xff, 0xff, 0xff, 0xff, 0xff,
    0xff, 0xff, 0xff, 0xff, 0xff, 0xff, 0xff, 0xff, 0xff, 0xff, 0xff, 0xff,
    0xff, 0xff, 0xff, 0xff, 0xff, 0xff, 0xff, 0xff, 0xff, 0xff, 0xff, 0xff,
    0xff, 0xff, 0xff, 0xff, 0xff, 0xff, 0xff, 0xff, 0xff, 0xff, 0xff, 0xff,
    0xff, 0xff, 0xff, 0xff, 0xff, 0xff, 0xff, 0xff, 0xff, 0xff, 0xff, 0xff,
    0xff, 0xff, 0xff, 0xff, 0xff, 0xff, 0xff, 0xff, 0xff, 0xff, 0xff, 0xff,
    0xff, 0xff, 0xff, 0xff, 0xff, 0xff, 0xff, 0xff, 0xff, 0xff, 0xff, 0xff,
    0xff, 0xff, 0xff, 0xff, 0xff, 0xff, 0xff, 0xff, 0xff, 0xff, 0xff, 0xff,
    0xff, 0xff, 0xff, 0xff, 0xff, 0xff, 0xff, 0xff, 0xff, 0xff, 0xff, 0xff,
    0xff, 0xff, 0xff, 0xff, 0xff, 0xff, 0xff, 0xff, 0xff, 0xff, 0xff, 0xff,
    0xff, 0xff, 0xff, 0xff, 0xff, 0xff, 0xff, 0xff, 0xff, 0xff, 0xff, 0xff,
    0xff, 0xff, 0xff, 0xff, 0xff, 0xff, 0xff, 0xff, 0xff, 0xff, 0xff, 0xff,
    0xff, 0xff, 0xff, 0xff, 0xff, 0xff, 0xff, 0xff, 0xff, 0xff, 0xff, 0xff,
    0xff, 0xff, 0xff, 0xff, 0xff, 0xff, 0xff, 0xff, 0xff, 0xff, 0xff, 0xff,
    0xff, 0xff, 0xff, 0xff, 0xdf, 0xff, 0xdf, 0xff, 0xff, 0xff, 0xdf, 0xff,
    0xbe, 0xff, 0xff, 0xff, 0xdf, 0xff, 0xff, 0xff, 0xfe, 0xff, 0xbd, 0xf7,
    0x17, 0xc6, 0x91, 0x94, 0xf2, 0x9c, 0xf6, 0xc5, 0x7c, 0xf7, 0xfe, 0xff,
    0xfe, 0xff, 0xfd, 0xff, 0xfe, 0xff, 0xbd, 0xff, 0x90, 0x9c, 0xb9, 0xde,
    0xbc, 0xff, 0xbd, 0xff, 0xb5, 0xc5, 0xd5, 0xc5, 0xbd, 0xff, 0xd5, 0xc5,
    0x50, 0x94, 0x0e, 0x8c, 0xd2, 0x9c, 0x37, 0xce, 0xde, 0xff, 0x17, 0xce,
    0x74, 0xb5, 0xfe, 0xff, 0xde, 0xff, 0xb5, 0xbd, 0xd1, 0x9c, 0xfe, 0xff,
    0x1a, 0xe7, 0xd5, 0xbd, 0xb5, 0xbd, 0xb9, 0xde, 0xda, 0xe6, 0x37, 0xce,
    0x12, 0xa5, 0xb1, 0x94, 0x58, 0xce, 0x5b, 0xef, 0xff, 0xff, 0xff, 0xff,
    0xfe, 0xff, 0xff, 0xff, 0xde, 0xff, 0xff, 0xff, 0xff, 0xff, 0xff, 0xff,
    0xff, 0xff, 0xff, 0xff, 0xdf, 0xff, 0xff, 0xff, 0xff, 0xff, 0xff, 0xff,
    0xff, 0xff, 0xff, 0xff, 0xff, 0xff, 0xff, 0xff, 0xff, 0xff, 0xff, 0xff,
    0xff, 0xff, 0xff, 0xff, 0xff, 0xff, 0xff, 0xff, 0xff, 0xff, 0xff, 0xff,
    0xff, 0xff, 0xff, 0xff, 0xff, 0xff, 0xff, 0xff, 0xff, 0xff, 0xff, 0xff,
    0xff, 0xff, 0xff, 0xff, 0xff, 0xff, 0xff, 0xff, 0xff, 0xff, 0xff, 0xff,
    0xff, 0xff, 0xff, 0xff, 0xff, 0xff, 0xff, 0xff, 0xff, 0xff, 0xff, 0xff,
    0xff, 0xff, 0xff, 0xff, 0xff, 0xff, 0xff, 0xff, 0xff, 0xff, 0xff, 0xff,
    0xff, 0xff, 0xff, 0xff, 0xff, 0xff, 0xff, 0xff, 0xff, 0xff, 0xff, 0xff,
    0xff, 0xff, 0xff, 0xff, 0xff, 0xff, 0xff, 0xff, 0xff, 0xff, 0xff, 0xff,
    0xff, 0xff, 0xff, 0xff, 0xff, 0xff, 0xff, 0xff, 0xff, 0xff, 0xff, 0xff,
    0xff, 0xff, 0xff, 0xff, 0xff, 0xff, 0xff, 0xff, 0xff, 0xff, 0xff, 0xff,
    0xff, 0xff, 0xff, 0xff, 0xff, 0xff, 0xff, 0xff, 0xff, 0xff, 0xff, 0xff,
    0xff, 0xff, 0xff, 0xff, 0xff, 0xff, 0xff, 0xff, 0xff, 0xff, 0xff, 0xff,
    0xff, 0xff, 0xff, 0xff, 0xff, 0xff, 0xff, 0xff, 0xff, 0xff, 0xff, 0xff,
    0xff, 0xff, 0xff, 0xff, 0xff, 0xff, 0xff, 0xff, 0xff, 0xff, 0xff, 0xff,
    0xff, 0xff, 0xff, 0xff, 0xff, 0xff, 0xff, 0xff, 0xff, 0xff, 0xff, 0xff,
    0xff, 0xff, 0xff, 0xff, 0xff, 0xff, 0xff, 0xff, 0xdf, 0xff, 0xff, 0xff,
    0xff, 0xff, 0x9d, 0xf7, 0xff, 0xff, 0xff, 0xff, 0x7c, 0xef, 0xde, 0xff,
    0xff, 0xff, 0x1b, 0xe7, 0x94, 0xb5, 0xb1, 0x9c, 0xb5, 0xb5, 0x3b, 0xef,
    0x57, 0xce, 0xb5, 0xbd, 0x7c, 0xf7, 0xbd, 0xff, 0x9c, 0xff, 0xdd, 0xff,
    0xfe, 0xff, 0xb5, 0xbd, 0xf6, 0xc5, 0xfe, 0xff, 0xbd, 0xff, 0x33, 0xad,
    0x94, 0xb5, 0x9d, 0xff, 0xb9, 0xde, 0x74, 0xb5, 0xd1, 0xa4, 0x94, 0xb5,
    0x5c, 0xf7, 0xfe, 0xff, 0xb5, 0xbd, 0x54, 0xb5, 0x7c, 0xf7, 0xb9, 0xde,
    0x13, 0xad, 0xb5, 0xbd, 0x9c, 0xf7, 0x33, 0xad, 0x74, 0xb5, 0x7c, 0xf7,
    0x9c, 0xf7, 0x78, 0xd6, 0x1a, 0xe7, 0xdd, 0xff, 0x74, 0xb5, 0xd1, 0x9c,
    0x54, 0xad, 0xb9, 0xd6, 0xde, 0xff, 0xff, 0xff, 0xde, 0xff, 0xff, 0xff,
    0xff, 0xff, 0xff, 0xff, 0xdf, 0xff, 0xdf, 0xff, 0xff, 0xff, 0xff, 0xff,
    0xdf, 0xff, 0xff, 0xff, 0xff, 0xff, 0xff, 0xff, 0xff, 0xff, 0xff, 0xff,
    0xff, 0xff, 0xff, 0xff, 0xff, 0xff, 0xff, 0xff, 0xff, 0xff, 0xff, 0xff,
    0xff, 0xff, 0xff, 0xff, 0xff, 0xff, 0xff, 0xff, 0xff, 0xff, 0xff, 0xff,
    0xff, 0xff, 0xff, 0xff, 0xff, 0xff, 0xff, 0xff, 0xff, 0xff, 0xff, 0xff,
    0xff, 0xff, 0xff, 0xff, 0xff, 0xff, 0xff, 0xff, 0xff, 0xff, 0xff, 0xff,
    0xff, 0xff, 0xff, 0xff, 0xff, 0xff, 0xff, 0xff, 0xff, 0xff, 0xff, 0xff,
    0xff, 0xff, 0xff, 0xff, 0xff, 0xff, 0xff, 0xff, 0xff, 0xff, 0xff, 0xff,
    0xff, 0xff, 0xff, 0xff, 0xff, 0xff, 0xff, 0xff, 0xff, 0xff, 0xff, 0xff,
    0xff, 0xff, 0xff, 0xff, 0xff, 0xff, 0xff, 0xff, 0xff, 0xff, 0xff, 0xff,
    0xff, 0xff, 0xff, 0xff, 0xff, 0xff, 0xff, 0xff, 0xff, 0xff, 0xff, 0xff,
    0xff, 0xff, 0xff, 0xff, 0xff, 0xff, 0xff, 0xff, 0xff, 0xff, 0xff, 0xff,
    0xff, 0xff, 0xff, 0xff, 0xff, 0xff, 0xff, 0xff, 0xff, 0xff, 0xff, 0xff,
    0xff, 0xff, 0xff, 0xff, 0xff, 0xff, 0xff, 0xff, 0xff, 0xff, 0xff, 0xff,
    0xff, 0xff, 0xff, 0xff, 0xff, 0xff, 0xff, 0xff, 0xff, 0xff, 0xff, 0xff,
    0xff, 0xff, 0xff, 0xff, 0xff, 0xff, 0xff, 0xff, 0xff, 0xff, 0xff, 0xff,
    0xff, 0xff, 0xff, 0xff, 0xff, 0xff, 0xff, 0xff, 0xff, 0xff, 0xff, 0xff,
    0xff, 0xff, 0xff, 0xff, 0xff, 0xff, 0xff, 0xff, 0xff, 0xff, 0xff, 0xff,
    0xff, 0xff, 0xff, 0xff, 0xfe, 0xff, 0xf6, 0xc5, 0x70, 0x94, 0xd1, 0x9c,
    0x57, 0xce, 0x9c, 0xf7, 0x9c, 0xf7, 0x94, 0xb5, 0x12, 0xa5, 0x12, 0xad,
    0xd9, 0xde, 0xfe, 0xff, 0xfe, 0xff, 0xbd, 0xff, 0xb9, 0xde, 0x70, 0x94,
    0x7c, 0xf7, 0x5b, 0xf7, 0xf6, 0xc5, 0xfa, 0xe6, 0xfe, 0xff, 0xbd, 0xff,
    0xb9, 0xde, 0x58, 0xce, 0xb9, 0xde, 0xfe, 0xff, 0x5c, 0xef, 0x12, 0xa5,
    0x94, 0xb5, 0x3b, 0xef, 0xfa, 0xe6, 0x3b, 0xe7, 0xfe, 0xff, 0xf5, 0xc5,
    0x90, 0x9c, 0x7c, 0xf7, 0xdd, 0xff, 0xfe, 0xff, 0x3a, 0xef, 0x12, 0xa5,
    0xdd, 0xff, 0xfd, 0xff, 0x99, 0xd6, 0x53, 0xad, 0xd1, 0x9c, 0x57, 0xce,
    0xde, 0xff, 0xff, 0xff, 0xff, 0xff, 0xbe, 0xff, 0xff, 0xff, 0xff, 0xff,
    0xdf, 0xff, 0xff, 0xff, 0xff, 0xff, 0xff, 0xff, 0xff, 0xff, 0xff, 0xff,
    0xff, 0xff, 0xff, 0xff, 0xff, 0xff, 0xff, 0xff, 0xff, 0xff, 0xff, 0xff,
    0xff, 0xff, 0xff, 0xff, 0xff, 0xff, 0xff, 0xff, 0xff, 0xff, 0xff, 0xff,
    0xff, 0xff, 0xff, 0xff, 0xff, 0xff, 0xff, 0xff, 0xff, 0xff, 0xff, 0xff,
    0xff, 0xff, 0xff, 0xff, 0xff, 0xff, 0xff, 0xff, 0xff, 0xff, 0xff, 0xff,
    0xff, 0xff, 0xff, 0xff, 0xff, 0xff, 0xff, 0xff, 0xff, 0xff, 0xff, 0xff,
    0xff, 0xff, 0xff, 0xff, 0xff, 0xff, 0xff, 0xff, 0xff, 0xff, 0xff, 0xff,
    0xff, 0xff, 0xff, 0xff, 0xff, 0xff, 0xff, 0xff, 0xff, 0xff, 0xff, 0xff,
    0xff, 0xff, 0xff, 0xff, 0xff, 0xff, 0xff, 0xff, 0xff, 0xff, 0xff, 0xff,
    0xff, 0xff, 0xff, 0xff, 0xff, 0xff, 0xff, 0xff, 0xff, 0xff, 0xff, 0xff,
    0xff, 0xff, 0xff, 0xff, 0xff, 0xff, 0xff, 0xff, 0xff, 0xff, 0xff, 0xff,
    0xff, 0xff, 0xff, 0xff, 0xff, 0xff, 0xff, 0xff, 0xff, 0xff, 0xff, 0xff,
    0xff, 0xff, 0xff, 0xff, 0xff, 0xff, 0xff, 0xff, 0xff, 0xff, 0xff, 0xff,
    0xff, 0xff, 0xff, 0xff, 0xff, 0xff, 0xff, 0xff, 0xff, 0xff, 0xff, 0xff,
    0xff, 0xff, 0xff, 0xff, 0xff, 0xff, 0xff, 0xff, 0xff, 0xff, 0xff, 0xff,
    0xff, 0xff, 0xff, 0xff, 0xff, 0xff, 0xff, 0xff, 0xff, 0xff, 0xff, 0xff,
    0xff, 0xff, 0xff, 0xff, 0xff, 0xff, 0xff, 0xff, 0xff, 0xff, 0xdf, 0xff,
    0xdf, 0xff, 0xff, 0xff, 0xff, 0xff, 0x9d, 0xf7, 0xfe, 0xff, 0x78, 0xd6,
    0x70, 0x94, 0x94, 0xb5, 0xfa, 0xe6, 0xff, 0xff, 0xff, 0xff, 0xbd, 0xff,
    0xb9, 0xde, 0xbd, 0xff, 0x73, 0xb5, 0x90, 0x94, 0xb4, 0xbd, 0xdd, 0xff,
    0xfe, 0xff, 0xb9, 0xde, 0x12, 0xad, 0x16, 0xc6, 0xb9, 0xde, 0x99, 0xde,
    0xde, 0xff, 0xfe, 0xff, 0xfe, 0xff, 0xde, 0xff, 0xfe, 0xff, 0xfe, 0xff,
    0xff, 0xff, 0xbd, 0xff, 0xda, 0xde, 0x5b, 0xef, 0xbd, 0xff, 0x9c, 0xf7,
    0xfe, 0xff, 0xdd, 0xff, 0xf6, 0xc5, 0x74, 0xb5, 0xfe, 0xff, 0xfd, 0xff,
    0xfe, 0xff, 0x1a, 0xe7, 0x73, 0xb5, 0xfd, 0xff, 0x9c, 0xf7, 0x3b, 0xef,
    0x9c, 0xf7, 0x33, 0xa5, 0x4f, 0x8c, 0xf6, 0xc5, 0x7c, 0xf7, 0xde, 0xff,
    0xde, 0xff, 0xff, 0xff, 0xff, 0xff, 0xff, 0xff, 0xff, 0xff, 0xff, 0xff,
    0xff, 0xff, 0xff, 0xff, 0xff, 0xff, 0xff, 0xff, 0xff, 0xff, 0xff, 0xff,
    0xff, 0xff, 0xff, 0xff, 0xff, 0xff, 0xff, 0xff, 0xff, 0xff, 0xff, 0xff,
    0xff, 0xff, 0xff, 0xff, 0xff, 0xff, 0xff, 0xff, 0xff, 0xff, 0xff, 0xff,
    0xff, 0xff, 0xff, 0xff, 0xff, 0xff, 0xff, 0xff, 0xff, 0xff, 0xff, 0xff,
    0xff, 0xff, 0xff, 0xff, 0xff, 0xff, 0xff, 0xff, 0xff, 0xff, 0xff, 0xff,
    0xff, 0xff, 0xff, 0xff, 0xff, 0xff, 0xff, 0xff, 0xff, 0xff, 0xff, 0xff,
    0xff, 0xff, 0xff, 0xff, 0xff, 0xff, 0xff, 0xff, 0xff, 0xff, 0xff, 0xff,
    0xff, 0xff, 0xff, 0xff, 0xff, 0xff, 0xff, 0xff, 0xff, 0xff, 0xff, 0xff,
    0xff, 0xff, 0xff, 0xff, 0xff, 0xff, 0xff, 0xff, 0xff, 0xff, 0xff, 0xff,
    0xff, 0xff, 0xff, 0xff, 0xff, 0xff, 0xff, 0xff, 0xff, 0xff, 0xff, 0xff,
    0xff, 0xff, 0xff, 0xff, 0xff, 0xff, 0xff, 0xff, 0xff, 0xff, 0xff, 0xff,
    0xff, 0xff, 0xff, 0xff, 0xff, 0xff, 0xff, 0xff, 0xff, 0xff, 0xff, 0xff,
    0xff, 0xff, 0xff, 0xff, 0xff, 0xff, 0xff, 0xff, 0xff, 0xff, 0xff, 0xff,
    0xff, 0xff, 0xff, 0xff, 0xff, 0xff, 0xff, 0xff, 0xff, 0xff, 0xff, 0xff,
    0xff, 0xff, 0xff, 0xff, 0xff, 0xff, 0xff, 0xff, 0xff, 0xff, 0xff, 0xff,
    0xff, 0xff, 0xff, 0xff, 0xff, 0xff, 0xff, 0xff, 0xff, 0xff, 0xff, 0xff,
    0xff, 0xff, 0xdf, 0xff, 0xff, 0xff, 0xff, 0xff, 0xbe, 0xff, 0xff, 0xff,
    0x7c, 0xf7, 0xb5, 0xbd, 0x2f, 0x8c, 0x94, 0xb5, 0x7c, 0xf7, 0x3b, 0xef,
    0x1a, 0xe7, 0xbd, 0xff, 0xfe, 0xff, 0x37, 0xce, 0x7c, 0xf7, 0x16, 0xc6,
    0x77, 0xd6, 0x12, 0xa5, 0x53, 0xad, 0xd9, 0xde, 0xdd, 0xff, 0xd9, 0xde,
    0xfa, 0xe6, 0x99, 0xd6, 0xd5, 0xbd, 0xd5, 0xbd, 0xd2, 0x9c, 0xb1, 0x9c,
    0x91, 0x94, 0x71, 0x94, 0xd1, 0x9c, 0x90, 0x94, 0xf2, 0x9c, 0x94, 0xb5,
    0x37, 0xce, 0xb9, 0xd6, 0x1b, 0xe7, 0xfe, 0xff, 0xdd, 0xff, 0xb9, 0xd6,
    0xf5, 0xbd, 0xfd, 0xff, 0xfe, 0xff, 0xbd, 0xf7, 0xb4, 0xb5, 0x6f, 0x8c,
    0xfd, 0xff, 0x9c, 0xf7, 0xf1, 0x9c, 0x57, 0xce, 0xfe, 0xff, 0x37, 0xc6,
    0x2f, 0x8c, 0xb5, 0xb5, 0x3c, 0xe7, 0xff, 0xff, 0xff, 0xff, 0x9d, 0xf7,
    0xff, 0xff, 0xff, 0xff, 0xdf, 0xff, 0xff, 0xff, 0xff, 0xff, 0xff, 0xff,
    0xff, 0xff, 0xff, 0xff, 0xff, 0xff, 0xff, 0xff, 0xff, 0xff, 0xff, 0xff,
    0xff, 0xff, 0xff, 0xff, 0xff, 0xff, 0xff, 0xff, 0xff, 0xff, 0xff, 0xff,
    0xff, 0xff, 0xff, 0xff, 0xff, 0xff, 0xff, 0xff, 0xff, 0xff, 0xff, 0xff,
    0xff, 0xff, 0xff, 0xff, 0xff, 0xff, 0xff, 0xff, 0xff, 0xff, 0xff, 0xff,
    0xff, 0xff, 0xff, 0xff, 0xff, 0xff, 0xff, 0xff, 0xff, 0xff, 0xff, 0xff,
    0xff, 0xff, 0xff, 0xff, 0xff, 0xff, 0xff, 0xff, 0xff, 0xff, 0xff, 0xff,
    0xff, 0xff, 0xff, 0xff, 0xff, 0xff, 0xff, 0xff, 0xff, 0xff, 0xff, 0xff,
    0xff, 0xff, 0xff, 0xff, 0xff, 0xff, 0xff, 0xff, 0xff, 0xff, 0xff, 0xff,
    0xff, 0xff, 0xff, 0xff, 0xff, 0xff, 0xff, 0xff, 0xff, 0xff, 0xff, 0xff,
    0xff, 0xff, 0xff, 0xff, 0xff, 0xff, 0xff, 0xff, 0xff, 0xff, 0xff, 0xff,
    0xff, 0xff, 0xff, 0xff, 0xff, 0xff, 0xff, 0xff, 0xff, 0xff, 0xff, 0xff,
    0xff, 0xff, 0xff, 0xff, 0xff, 0xff, 0xff, 0xff, 0xff, 0xff, 0xff, 0xff,
    0xff, 0xff, 0xff, 0xff, 0xff, 0xff, 0xff, 0xff, 0xff, 0xff, 0xff, 0xff,
    0xff, 0xff, 0xff, 0xff, 0xff, 0xff, 0xff, 0xff, 0xff, 0xff, 0xff, 0xff,
    0xff, 0xff, 0xff, 0xff, 0xff, 0xff, 0xff, 0xff, 0xff, 0xff, 0xff, 0xff,
    0xff, 0xff, 0xff, 0xff, 0xff, 0xff, 0xff, 0xff, 0xdf, 0xff, 0xff, 0xff,
    0xff, 0xff, 0xff, 0xff, 0x5c, 0xef, 0xd6, 0xc5, 0x70, 0x8c, 0x78, 0xd6,
    0x5b, 0xef, 0x57, 0xce, 0x74, 0xb5, 0x32, 0xad, 0x33, 0xad, 0xdd, 0xff,
    0x57, 0xce, 0xb8, 0xd6, 0xbd, 0xff, 0xfe, 0xff, 0x16, 0xc6, 0xb9, 0xde,
    0xf9, 0xe6, 0xb5, 0xbd, 0x74, 0xb5, 0x12, 0xa5, 0x12, 0xa5, 0x54, 0xad,
    0xf6, 0xc5, 0xf6, 0xc5, 0x99, 0xd6, 0xfa, 0xe6, 0x1b, 0xef, 0x7c, 0xf7,
    0xda, 0xde, 0x99, 0xd6, 0x17, 0xc6, 0x54, 0xad, 0x33, 0xa5, 0x33, 0xa5,
    0xb1, 0x9c, 0x77, 0xce, 0xdd, 0xff, 0x57, 0xce, 0xf5, 0xbd, 0xd9, 0xde,
    0xb4, 0xb5, 0xd1, 0x9c, 0x9c, 0xf7, 0x9b, 0xf7, 0xd4, 0xbd, 0x73, 0xad,
    0x1a, 0xe7, 0xdd, 0xff, 0xfe, 0xff, 0xfa, 0xde, 0x2f, 0x8c, 0x34, 0xad,
    0x9d, 0xf7, 0xff, 0xff, 0xbe, 0xff, 0xff, 0xff, 0xff, 0xff, 0xff, 0xff,
    0xff, 0xff, 0xff, 0xff, 0xff, 0xff, 0xff, 0xff, 0xff, 0xff, 0xff, 0xff,
    0xff, 0xff, 0xff, 0xff, 0xff, 0xff, 0xff, 0xff, 0xff, 0xff, 0xff, 0xff,
    0xff, 0xff, 0xff, 0xff, 0xff, 0xff, 0xff, 0xff, 0xff, 0xff, 0xff, 0xff,
    0xff, 0xff, 0xff, 0xff, 0xff, 0xff, 0xff, 0xff, 0xff, 0xff, 0xff, 0xff,
    0xff, 0xff, 0xff, 0xff, 0xff, 0xff, 0xff, 0xff, 0xff, 0xff, 0xff, 0xff,
    0xff, 0xff, 0xff, 0xff, 0xff, 0xff, 0xff, 0xff, 0xff, 0xff, 0xff, 0xff,
    0xff, 0xff, 0xff, 0xff, 0xff, 0xff, 0xff, 0xff, 0xff, 0xff, 0xff, 0xff,
    0xff, 0xff, 0xff, 0xff, 0xff, 0xff, 0xff, 0xff, 0xff, 0xff, 0xff, 0xff,
    0xff, 0xff, 0xff, 0xff, 0xff, 0xff, 0xff, 0xff, 0xff, 0xff, 0xff, 0xff,
    0xff, 0xff, 0xff, 0xff, 0xff, 0xff, 0xff, 0xff, 0xff, 0xff, 0xff, 0xff,
    0xff, 0xff, 0xff, 0xff, 0xff, 0xff, 0xff, 0xff, 0xff, 0xff, 0xff, 0xff,
    0xff, 0xff, 0xff, 0xff, 0xff, 0xff, 0xff, 0xff, 0xff, 0xff, 0xff, 0xff,
    0xff, 0xff, 0xff, 0xff, 0xff, 0xff, 0xff, 0xff, 0xff, 0xff, 0xff, 0xff,
    0xff, 0xff, 0xff, 0xff, 0xff, 0xff, 0xff, 0xff, 0xff, 0xff, 0xff, 0xff,
    0xff, 0xff, 0xff, 0xff, 0xff, 0xff, 0xff, 0xff, 0xff, 0xff, 0xff, 0xff,
    0xff, 0xff, 0xff, 0xff, 0xff, 0xff, 0xff, 0xff, 0xff, 0xff, 0xff, 0xff,
    0xff, 0xff, 0xff, 0xff, 0xbf, 0xff, 0xff, 0xff, 0xdf, 0xff, 0xd6, 0xbd,
    0xb1, 0x9c, 0xd6, 0xbd, 0x98, 0xd6, 0x1a, 0xe7, 0xbc, 0xf7, 0xfe, 0xff,
    0x7b, 0xf7, 0x32, 0xa5, 0x57, 0xce, 0x57, 0xce, 0xbd, 0xff, 0xfe, 0xff,
    0xfe, 0xff, 0x1a, 0xe7, 0xd6, 0xc5, 0x33, 0xad, 0x53, 0xad, 0x54, 0xad,
    0x99, 0xd6, 0xfa, 0xe6, 0xde, 0xff, 0xff, 0xff, 0xff, 0xff, 0xff, 0xff,
    0xff, 0xff, 0xfe, 0xff, 0xde, 0xff, 0xff, 0xff, 0xff, 0xff, 0xff, 0xff,
    0xdd, 0xff, 0x9c, 0xf7, 0x3b, 0xef, 0x78, 0xce, 0x12, 0xa5, 0xf2, 0x9c,
    0xd5, 0xbd, 0x57, 0xce, 0xb9, 0xd6, 0x1a, 0xe7, 0x9c, 0xf7, 0x7b, 0xef,
    0x36, 0xc6, 0x73, 0xad, 0x5b, 0xef, 0xfe, 0xff, 0xfe, 0xff, 0xdd, 0xff,
    0xbd, 0xf7, 0x98, 0xd6, 0x91, 0x94, 0xd6, 0xbd, 0x5c, 0xef, 0xff, 0xff,
    0xff, 0xff, 0xff, 0xff, 0xff, 0xff, 0xff, 0xff, 0xff, 0xff, 0xff, 0xff,
    0xff, 0xff, 0xff, 0xff, 0xff, 0xff, 0xff, 0xff, 0xff, 0xff, 0xff, 0xff,
    0xff, 0xff, 0xff, 0xff, 0xff, 0xff, 0xff, 0xff, 0xff, 0xff, 0xff, 0xff,
    0xff, 0xff, 0xff, 0xff, 0xff, 0xff, 0xff, 0xff, 0xff, 0xff, 0xff, 0xff,
    0xff, 0xff, 0xff, 0xff, 0xff, 0xff, 0xff, 0xff, 0xff, 0xff, 0xff, 0xff,
    0xff, 0xff, 0xff, 0xff, 0xff, 0xff, 0xff, 0xff, 0xff, 0xff, 0xff, 0xff,
    0xff, 0xff, 0xff, 0xff, 0xff, 0xff, 0xff, 0xff, 0xff, 0xff, 0xff, 0xff,
    0xff, 0xff, 0xff, 0xff, 0xff, 0xff, 0xff, 0xff, 0xff, 0xff, 0xff, 0xff,
    0xff, 0xff, 0xff, 0xff, 0xff, 0xff, 0xff, 0xff, 0xff, 0xff, 0xff, 0xff,
    0xff, 0xff, 0xff, 0xff, 0xff, 0xff, 0xff, 0xff, 0xff, 0xff, 0xff, 0xff,
    0xff, 0xff, 0xff, 0xff, 0xff, 0xff, 0xff, 0xff, 0xff, 0xff, 0xff, 0xff,
    0xff, 0xff, 0xff, 0xff, 0xff, 0xff, 0xff, 0xff, 0xff, 0xff, 0xff, 0xff,
    0xff, 0xff, 0xff, 0xff, 0xff, 0xff, 0xff, 0xff, 0xff, 0xff, 0xff, 0xff,
    0xff, 0xff, 0xff, 0xff, 0xff, 0xff, 0xff, 0xff, 0xff, 0xff, 0xff, 0xff,
    0xff, 0xff, 0xff, 0xff, 0xff, 0xff, 0xff, 0xff, 0xff, 0xff, 0xff, 0xff,
    0xff, 0xff, 0xff, 0xff, 0xff, 0xff, 0xff, 0xff, 0xff, 0xff, 0xff, 0xff,
    0xff, 0xff, 0xff, 0xff, 0xff, 0xff, 0xff, 0xff, 0x9e, 0xff, 0xff, 0xff,
    0xff, 0xff, 0xf7, 0xc5, 0x90, 0x94, 0xb5, 0xbd, 0x7b, 0xf7, 0x53, 0xad,
    0x94, 0xbd, 0xfe, 0xff, 0xdd, 0xff, 0x9c, 0xf7, 0x57, 0xce, 0xd6, 0xbd,
    0x78, 0xce, 0x3a, 0xe7, 0x1a, 0xe7, 0x94, 0xad, 0x12, 0xa5, 0x13, 0xa5,
    0x95, 0xb5, 0x7d, 0xf7, 0xff, 0xff, 0xff, 0xff, 0xff, 0xff, 0xff, 0xff,
    0xde, 0xff, 0xff, 0xff, 0xdf, 0xff, 0xff, 0xff, 0xdf, 0xff, 0xff, 0xff,
    0xff, 0xff, 0xde, 0xff, 0xff, 0xff, 0xff, 0xff, 0xff, 0xff, 0xde, 0xff,
    0xfe, 0xff, 0xff, 0xff, 0x58, 0xc6, 0xb5, 0xb5, 0xd2, 0x9c, 0xb5, 0xb5,
    0x5b, 0xef, 0xfe, 0xff, 0x37, 0xc6, 0x32, 0xa5, 0x98, 0xd6, 0xfe, 0xff,
    0xbc, 0xf7, 0xfe, 0xff, 0xfe, 0xff, 0xde, 0xff, 0xdd, 0xff, 0x37, 0xc6,
    0x91, 0x94, 0x74, 0xad, 0xbe, 0xff, 0xff, 0xff, 0xff, 0xff, 0xff, 0xff,
    0xff, 0xff, 0xff, 0xff, 0xff, 0xff, 0xff, 0xff, 0xff, 0xff, 0xff, 0xff,
    0xff, 0xff, 0xff, 0xff, 0xff, 0xff, 0xff, 0xff, 0xff, 0xff, 0xff, 0xff,
    0xff, 0xff, 0xff, 0xff, 0xff, 0xff, 0xff, 0xff, 0xff, 0xff, 0xff, 0xff,
    0xff, 0xff, 0xff, 0xff, 0xff, 0xff, 0xff, 0xff, 0xff, 0xff, 0xff, 0xff,
    0xff, 0xff, 0xff, 0xff, 0xff, 0xff, 0xff, 0xff, 0xff, 0xff, 0xff, 0xff,
    0xff, 0xff, 0xff, 0xff, 0xff, 0xff, 0xff, 0xff, 0xff, 0xff, 0xff, 0xff,
    0xff, 0xff, 0xff, 0xff, 0xff, 0xff, 0xff, 0xff, 0xff, 0xff, 0xff, 0xff,
    0xff, 0xff, 0xff, 0xff, 0xff, 0xff, 0xff, 0xff, 0xff, 0xff, 0xff, 0xff,
    0xff, 0xff, 0xff, 0xff, 0xff, 0xff, 0xff, 0xff, 0xff, 0xff, 0xff, 0xff,
    0xff, 0xff, 0xff, 0xff, 0xff, 0xff, 0xff, 0xff, 0xff, 0xff, 0xff, 0xff,
    0xff, 0xff, 0xff, 0xff, 0xff, 0xff, 0xff, 0xff, 0xff, 0xff, 0xff, 0xff,
    0xff, 0xff, 0xff, 0xff, 0xff, 0xff, 0xff, 0xff, 0xff, 0xff, 0xff, 0xff,
    0xff, 0xff, 0xff, 0xff, 0xff, 0xff, 0xff, 0xff, 0xff, 0xff, 0xff, 0xff,
    0xff, 0xff, 0xff, 0xff, 0xff, 0xff, 0xff, 0xff, 0xff, 0xff, 0xff, 0xff,
    0xff, 0xff, 0xff, 0xff, 0xff, 0xff, 0xff, 0xff, 0xff, 0xff, 0xff, 0xff,
    0xff, 0xff, 0xff, 0xff, 0xff, 0xff, 0xff, 0xff, 0xff, 0xff, 0xbe, 0xff,
    0xde, 0xff, 0xff, 0xff, 0xff, 0xff, 0x99, 0xd6, 0x0e, 0x84, 0x94, 0xb5,
    0xbd, 0xff, 0xbd, 0xff, 0xfa, 0xe6, 0x33, 0xad, 0xb5, 0xbd, 0x7c, 0xf7,
    0xfe, 0xff, 0xb9, 0xde, 0x38, 0xce, 0xdd, 0xff, 0xd8, 0xce, 0xf1, 0x94,
    0xf2, 0x94, 0xf6, 0xbd, 0xde, 0xff, 0x9d, 0xf7, 0xff, 0xff, 0xbf, 0xf7,
    0xff, 0xff, 0xff, 0xff, 0xff, 0xff, 0xff, 0xff, 0xff, 0xff, 0xdf, 0xff,
    0xbf, 0xff, 0xdf, 0xff, 0xff, 0xff, 0xbe, 0xff, 0xdf, 0xff, 0xdf, 0xff,
    0xff, 0xff, 0xbf, 0xf7, 0xbf, 0xf7, 0xff, 0xff, 0xff, 0xff, 0xdf, 0xf7,
    0xdf, 0xff, 0xfb, 0xde, 0x34, 0xa5, 0xf3, 0x9c, 0x78, 0xce, 0x7d, 0xef,
    0xf6, 0xbd, 0x5b, 0xef, 0xfe, 0xff, 0xfe, 0xff, 0xbd, 0xf7, 0xfe, 0xff,
    0xfe, 0xff, 0x17, 0xc6, 0xd9, 0xde, 0xd6, 0xbd, 0xb1, 0x9c, 0x78, 0xd6,
    0xbe, 0xff, 0xff, 0xff, 0xff, 0xff, 0xff, 0xff, 0xff, 0xff, 0xff, 0xff,
    0xff, 0xff, 0xff, 0xff, 0xff, 0xff, 0xff, 0xff, 0xff, 0xff, 0xff, 0xff,
    0xff, 0xff, 0xff, 0xff, 0xff, 0xff, 0xff, 0xff, 0xff, 0xff, 0xff, 0xff,
    0xff, 0xff, 0xff, 0xff, 0xff, 0xff, 0xff, 0xff, 0xff, 0xff, 0xff, 0xff,
    0xff, 0xff, 0xff, 0xff, 0xff, 0xff, 0xff, 0xff, 0xff, 0xff, 0xff, 0xff,
    0xff, 0xff, 0xff, 0xff, 0xff, 0xff, 0xff, 0xff, 0xff, 0xff, 0xff, 0xff,
    0xff, 0xff, 0xff, 0xff, 0xff, 0xff, 0xff, 0xff, 0xff, 0xff, 0xff, 0xff,
    0xff, 0xff, 0xff, 0xff, 0xff, 0xff, 0xff, 0xff, 0xff, 0xff, 0xff, 0xff,
    0xff, 0xff, 0xff, 0xff, 0xff, 0xff, 0xff, 0xff, 0xff, 0xff, 0xff, 0xff,
    0xff, 0xff, 0xff, 0xff, 0xff, 0xff, 0xff, 0xff, 0xff, 0xff, 0xff, 0xff,
    0xff, 0xff, 0xff, 0xff, 0xff, 0xff, 0xff, 0xff, 0xff, 0xff, 0xff, 0xff,
    0xff, 0xff, 0xff, 0xff, 0xff, 0xff, 0xff, 0xff, 0xff, 0xff, 0xff, 0xff,
    0xff, 0xff, 0xff, 0xff, 0xff, 0xff, 0xff, 0xff, 0xff, 0xff, 0xff, 0xff,
    0xff, 0xff, 0xff, 0xff, 0xff, 0xff, 0xff, 0xff, 0xff, 0xff, 0xff, 0xff,
    0xff, 0xff, 0xff, 0xff, 0xff, 0xff, 0xff, 0xff, 0xff, 0xff, 0xff, 0xff,
    0xff, 0xff, 0xff, 0xff, 0xff, 0xff, 0xff, 0xff, 0xff, 0xff, 0xff, 0xff,
    0xff, 0xff, 0xff, 0xff, 0xff, 0xff, 0xff, 0xff, 0xfe, 0xff, 0xfa, 0xde,
    0x33, 0xa5, 0x74, 0xad, 0x7c, 0xef, 0xdd, 0xff, 0x9c, 0xf7, 0xfe, 0xff,
    0xfa, 0xde, 0xf2, 0xa4, 0xd6, 0xbd, 0x3b, 0xef, 0xf6, 0xc5, 0xbe, 0xff,
    0xd5, 0xbd, 0xb0, 0x8c, 0x93, 0xa5, 0xfd, 0xf7, 0xdd, 0xf7, 0xff, 0xff,
    0xff, 0xff, 0x7d, 0xf7, 0xff, 0xff, 0xff, 0xff, 0x1c, 0xdf, 0xdf, 0xef,
    0xdf, 0xf7, 0xff, 0xff, 0x3d, 0xf7, 0xd0, 0x8b, 0x8a, 0x62, 0x14, 0xad,
    0xde, 0xff, 0xff, 0xff, 0xff, 0xff, 0x5d, 0xef, 0xff, 0xff, 0xff, 0xff,
    0xff, 0xff, 0xff, 0xff, 0xdf, 0xff, 0xbf, 0xf7, 0xff, 0xff, 0xff, 0xff,
    0xf7, 0xc5, 0xb2, 0x9c, 0x74, 0xb5, 0x7c, 0xef, 0xb9, 0xd6, 0x99, 0xd6,
    0x37, 0xce, 0x7c, 0xef, 0xfe, 0xff, 0x94, 0xb5, 0x70, 0x94, 0xd9, 0xde,
    0x1b, 0xe7, 0x54, 0xad, 0x70, 0x94, 0xda, 0xde, 0xbe, 0xff, 0x9d, 0xff,
    0xff, 0xff, 0xff, 0xff, 0xff, 0xff, 0xff, 0xff, 0xff, 0xff, 0xff, 0xff,
    0xff, 0xff, 0xff, 0xff, 0xff, 0xff, 0xff, 0xff, 0xff, 0xff, 0xff, 0xff,
    0xff, 0xff, 0xff, 0xff, 0xff, 0xff, 0xff, 0xff, 0xff, 0xff, 0xff, 0xff,
    0xff, 0xff, 0xff, 0xff, 0xff, 0xff, 0xff, 0xff, 0xff, 0xff, 0xff, 0xff,
    0xff, 0xff, 0xff, 0xff, 0xff, 0xff, 0xff, 0xff, 0xff, 0xff, 0xff, 0xff,
    0xff, 0xff, 0xff, 0xff, 0xff, 0xff, 0xff, 0xff, 0xff, 0xff, 0xff, 0xff,
    0xff, 0xff, 0xff, 0xff, 0xff, 0xff, 0xff, 0xff, 0xff, 0xff, 0xff, 0xff,
    0xff, 0xff, 0xff, 0xff, 0xff, 0xff, 0xff, 0xff, 0xff, 0xff, 0xff, 0xff,
    0xff, 0xff, 0xff, 0xff, 0xff, 0xff, 0xff, 0xff, 0xff, 0xff, 0xff, 0xff,
    0xff, 0xff, 0xff, 0xff, 0xff, 0xff, 0xff, 0xff, 0xff, 0xff, 0xff, 0xff,
    0xff, 0xff, 0xff, 0xff, 0xff, 0xff, 0xff, 0xff, 0xff, 0xff, 0xff, 0xff,
    0xff, 0xff, 0xff, 0xff, 0xff, 0xff, 0xff, 0xff, 0xff, 0xff, 0xff, 0xff,
    0xff, 0xff, 0xff, 0xff, 0xff, 0xff, 0xff, 0xff, 0xff, 0xff, 0xff, 0xff,
    0xff, 0xff, 0xff, 0xff, 0xff, 0xff, 0xff, 0xff, 0xff, 0xff, 0xff, 0xff,
    0xff, 0xff, 0xff, 0xff, 0xff, 0xff, 0xff, 0xff, 0xff, 0xff, 0xff, 0xff,
    0xff, 0xff, 0xff, 0xff, 0xff, 0xff, 0xff, 0xff, 0xff, 0xff, 0xff, 0xff,
    0xff, 0xff, 0x7c, 0xf7, 0xb5, 0xb5, 0x2f, 0x84, 0xb9, 0xde, 0x94, 0xb5,
    0x16, 0xc6, 0xfe, 0xff, 0xfe, 0xff, 0xfe, 0xff, 0x3b, 0xef, 0x33, 0xad,
    0xf6, 0xc5, 0x5c, 0xef, 0xf3, 0xa4, 0x91, 0x94, 0x98, 0xce, 0xfd, 0xff,
    0xdd, 0xff, 0xfe, 0xff, 0xfe, 0xff, 0xde, 0xff, 0xff, 0xff, 0x5c, 0xef,
    0xb2, 0x94, 0x48, 0x42, 0x0a, 0x5b, 0xda, 0xd6, 0xde, 0xff, 0x17, 0xce,
    0xef, 0x93, 0x65, 0x41, 0xca, 0x62, 0x3b, 0xef, 0xbd, 0xff, 0x7d, 0xf7,
    0xd2, 0xa4, 0x10, 0x8c, 0xf7, 0xc5, 0xde, 0xff, 0xff, 0xff, 0xfe, 0xff,
    0xff, 0xff, 0xff, 0xff, 0x5c, 0xf7, 0xfe, 0xff, 0x5c, 0xf7, 0xf2, 0xa4,
    0x33, 0xa5, 0x9d, 0xf7, 0xfa, 0xe6, 0x5c, 0xef, 0xdd, 0xff, 0x74, 0xb5,
    0x53, 0xad, 0x7b, 0xf7, 0xbd, 0xff, 0xfe, 0xff, 0xfa, 0xe6, 0xd2, 0xa4,
    0x12, 0xa5, 0x9d, 0xf7, 0xff, 0xff, 0x9e, 0xff, 0xff, 0xff, 0xff, 0xff,
    0xff, 0xff, 0xff, 0xff, 0xff, 0xff, 0xff, 0xff, 0xff, 0xff, 0xff, 0xff,
    0xff, 0xff, 0xff, 0xff, 0xff, 0xff, 0xff, 0xff, 0xff, 0xff, 0xff, 0xff,
    0xff, 0xff, 0xff, 0xff, 0xff, 0xff, 0xff, 0xff, 0xff, 0xff, 0xff, 0xff,
    0xff, 0xff, 0xff, 0xff, 0xff, 0xff, 0xff, 0xff, 0xff, 0xff, 0xff, 0xff,
    0xff, 0xff, 0xff, 0xff, 0xff, 0xff, 0xff, 0xff, 0xff, 0xff, 0xff, 0xff,
    0xff, 0xff, 0xff, 0xff, 0xff, 0xff, 0xff, 0xff, 0xff, 0xff, 0xff, 0xff,
    0xff, 0xff, 0xff, 0xff, 0xff, 0xff, 0xff, 0xff, 0xff, 0xff, 0xff, 0xff,
    0xff, 0xff, 0xff, 0xff, 0xff, 0xff, 0xff, 0xff, 0xff, 0xff, 0xff, 0xff,
    0xff, 0xff, 0xff, 0xff, 0xff, 0xff, 0xff, 0xff, 0xff, 0xff, 0xff, 0xff,
    0xff, 0xff, 0xff, 0xff, 0xff, 0xff, 0xff, 0xff, 0xff, 0xff, 0xff, 0xff,
    0xff, 0xff, 0xff, 0xff, 0xff, 0xff, 0xff, 0xff, 0xff, 0xff, 0xff, 0xff,
    0xff, 0xff, 0xff, 0xff, 0xff, 0xff, 0xff, 0xff, 0xff, 0xff, 0xff, 0xff,
    0xff, 0xff, 0xff, 0xff, 0xff, 0xff, 0xff, 0xff, 0xff, 0xff, 0xff, 0xff,
    0xff, 0xff, 0xff, 0xff, 0xff, 0xff, 0xff, 0xff, 0xff, 0xff, 0xff, 0xff,
    0xff, 0xff, 0xff, 0xff, 0xdf, 0xff, 0xff, 0xff, 0xff, 0xff, 0xff, 0xff,
    0xdf, 0xff, 0xff, 0xff, 0xff, 0xff, 0xfe, 0xff, 0xb9, 0xd6, 0xee, 0x83,
    0x1a, 0xe7, 0x9c, 0xf7, 0x77, 0xce, 0x12, 0xa5, 0xf6, 0xc5, 0xfe, 0xff,
    0x9c, 0xf7, 0xfe, 0xff, 0x98, 0xd6, 0x3b, 0xef, 0xf3, 0xa4, 0xb1, 0x9c,
    0x1b, 0xe7, 0xfe, 0xff, 0xdd, 0xff, 0xfe, 0xff, 0xdd, 0xff, 0x5c, 0xff,
    0xfe, 0xff, 0xfe, 0xff, 0xd9, 0xe6, 0x2f, 0x8c, 0xe9, 0x5a, 0x43, 0x29,
    0x90, 0x94, 0xb8, 0xd6, 0x0e, 0x8c, 0x88, 0x5a, 0xc5, 0x41, 0x0b, 0x6b,
    0xce, 0x83, 0x3b, 0xef, 0x90, 0x9c, 0x2b, 0x6b, 0xa9, 0x62, 0x89, 0x5a,
    0x1b, 0xef, 0xde, 0xff, 0xfe, 0xff, 0xbd, 0xff, 0xbd, 0xff, 0xfe, 0xff,
    0xfe, 0xff, 0xbc, 0xff, 0x1a, 0xef, 0xf2, 0xa4, 0x12, 0xa5, 0x3b, 0xef,
    0xfa, 0xde, 0xb1, 0x9c, 0x74, 0xad, 0x9c, 0xf7, 0xfe, 0xff, 0x7c, 0xf7,
    0x78, 0xd6, 0x78, 0xd6, 0xb9, 0xde, 0x70, 0x94, 0xb5, 0xbd, 0xde, 0xff,
    0xfe, 0xff, 0xff, 0xff, 0xff, 0xff, 0xff, 0xff, 0xff, 0xff, 0xff, 0xff,
    0xff, 0xff, 0xff, 0xff, 0xff, 0xff, 0xff, 0xff, 0xff, 0xff, 0xff, 0xff,
    0xff, 0xff, 0xff, 0xff, 0xff, 0xff, 0xff, 0xff, 0xff, 0xff, 0xff, 0xff,
    0xff, 0xff, 0xff, 0xff, 0xff, 0xff, 0xff, 0xff, 0xff, 0xff, 0xff, 0xff,
    0xff, 0xff, 0xff, 0xff, 0xff, 0xff, 0xff, 0xff, 0xff, 0xff, 0xff, 0xff,
    0xff, 0xff, 0xff, 0xff, 0xff, 0xff, 0xff, 0xff, 0xff, 0xff, 0xff, 0xff,
    0xff, 0xff, 0xff, 0xff, 0xff, 0xff, 0xff, 0xff, 0xff, 0xff, 0xff, 0xff,
    0xff, 0xff, 0xff, 0xff, 0xff, 0xff, 0xff, 0xff, 0xff, 0xff, 0xff, 0xff,
    0xff, 0xff, 0xff, 0xff, 0xff, 0xff, 0xff, 0xff, 0xff, 0xff, 0xff, 0xff,
    0xff, 0xff, 0xff, 0xff, 0xff, 0xff, 0xff, 0xff, 0xff, 0xff, 0xff, 0xff,
    0xff, 0xff, 0xff, 0xff, 0xff, 0xff, 0xff, 0xff, 0xff, 0xff, 0xff, 0xff,
    0xff, 0xff, 0xff, 0xff, 0xff, 0xff, 0xff, 0xff, 0xff, 0xff, 0xff, 0xff,
    0xff, 0xff, 0xff, 0xff, 0xff, 0xff, 0xff, 0xff, 0xff, 0xff, 0xff, 0xff,
    0xff, 0xff, 0xff, 0xff, 0xff, 0xff, 0xff, 0xff, 0xff, 0xff, 0xff, 0xff,
    0xff, 0xff, 0xff, 0xff, 0xff, 0xff, 0xff, 0xff, 0xff, 0xff, 0xdf, 0xff,
    0xff, 0xff, 0xff, 0xff, 0xff, 0xff, 0xdf, 0xff, 0xff, 0xff, 0xff, 0xff,
    0x7c, 0xf7, 0xb1, 0x9c, 0x53, 0xad, 0x3b, 0xef, 0xbc, 0xff, 0x9c, 0xf7,
    0x9c, 0xf7, 0xf1, 0x9c, 0x73, 0xb5, 0xfa, 0xe6, 0x9c, 0xf7, 0x5c, 0xef,
    0xf2, 0xa4, 0x33, 0xad, 0x5c, 0xef, 0xde, 0xff, 0xfe, 0xff, 0x5c, 0xef,
    0xda, 0xe6, 0x95, 0xc5, 0x17, 0xd6, 0xba, 0xee, 0x9c, 0xff, 0x78, 0xde,
    0x2a, 0x73, 0x05, 0x42, 0xa4, 0x31, 0x46, 0x42, 0x09, 0x63, 0xc8, 0x5a,
    0xa4, 0x39, 0x02, 0x29, 0x64, 0x31, 0x28, 0x4a, 0x13, 0xa5, 0x68, 0x52,
    0x48, 0x52, 0xe6, 0x41, 0xa9, 0x62, 0x57, 0xd6, 0xfe, 0xff, 0x3b, 0xf7,
    0xb8, 0xe6, 0xf9, 0xee, 0x7c, 0xff, 0xbc, 0xff, 0xfe, 0xff, 0xfe, 0xff,
    0xfe, 0xff, 0xb1, 0x94, 0x33, 0xa5, 0x1a, 0xe7, 0xd8, 0xd6, 0xf9, 0xde,
    0xdd, 0xff, 0xfd, 0xff, 0x3a, 0xef, 0x9c, 0xf7, 0xb8, 0xde, 0xb9, 0xde,
    0x95, 0xbd, 0xb1, 0x9c, 0x78, 0xd6, 0xff, 0xff, 0xff, 0xff, 0xff, 0xff,
    0xff, 0xff, 0xff, 0xff, 0xff, 0xff, 0xff, 0xff, 0xff, 0xff, 0xff, 0xff,
    0xff, 0xff, 0xff, 0xff, 0xff, 0xff, 0xff, 0xff, 0xff, 0xff, 0xff, 0xff,
    0xff, 0xff, 0xff, 0xff, 0xff, 0xff, 0xff, 0xff, 0xff, 0xff, 0xff, 0xff,
    0xff, 0xff, 0xff, 0xff, 0xff, 0xff, 0xff, 0xff, 0xff, 0xff, 0xff, 0xff,
    0xff, 0xff, 0xff, 0xff, 0xff, 0xff, 0xff, 0xff, 0xff, 0xff, 0xff, 0xff,
    0xff, 0xff, 0xff, 0xff, 0xff, 0xff, 0xff, 0xff, 0xff, 0xff, 0xff, 0xff,
    0xff, 0xff, 0xff, 0xff, 0xff, 0xff, 0xff, 0xff, 0xff, 0xff, 0xff, 0xff,
    0xff, 0xff, 0xff, 0xff, 0xff, 0xff, 0xff, 0xff, 0xff, 0xff, 0xff, 0xff,
    0xff, 0xff, 0xff, 0xff, 0xff, 0xff, 0xff, 0xff, 0xff, 0xff, 0xff, 0xff,
    0xff, 0xff, 0xff, 0xff, 0xff, 0xff, 0xff, 0xff, 0xff, 0xff, 0xff, 0xff,
    0xff, 0xff, 0xff, 0xff, 0xff, 0xff, 0xff, 0xff, 0xff, 0xff, 0xff, 0xff,
    0xff, 0xff, 0xff, 0xff, 0xff, 0xff, 0xff, 0xff, 0xff, 0xff, 0xff, 0xff,
    0xff, 0xff, 0xff, 0xff, 0xff, 0xff, 0xff, 0xff, 0xff, 0xff, 0xff, 0xff,
    0xff, 0xff, 0xff, 0xff, 0xff, 0xff, 0xff, 0xff, 0xff, 0xff, 0xff, 0xff,
    0xff, 0xff, 0xff, 0xff, 0xff, 0xff, 0xff, 0xff, 0xff, 0xff, 0xff, 0xff,
    0xff, 0xff, 0xff, 0xff, 0xff, 0xff, 0xb5, 0xbd, 0xd1, 0x9c, 0x77, 0xce,
    0xb8, 0xde, 0x98, 0xd6, 0xfe, 0xff, 0xbc, 0xff, 0xbc, 0xff, 0x73, 0xb5,
    0x73, 0xb5, 0x7c, 0xef, 0x74, 0xb5, 0x74, 0xb5, 0x38, 0xce, 0x9d, 0xf7,
    0xde, 0xff, 0xff, 0xff, 0xff, 0xff, 0x14, 0xad, 0xaa, 0x62, 0xcf, 0x8b,
    0xef, 0x8b, 0xd5, 0xcd, 0x90, 0x9c, 0x22, 0x29, 0xe5, 0x39, 0x01, 0x19,
    0x01, 0x21, 0xa8, 0x52, 0x46, 0x4a, 0x02, 0x21, 0x63, 0x31, 0x64, 0x31,
    0xc6, 0x39, 0xef, 0x83, 0xc6, 0x39, 0xc2, 0x20, 0x44, 0x31, 0xa5, 0x39,
    0x74, 0xbd, 0x53, 0xb5, 0x0e, 0x8c, 0xad, 0x83, 0xce, 0x83, 0x91, 0x9c,
    0x1b, 0xef, 0xfe, 0xff, 0x9d, 0xf7, 0x5b, 0xef, 0xfe, 0xff, 0x74, 0xad,
    0x33, 0xad, 0x7b, 0xef, 0xdd, 0xff, 0xfd, 0xff, 0xfd, 0xff, 0xfd, 0xff,
    0xdd, 0xff, 0x36, 0xc6, 0xb5, 0xbd, 0xd9, 0xde, 0x12, 0xad, 0xb5, 0xbd,
    0x9d, 0xf7, 0xff, 0xff, 0xff, 0xff, 0xff, 0xff, 0xff, 0xff, 0xff, 0xff,
    0xff, 0xff, 0xff, 0xff, 0xff, 0xff, 0xff, 0xff, 0xff, 0xff, 0xff, 0xff,
    0xff, 0xff, 0xff, 0xff, 0xff, 0xff, 0xff, 0xff, 0xff, 0xff, 0xff, 0xff,
    0xff, 0xff, 0xff, 0xff, 0xff, 0xff, 0xff, 0xff, 0xff, 0xff, 0xff, 0xff,
    0xff, 0xff, 0xff, 0xff, 0xff, 0xff, 0xff, 0xff, 0xff, 0xff, 0xff, 0xff,
    0xff, 0xff, 0xff, 0xff, 0xff, 0xff, 0xff, 0xff, 0xff, 0xff, 0xff, 0xff,
    0xff, 0xff, 0xff, 0xff, 0xff, 0xff, 0xff, 0xff, 0xff, 0xff, 0xff, 0xff,
    0xff, 0xff, 0xff, 0xff, 0xff, 0xff, 0xff, 0xff, 0xff, 0xff, 0xff, 0xff,
    0xff, 0xff, 0xff, 0xff, 0xff, 0xff, 0xff, 0xff, 0xff, 0xff, 0xff, 0xff,
    0xff, 0xff, 0xff, 0xff, 0xff, 0xff, 0xff, 0xff, 0xff, 0xff, 0xff, 0xff,
    0xff, 0xff, 0xff, 0xff, 0xff, 0xff, 0xff, 0xff, 0xff, 0xff, 0xff, 0xff,
    0xff, 0xff, 0xff, 0xff, 0xff, 0xff, 0xff, 0xff, 0xff, 0xff, 0xff, 0xff,
    0xff, 0xff, 0xff, 0xff, 0xff, 0xff, 0xff, 0xff, 0xff, 0xff, 0xff, 0xff,
    0xff, 0xff, 0xff, 0xff, 0xff, 0xff, 0xff, 0xff, 0xff, 0xff, 0xff, 0xff,
    0xff, 0xff, 0xff, 0xff, 0xff, 0xff, 0xff, 0xff, 0xff, 0xff, 0xff, 0xff,
    0xff, 0xff, 0xff, 0xff, 0xff, 0xff, 0xff, 0xff, 0xff, 0xff, 0x3b, 0xe7,
    0xb1, 0x9c, 0x94, 0xb5, 0x3a, 0xef, 0xb8, 0xde, 0xfd, 0xff, 0xd9, 0xde,
    0x57, 0xce, 0xbc, 0xf7, 0x1a, 0xe7, 0xdd, 0xff, 0xf6, 0xbd, 0xb1, 0x94,
    0x16, 0xc6, 0xff, 0xff, 0xff, 0xff, 0xff, 0xff, 0xdf, 0xff, 0xff, 0xff,
    0x7e, 0xef, 0xf0, 0x83, 0xe7, 0x41, 0x07, 0x42, 0x2b, 0x6b, 0x4c, 0x6b,
    0xe6, 0x41, 0x84, 0x39, 0x84, 0x31, 0xe9, 0x5a, 0x0a, 0x63, 0xa8, 0x52,
    0x2a, 0x6b, 0x68, 0x52, 0x0b, 0x63, 0x0b, 0x63, 0xe7, 0x41, 0x89, 0x52,
    0xc5, 0x39, 0x64, 0x31, 0x07, 0x4a, 0x8c, 0x7b, 0x4c, 0x73, 0x27, 0x4a,
    0xa6, 0x39, 0x0f, 0x84, 0x3c, 0xef, 0xff, 0xff, 0xdf, 0xff, 0xff, 0xff,
    0xff, 0xff, 0xbd, 0xf7, 0x3b, 0xef, 0x53, 0xad, 0x53, 0xad, 0xbd, 0xf7,
    0xfe, 0xff, 0xfe, 0xff, 0xd8, 0xde, 0x12, 0xa5, 0xd1, 0xa4, 0x77, 0xd6,
    0x78, 0xd6, 0x94, 0xb5, 0xb1, 0x9c, 0xb9, 0xde, 0xff, 0xff, 0xff, 0xff,
    0xff, 0xff, 0xff, 0xff, 0xff, 0xff, 0xff, 0xff, 0xff, 0xff, 0xff, 0xff,
    0xff, 0xff, 0xff, 0xff, 0xff, 0xff, 0xff, 0xff, 0xff, 0xff, 0xff, 0xff,
    0xff, 0xff, 0xff, 0xff, 0xff, 0xff, 0xff, 0xff, 0xff, 0xff, 0xff, 0xff,
    0xff, 0xff, 0xff, 0xff, 0xff, 0xff, 0xff, 0xff, 0xff, 0xff, 0xff, 0xff,
    0xff, 0xff, 0xff, 0xff, 0xff, 0xff, 0xff, 0xff, 0xff, 0xff, 0xff, 0xff,
    0xff, 0xff, 0xff, 0xff, 0xff, 0xff, 0xff, 0xff, 0xff, 0xff, 0xff, 0xff,
    0xff, 0xff, 0xff, 0xff, 0xff, 0xff, 0xff, 0xff, 0xff, 0xff, 0xff, 0xff,
    0xff, 0xff, 0xff, 0xff, 0xff, 0xff, 0xff, 0xff, 0xff, 0xff, 0xff, 0xff,
    0xff, 0xff, 0xff, 0xff, 0xff, 0xff, 0xff, 0xff, 0xff, 0xff, 0xff, 0xff,
    0xff, 0xff, 0xff, 0xff, 0xff, 0xff, 0xff, 0xff, 0xff, 0xff, 0xff, 0xff,
    0xff, 0xff, 0xff, 0xff, 0xff, 0xff, 0xff, 0xff, 0xff, 0xff, 0xff, 0xff,
    0xff, 0xff, 0xff, 0xff, 0xff, 0xff, 0xff, 0xff, 0xff, 0xff, 0xff, 0xff,
    0xff, 0xff, 0xff, 0xff, 0xff, 0xff, 0xff, 0xff, 0xff, 0xff, 0xff, 0xff,
    0xff, 0xff, 0xff, 0xff, 0xff, 0xff, 0xff, 0xff, 0xff, 0xff, 0xff, 0xff,
    0xff, 0xff, 0xff, 0xff, 0xff, 0xff, 0xff, 0xff, 0xff, 0xff, 0xff, 0xff,
    0xff, 0xff, 0x7d, 0xef, 0x37, 0xc6, 0x70, 0x94, 0x98, 0xde, 0xd9, 0xde,
    0xdd, 0xff, 0xf5, 0xc5, 0x6f, 0x94, 0x11, 0xa5, 0x93, 0xb5, 0xfe, 0xff,
    0x57, 0xce, 0xb1, 0x9c, 0xf6, 0xc5, 0xff, 0xff, 0xbd, 0xff, 0xff, 0xff,
    0xff, 0xff, 0xff, 0xff, 0xff, 0xff, 0xff, 0xff, 0x9b, 0xd6, 0xc7, 0x39,
    0xe3, 0x20, 0x10, 0x84, 0x2c, 0x6b, 0xea, 0x62, 0xc5, 0x39, 0xc9, 0x62,
    0x48, 0x52, 0xc5, 0x41, 0xa9, 0x5a, 0x47, 0x52, 0x07, 0x4a, 0x48, 0x52,
    0x27, 0x52, 0x48, 0x52, 0xca, 0x62, 0x88, 0x5a, 0xa9, 0x5a, 0x68, 0x5a,
    0x2b, 0x6b, 0xce, 0x7b, 0xc2, 0x18, 0x65, 0x29, 0xb6, 0xbd, 0xff, 0xff,
    0xff, 0xff, 0xbf, 0xf7, 0xff, 0xff, 0xff, 0xff, 0xff, 0xff, 0xfe, 0xff,
    0xb9, 0xd6, 0xf2, 0x9c, 0x16, 0xc6, 0x5b, 0xef, 0x32, 0xa5, 0xb0, 0x9c,
    0x56, 0xce, 0x9c, 0xf7, 0xfd, 0xff, 0x53, 0xad, 0x3b, 0xef, 0x91, 0x94,
    0x94, 0xb5, 0xff, 0xff, 0xff, 0xff, 0xff, 0xff, 0xff, 0xff, 0xff, 0xff,
    0xff, 0xff, 0xff, 0xff, 0xff, 0xff, 0xff, 0xff, 0xff, 0xff, 0xff, 0xff,
    0xff, 0xff, 0xff, 0xff, 0xff, 0xff, 0xff, 0xff, 0xff, 0xff, 0xff, 0xff,
    0xff, 0xff, 0xff, 0xff, 0xff, 0xff, 0xff, 0xff, 0xff, 0xff, 0xff, 0xff,
    0xff, 0xff, 0xff, 0xff, 0xff, 0xff, 0xff, 0xff, 0xff, 0xff, 0xff, 0xff,
    0xff, 0xff, 0xff, 0xff, 0xff, 0xff, 0xff, 0xff, 0xff, 0xff, 0xff, 0xff,
    0xff, 0xff, 0xff, 0xff, 0xff, 0xff, 0xff, 0xff, 0xff, 0xff, 0xff, 0xff,
    0xff, 0xff, 0xff, 0xff, 0xff, 0xff, 0xff, 0xff, 0xff, 0xff, 0xff, 0xff,
    0xff, 0xff, 0xff, 0xff, 0xff, 0xff, 0xff, 0xff, 0xff, 0xff, 0xff, 0xff,
    0xff, 0xff, 0xff, 0xff, 0xff, 0xff, 0xff, 0xff, 0xff, 0xff, 0xff, 0xff,
    0xff, 0xff, 0xff, 0xff, 0xff, 0xff, 0xff, 0xff, 0xff, 0xff, 0xff, 0xff,
    0xff, 0xff, 0xff, 0xff, 0xff, 0xff, 0xff, 0xff, 0xff, 0xff, 0xff, 0xff,
    0xff, 0xff, 0xff, 0xff, 0xff, 0xff, 0xff, 0xff, 0xff, 0xff, 0xff, 0xff,
    0xff, 0xff, 0xff, 0xff, 0xff, 0xff, 0xff, 0xff, 0xff, 0xff, 0xff, 0xff,
    0xff, 0xff, 0xff, 0xff, 0xff, 0xff, 0xff, 0xff, 0xff, 0xff, 0xdf, 0xff,
    0xff, 0xff, 0xff, 0xff, 0xff, 0xff, 0xff, 0xff, 0xda, 0xde, 0xb1, 0x9c,
    0xd5, 0xbd, 0x57, 0xd6, 0x36, 0xce, 0x32, 0xad, 0xf1, 0xa4, 0x5b, 0xef,
    0x5a, 0xef, 0x94, 0xb5, 0xfe, 0xff, 0x6f, 0x94, 0xd5, 0xbd, 0xbd, 0xff,
    0xdd, 0xf7, 0xff, 0xff, 0xde, 0xff, 0xff, 0xff, 0xff, 0xff, 0xff, 0xff,
    0xff, 0xff, 0xff, 0xff, 0x1c, 0xe7, 0x28, 0x42, 0x69, 0x52, 0xa5, 0x39,
    0xa5, 0x39, 0xa9, 0x62, 0x07, 0x4a, 0x27, 0x52, 0x4b, 0x7b, 0x47, 0x5a,
    0x47, 0x5a, 0xc6, 0x49, 0x06, 0x52, 0x88, 0x62, 0xa9, 0x6a, 0x06, 0x52,
    0x47, 0x5a, 0x64, 0x39, 0x03, 0x29, 0x23, 0x29, 0xc6, 0x41, 0x69, 0x52,
    0xdb, 0xde, 0xff, 0xff, 0xbf, 0xff, 0xdf, 0xff, 0xff, 0xff, 0xff, 0xff,
    0xff, 0xff, 0xbd, 0xf7, 0xff, 0xff, 0xfe, 0xff, 0x16, 0xc6, 0x90, 0x94,
    0x3a, 0xe7, 0x36, 0xce, 0x9c, 0xf7, 0xfd, 0xff, 0x9c, 0xf7, 0x57, 0xce,
    0x3b, 0xef, 0xdd, 0xff, 0xd5, 0xc5, 0xb1, 0x9c, 0xda, 0xde, 0xff, 0xff,
    0xff, 0xff, 0xde, 0xff, 0xff, 0xff, 0xff, 0xff, 0xff, 0xff, 0xff, 0xff,
    0xff, 0xff, 0xff, 0xff, 0xff, 0xff, 0xff, 0xff, 0xff, 0xff, 0xff, 0xff,
    0xff, 0xff, 0xff, 0xff, 0xff, 0xff, 0xff, 0xff, 0xff, 0xff, 0xff, 0xff,
    0xff, 0xff, 0xff, 0xff, 0xff, 0xff, 0xff, 0xff, 0xff, 0xff, 0xff, 0xff,
    0xff, 0xff, 0xff, 0xff, 0xff, 0xff, 0xff, 0xff, 0xff, 0xff, 0xff, 0xff,
    0xff, 0xff, 0xff, 0xff, 0xff, 0xff, 0xff, 0xff, 0xff, 0xff, 0xff, 0xff,
    0xff, 0xff, 0xff, 0xff, 0xff, 0xff, 0xff, 0xff, 0xff, 0xff, 0xff, 0xff,
    0xff, 0xff, 0xff, 0xff, 0xff, 0xff, 0xff, 0xff, 0xff, 0xff, 0xff, 0xff,
    0xff, 0xff, 0xff, 0xff, 0xff, 0xff, 0xff, 0xff, 0xff, 0xff, 0xff, 0xff,
    0xff, 0xff, 0xff, 0xff, 0xff, 0xff, 0xff, 0xff, 0xff, 0xff, 0xff, 0xff,
    0xff, 0xff, 0xff, 0xff, 0xff, 0xff, 0xff, 0xff, 0xff, 0xff, 0xff, 0xff,
    0xff, 0xff, 0xff, 0xff, 0xff, 0xff, 0xff, 0xff, 0xff, 0xff, 0xff, 0xff,
    0xff, 0xff, 0xff, 0xff, 0xff, 0xff, 0xff, 0xff, 0xff, 0xff, 0xff, 0xff,
    0xff, 0xff, 0xff, 0xff, 0xff, 0xff, 0xff, 0xff, 0xff, 0xff, 0xff, 0xff,
    0xff, 0xff, 0xff, 0xff, 0xff, 0xff, 0xff, 0xff, 0xff, 0xff, 0xde, 0xff,
    0xff, 0xff, 0xf6, 0xbd, 0xb1, 0x9c, 0xd9, 0xde, 0xdd, 0xff, 0x73, 0xb5,
    0x53, 0xad, 0x9c, 0xff, 0xbc, 0xff, 0xf9, 0xe6, 0xd9, 0xde, 0xd5, 0xbd,
    0xb1, 0x94, 0x98, 0xd6, 0xff, 0xff, 0xff, 0xff, 0xff, 0xff, 0xff, 0xff,
    0xdf, 0xff, 0xdf, 0xff, 0xff, 0xff, 0xff, 0xff, 0xff, 0xff, 0xbe, 0xf7,
    0xcf, 0x73, 0x07, 0x3a, 0xca, 0x5a, 0x4c, 0x6b, 0x48, 0x52, 0xc2, 0x28,
    0x24, 0x39, 0xea, 0x72, 0x27, 0x5a, 0x06, 0x5a, 0xe6, 0x59, 0x26, 0x62,
    0xa8, 0x6a, 0x26, 0x5a, 0x64, 0x41, 0xe1, 0x28, 0xe6, 0x41, 0x85, 0x39,
    0xc2, 0x18, 0xe3, 0x20, 0x8d, 0x73, 0x7e, 0xf7, 0xff, 0xff, 0xff, 0xff,
    0xdf, 0xff, 0xdf, 0xff, 0xdf, 0xff, 0xff, 0xff, 0xff, 0xff, 0xfe, 0xff,
    0xfe, 0xff, 0x9d, 0xf7, 0x94, 0xb5, 0x53, 0xad, 0x5b, 0xef, 0xbc, 0xf7,
    0xfe, 0xff, 0xfe, 0xff, 0xdd, 0xff, 0xfd, 0xff, 0x1a, 0xe7, 0xb9, 0xde,
    0x4f, 0x8c, 0xd6, 0xbd, 0xff, 0xff, 0xde, 0xff, 0xff, 0xff, 0xff, 0xff,
    0xff, 0xff, 0xff, 0xff, 0xff, 0xff, 0xff, 0xff, 0xff, 0xff, 0xff, 0xff,
    0xff, 0xff, 0xff, 0xff, 0xff, 0xff, 0xff, 0xff, 0xff, 0xff, 0xff, 0xff,
    0xff, 0xff, 0xff, 0xff, 0xff, 0xff, 0xff, 0xff, 0xff, 0xff, 0xff, 0xff,
    0xff, 0xff, 0xff, 0xff, 0xff, 0xff, 0xff, 0xff, 0xff, 0xff, 0xff, 0xff,
    0xff, 0xff, 0xff, 0xff, 0xff, 0xff, 0xff, 0xff, 0xff, 0xff, 0xff, 0xff,
    0xff, 0xff, 0xff, 0xff, 0xff, 0xff, 0xff, 0xff, 0xff, 0xff, 0xff, 0xff,
    0xff, 0xff, 0xff, 0xff, 0xff, 0xff, 0xff, 0xff, 0xff, 0xff, 0xff, 0xff,
    0xff, 0xff, 0xff, 0xff, 0xff, 0xff, 0xff, 0xff, 0xff, 0xff, 0xff, 0xff,
    0xff, 0xff, 0xff, 0xff, 0xff, 0xff, 0xff, 0xff, 0xff, 0xff, 0xff, 0xff,
    0xff, 0xff, 0xff, 0xff, 0xff, 0xff, 0xff, 0xff, 0xff, 0xff, 0xff, 0xff,
    0xff, 0xff, 0xff, 0xff, 0xff, 0xff, 0xff, 0xff, 0xff, 0xff, 0xff, 0xff,
    0xff, 0xff, 0xff, 0xff, 0xff, 0xff, 0xff, 0xff, 0xff, 0xff, 0xff, 0xff,
    0xff, 0xff, 0xff, 0xff, 0xff, 0xff, 0xff, 0xff, 0xff, 0xff, 0xff, 0xff,
    0xff, 0xff, 0xff, 0xff, 0xff, 0xff, 0xff, 0xff, 0xff, 0xff, 0xff, 0xff,
    0xff, 0xff, 0xff, 0xff, 0xff, 0xff, 0xbd, 0xf7, 0xf2, 0x9c, 0x54, 0xad,
    0x7c, 0xf7, 0xdd, 0xff, 0xfd, 0xff, 0x5b, 0xf7, 0x3a, 0xef, 0xb8, 0xde,
    0x77, 0xd6, 0x9c, 0xf7, 0xb0, 0x94, 0x16, 0xc6, 0xbd, 0xf7, 0xff, 0xff,
    0xff, 0xff, 0xff, 0xff, 0xff, 0xff, 0xff, 0xff, 0xdf, 0xff, 0xff, 0xff,
    0xff, 0xff, 0xff, 0xff, 0xff, 0xf7, 0x13, 0x9d, 0xe3, 0x10, 0xaa, 0x4a,
    0x2c, 0x63, 0xaa, 0x5a, 0xa6, 0x41, 0x65, 0x41, 0xaa, 0x6a, 0xca, 0x72,
    0x89, 0x6a, 0x68, 0x62, 0x27, 0x62, 0xc8, 0x72, 0xc9, 0x6a, 0x88, 0x62,
    0xa5, 0x41, 0xca, 0x62, 0x27, 0x42, 0x20, 0x00, 0x82, 0x10, 0xd3, 0x9c,
    0xff, 0xff, 0xff, 0xff, 0xff, 0xff, 0xff, 0xff, 0xbf, 0xff, 0xff, 0xff,
    0xde, 0xff, 0xff, 0xff, 0xbe, 0xff, 0xde, 0xff, 0xff, 0xff, 0xfa, 0xde,
    0x2f, 0x84, 0x1a, 0xe7, 0x7c, 0xf7, 0xbd, 0xff, 0x9c, 0xff, 0x98, 0xd6,
    0x94, 0xbd, 0xd1, 0x9c, 0xda, 0xe6, 0xb5, 0xbd, 0xd1, 0x9c, 0xbd, 0xf7,
    0xbd, 0xf7, 0xff, 0xff, 0xff, 0xff, 0xff, 0xff, 0xff, 0xff, 0xff, 0xff,
    0xff, 0xff, 0xff, 0xff, 0xff, 0xff, 0xff, 0xff, 0xff, 0xff, 0xff, 0xff,
    0xff, 0xff, 0xff, 0xff, 0xff, 0xff, 0xff, 0xff, 0xff, 0xff, 0xff, 0xff,
    0xff, 0xff, 0xff, 0xff, 0xff, 0xff, 0xff, 0xff, 0xff, 0xff, 0xff, 0xff,
    0xff, 0xff, 0xff, 0xff, 0xff, 0xff, 0xff, 0xff, 0xff, 0xff, 0xff, 0xff,
    0xff, 0xff, 0xff, 0xff, 0xff, 0xff, 0xff, 0xff, 0xff, 0xff, 0xff, 0xff,
    0xff, 0xff, 0xff, 0xff, 0xff, 0xff, 0xff, 0xff, 0xff, 0xff, 0xff, 0xff,
    0xff, 0xff, 0xff, 0xff, 0xff, 0xff, 0xff, 0xff, 0xff, 0xff, 0xff, 0xff,
    0xff, 0xff, 0xff, 0xff, 0xff, 0xff, 0xff, 0xff, 0xff, 0xff, 0xff, 0xff,
    0xff, 0xff, 0xff, 0xff, 0xff, 0xff, 0xff, 0xff, 0xff, 0xff, 0xff, 0xff,
    0xff, 0xff, 0xff, 0xff, 0xff, 0xff, 0xff, 0xff, 0xff, 0xff, 0xff, 0xff,
    0xff, 0xff, 0xff, 0xff, 0xff, 0xff, 0xff, 0xff, 0xff, 0xff, 0xff, 0xff,
    0xff, 0xff, 0xff, 0xff, 0xff, 0xff, 0xff, 0xff, 0xff, 0xff, 0xff, 0xff,
    0xff, 0xff, 0xff, 0xff, 0xff, 0xff, 0xff, 0xff, 0xff, 0xff, 0xff, 0xff,
    0xff, 0xff, 0xff, 0xff, 0xff, 0xff, 0xff, 0xff, 0xff, 0xff, 0xff, 0xff,
    0xb9, 0xd6, 0x70, 0x8c, 0x57, 0xce, 0x5b, 0xef, 0x33, 0xad, 0xb9, 0xde,
    0xfe, 0xff, 0x3b, 0xef, 0x5b, 0xef, 0x7b, 0xef, 0xd6, 0xbd, 0xd1, 0x9c,
    0x7c, 0xf7, 0xff, 0xff, 0xff, 0xff, 0xff, 0xff, 0xbe, 0xff, 0xff, 0xff,
    0xff, 0xff, 0xff, 0xff, 0xff, 0xff, 0xde, 0xf7, 0xff, 0xff, 0xff, 0xef,
    0x79, 0xb6, 0xe8, 0x19, 0x4e, 0x53, 0xcc, 0x4a, 0xed, 0x52, 0xed, 0x5a,
    0x29, 0x4a, 0x29, 0x4a, 0x69, 0x52, 0x28, 0x4a, 0x07, 0x4a, 0x27, 0x4a,
    0xe6, 0x41, 0x27, 0x4a, 0xc6, 0x31, 0x49, 0x42, 0xaa, 0x42, 0x0c, 0x4b,
    0x29, 0x32, 0x49, 0x32, 0x7a, 0xbe, 0xff, 0xf7, 0xff, 0xf7, 0xbf, 0xf7,
    0xff, 0xff, 0xdf, 0xff, 0xdf, 0xff, 0xdf, 0xff, 0xff, 0xff, 0xff, 0xff,
    0xff, 0xff, 0xde, 0xff, 0xde, 0xff, 0x53, 0xad, 0x74, 0xb5, 0x7c, 0xf7,
    0x73, 0xad, 0x33, 0xad, 0xb1, 0x9c, 0xd5, 0xc5, 0x3b, 0xef, 0xda, 0xe6,
    0xd5, 0xbd, 0x4f, 0x8c, 0xf9, 0xde, 0xfe, 0xff, 0xff, 0xff, 0xff, 0xff,
    0xff, 0xff, 0xff, 0xff, 0xff, 0xff, 0xff, 0xff, 0xff, 0xff, 0xff, 0xff,
    0xff, 0xff, 0xff, 0xff, 0xff, 0xff, 0xff, 0xff, 0xff, 0xff, 0xff, 0xff,
    0xff, 0xff, 0xff, 0xff, 0xff, 0xff, 0xff, 0xff, 0xff, 0xff, 0xff, 0xff,
    0xff, 0xff, 0xff, 0xff, 0xff, 0xff, 0xff, 0xff, 0xff, 0xff, 0xff, 0xff,
    0xff, 0xff, 0xff, 0xff, 0xff, 0xff, 0xff, 0xff, 0xff, 0xff, 0xff, 0xff,
    0xff, 0xff, 0xff, 0xff, 0xff, 0xff, 0xff, 0xff, 0xff, 0xff, 0xff, 0xff,
    0xff, 0xff, 0xff, 0xff, 0xff, 0xff, 0xff, 0xff, 0xff, 0xff, 0xff, 0xff,
    0xff, 0xff, 0xff, 0xff, 0xff, 0xff, 0xff, 0xff, 0xff, 0xff, 0xff, 0xff,
    0xff, 0xff, 0xff, 0xff, 0xff, 0xff, 0xff, 0xff, 0xff, 0xff, 0xff, 0xff,
    0xff, 0xff, 0xff, 0xff, 0xff, 0xff, 0xff, 0xff, 0xff, 0xff, 0xff, 0xff,
    0xff, 0xff, 0xff, 0xff, 0xff, 0xff, 0xff, 0xff, 0xff, 0xff, 0xff, 0xff,
    0xff, 0xff, 0xff, 0xff, 0xff, 0xff, 0xff, 0xff, 0xff, 0xff, 0xff, 0xff,
    0xff, 0xff, 0xff, 0xff, 0xff, 0xff, 0xff, 0xff, 0xff, 0xff, 0xff, 0xff,
    0xff, 0xff, 0xff, 0xff, 0xff, 0xff, 0xff, 0xff, 0xff, 0xff, 0xff, 0xff,
    0xff, 0xff, 0xff, 0xff, 0xff, 0xff, 0x74, 0xb5, 0x91, 0x94, 0x1a, 0xe7,
    0x17, 0xce, 0x94, 0xbd, 0xd1, 0xa4, 0x7c, 0xf7, 0x7b, 0xf7, 0x57, 0xce,
    0x5c, 0xef, 0xd2, 0xa4, 0x33, 0xad, 0xfe, 0xff, 0xff, 0xff, 0xdf, 0xff,
    0xff, 0xff, 0xff, 0xff, 0xff, 0xff, 0xff, 0xff, 0xff, 0xff, 0xff, 0xff,
    0xfc, 0xce, 0xfc, 0xc6, 0xbb, 0xae, 0x36, 0x6d, 0xc9, 0x01, 0xa9, 0x01,
    0x89, 0x01, 0x07, 0x01, 0x48, 0x01, 0xca, 0x19, 0x0a, 0x22, 0x4a, 0x32,
    0x6a, 0x32, 0xcc, 0x42, 0x6a, 0x3a, 0x29, 0x2a, 0xa8, 0x19, 0x05, 0x01,
    0x88, 0x01, 0x27, 0x01, 0x88, 0x01, 0xea, 0x01, 0xad, 0x22, 0x98, 0x85,
    0x1e, 0xbf, 0xbf, 0xdf, 0x3d, 0xd7, 0xff, 0xff, 0xff, 0xff, 0x7d, 0xf7,
    0xff, 0xff, 0xdf, 0xff, 0xff, 0xff, 0xff, 0xff, 0x9e, 0xf7, 0xff, 0xff,
    0x1b, 0xe7, 0x70, 0x94, 0x37, 0xce, 0xd5, 0xbd, 0xb9, 0xde, 0x57, 0xce,
    0x58, 0xd6, 0x7c, 0xf7, 0x16, 0xc6, 0xfa, 0xe6, 0x90, 0x94, 0xb4, 0xb5,
    0xfe, 0xff, 0xff, 0xff, 0xff, 0xff, 0xff, 0xff, 0xdf, 0xff, 0xff, 0xff,
    0xff, 0xff, 0xff, 0xff, 0xff, 0xff, 0xff, 0xff, 0xff, 0xff, 0xff, 0xff,
    0xff, 0xff, 0xff, 0xff, 0xff, 0xff, 0xff, 0xff, 0xff, 0xff, 0xff, 0xff,
    0xff, 0xff, 0xff, 0xff, 0xff, 0xff, 0xff, 0xff, 0xff, 0xff, 0xff, 0xff,
    0xff, 0xff, 0xff, 0xff, 0xff, 0xff, 0xff, 0xff, 0xff, 0xff, 0xff, 0xff,
    0xff, 0xff, 0xff, 0xff, 0xff, 0xff, 0xff, 0xff, 0xff, 0xff, 0xff, 0xff,
    0xff, 0xff, 0xff, 0xff, 0xff, 0xff, 0xff, 0xff, 0xff, 0xff, 0xff, 0xff,
    0xff, 0xff, 0xff, 0xff, 0xff, 0xff, 0xff, 0xff, 0xff, 0xff, 0xff, 0xff,
    0xff, 0xff, 0xff, 0xff, 0xff, 0xff, 0xff, 0xff, 0xff, 0xff, 0xff, 0xff,
    0xff, 0xff, 0xff, 0xff, 0xff, 0xff, 0xff, 0xff, 0xff, 0xff, 0xff, 0xff,
    0xff, 0xff, 0xff, 0xff, 0xff, 0xff, 0xff, 0xff, 0xff, 0xff, 0xff, 0xff,
    0xff, 0xff, 0xff, 0xff, 0xff, 0xff, 0xff, 0xff, 0xff, 0xff, 0xff, 0xff,
    0xff, 0xff, 0xff, 0xff, 0xff, 0xff, 0xff, 0xff, 0xff, 0xff, 0xff, 0xff,
    0xff, 0xff, 0xff, 0xff, 0xff, 0xff, 0xff, 0xff, 0xff, 0xff, 0xff, 0xff,
    0xff, 0xff, 0xff, 0xff, 0xff, 0xff, 0xff, 0xff, 0xff, 0xff, 0x9d, 0xf7,
    0xd1, 0x9c, 0x74, 0xad, 0x3b, 0xe7, 0xfa, 0xe6, 0xfe, 0xff, 0x57, 0xd6,
    0x37, 0xce, 0x94, 0xbd, 0xb5, 0xbd, 0x37, 0xce, 0xd2, 0x9c, 0xb9, 0xd6,
    0xff, 0xff, 0xff, 0xff, 0xdf, 0xff, 0xff, 0xff, 0xff, 0xff, 0xff, 0xff,
    0xff, 0xff, 0xff, 0xff, 0x5e, 0xd7, 0xf2, 0x5b, 0x70, 0x3b, 0x91, 0x33,
    0xd2, 0x2b, 0xf4, 0x23, 0xf4, 0x23, 0xd5, 0x23, 0x93, 0x23, 0x73, 0x2b,
    0xd4, 0x3b, 0x51, 0x2b, 0x91, 0x3b, 0x91, 0x3b, 0x2f, 0x33, 0xee, 0x22,
    0x92, 0x3b, 0x51, 0x23, 0x92, 0x2b, 0xb3, 0x23, 0xd4, 0x23, 0x32, 0x13,
    0xf4, 0x23, 0x72, 0x1b, 0xd3, 0x2b, 0xb2, 0x3b, 0xd1, 0x4b, 0x0e, 0x43,
    0x7b, 0xbe, 0xff, 0xff, 0xff, 0xff, 0xff, 0xff, 0xff, 0xff, 0xff, 0xff,
    0xff, 0xff, 0xff, 0xff, 0xff, 0xff, 0xbd, 0xf7, 0xf2, 0x9c, 0xf6, 0xc5,
    0x3b, 0xef, 0x1b, 0xe7, 0x7c, 0xf7, 0x3b, 0xef, 0x7c, 0xf7, 0x58, 0xce,
    0x7c, 0xef, 0x53, 0xad, 0xb0, 0x94, 0xde, 0xff, 0xde, 0xff, 0xff, 0xff,
    0xff, 0xff, 0xff, 0xff, 0xff, 0xff, 0xff, 0xff, 0xff, 0xff, 0xff, 0xff,
    0xff, 0xff, 0xff, 0xff, 0xff, 0xff, 0xff, 0xff, 0xff, 0xff, 0xff, 0xff,
    0xff, 0xff, 0xff, 0xff, 0xff, 0xff, 0xff, 0xff, 0xff, 0xff, 0xff, 0xff,
    0xff, 0xff, 0xff, 0xff, 0xff, 0xff, 0xff, 0xff, 0xff, 0xff, 0xff, 0xff,
    0xff, 0xff, 0xff, 0xff, 0xff, 0xff, 0xff, 0xff, 0xff, 0xff, 0xff, 0xff,
    0xff, 0xff, 0xff, 0xff, 0xff, 0xff, 0xff, 0xff, 0xff, 0xff, 0xff, 0xff,
    0xff, 0xff, 0xff, 0xff, 0xff, 0xff, 0xff, 0xff, 0xff, 0xff, 0xff, 0xff,
    0xff, 0xff, 0xff, 0xff, 0xff, 0xff, 0xff, 0xff, 0xff, 0xff, 0xff, 0xff,
    0xff, 0xff, 0xff, 0xff, 0xff, 0xff, 0xff, 0xff, 0xff, 0xff, 0xff, 0xff,
    0xff, 0xff, 0xff, 0xff, 0xff, 0xff, 0xff, 0xff, 0xff, 0xff, 0xff, 0xff,
    0xff, 0xff, 0xff, 0xff, 0xff, 0xff, 0xff, 0xff, 0xff, 0xff, 0xff, 0xff,
    0xff, 0xff, 0xff, 0xff, 0xff, 0xff, 0xff, 0xff, 0xff, 0xff, 0xff, 0xff,
    0xff, 0xff, 0xff, 0xff, 0xff, 0xff, 0xff, 0xff, 0xff, 0xff, 0xff, 0xff,
    0xff, 0xff, 0xff, 0xff, 0xff, 0xff, 0xff, 0xff, 0xff, 0xff, 0xff, 0xff,
    0xff, 0xff, 0xff, 0xff, 0xb9, 0xd6, 0xb1, 0x94, 0x78, 0xce, 0x98, 0xd6,
    0xfe, 0xff, 0xbd, 0xff, 0xf6, 0xcd, 0x54, 0xb5, 0x37, 0xce, 0xfe, 0xff,
    0x95, 0xbd, 0xd1, 0x9c, 0xfe, 0xff, 0xff, 0xff, 0xff, 0xff, 0xdf, 0xff,
    0xff, 0xff, 0xff, 0xff, 0xff, 0xff, 0xff, 0xff, 0xff, 0xf7, 0xff, 0xdf,
    0x54, 0x54, 0x96, 0x44, 0x97, 0x34, 0xb8, 0x2c, 0xb9, 0x1c, 0x99, 0x14,
    0x59, 0x14, 0xbb, 0x24, 0x99, 0x24, 0xb9, 0x2c, 0xb5, 0x13, 0x16, 0x24,
    0x97, 0x34, 0x52, 0x0b, 0x77, 0x2c, 0x78, 0x2c, 0x37, 0x1c, 0xb9, 0x24,
    0x79, 0x1c, 0xba, 0x1c, 0x79, 0x0c, 0xba, 0x1c, 0xb9, 0x24, 0x78, 0x24,
    0x77, 0x34, 0x75, 0x44, 0x30, 0x2b, 0xfd, 0xb6, 0xff, 0xe7, 0xff, 0xef,
    0xff, 0xff, 0xff, 0xff, 0xdf, 0xff, 0xdf, 0xff, 0xff, 0xff, 0xff, 0xff,
    0xbd, 0xff, 0x37, 0xc6, 0xb2, 0x9c, 0xb9, 0xde, 0x98, 0xd6, 0xbd, 0xff,
    0xff, 0xff, 0xff, 0xff, 0xbd, 0xff, 0xfe, 0xff, 0x57, 0xce, 0x4f, 0x8c,
    0x1a, 0xe7, 0xfe, 0xff, 0xfe, 0xff, 0xff, 0xff, 0xff, 0xff, 0xff, 0xff,
    0xff, 0xff, 0xff, 0xff, 0xff, 0xff, 0xff, 0xff, 0xff, 0xff, 0xff, 0xff,
    0xff, 0xff, 0xff, 0xff, 0xff, 0xff, 0xff, 0xff, 0xff, 0xff, 0xff, 0xff,
    0xff, 0xff, 0xff, 0xff, 0xff, 0xff, 0xff, 0xff, 0xff, 0xff, 0xff, 0xff,
    0xff, 0xff, 0xff, 0xff, 0xff, 0xff, 0xff, 0xff, 0xff, 0xff, 0xff, 0xff,
    0xff, 0xff, 0xff, 0xff, 0xff, 0xff, 0xff, 0xff, 0xff, 0xff, 0xff, 0xff,
    0xff, 0xff, 0xff, 0xff, 0xff, 0xff, 0xff, 0xff, 0xff, 0xff, 0xff, 0xff,
    0xff, 0xff, 0xff, 0xff, 0xff, 0xff, 0xff, 0xff, 0xff, 0xff, 0xff, 0xff,
    0xff, 0xff, 0xff, 0xff, 0xff, 0xff, 0xff, 0xff, 0xff, 0xff, 0xff, 0xff,
    0xff, 0xff, 0xff, 0xff, 0xff, 0xff, 0xff, 0xff, 0xff, 0xff, 0xff, 0xff,
    0xff, 0xff, 0xff, 0xff, 0xff, 0xff, 0xff, 0xff, 0xff, 0xff, 0xff, 0xff,
    0xff, 0xff, 0xff, 0xff, 0xff, 0xff, 0xff, 0xff, 0xff, 0xff, 0xff, 0xff,
    0xff, 0xff, 0xff, 0xff, 0xff, 0xff, 0xff, 0xff, 0xff, 0xff, 0xff, 0xff,
    0xff, 0xff, 0xff, 0xff, 0xff, 0xff, 0xff, 0xff, 0xff, 0xff, 0xff, 0xff,
    0xff, 0xff, 0xdf, 0xff, 0xff, 0xff, 0xff, 0xff, 0xff, 0xff, 0xd5, 0xbd,
    0xb1, 0x94, 0xd9, 0xde, 0xd5, 0xbd, 0x94, 0xb5, 0xb9, 0xde, 0x95, 0xbd,
    0x5b, 0xf7, 0xfe, 0xff, 0x5b, 0xef, 0x4f, 0x8c, 0x58, 0xd6, 0xff, 0xff,
    0xff, 0xff, 0xff, 0xff, 0xff, 0xff, 0xff, 0xff, 0xff, 0xff, 0xff, 0xff,
    0xff, 0xff, 0xff, 0xf7, 0xff, 0xdf, 0xd4, 0x3b, 0x76, 0x34, 0x99, 0x24,
    0xda, 0x1c, 0x7a, 0x0c, 0x1d, 0x15, 0xfd, 0x14, 0x9b, 0x0c, 0xb7, 0x03,
    0x9a, 0x1c, 0x96, 0x0b, 0x95, 0x0b, 0x36, 0x24, 0x32, 0x03, 0x98, 0x2c,
    0x74, 0x03, 0xf7, 0x0b, 0x9a, 0x14, 0xfc, 0x14, 0x9b, 0x04, 0x1d, 0x0d,
    0xfc, 0x0c, 0xfb, 0x0c, 0xda, 0x14, 0xb9, 0x24, 0x56, 0x2c, 0xef, 0x22,
    0xfe, 0xb6, 0xff, 0xdf, 0xff, 0xf7, 0xff, 0xff, 0xff, 0xff, 0xff, 0xff,
    0xff, 0xff, 0xdf, 0xff, 0xff, 0xff, 0xdf, 0xff, 0x1b, 0xe7, 0xf2, 0xa4,
    0x37, 0xce, 0x57, 0xd6, 0xb9, 0xde, 0x3b, 0xef, 0x1b, 0xef, 0x9d, 0xff,
    0xfe, 0xff, 0xf9, 0xde, 0x6f, 0x8c, 0x57, 0xce, 0xfe, 0xff, 0xbe, 0xf7,
    0xff, 0xff, 0xff, 0xff, 0xdf, 0xff, 0xff, 0xff, 0xff, 0xff, 0xff, 0xff,
    0xff, 0xff, 0xff, 0xff, 0xff, 0xff, 0xff, 0xff, 0xff, 0xff, 0xff, 0xff,
    0xff, 0xff, 0xff, 0xff, 0xff, 0xff, 0xff, 0xff, 0xff, 0xff, 0xff, 0xff,
    0xff, 0xff, 0xff, 0xff, 0xff, 0xff, 0xff, 0xff, 0xff, 0xff, 0xff, 0xff,
    0xff, 0xff, 0xff, 0xff, 0xff, 0xff, 0xff, 0xff, 0xff, 0xff, 0xff, 0xff,
    0xff, 0xff, 0xff, 0xff, 0xff, 0xff, 0xff, 0xff, 0xff, 0xff, 0xff, 0xff,
    0xff, 0xff, 0xff, 0xff, 0xff, 0xff, 0xff, 0xff, 0xff, 0xff, 0xff, 0xff,
    0xff, 0xff, 0xff, 0xff, 0xff, 0xff, 0xff, 0xff, 0xff, 0xff, 0xff, 0xff,
    0xff, 0xff, 0xff, 0xff, 0xff, 0xff, 0xff, 0xff, 0xff, 0xff, 0xff, 0xff,
    0xff, 0xff, 0xff, 0xff, 0xff, 0xff, 0xff, 0xff, 0xff, 0xff, 0xff, 0xff,
    0xff, 0xff, 0xff, 0xff, 0xff, 0xff, 0xff, 0xff, 0xff, 0xff, 0xff, 0xff,
    0xff, 0xff, 0xff, 0xff, 0xff, 0xff, 0xff, 0xff, 0xff, 0xff, 0xff, 0xff,
    0xff, 0xff, 0xff, 0xff, 0xff, 0xff, 0xff, 0xff, 0xff, 0xff, 0xff, 0xff,
    0xff, 0xff, 0xff, 0xff, 0xff, 0xff, 0xff, 0xff, 0xff, 0xff, 0xff, 0xff,
    0xff, 0xff, 0xbd, 0xf7, 0x13, 0xad, 0xb0, 0x94, 0xfa, 0xe6, 0x78, 0xd6,
    0xb5, 0xbd, 0x33, 0xad, 0x74, 0xb5, 0x33, 0xad, 0x37, 0xce, 0x58, 0xd6,
    0xf2, 0xa4, 0xda, 0xde, 0xff, 0xff, 0xff, 0xff, 0xff, 0xff, 0xff, 0xff,
    0xff, 0xff, 0xff, 0xff, 0xff, 0xff, 0xff, 0xff, 0xff, 0xff, 0xbf, 0xdf,
    0x55, 0x44, 0x77, 0x2c, 0xdb, 0x24, 0xdc, 0x14, 0xbc, 0x14, 0xdc, 0x14,
    0xfc, 0x0c, 0xdc, 0x14, 0xf8, 0x03, 0x76, 0x03, 0x59, 0x2c, 0xd1, 0x0a,
    0x72, 0x2b, 0xaf, 0x0a, 0x53, 0x1b, 0x33, 0x0b, 0x98, 0x2c, 0x74, 0x03,
    0x5a, 0x04, 0xdd, 0x04, 0x3e, 0x05, 0xfc, 0x04, 0x3c, 0x05, 0x1b, 0x0d,
    0xda, 0x14, 0x97, 0x34, 0xce, 0x22, 0xdd, 0xc6, 0xff, 0xef, 0xff, 0xff,
    0xff, 0xff, 0xff, 0xff, 0xff, 0xff, 0xff, 0xff, 0xff, 0xff, 0xff, 0xff,
    0xff, 0xff, 0xff, 0xff, 0xd2, 0x9c, 0x94, 0xb5, 0xfe, 0xff, 0x98, 0xd6,
    0xb1, 0x9c, 0x33, 0xad, 0x13, 0xa5, 0x58, 0xce, 0x5b, 0xef, 0xd1, 0x9c,
    0x12, 0xa5, 0xff, 0xff, 0xfe, 0xff, 0xff, 0xff, 0xdf, 0xff, 0xff, 0xff,
    0xff, 0xff, 0xff, 0xff, 0xff, 0xff, 0xff, 0xff, 0xff, 0xff, 0xff, 0xff,
    0xff, 0xff, 0xff, 0xff, 0xff, 0xff, 0xff, 0xff, 0xff, 0xff, 0xff, 0xff,
    0xff, 0xff, 0xff, 0xff, 0xff, 0xff, 0xff, 0xff, 0xff, 0xff, 0xff, 0xff,
    0xff, 0xff, 0xff, 0xff, 0xff, 0xff, 0xff, 0xff, 0xff, 0xff, 0xff, 0xff,
    0xff, 0xff, 0xff, 0xff, 0xff, 0xff, 0xff, 0xff, 0xff, 0xff, 0xff, 0xff,
    0xff, 0xff, 0xff, 0xff, 0xff, 0xff, 0xff, 0xff, 0xff, 0xff, 0xff, 0xff,
    0xff, 0xff, 0xff, 0xff, 0xff, 0xff, 0xff, 0xff, 0xff, 0xff, 0xff, 0xff,
    0xff, 0xff, 0xff, 0xff, 0xff, 0xff, 0xff, 0xff, 0xff, 0xff, 0xff, 0xff,
    0xff, 0xff, 0xff, 0xff, 0xff, 0xff, 0xff, 0xff, 0xff, 0xff, 0xff, 0xff,
    0xff, 0xff, 0xff, 0xff, 0xff, 0xff, 0xff, 0xff, 0xff, 0xff, 0xff, 0xff,
    0xff, 0xff, 0xff, 0xff, 0xff, 0xff, 0xff, 0xff, 0xff, 0xff, 0xff, 0xff,
    0xff, 0xff, 0xff, 0xff, 0xff, 0xff, 0xff, 0xff, 0xff, 0xff, 0xff, 0xff,
    0xff, 0xff, 0xff, 0xff, 0xff, 0xff, 0xff, 0xff, 0xff, 0xff, 0xff, 0xff,
    0xff, 0xff, 0xff, 0xff, 0xfe, 0xff, 0xff, 0xff, 0x7c, 0xf7, 0x32, 0xad,
    0xb5, 0xbd, 0xfe, 0xff, 0xfe, 0xff, 0xfe, 0xff, 0x9b, 0xf7, 0xb9, 0xde,
    0x77, 0xce, 0x78, 0xd6, 0x94, 0xb5, 0x33, 0xa5, 0xbd, 0xf7, 0xff, 0xff,
    0xff, 0xff, 0xff, 0xff, 0xff, 0xff, 0xff, 0xff, 0xff, 0xff, 0xff, 0xff,
    0xff, 0xff, 0xff, 0xff, 0xdf, 0xdf, 0x75, 0x44, 0x98, 0x24, 0xbb, 0x1c,
    0xdc, 0x14, 0xdc, 0x14, 0xdc, 0x0c, 0xba, 0x04, 0x3c, 0x1d, 0x9a, 0x1c,
    0xf3, 0x02, 0x90, 0x02, 0x2d, 0x0a, 0xcd, 0x2a, 0x88, 0x01, 0x31, 0x2b,
    0x2d, 0x02, 0x51, 0x0b, 0xd5, 0x0b, 0x9a, 0x04, 0xfc, 0x04, 0x3e, 0x0d,
    0xfd, 0x04, 0x3c, 0x05, 0x1c, 0x05, 0xda, 0x14, 0x98, 0x2c, 0xae, 0x2a,
    0xbc, 0xce, 0xff, 0xf7, 0xff, 0xff, 0xff, 0xff, 0xff, 0xff, 0xff, 0xff,
    0xff, 0xff, 0xff, 0xff, 0xff, 0xff, 0xff, 0xff, 0xfe, 0xff, 0xf6, 0xbd,
    0x32, 0xa5, 0xd9, 0xde, 0x73, 0xb5, 0x57, 0xce, 0xbd, 0xff, 0x3b, 0xef,
    0x58, 0xce, 0xfa, 0xe6, 0x32, 0xad, 0xd1, 0xa4, 0xbd, 0xff, 0xde, 0xff,
    0xff, 0xff, 0xff, 0xff, 0xff, 0xff, 0xff, 0xff, 0xff, 0xff, 0xff, 0xff,
    0xff, 0xff, 0xff, 0xff, 0xff, 0xff, 0xff, 0xff, 0xff, 0xff, 0xff, 0xff,
    0xff, 0xff, 0xff, 0xff, 0xff, 0xff, 0xff, 0xff, 0xff, 0xff, 0xff, 0xff,
    0xff, 0xff, 0xff, 0xff, 0xff, 0xff, 0xff, 0xff, 0xff, 0xff, 0xff, 0xff,
    0xff, 0xff, 0xff, 0xff, 0xff, 0xff, 0xff, 0xff, 0xff, 0xff, 0xff, 0xff,
    0xff, 0xff, 0xff, 0xff, 0xff, 0xff, 0xff, 0xff, 0xff, 0xff, 0xff, 0xff,
    0xff, 0xff, 0xff, 0xff, 0xff, 0xff, 0xff, 0xff, 0xff, 0xff, 0xff, 0xff,
    0xff, 0xff, 0xff, 0xff, 0xff, 0xff, 0xff, 0xff, 0xff, 0xff, 0xff, 0xff,
    0xff, 0xff, 0xff, 0xff, 0xff, 0xff, 0xff, 0xff, 0xff, 0xff, 0xff, 0xff,
    0xff, 0xff, 0xff, 0xff, 0xff, 0xff, 0xff, 0xff, 0xff, 0xff, 0xff, 0xff,
    0xff, 0xff, 0xff, 0xff, 0xff, 0xff, 0xff, 0xff, 0xff, 0xff, 0xff, 0xff,
    0xff, 0xff, 0xff, 0xff, 0xff, 0xff, 0xff, 0xff, 0xff, 0xff, 0xff, 0xff,
    0xff, 0xff, 0xff, 0xff, 0xff, 0xff, 0xff, 0xff, 0xff, 0xff, 0xff, 0xff,
    0xff, 0xff, 0xff, 0xff, 0xff, 0xff, 0xff, 0xff, 0xff, 0xff, 0xff, 0xff,
    0xff, 0xff, 0xfa, 0xe6, 0x50, 0x8c, 0x94, 0xb5, 0xd8, 0xde, 0x1a, 0xe7,
    0xfe, 0xff, 0xfe, 0xff, 0x7c, 0xf7, 0x9c, 0xf7, 0x7c, 0xf7, 0x13, 0xa5,
    0x54, 0xad, 0xbd, 0xff, 0xff, 0xff, 0xff, 0xff, 0xff, 0xff, 0xff, 0xff,
    0xff, 0xff, 0xff, 0xff, 0xff, 0xff, 0xff, 0xff, 0xff, 0xf7, 0xff, 0xd7,
    0x96, 0x3c, 0x98, 0x1c, 0xdb, 0x14, 0xfb, 0x0c, 0xdc, 0x0c, 0xfc, 0x0c,
    0x17, 0x04, 0xd6, 0x03, 0x37, 0x0c, 0xd5, 0x1b, 0x8e, 0x0a, 0xea, 0x11,
    0xeb, 0x32, 0x8e, 0x4b, 0xac, 0x2a, 0xea, 0x09, 0xcd, 0x12, 0x14, 0x24,
    0x38, 0x0c, 0x39, 0x04, 0xbc, 0x0c, 0x9c, 0x04, 0x1d, 0x05, 0x1c, 0x05,
    0xdb, 0x14, 0x98, 0x2c, 0xae, 0x2a, 0xdc, 0xc6, 0xff, 0xf7, 0xff, 0xff,
    0xff, 0xff, 0xff, 0xff, 0xff, 0xff, 0xff, 0xff, 0xff, 0xff, 0xff, 0xff,
    0xff, 0xff, 0xff, 0xff, 0x78, 0xd6, 0xf1, 0x9c, 0xd9, 0xde, 0x57, 0xce,
    0xbd, 0xff, 0xfe, 0xff, 0xff, 0xff, 0xbe, 0xff, 0x98, 0xde, 0xd5, 0xc5,
    0xb1, 0x9c, 0x1b, 0xef, 0xfe, 0xff, 0xff, 0xff, 0xff, 0xff, 0xff, 0xff,
    0xff, 0xff, 0xff, 0xff, 0xff, 0xff, 0xff, 0xff, 0xff, 0xff, 0xff, 0xff,
    0xff, 0xff, 0xff, 0xff, 0xff, 0xff, 0xff, 0xff, 0xff, 0xff, 0xff, 0xff,
    0xff, 0xff, 0xff, 0xff, 0xff, 0xff, 0xff, 0xff, 0xff, 0xff, 0xff, 0xff,
    0xff, 0xff, 0xff, 0xff, 0xff, 0xff, 0xff, 0xff, 0xff, 0xff, 0xff, 0xff,
    0xff, 0xff, 0xff, 0xff, 0xff, 0xff, 0xff, 0xff, 0xff, 0xff, 0xff, 0xff,
    0xff, 0xff, 0xff, 0xff, 0xff, 0xff, 0xff, 0xff, 0xff, 0xff, 0xff, 0xff,
    0xff, 0xff, 0xff, 0xff, 0xff, 0xff, 0xff, 0xff, 0xff, 0xff, 0xff, 0xff,
    0xff, 0xff, 0xff, 0xff, 0xff, 0xff, 0xff, 0xff, 0xff, 0xff, 0xff, 0xff,
    0xff, 0xff, 0xff, 0xff, 0xff, 0xff, 0xff, 0xff, 0xff, 0xff, 0xff, 0xff,
    0xff, 0xff, 0xff, 0xff, 0xff, 0xff, 0xff, 0xff, 0xff, 0xff, 0xff, 0xff,
    0xff, 0xff, 0xff, 0xff, 0xff, 0xff, 0xff, 0xff, 0xff, 0xff, 0xff, 0xff,
    0xff, 0xff, 0xff, 0xff, 0xff, 0xff, 0xff, 0xff, 0xff, 0xff, 0xff, 0xff,
    0xff, 0xff, 0xff, 0xff, 0xff, 0xff, 0xff, 0xff, 0xff, 0xff, 0xff, 0xff,
    0xff, 0xff, 0xff, 0xff, 0xde, 0xff, 0xff, 0xff, 0xb9, 0xde, 0x90, 0x94,
    0x78, 0xd6, 0xf9, 0xde, 0x7b, 0xf7, 0xbc, 0xff, 0xdd, 0xff, 0x7b, 0xf7,
    0x98, 0xd6, 0xfa, 0xe6, 0xb1, 0x9c, 0x37, 0xc6, 0xff, 0xff, 0xff, 0xff,
    0xff, 0xff, 0xff, 0xff, 0xff, 0xff, 0xff, 0xff, 0xff, 0xff, 0xff, 0xff,
    0xff, 0xff, 0xff, 0xf7, 0xff, 0xcf, 0x95, 0x34, 0xb8, 0x14, 0x1b, 0x0d,
    0xfc, 0x0c, 0xfc, 0x0c, 0xdb, 0x0c, 0x1a, 0x15, 0x35, 0x04, 0x52, 0x03,
    0xae, 0x02, 0x4c, 0x12, 0x8e, 0x4b, 0xcd, 0x5b, 0x90, 0x7c, 0xef, 0x63,
    0x8e, 0x53, 0x29, 0x0a, 0xee, 0x0a, 0x94, 0x03, 0x5a, 0x14, 0x3e, 0x25,
    0xdd, 0x14, 0xfd, 0x04, 0xdd, 0x04, 0xbb, 0x14, 0x99, 0x2c, 0xcf, 0x2a,
    0xdc, 0xc6, 0xff, 0xf7, 0xff, 0xf7, 0xff, 0xff, 0xff, 0xff, 0xff, 0xff,
    0xff, 0xff, 0xff, 0xff, 0xff, 0xff, 0xff, 0xff, 0xff, 0xff, 0x7c, 0xef,
    0x12, 0xa5, 0x57, 0xce, 0xd9, 0xde, 0xfe, 0xff, 0xfe, 0xff, 0xde, 0xff,
    0x7c, 0xf7, 0x78, 0xde, 0x57, 0xd6, 0x70, 0x94, 0xb9, 0xd6, 0xff, 0xff,
    0xff, 0xff, 0xff, 0xff, 0xff, 0xff, 0xff, 0xff, 0xff, 0xff, 0xff, 0xff,
    0xff, 0xff, 0xff, 0xff, 0xff, 0xff, 0xff, 0xff, 0xff, 0xff, 0xff, 0xff,
    0xff, 0xff, 0xff, 0xff, 0xff, 0xff, 0xff, 0xff, 0xff, 0xff, 0xff, 0xff,
    0xff, 0xff, 0xff, 0xff, 0xff, 0xff, 0xff, 0xff, 0xff, 0xff, 0xff, 0xff,
    0xff, 0xff, 0xff, 0xff, 0xff, 0xff, 0xff, 0xff, 0xff, 0xff, 0xff, 0xff,
    0xff, 0xff, 0xff, 0xff, 0xff, 0xff, 0xff, 0xff, 0xff, 0xff, 0xff, 0xff,
    0xff, 0xff, 0xff, 0xff, 0xff, 0xff, 0xff, 0xff, 0xff, 0xff, 0xff, 0xff,
    0xff, 0xff, 0xff, 0xff, 0xff, 0xff, 0xff, 0xff, 0xff, 0xff, 0xff, 0xff,
    0xff, 0xff, 0xff, 0xff, 0xff, 0xff, 0xff, 0xff, 0xff, 0xff, 0xff, 0xff,
    0xff, 0xff, 0xff, 0xff, 0xff, 0xff, 0xff, 0xff, 0xff, 0xff, 0xff, 0xff,
    0xff, 0xff, 0xff, 0xff, 0xff, 0xff, 0xff, 0xff, 0xff, 0xff, 0xff, 0xff,
    0xff, 0xff, 0xff, 0xff, 0xff, 0xff, 0xff, 0xff, 0xff, 0xff, 0xff, 0xff,
    0xff, 0xff, 0xff, 0xff, 0xff, 0xff, 0xff, 0xff, 0xff, 0xff, 0xff, 0xff,
    0xff, 0xff, 0xff, 0xff, 0xff, 0xff, 0xff, 0xff, 0xff, 0xff, 0xff, 0xff,
    0xfe, 0xff, 0xf6, 0xc5, 0x2f, 0x8c, 0xb9, 0xde, 0xb8, 0xde, 0x5b, 0xef,
    0x5b, 0xef, 0x9b, 0xf7, 0xfe, 0xff, 0xf6, 0xc5, 0x16, 0xc6, 0xb1, 0x9c,
    0xda, 0xde, 0xff, 0xff, 0xff, 0xff, 0xff, 0xff, 0xff, 0xff, 0xff, 0xff,
    0xff, 0xff, 0xff, 0xff, 0xff, 0xff, 0xff, 0xff, 0xff, 0xf7, 0xdf, 0xcf,
    0x75, 0x2c, 0xb8, 0x1c, 0x3c, 0x15, 0x3c, 0x0d, 0xdb, 0x0c, 0xb9, 0x04,
    0x98, 0x04, 0x76, 0x14, 0x71, 0x0b, 0x8d, 0x0a, 0x8b, 0x2a, 0x0f, 0x6c,
    0x8b, 0x63, 0x2d, 0x7c, 0xe9, 0x52, 0x2f, 0x6c, 0x89, 0x2a, 0x0e, 0x23,
    0xf5, 0x23, 0x5a, 0x1c, 0x5b, 0x14, 0x5c, 0x0c, 0xde, 0x0c, 0xdd, 0x0c,
    0x9c, 0x14, 0x99, 0x2c, 0xcf, 0x2a, 0xfd, 0xc6, 0xff, 0xef, 0xff, 0xf7,
    0xff, 0xff, 0xff, 0xff, 0xff, 0xff, 0xff, 0xff, 0xff, 0xff, 0xff, 0xff,
    0xff, 0xff, 0xff, 0xff, 0x5b, 0xef, 0x73, 0xb5, 0xb4, 0xbd, 0xb8, 0xd6,
    0x3b, 0xef, 0xfe, 0xff, 0x9d, 0xf7, 0xba, 0xde, 0xfa, 0xe6, 0xf9, 0xe6,
    0x4f, 0x8c, 0x36, 0xce, 0xff, 0xff, 0xde, 0xff, 0xff, 0xff, 0xdf, 0xff,
    0xff, 0xff, 0xff, 0xff, 0xff, 0xff, 0xff, 0xff, 0xff, 0xff, 0xff, 0xff,
    0xff, 0xff, 0xff, 0xff, 0xff, 0xff, 0xff, 0xff, 0xff, 0xff, 0xff, 0xff,
    0xff, 0xff, 0xff, 0xff, 0xff, 0xff, 0xff, 0xff, 0xff, 0xff, 0xff, 0xff,
    0xff, 0xff, 0xff, 0xff, 0xff, 0xff, 0xff, 0xff, 0xff, 0xff, 0xff, 0xff,
    0xff, 0xff, 0xff, 0xff, 0xff, 0xff, 0xff, 0xff, 0xff, 0xff, 0xff, 0xff,
    0xff, 0xff, 0xff, 0xff, 0xff, 0xff, 0xff, 0xff, 0xff, 0xff, 0xff, 0xff,
    0xff, 0xff, 0xff, 0xff, 0xff, 0xff, 0xff, 0xff, 0xff, 0xff, 0xff, 0xff,
    0xff, 0xff, 0xff, 0xff, 0xff, 0xff, 0xff, 0xff, 0xff, 0xff, 0xff, 0xff,
    0xff, 0xff, 0xff, 0xff, 0xff, 0xff, 0xff, 0xff, 0xff, 0xff, 0xff, 0xff,
    0xff, 0xff, 0xff, 0xff, 0xff, 0xff, 0xff, 0xff, 0xff, 0xff, 0xff, 0xff,
    0xff, 0xff, 0xff, 0xff, 0xff, 0xff, 0xff, 0xff, 0xff, 0xff, 0xff, 0xff,
    0xff, 0xff, 0xff, 0xff, 0xff, 0xff, 0xff, 0xff, 0xff, 0xff, 0xff, 0xff,
    0xff, 0xff, 0xff, 0xff, 0xff, 0xff, 0xff, 0xff, 0xff, 0xff, 0xff, 0xff,
    0xff, 0xff, 0xdf, 0xff, 0xfe, 0xff, 0xff, 0xff, 0xd5, 0xbd, 0xd1, 0x9c,
    0x5b, 0xef, 0xf9, 0xde, 0x3a, 0xef, 0x94, 0xb5, 0x98, 0xd6, 0xfe, 0xff,
    0x98, 0xd6, 0xf6, 0xc5, 0x12, 0xa5, 0x3b, 0xef, 0xde, 0xff, 0xff, 0xff,
    0xff, 0xff, 0xff, 0xff, 0xff, 0xff, 0xff, 0xff, 0xff, 0xff, 0xff, 0xff,
    0xff, 0xff, 0xff, 0xf7, 0xdf, 0xd7, 0x75, 0x34, 0xb8, 0x1c, 0x1c, 0x15,
    0x1d, 0x0d, 0xdc, 0x0c, 0x9a, 0x0c, 0x36, 0x04, 0x35, 0x0c, 0xb2, 0x13,
    0x0e, 0x1b, 0x0d, 0x3b, 0xee, 0x6b, 0x4a, 0x63, 0x8a, 0x6b, 0xed, 0x73,
    0x4f, 0x74, 0xe7, 0x19, 0x4a, 0x0a, 0x52, 0x0b, 0x96, 0x0b, 0x1a, 0x14,
    0xfe, 0x24, 0xde, 0x0c, 0xdd, 0x0c, 0x9c, 0x14, 0x9a, 0x2c, 0xf0, 0x2a,
    0x1d, 0xc7, 0xff, 0xef, 0xff, 0xf7, 0xff, 0xff, 0xff, 0xff, 0xff, 0xff,
    0xff, 0xff, 0xff, 0xff, 0xff, 0xff, 0xff, 0xff, 0xff, 0xff, 0x7c, 0xef,
    0xb4, 0xb5, 0x73, 0xb5, 0x5b, 0xef, 0x98, 0xd6, 0x7c, 0xf7, 0x9d, 0xf7,
    0x9d, 0xff, 0x5b, 0xef, 0x5b, 0xf7, 0x90, 0x94, 0xd5, 0xbd, 0xff, 0xff,
    0xde, 0xff, 0xff, 0xff, 0xff, 0xff, 0xff, 0xff, 0xff, 0xff, 0xff, 0xff,
    0xff, 0xff, 0xff, 0xff, 0xff, 0xff, 0xff, 0xff, 0xff, 0xff, 0xff, 0xff,
    0xff, 0xff, 0xff, 0xff, 0xff, 0xff, 0xff, 0xff, 0xff, 0xff, 0xff, 0xff,
    0xff, 0xff, 0xff, 0xff, 0xff, 0xff, 0xff, 0xff, 0xff, 0xff, 0xff, 0xff,
    0xff, 0xff, 0xff, 0xff, 0xff, 0xff, 0xff, 0xff, 0xff, 0xff, 0xff, 0xff,
    0xff, 0xff, 0xff, 0xff, 0xff, 0xff, 0xff, 0xff, 0xff, 0xff, 0xff, 0xff,
    0xff, 0xff, 0xff, 0xff, 0xff, 0xff, 0xff, 0xff, 0xff, 0xff, 0xff, 0xff,
    0xff, 0xff, 0xff, 0xff, 0xff, 0xff, 0xff, 0xff, 0xff, 0xff, 0xff, 0xff,
    0xff, 0xff, 0xff, 0xff, 0xff, 0xff, 0xff, 0xff, 0xff, 0xff, 0xff, 0xff,
    0xff, 0xff, 0xff, 0xff, 0xff, 0xff, 0xff, 0xff, 0xff, 0xff, 0xff, 0xff,
    0xff, 0xff, 0xff, 0xff, 0xff, 0xff, 0xff, 0xff, 0xff, 0xff, 0xff, 0xff,
    0xff, 0xff, 0xff, 0xff, 0xff, 0xff, 0xff, 0xff, 0xff, 0xff, 0xff, 0xff,
    0xff, 0xff, 0xff, 0xff, 0xff, 0xff, 0xff, 0xff, 0xff, 0xff, 0xff, 0xff,
    0xff, 0xff, 0xff, 0xff, 0xff, 0xff, 0xff, 0xff, 0xff, 0xff, 0xff, 0xff,
    0xff, 0xff, 0x33, 0xad, 0x91, 0x94, 0x98, 0xd6, 0xb4, 0xbd, 0x32, 0xad,
    0x32, 0xad, 0xf5, 0xbd, 0x78, 0xd6, 0xb9, 0xde, 0x33, 0xad, 0x12, 0xa5,
    0xde, 0xff, 0xff, 0xff, 0xff, 0xff, 0xff, 0xff, 0xff, 0xff, 0xff, 0xff,
    0xff, 0xff, 0xff, 0xff, 0xff, 0xff, 0xff, 0xff, 0xff, 0xff, 0xdf, 0xdf,
    0x55, 0x3c, 0x98, 0x1c, 0xdc, 0x14, 0xdd, 0x0c, 0xdc, 0x0c, 0xbb, 0x14,
    0x3b, 0x25, 0x97, 0x1c, 0x52, 0x13, 0x0c, 0x02, 0xea, 0x19, 0xf0, 0x6b,
    0x0e, 0x7c, 0x88, 0x42, 0x71, 0x7c, 0x6e, 0x4b, 0xc7, 0x01, 0xac, 0x12,
    0x16, 0x24, 0x7a, 0x1c, 0x5b, 0x14, 0x3b, 0x0c, 0xdd, 0x0c, 0xdd, 0x04,
    0xbc, 0x0c, 0x9a, 0x2c, 0xf0, 0x2a, 0x1d, 0xcf, 0xff, 0xf7, 0xff, 0xf7,
    0xff, 0xff, 0xff, 0xff, 0xff, 0xff, 0xff, 0xff, 0xff, 0xff, 0xff, 0xff,
    0xff, 0xff, 0xff, 0xff, 0xfe, 0xff, 0xb4, 0xbd, 0xd1, 0x9c, 0x7b, 0xf7,
    0xd9, 0xde, 0x5b, 0xef, 0x1b, 0xef, 0x1b, 0xe7, 0x98, 0xde, 0x19, 0xef,
    0xf2, 0xa4, 0x94, 0xb5, 0xfe, 0xff, 0xff, 0xff, 0xff, 0xff, 0xff, 0xff,
    0xff, 0xff, 0xff, 0xff, 0xff, 0xff, 0xff, 0xff, 0xff, 0xff, 0xff, 0xff,
    0xff, 0xff, 0xff, 0xff, 0xff, 0xff, 0xff, 0xff, 0xff, 0xff, 0xff, 0xff,
    0xff, 0xff, 0xff, 0xff, 0xff, 0xff, 0xff, 0xff, 0xff, 0xff, 0xff, 0xff,
    0xff, 0xff, 0xff, 0xff, 0xff, 0xff, 0xff, 0xff, 0xff, 0xff, 0xff, 0xff,
    0xff, 0xff, 0xff, 0xff, 0xff, 0xff, 0xff, 0xff, 0xff, 0xff, 0xff, 0xff,
    0xff, 0xff, 0xff, 0xff, 0xff, 0xff, 0xff, 0xff, 0xff, 0xff, 0xff, 0xff,
    0xff, 0xff, 0xff, 0xff, 0xff, 0xff, 0xff, 0xff, 0xff, 0xff, 0xff, 0xff,
    0xff, 0xff, 0xff, 0xff, 0xff, 0xff, 0xff, 0xff, 0xff, 0xff, 0xff, 0xff,
    0xff, 0xff, 0xff, 0xff, 0xff, 0xff, 0xff, 0xff, 0xff, 0xff, 0xff, 0xff,
    0xff, 0xff, 0xff, 0xff, 0xff, 0xff, 0xff, 0xff, 0xff, 0xff, 0xff, 0xff,
    0xff, 0xff, 0xff, 0xff, 0xff, 0xff, 0xff, 0xff, 0xff, 0xff, 0xff, 0xff,
    0xff, 0xff, 0xff, 0xff, 0xff, 0xff, 0xff, 0xff, 0xff, 0xff, 0xff, 0xff,
    0xff, 0xff, 0xff, 0xff, 0xff, 0xff, 0xff, 0xff, 0xff, 0xff, 0xff, 0xff,
    0xff, 0xff, 0xff, 0xff, 0xff, 0xff, 0x9d, 0xff, 0xf2, 0xa4, 0xf2, 0xa4,
    0x3b, 0xef, 0xd9, 0xde, 0x57, 0xce, 0xf5, 0xc5, 0x16, 0xc6, 0x12, 0xa5,
    0x1a, 0xe7, 0xf2, 0xa4, 0x33, 0xad, 0xfe, 0xff, 0xde, 0xff, 0xff, 0xff,
    0xff, 0xff, 0xff, 0xff, 0xff, 0xff, 0xff, 0xff, 0xff, 0xff, 0xff, 0xff,
    0xff, 0xff, 0xff, 0xff, 0xbf, 0xe7, 0x55, 0x4c, 0x78, 0x24, 0xbb, 0x0c,
    0xbc, 0x04, 0xdd, 0x0c, 0xfd, 0x14, 0x18, 0x04, 0xf2, 0x02, 0x94, 0x13,
    0xd4, 0x33, 0x0c, 0x12, 0x2b, 0x2a, 0xaf, 0x5b, 0x6e, 0x53, 0xad, 0x2a,
    0x8c, 0x1a, 0xed, 0x12, 0x71, 0x13, 0x33, 0x03, 0x96, 0x03, 0x9b, 0x14,
    0xfd, 0x14, 0xfd, 0x04, 0xfd, 0x04, 0xbc, 0x0c, 0x9a, 0x2c, 0xf0, 0x2a,
    0x1d, 0xc7, 0xff, 0xf7, 0xff, 0xf7, 0xff, 0xff, 0xff, 0xff, 0xff, 0xff,
    0xff, 0xff, 0xff, 0xff, 0xff, 0xff, 0xff, 0xff, 0xff, 0xff, 0xde, 0xff,
    0x15, 0xc6, 0x12, 0xa5, 0x1a, 0xe7, 0x37, 0xce, 0x99, 0xd6, 0x58, 0xce,
    0x74, 0xb5, 0x33, 0xad, 0x77, 0xd6, 0x12, 0xa5, 0x74, 0xb5, 0xbe, 0xff,
    0xff, 0xff, 0xff, 0xff, 0xdf, 0xff, 0xff, 0xff, 0xff, 0xff, 0xff, 0xff,
    0xff, 0xff, 0xff, 0xff, 0xff, 0xff, 0xff, 0xff, 0xff, 0xff, 0xff, 0xff,
    0xff, 0xff, 0xff, 0xff, 0xff, 0xff, 0xff, 0xff, 0xff, 0xff, 0xff, 0xff,
    0xff, 0xff, 0xff, 0xff, 0xff, 0xff, 0xff, 0xff, 0xff, 0xff, 0xff, 0xff,
    0xff, 0xff, 0xff, 0xff, 0xff, 0xff, 0xff, 0xff, 0xff, 0xff, 0xff, 0xff,
    0xff, 0xff, 0xff, 0xff, 0xff, 0xff, 0xff, 0xff, 0xff, 0xff, 0xff, 0xff,
    0xff, 0xff, 0xff, 0xff, 0xff, 0xff, 0xff, 0xff, 0xff, 0xff, 0xff, 0xff,
    0xff, 0xff, 0xff, 0xff, 0xff, 0xff, 0xff, 0xff, 0xff, 0xff, 0xff, 0xff,
    0xff, 0xff, 0xff, 0xff, 0xff, 0xff, 0xff, 0xff, 0xff, 0xff, 0xff, 0xff,
    0xff, 0xff, 0xff, 0xff, 0xff, 0xff, 0xff, 0xff, 0xff, 0xff, 0xff, 0xff,
    0xff, 0xff, 0xff, 0xff, 0xff, 0xff, 0xff, 0xff, 0xff, 0xff, 0xff, 0xff,
    0xff, 0xff, 0xff, 0xff, 0xff, 0xff, 0xff, 0xff, 0xff, 0xff, 0xff, 0xff,
    0xff, 0xff, 0xff, 0xff, 0xff, 0xff, 0xff, 0xff, 0xff, 0xff, 0xff, 0xff,
    0xff, 0xff, 0xff, 0xff, 0xff, 0xff, 0xff, 0xff, 0xff, 0xff, 0xfe, 0xff,
    0xbe, 0xff, 0xf2, 0xa4, 0x53, 0xad, 0xfa, 0xe6, 0x3a, 0xef, 0xfe, 0xff,
    0xfe, 0xff, 0xfe, 0xff, 0x9c, 0xf7, 0x9c, 0xf7, 0xf2, 0xa4, 0x94, 0xb5,
    0xbd, 0xf7, 0xff, 0xff, 0xff, 0xff, 0xff, 0xff, 0xff, 0xff, 0xff, 0xff,
    0xff, 0xff, 0xff, 0xff, 0xff, 0xff, 0xff, 0xff, 0xff, 0xff, 0x9f, 0xdf,
    0x35, 0x44, 0x99, 0x24, 0xdd, 0x14, 0xde, 0x0c, 0xfe, 0x0c, 0xbd, 0x0c,
    0x7a, 0x04, 0x1c, 0x25, 0x59, 0x1c, 0xd2, 0x02, 0x70, 0x0a, 0x4e, 0x12,
    0xef, 0x2a, 0xaa, 0x01, 0x4f, 0x02, 0xf1, 0x0a, 0x8f, 0x02, 0xb3, 0x0b,
    0xda, 0x1c, 0xba, 0x0c, 0xbb, 0x0c, 0xdc, 0x0c, 0x1d, 0x05, 0x3d, 0x05,
    0xfc, 0x0c, 0x78, 0x24, 0xf0, 0x2a, 0x5f, 0xcf, 0xff, 0xf7, 0xff, 0xff,
    0xff, 0xff, 0xff, 0xff, 0xff, 0xff, 0xff, 0xff, 0xff, 0xff, 0xff, 0xff,
    0xff, 0xff, 0xff, 0xff, 0xfe, 0xff, 0x57, 0xce, 0x6f, 0x94, 0x9c, 0xf7,
    0x5b, 0xef, 0xff, 0xff, 0x1b, 0xe7, 0x13, 0xad, 0x57, 0xd6, 0x3b, 0xef,
    0xf2, 0xa4, 0x53, 0xad, 0xbd, 0xff, 0xdf, 0xff, 0xff, 0xff, 0xff, 0xff,
    0xff, 0xff, 0xff, 0xff, 0xff, 0xff, 0xff, 0xff, 0xff, 0xff, 0xff, 0xff,
    0xff, 0xff, 0xff, 0xff, 0xff, 0xff, 0xff, 0xff, 0xff, 0xff, 0xff, 0xff,
    0xff, 0xff, 0xff, 0xff, 0xff, 0xff, 0xff, 0xff, 0xff, 0xff, 0xff, 0xff,
    0xff, 0xff, 0xff, 0xff, 0xff, 0xff, 0xff, 0xff, 0xff, 0xff, 0xff, 0xff,
    0xff, 0xff, 0xff, 0xff, 0xff, 0xff, 0xff, 0xff, 0xff, 0xff, 0xff, 0xff,
    0xff, 0xff, 0xff, 0xff, 0xff, 0xff, 0xff, 0xff, 0xff, 0xff, 0xff, 0xff,
    0xff, 0xff, 0xff, 0xff, 0xff, 0xff, 0xff, 0xff, 0xff, 0xff, 0xff, 0xff,
    0xff, 0xff, 0xff, 0xff, 0xff, 0xff, 0xff, 0xff, 0xff, 0xff, 0xff, 0xff,
    0xff, 0xff, 0xff, 0xff, 0xff, 0xff, 0xff, 0xff, 0xff, 0xff, 0xff, 0xff,
    0xff, 0xff, 0xff, 0xff, 0xff, 0xff, 0xff, 0xff, 0xff, 0xff, 0xff, 0xff,
    0xff, 0xff, 0xff, 0xff, 0xff, 0xff, 0xff, 0xff, 0xff, 0xff, 0xff, 0xff,
    0xff, 0xff, 0xff, 0xff, 0xff, 0xff, 0xff, 0xff, 0xff, 0xff, 0xff, 0xff,
    0xff, 0xff, 0xff, 0xff, 0xff, 0xff, 0xff, 0xff, 0xff, 0xff, 0xff, 0xff,
    0xff, 0xff, 0xff, 0xff, 0xff, 0xff, 0xbe, 0xff, 0xb1, 0x94, 0x33, 0xa5,
    0xd9, 0xde, 0x36, 0xc6, 0xb4, 0xbd, 0x7b, 0xef, 0xfd, 0xff, 0xfe, 0xff,
    0xdd, 0xff, 0xd1, 0x9c, 0xb5, 0xbd, 0xff, 0xff, 0xff, 0xff, 0xff, 0xff,
    0xfe, 0xff, 0xff, 0xff, 0xff, 0xff, 0xff, 0xff, 0xff, 0xff, 0xff, 0xff,
    0xff, 0xff, 0xff, 0xff, 0x9f, 0xdf, 0x55, 0x44, 0x99, 0x24, 0xfc, 0x0c,
    0xfe, 0x04, 0xfe, 0x04, 0xde, 0x04, 0x3d, 0x15, 0x9a, 0x04, 0x96, 0x03,
    0xd7, 0x13, 0xf7, 0x2b, 0xd2, 0x0a, 0x53, 0x1b, 0x70, 0x02, 0x96, 0x13,
    0x14, 0x03, 0xd6, 0x0b, 0x58, 0x14, 0x17, 0x04, 0x5a, 0x04, 0xfb, 0x0c,
    0xba, 0x04, 0x1c, 0x05, 0x3c, 0x05, 0x1c, 0x0d, 0x98, 0x24, 0x0f, 0x2b,
    0x3e, 0xd7, 0xff, 0xf7, 0xff, 0xff, 0xff, 0xff, 0xff, 0xff, 0xff, 0xff,
    0xff, 0xff, 0xff, 0xff, 0xff, 0xff, 0xff, 0xff, 0xff, 0xff, 0xdd, 0xff,
    0x1a, 0xe7, 0xb1, 0x9c, 0x7b, 0xf7, 0xfe, 0xff, 0x17, 0xc6, 0xb2, 0x9c,
    0xd6, 0xc5, 0xdd, 0xff, 0xfd, 0xff, 0xf2, 0xa4, 0x12, 0xa5, 0xbd, 0xff,
    0xff, 0xff, 0xff, 0xff, 0xdf, 0xff, 0xff, 0xff, 0xff, 0xff, 0xff, 0xff,
    0xff, 0xff, 0xff, 0xff, 0xff, 0xff, 0xff, 0xff, 0xff, 0xff, 0xff, 0xff,
    0xff, 0xff, 0xff, 0xff, 0xff, 0xff, 0xff, 0xff, 0xff, 0xff, 0xff, 0xff,
    0xff, 0xff, 0xff, 0xff, 0xff, 0xff, 0xff, 0xff, 0xff, 0xff, 0xff, 0xff,
    0xff, 0xff, 0xff, 0xff, 0xff, 0xff, 0xff, 0xff, 0xff, 0xff, 0xff, 0xff,
    0xff, 0xff, 0xff, 0xff, 0xff, 0xff, 0xff, 0xff, 0xff, 0xff, 0xff, 0xff,
    0xff, 0xff, 0xff, 0xff, 0xff, 0xff, 0xff, 0xff, 0xff, 0xff, 0xff, 0xff,
    0xff, 0xff, 0xff, 0xff, 0xff, 0xff, 0xff, 0xff, 0xff, 0xff, 0xff, 0xff,
    0xff, 0xff, 0xff, 0xff, 0xff, 0xff, 0xff, 0xff, 0xff, 0xff, 0xff, 0xff,
    0xff, 0xff, 0xff, 0xff, 0xff, 0xff, 0xff, 0xff, 0xff, 0xff, 0xff, 0xff,
    0xff, 0xff, 0xff, 0xff, 0xff, 0xff, 0xff, 0xff, 0xff, 0xff, 0xff, 0xff,
    0xff, 0xff, 0xff, 0xff, 0xff, 0xff, 0xff, 0xff, 0xff, 0xff, 0xff, 0xff,
    0xff, 0xff, 0xff, 0xff, 0xff, 0xff, 0xff, 0xff, 0xff, 0xff, 0xff, 0xff,
    0xff, 0xff, 0xff, 0xff, 0xff, 0xff, 0xff, 0xff, 0xff, 0xff, 0xde, 0xff,
    0x9d, 0xff, 0xf2, 0xa4, 0xd5, 0xbd, 0xdd, 0xff, 0xbc, 0xff, 0xdd, 0xff,
    0xd5, 0xbd, 0xb8, 0xde, 0x9c, 0xf7, 0xdd, 0xff, 0x91, 0x9c, 0xd5, 0xbd,
    0xff, 0xff, 0xde, 0xff, 0xff, 0xff, 0xff, 0xff, 0xff, 0xff, 0xff, 0xff,
    0xff, 0xff, 0xff, 0xff, 0xff, 0xff, 0xff, 0xff, 0xff, 0xff, 0xbf, 0xd7,
    0x75, 0x3c, 0xd9, 0x1c, 0xfc, 0x04, 0x1e, 0x05, 0x1f, 0x05, 0x1e, 0x05,
    0x5d, 0x0d, 0x3c, 0x0d, 0x38, 0x04, 0x59, 0x14, 0x18, 0x14, 0x75, 0x03,
    0x78, 0x24, 0x55, 0x03, 0x3a, 0x1c, 0x57, 0x03, 0x9a, 0x1c, 0xb9, 0x14,
    0x38, 0x04, 0xfc, 0x04, 0x5c, 0x15, 0x3c, 0x0d, 0x3b, 0x05, 0x3c, 0x05,
    0x1b, 0x0d, 0x98, 0x1c, 0xf0, 0x22, 0x3f, 0xd7, 0xff, 0xf7, 0xff, 0xff,
    0xff, 0xff, 0xff, 0xff, 0xff, 0xff, 0xff, 0xff, 0xff, 0xff, 0xff, 0xff,
    0xff, 0xff, 0xff, 0xff, 0xde, 0xff, 0xf9, 0xde, 0xb0, 0x94, 0xd9, 0xde,
    0x98, 0xd6, 0x53, 0xad, 0x99, 0xd6, 0xff, 0xff, 0xfe, 0xff, 0xfe, 0xff,
    0xd1, 0x9c, 0xf2, 0xa4, 0xbd, 0xff, 0xff, 0xff, 0xff, 0xff, 0xff, 0xff,
    0xff, 0xff, 0xff, 0xff, 0xff, 0xff, 0xff, 0xff, 0xff, 0xff, 0xff, 0xff,
    0xff, 0xff, 0xff, 0xff, 0xff, 0xff, 0xff, 0xff, 0xff, 0xff, 0xff, 0xff,
    0xff, 0xff, 0xff, 0xff, 0xff, 0xff, 0xff, 0xff, 0xff, 0xff, 0xff, 0xff,
    0xff, 0xff, 0xff, 0xff, 0xff, 0xff, 0xff, 0xff, 0xff, 0xff, 0xff, 0xff,
    0xff, 0xff, 0xff, 0xff, 0xff, 0xff, 0xff, 0xff, 0xff, 0xff, 0xff, 0xff,
    0xff, 0xff, 0xff, 0xff, 0xff, 0xff, 0xff, 0xff, 0xff, 0xff, 0xff, 0xff,
    0xff, 0xff, 0xff, 0xff, 0xff, 0xff, 0xff, 0xff, 0xff, 0xff, 0xff, 0xff,
    0xff, 0xff, 0xff, 0xff, 0xff, 0xff, 0xff, 0xff, 0xff, 0xff, 0xff, 0xff,
    0xff, 0xff, 0xff, 0xff, 0xff, 0xff, 0xff, 0xff, 0xff, 0xff, 0xff, 0xff,
    0xff, 0xff, 0xff, 0xff, 0xff, 0xff, 0xff, 0xff, 0xff, 0xff, 0xff, 0xff,
    0xff, 0xff, 0xff, 0xff, 0xff, 0xff, 0xff, 0xff, 0xff, 0xff, 0xff, 0xff,
    0xff, 0xff, 0xff, 0xff, 0xff, 0xff, 0xff, 0xff, 0xff, 0xff, 0xff, 0xff,
    0xff, 0xff, 0xff, 0xff, 0xff, 0xff, 0xff, 0xff, 0xff, 0xff, 0xff, 0xff,
    0xff, 0xff, 0xff, 0xff, 0xff, 0xff, 0xbd, 0xff, 0x91, 0x94, 0x54, 0xad,
    0xdd, 0xff, 0xfd, 0xff, 0xfd, 0xff, 0x1a, 0xe7, 0x12, 0xa5, 0x12, 0xa5,
    0x1b, 0xef, 0x12, 0xa5, 0x94, 0xb5, 0xfe, 0xff, 0xff, 0xff, 0xff, 0xff,
    0xff, 0xff, 0xff, 0xff, 0xff, 0xff, 0xff, 0xff, 0xff, 0xff, 0xff, 0xff,
    0xff, 0xff, 0xff, 0xff, 0xdf, 0xd7, 0x95, 0x34, 0xd9, 0x14, 0x1c, 0x05,
    0x1e, 0x05, 0x3e, 0x05, 0x3d, 0x05, 0x79, 0x04, 0x1b, 0x15, 0x1b, 0x1d,
    0xb9, 0x1c, 0x38, 0x14, 0x59, 0x1c, 0xb9, 0x24, 0x54, 0x03, 0x9b, 0x24,
    0x3a, 0x1c, 0x79, 0x1c, 0x78, 0x0c, 0xba, 0x0c, 0x1c, 0x15, 0x9a, 0x04,
    0xba, 0x04, 0x1b, 0x05, 0x3c, 0x05, 0x1b, 0x0d, 0x98, 0x1c, 0xef, 0x2a,
    0x5e, 0xd7, 0xff, 0xf7, 0xff, 0xff, 0xff, 0xff, 0xff, 0xff, 0xff, 0xff,
    0xff, 0xff, 0xff, 0xff, 0xff, 0xff, 0xff, 0xff, 0xff, 0xff, 0xfe, 0xff,
    0xd9, 0xde, 0xd1, 0x9c, 0x3a, 0xef, 0xf2, 0xa4, 0xb5, 0xbd, 0x9d, 0xf7,
    0x5c, 0xef, 0xd9, 0xe6, 0x5b, 0xf7, 0xb0, 0x9c, 0x33, 0xa5, 0x9d, 0xff,
    0xff, 0xff, 0xff, 0xff, 0xff, 0xff, 0xff, 0xff, 0xff, 0xff, 0xff, 0xff,
    0xff, 0xff, 0xff, 0xff, 0xff, 0xff, 0xff, 0xff, 0xff, 0xff, 0xff, 0xff,
    0xff, 0xff, 0xff, 0xff, 0xff, 0xff, 0xff, 0xff, 0xff, 0xff, 0xff, 0xff,
    0xff, 0xff, 0xff, 0xff, 0xff, 0xff, 0xff, 0xff, 0xff, 0xff, 0xff, 0xff,
    0xff, 0xff, 0xff, 0xff, 0xff, 0xff, 0xff, 0xff, 0xff, 0xff, 0xff, 0xff,
    0xff, 0xff, 0xff, 0xff, 0xff, 0xff, 0xff, 0xff, 0xff, 0xff, 0xff, 0xff,
    0xff, 0xff, 0xff, 0xff, 0xff, 0xff, 0xff, 0xff, 0xff, 0xff, 0xff, 0xff,
    0xff, 0xff, 0xff, 0xff, 0xff, 0xff, 0xff, 0xff, 0xff, 0xff, 0xff, 0xff,
    0xff, 0xff, 0xff, 0xff, 0xff, 0xff, 0xff, 0xff, 0xff, 0xff, 0xff, 0xff,
    0xff, 0xff, 0xff, 0xff, 0xff, 0xff, 0xff, 0xff, 0xff, 0xff, 0xff, 0xff,
    0xff, 0xff, 0xff, 0xff, 0xff, 0xff, 0xff, 0xff, 0xff, 0xff, 0xff, 0xff,
    0xff, 0xff, 0xff, 0xff, 0xff, 0xff, 0xff, 0xff, 0xff, 0xff, 0xff, 0xff,
    0xff, 0xff, 0xff, 0xff, 0xff, 0xff, 0xff, 0xff, 0xff, 0xff, 0xff, 0xff,
    0xff, 0xff, 0xff, 0xff, 0xff, 0xff, 0xff, 0xff, 0xdf, 0xff, 0xff, 0xff,
    0xde, 0xff, 0x91, 0x94, 0x94, 0xb5, 0xfe, 0xff, 0x7b, 0xf7, 0x57, 0xce,
    0xf1, 0xa4, 0x57, 0xce, 0xdd, 0xff, 0xfe, 0xff, 0x90, 0x94, 0xd6, 0xbd,
    0xff, 0xff, 0x7c, 0xf7, 0xff, 0xff, 0xff, 0xff, 0xff, 0xff, 0xff, 0xff,
    0xff, 0xff, 0xff, 0xff, 0xff, 0xff, 0xff, 0xff, 0xff, 0xf7, 0xdf, 0xcf,
    0x96, 0x34, 0xd9, 0x1c, 0xfc, 0x04, 0xfd, 0x04, 0x1d, 0x0d, 0x1b, 0x15,
    0x5b, 0x1d, 0xb7, 0x14, 0xb8, 0x24, 0x98, 0x2c, 0x78, 0x34, 0xfa, 0x3c,
    0xb8, 0x2c, 0x57, 0x1c, 0x59, 0x2c, 0xba, 0x34, 0x56, 0x24, 0x97, 0x24,
    0xfa, 0x24, 0xda, 0x1c, 0xfa, 0x1c, 0xfb, 0x14, 0xfb, 0x04, 0x1c, 0x05,
    0xfc, 0x0c, 0x79, 0x1c, 0xf0, 0x2a, 0x5e, 0xd7, 0xff, 0xf7, 0xff, 0xff,
    0xff, 0xff, 0xff, 0xff, 0xff, 0xff, 0xff, 0xff, 0xff, 0xff, 0xff, 0xff,
    0xff, 0xff, 0xff, 0xff, 0xfe, 0xff, 0xf9, 0xde, 0x6f, 0x94, 0x3a, 0xef,
    0x57, 0xce, 0x78, 0xd6, 0x99, 0xd6, 0x99, 0xd6, 0x98, 0xde, 0x3a, 0xef,
    0xb0, 0x9c, 0x33, 0xad, 0xbd, 0xff, 0xde, 0xff, 0xff, 0xff, 0xff, 0xff,
    0xff, 0xff, 0xff, 0xff, 0xff, 0xff, 0xff, 0xff, 0xff, 0xff, 0xff, 0xff,
    0xff, 0xff, 0xff, 0xff, 0xff, 0xff, 0xff, 0xff, 0xff, 0xff, 0xff, 0xff,
    0xff, 0xff, 0xff, 0xff, 0xff, 0xff, 0xff, 0xff, 0xff, 0xff, 0xff, 0xff,
    0xff, 0xff, 0xff, 0xff, 0xff, 0xff, 0xff, 0xff, 0xff, 0xff, 0xff, 0xff,
    0xff, 0xff, 0xff, 0xff, 0xff, 0xff, 0xff, 0xff, 0xff, 0xff, 0xff, 0xff,
    0xff, 0xff, 0xff, 0xff, 0xff, 0xff, 0xff, 0xff, 0xff, 0xff, 0xff, 0xff,
    0xff, 0xff, 0xff, 0xff, 0xff, 0xff, 0xff, 0xff, 0xff, 0xff, 0xff, 0xff,
    0xff, 0xff, 0xff, 0xff, 0xff, 0xff, 0xff, 0xff, 0xff, 0xff, 0xff, 0xff,
    0xff, 0xff, 0xff, 0xff, 0xff, 0xff, 0xff, 0xff, 0xff, 0xff, 0xff, 0xff,
    0xff, 0xff, 0xff, 0xff, 0xff, 0xff, 0xff, 0xff, 0xff, 0xff, 0xff, 0xff,
    0xff, 0xff, 0xff, 0xff, 0xff, 0xff, 0xff, 0xff, 0xff, 0xff, 0xff, 0xff,
    0xff, 0xff, 0xff, 0xff, 0xff, 0xff, 0xff, 0xff, 0xff, 0xff, 0xff, 0xff,
    0xff, 0xff, 0xff, 0xff, 0xff, 0xff, 0xff, 0xff, 0xff, 0xff, 0xff, 0xff,
    0xff, 0xff, 0xff, 0xff, 0xde, 0xff, 0x9d, 0xf7, 0x12, 0xa5, 0x33, 0xad,
    0x57, 0xce, 0x53, 0xad, 0x32, 0xad, 0x9c, 0xf7, 0x9c, 0xf7, 0x9c, 0xf7,
    0xbd, 0xff, 0xb1, 0x9c, 0xb5, 0xbd, 0xff, 0xff, 0xfe, 0xff, 0xff, 0xff,
    0xff, 0xff, 0xff, 0xff, 0xff, 0xff, 0xff, 0xff, 0xff, 0xff, 0xff, 0xff,
    0xff, 0xff, 0xff, 0xf7, 0xbf, 0xd7, 0x96, 0x34, 0xd9, 0x1c, 0xfc, 0x0c,
    0xfc, 0x04, 0xdb, 0x14, 0xd9, 0x1c, 0x55, 0x14, 0x54, 0x1c, 0x13, 0x24,
    0xf3, 0x2b, 0x93, 0x2b, 0xf4, 0x33, 0xb3, 0x23, 0x14, 0x2c, 0xf5, 0x33,
    0x15, 0x34, 0x13, 0x2c, 0xb6, 0x3c, 0x56, 0x24, 0xf6, 0x0b, 0xfa, 0x2c,
    0xba, 0x1c, 0xdc, 0x0c, 0xfc, 0x04, 0xfc, 0x14, 0x79, 0x24, 0xf0, 0x2a,
    0x3e, 0xd7, 0xff, 0xff, 0xff, 0xff, 0xff, 0xff, 0xff, 0xff, 0xff, 0xff,
    0xff, 0xff, 0xff, 0xff, 0xff, 0xff, 0xff, 0xff, 0xff, 0xff, 0xfe, 0xff,
    0x98, 0xd6, 0x90, 0x94, 0xf9, 0xe6, 0xfe, 0xff, 0xfe, 0xff, 0xfe, 0xff,
    0xff, 0xff, 0xbd, 0xff, 0xdc, 0xff, 0xb1, 0x9c, 0x33, 0xad, 0xbe, 0xff,
    0xff, 0xff, 0xff, 0xff, 0xff, 0xff, 0xff, 0xff, 0xff, 0xff, 0xff, 0xff,
    0xff, 0xff, 0xff, 0xff, 0xff, 0xff, 0xff, 0xff, 0xff, 0xff, 0xff, 0xff,
    0xff, 0xff, 0xff, 0xff, 0xff, 0xff, 0xff, 0xff, 0xff, 0xff, 0xff, 0xff,
    0xff, 0xff, 0xff, 0xff, 0xff, 0xff, 0xff, 0xff, 0xff, 0xff, 0xff, 0xff,
    0xff, 0xff, 0xff, 0xff, 0xff, 0xff, 0xff, 0xff, 0xff, 0xff, 0xff, 0xff,
    0xff, 0xff, 0xff, 0xff, 0xff, 0xff, 0xff, 0xff, 0xff, 0xff, 0xff, 0xff,
    0xff, 0xff, 0xff, 0xff, 0xff, 0xff, 0xff, 0xff, 0xff, 0xff, 0xff, 0xff,
    0xff, 0xff, 0xff, 0xff, 0xff, 0xff, 0xff, 0xff, 0xff, 0xff, 0xff, 0xff,
    0xff, 0xff, 0xff, 0xff, 0xff, 0xff, 0xff, 0xff, 0xff, 0xff, 0xff, 0xff,
    0xff, 0xff, 0xff, 0xff, 0xff, 0xff, 0xff, 0xff, 0xff, 0xff, 0xff, 0xff,
    0xff, 0xff, 0xff, 0xff, 0xff, 0xff, 0xff, 0xff, 0xff, 0xff, 0xff, 0xff,
    0xff, 0xff, 0xff, 0xff, 0xff, 0xff, 0xff, 0xff, 0xff, 0xff, 0xff, 0xff,
    0xff, 0xff, 0xff, 0xff, 0xff, 0xff, 0xff, 0xff, 0xff, 0xff, 0xff, 0xff,
    0xff, 0xff, 0xff, 0xff, 0xff, 0xff, 0xff, 0xff, 0xff, 0xff, 0xbd, 0xf7,
    0x9d, 0xff, 0x54, 0xad, 0x94, 0xb5, 0xb9, 0xde, 0xd9, 0xde, 0xfd, 0xff,
    0xdd, 0xff, 0xfe, 0xff, 0xfe, 0xff, 0xdd, 0xff, 0xb1, 0x9c, 0x94, 0xb5,
    0xde, 0xff, 0xfe, 0xff, 0xff, 0xff, 0xff, 0xff, 0xff, 0xff, 0xff, 0xff,
    0xff, 0xff, 0xff, 0xff, 0xff, 0xff, 0xff, 0xff, 0xff, 0xff, 0x9f, 0xd7,
    0x56, 0x3c, 0xb9, 0x24, 0xdc, 0x14, 0xdb, 0x14, 0x9a, 0x1c, 0x57, 0x24,
    0x30, 0x03, 0x78, 0x5d, 0x78, 0x6d, 0x98, 0x7d, 0x18, 0x7d, 0xd7, 0x74,
    0xd6, 0x5c, 0x54, 0x4c, 0x1b, 0x8e, 0xfa, 0x85, 0xf9, 0x85, 0x1a, 0x7e,
    0x7a, 0x5d, 0x78, 0x34, 0x58, 0x2c, 0xbb, 0x24, 0xbc, 0x0c, 0xdc, 0x0c,
    0xdc, 0x14, 0x79, 0x24, 0xf0, 0x2a, 0x5e, 0xd7, 0xff, 0xf7, 0xff, 0xff,
    0xff, 0xff, 0xff, 0xff, 0xff, 0xff, 0xff, 0xff, 0xff, 0xff, 0xff, 0xff,
    0xff, 0xff, 0xff, 0xff, 0xfe, 0xff, 0x16, 0xc6, 0x94, 0xb5, 0x9c, 0xf7,
    0x9c, 0xf7, 0xfe, 0xff, 0xff, 0xff, 0xde, 0xff, 0xdd, 0xff, 0xdd, 0xff,
    0xb1, 0x9c, 0x33, 0xa5, 0xde, 0xff, 0xff, 0xff, 0xff, 0xff, 0xff, 0xff,
    0xff, 0xff, 0xff, 0xff, 0xff, 0xff, 0xff, 0xff, 0xff, 0xff, 0xff, 0xff,
    0xff, 0xff, 0xff, 0xff, 0xff, 0xff, 0xff, 0xff, 0xff, 0xff, 0xff, 0xff,
    0xff, 0xff, 0xff, 0xff, 0xff, 0xff, 0xff, 0xff, 0xff, 0xff, 0xff, 0xff,
    0xff, 0xff, 0xff, 0xff, 0xff, 0xff, 0xff, 0xff, 0xff, 0xff, 0xff, 0xff,
    0xff, 0xff, 0xff, 0xff, 0xff, 0xff, 0xff, 0xff, 0xff, 0xff, 0xff, 0xff,
    0xff, 0xff, 0xff, 0xff, 0xff, 0xff, 0xff, 0xff, 0xff, 0xff, 0xff, 0xff,
    0xff, 0xff, 0xff, 0xff, 0xff, 0xff, 0xff, 0xff, 0xff, 0xff, 0xff, 0xff,
    0xff, 0xff, 0xff, 0xff, 0xff, 0xff, 0xff, 0xff, 0xff, 0xff, 0xff, 0xff,
    0xff, 0xff, 0xff, 0xff, 0xff, 0xff, 0xff, 0xff, 0xff, 0xff, 0xff, 0xff,
    0xff, 0xff, 0xff, 0xff, 0xff, 0xff, 0xff, 0xff, 0xff, 0xff, 0xff, 0xff,
    0xff, 0xff, 0xff, 0xff, 0xff, 0xff, 0xff, 0xff, 0xff, 0xff, 0xff, 0xff,
    0xff, 0xff, 0xff, 0xff, 0xff, 0xff, 0xff, 0xff, 0xff, 0xff, 0xff, 0xff,
    0xff, 0xff, 0xff, 0xff, 0xff, 0xff, 0xff, 0xff, 0xff, 0xff, 0xff, 0xff,
    0xff, 0xff, 0xff, 0xff, 0xff, 0xff, 0xff, 0xff, 0x70, 0x94, 0xf2, 0xa4,
    0x7c, 0xf7, 0xdd, 0xff, 0xdd, 0xff, 0xfe, 0xff, 0xdd, 0xff, 0x5b, 0xef,
    0x9c, 0xf7, 0x12, 0xa5, 0x94, 0xb5, 0x9d, 0xff, 0xff, 0xff, 0xff, 0xff,
    0xff, 0xff, 0xff, 0xff, 0xff, 0xff, 0xff, 0xff, 0xff, 0xff, 0xff, 0xff,
    0xff, 0xff, 0xff, 0xff, 0x9f, 0xd7, 0x56, 0x3c, 0x9a, 0x24, 0xdc, 0x1c,
    0xbb, 0x14, 0x99, 0x24, 0x15, 0x34, 0x4f, 0x2b, 0x19, 0x96, 0xf5, 0x7c,
    0xb8, 0x9d, 0xd9, 0xa5, 0xb8, 0x9d, 0x5a, 0xae, 0x98, 0x8d, 0x9b, 0xae,
    0xdc, 0xb6, 0x79, 0xae, 0xf8, 0x95, 0x7c, 0x96, 0xf9, 0x5c, 0x13, 0x13,
    0x59, 0x24, 0xbb, 0x14, 0xdc, 0x0c, 0xdc, 0x14, 0x78, 0x24, 0xef, 0x2a,
    0x5e, 0xd7, 0xff, 0xff, 0xfe, 0xff, 0xff, 0xff, 0xff, 0xff, 0xff, 0xff,
    0xff, 0xff, 0xff, 0xff, 0xff, 0xff, 0xff, 0xff, 0xff, 0xff, 0xfe, 0xff,
    0xf5, 0xbd, 0xf1, 0xa4, 0x3a, 0xe7, 0x94, 0xb5, 0x78, 0xd6, 0x58, 0xce,
    0x3b, 0xef, 0xfa, 0xe6, 0x5a, 0xef, 0x90, 0x9c, 0x53, 0xad, 0xfe, 0xff,
    0xff, 0xff, 0xff, 0xff, 0xff, 0xff, 0xff, 0xff, 0xff, 0xff, 0xff, 0xff,
    0xff, 0xff, 0xff, 0xff, 0xff, 0xff, 0xff, 0xff, 0xff, 0xff, 0xff, 0xff,
    0xff, 0xff, 0xff, 0xff, 0xff, 0xff, 0xff, 0xff, 0xff, 0xff, 0xff, 0xff,
    0xff, 0xff, 0xff, 0xff, 0xff, 0xff, 0xff, 0xff, 0xff, 0xff, 0xff, 0xff,
    0xff, 0xff, 0xff, 0xff, 0xff, 0xff, 0xff, 0xff, 0xff, 0xff, 0xff, 0xff,
    0xff, 0xff, 0xff, 0xff, 0xff, 0xff, 0xff, 0xff, 0xff, 0xff, 0xff, 0xff,
    0xff, 0xff, 0xff, 0xff, 0xff, 0xff, 0xff, 0xff, 0xff, 0xff, 0xff, 0xff,
    0xff, 0xff, 0xff, 0xff, 0xff, 0xff, 0xff, 0xff, 0xff, 0xff, 0xff, 0xff,
    0xff, 0xff, 0xff, 0xff, 0xff, 0xff, 0xff, 0xff, 0xff, 0xff, 0xff, 0xff,
    0xff, 0xff, 0xff, 0xff, 0xff, 0xff, 0xff, 0xff, 0xff, 0xff, 0xff, 0xff,
    0xff, 0xff, 0xff, 0xff, 0xff, 0xff, 0xff, 0xff, 0xff, 0xff, 0xff, 0xff,
    0xff, 0xff, 0xff, 0xff, 0xff, 0xff, 0xff, 0xff, 0xff, 0xff, 0xff, 0xff,
    0xff, 0xff, 0xff, 0xff, 0xff, 0xff, 0xff, 0xff, 0xff, 0xff, 0xff, 0xff,
    0xff, 0xff, 0xff, 0xff, 0xff, 0xff, 0xff, 0xff, 0xff, 0xff, 0xde, 0xff,
    0xde, 0xff, 0x33, 0xad, 0x12, 0xa5, 0x5b, 0xef, 0xb4, 0xbd, 0x15, 0xc6,
    0x73, 0xb5, 0x53, 0xb5, 0xf1, 0xa4, 0x98, 0xd6, 0x54, 0xb5, 0xb1, 0x9c,
    0xff, 0xff, 0xff, 0xff, 0xff, 0xff, 0xff, 0xff, 0xff, 0xff, 0xff, 0xff,
    0xff, 0xff, 0xff, 0xff, 0xff, 0xff, 0xff, 0xff, 0xff, 0xff, 0x7f, 0xdf,
    0x57, 0x3c, 0x7a, 0x24, 0xbc, 0x0c, 0xfc, 0x1c, 0x58, 0x24, 0x31, 0x23,
    0x6b, 0x2a, 0x56, 0x9d, 0x36, 0x9d, 0xb8, 0xad, 0xd5, 0x8c, 0x57, 0x9d,
    0xd7, 0xad, 0x55, 0x95, 0xd8, 0xa5, 0xf8, 0xad, 0x76, 0xad, 0xb7, 0xb5,
    0x5a, 0xbe, 0xb5, 0x74, 0x11, 0x1b, 0x58, 0x24, 0xbb, 0x14, 0xfc, 0x14,
    0xdb, 0x1c, 0x77, 0x24, 0x0f, 0x23, 0x7e, 0xd7, 0xff, 0xff, 0xfe, 0xff,
    0xff, 0xff, 0xff, 0xff, 0xff, 0xff, 0xff, 0xff, 0xff, 0xff, 0xff, 0xff,
    0xff, 0xff, 0xff, 0xff, 0xdd, 0xff, 0xd5, 0xbd, 0x12, 0xad, 0x3b, 0xef,
    0x13, 0xad, 0x94, 0xb5, 0x54, 0xb5, 0xb1, 0x9c, 0x33, 0xb5, 0x77, 0xd6,
    0xb1, 0x9c, 0xb5, 0xbd, 0xfe, 0xff, 0xfe, 0xff, 0xff, 0xff, 0xdf, 0xff,
    0xff, 0xff, 0xff, 0xff, 0xff, 0xff, 0xff, 0xff, 0xff, 0xff, 0xff, 0xff,
    0xff, 0xff, 0xff, 0xff, 0xff, 0xff, 0xff, 0xff, 0xff, 0xff, 0xff, 0xff,
    0xff, 0xff, 0xff, 0xff, 0xff, 0xff, 0xff, 0xff, 0xff, 0xff, 0xff, 0xff,
    0xff, 0xff, 0xff, 0xff, 0xff, 0xff, 0xff, 0xff, 0xff, 0xff, 0xff, 0xff,
    0xff, 0xff, 0xff, 0xff, 0xff, 0xff, 0xff, 0xff, 0xff, 0xff, 0xff, 0xff,
    0xff, 0xff, 0xff, 0xff, 0xff, 0xff, 0xff, 0xff, 0xff, 0xff, 0xff, 0xff,
    0xff, 0xff, 0xff, 0xff, 0xff, 0xff, 0xff, 0xff, 0xff, 0xff, 0xff, 0xff,
    0xff, 0xff, 0xff, 0xff, 0xff, 0xff, 0xff, 0xff, 0xff, 0xff, 0xff, 0xff,
    0xff, 0xff, 0xff, 0xff, 0xff, 0xff, 0xff, 0xff, 0xff, 0xff, 0xff, 0xff,
    0xff, 0xff, 0xff, 0xff, 0xff, 0xff, 0xff, 0xff, 0xff, 0xff, 0xff, 0xff,
    0xff, 0xff, 0xff, 0xff, 0xff, 0xff, 0xff, 0xff, 0xff, 0xff, 0xff, 0xff,
    0xff, 0xff, 0xff, 0xff, 0xff, 0xff, 0xff, 0xff, 0xff, 0xff, 0xff, 0xff,
    0xff, 0xff, 0xff, 0xff, 0xff, 0xff, 0xff, 0xff, 0xff, 0xff, 0xff, 0xff,
    0xff, 0xff, 0xff, 0xff, 0xff, 0xff, 0xff, 0xff, 0xb5, 0xbd, 0x90, 0x94,
    0xd9, 0xde, 0xf5, 0xbd, 0x56, 0xce, 0xd9, 0xde, 0x19, 0xe7, 0x9c, 0xf7,
    0xbd, 0xff, 0x74, 0xb5, 0x33, 0xad, 0x5c, 0xef, 0x7d, 0xf7, 0xff, 0xff,
    0xff, 0xff, 0xff, 0xff, 0xff, 0xff, 0xff, 0xff, 0xff, 0xff, 0xff, 0xff,
    0xff, 0xff, 0xff, 0xff, 0x9f, 0xdf, 0x36, 0x3c, 0x9a, 0x1c, 0xdd, 0x0c,
    0xfd, 0x14, 0x78, 0x24, 0x30, 0x23, 0x0d, 0x43, 0x35, 0xa5, 0x15, 0xa5,
    0x77, 0xb5, 0x36, 0xa5, 0xf4, 0x94, 0xb5, 0xb5, 0xd6, 0xb5, 0xf4, 0x94,
    0x7a, 0xc6, 0xd7, 0xc5, 0x14, 0xad, 0xf4, 0xa4, 0xb5, 0x84, 0x11, 0x23,
    0xd6, 0x13, 0xbb, 0x14, 0xfc, 0x0c, 0xfa, 0x14, 0x76, 0x24, 0x2f, 0x23,
    0x7e, 0xd7, 0xff, 0xff, 0xdf, 0xff, 0xff, 0xff, 0xff, 0xff, 0xff, 0xff,
    0xff, 0xff, 0xff, 0xff, 0xff, 0xff, 0xff, 0xff, 0xfe, 0xff, 0xde, 0xff,
    0x53, 0xad, 0x13, 0xa5, 0xfe, 0xff, 0xfe, 0xff, 0xfe, 0xff, 0xdd, 0xff,
    0xfe, 0xff, 0xb9, 0xde, 0xb9, 0xde, 0x90, 0x9c, 0xf6, 0xc5, 0xfe, 0xff,
    0xff, 0xff, 0xff, 0xff, 0xff, 0xff, 0xff, 0xff, 0xff, 0xff, 0xff, 0xff,
    0xff, 0xff, 0xff, 0xff, 0xff, 0xff, 0xff, 0xff, 0xff, 0xff, 0xff, 0xff,
    0xff, 0xff, 0xff, 0xff, 0xff, 0xff, 0xff, 0xff, 0xff, 0xff, 0xff, 0xff,
    0xff, 0xff, 0xff, 0xff, 0xff, 0xff, 0xff, 0xff, 0xff, 0xff, 0xff, 0xff,
    0xff, 0xff, 0xff, 0xff, 0xff, 0xff, 0xff, 0xff, 0xff, 0xff, 0xff, 0xff,
    0xff, 0xff, 0xff, 0xff, 0xff, 0xff, 0xff, 0xff, 0xff, 0xff, 0xff, 0xff,
    0xff, 0xff, 0xff, 0xff, 0xff, 0xff, 0xff, 0xff, 0xff, 0xff, 0xff, 0xff,
    0xff, 0xff, 0xff, 0xff, 0xff, 0xff, 0xff, 0xff, 0xff, 0xff, 0xff, 0xff,
    0xff, 0xff, 0xff, 0xff, 0xff, 0xff, 0xff, 0xff, 0xff, 0xff, 0xff, 0xff,
    0xff, 0xff, 0xff, 0xff, 0xff, 0xff, 0xff, 0xff, 0xff, 0xff, 0xff, 0xff,
    0xff, 0xff, 0xff, 0xff, 0xff, 0xff, 0xff, 0xff, 0xff, 0xff, 0xff, 0xff,
    0xff, 0xff, 0xff, 0xff, 0xff, 0xff, 0xff, 0xff, 0xff, 0xff, 0xff, 0xff,
    0xff, 0xff, 0xff, 0xff, 0xff, 0xff, 0xff, 0xff, 0xff, 0xff, 0xff, 0xff,
    0xff, 0xff, 0xff, 0xff, 0xff, 0xff, 0xff, 0xff, 0xff, 0xff, 0xff, 0xff,
    0xfe, 0xff, 0x37, 0xce, 0x90, 0x94, 0x5b, 0xef, 0x7c, 0xf7, 0xfd, 0xff,
    0xfd, 0xff, 0xbc, 0xff, 0xdd, 0xff, 0xf9, 0xe6, 0x37, 0xce, 0x91, 0x9c,
    0x5c, 0xef, 0xff, 0xff, 0xff, 0xff, 0xff, 0xff, 0xff, 0xff, 0xff, 0xff,
    0xff, 0xff, 0xff, 0xff, 0xff, 0xff, 0xff, 0xff, 0xff, 0xff, 0xbf, 0xcf,
    0x76, 0x2c, 0xda, 0x14, 0xfc, 0x04, 0x1c, 0x0d, 0xb8, 0x1c, 0x91, 0x23,
    0x8f, 0x4b, 0x34, 0x9d, 0x15, 0x9d, 0x76, 0xad, 0xf7, 0xb5, 0xf2, 0x94,
    0x53, 0xa5, 0x94, 0xad, 0x18, 0xb6, 0xdc, 0xd6, 0xf7, 0xc5, 0x76, 0xb5,
    0xd4, 0x9c, 0x74, 0x74, 0x12, 0x1b, 0x79, 0x24, 0xbc, 0x0c, 0xfd, 0x04,
    0xfb, 0x14, 0x98, 0x1c, 0x51, 0x1b, 0x9f, 0xcf, 0xff, 0xff, 0xff, 0xff,
    0xff, 0xff, 0xff, 0xff, 0xff, 0xff, 0xff, 0xff, 0xff, 0xff, 0xff, 0xff,
    0xfe, 0xff, 0xfe, 0xff, 0x5b, 0xef, 0x74, 0xb5, 0xf6, 0xc5, 0x9c, 0xf7,
    0xb9, 0xde, 0x17, 0xc6, 0x37, 0xce, 0xfd, 0xff, 0xfd, 0xff, 0x98, 0xde,
    0x70, 0x94, 0x98, 0xd6, 0xfe, 0xff, 0xff, 0xff, 0xff, 0xff, 0xff, 0xff,
    0xff, 0xff, 0xff, 0xff, 0xff, 0xff, 0xff, 0xff, 0xff, 0xff, 0xff, 0xff,
    0xff, 0xff, 0xff, 0xff, 0xff, 0xff, 0xff, 0xff, 0xff, 0xff, 0xff, 0xff,
    0xff, 0xff, 0xff, 0xff, 0xff, 0xff, 0xff, 0xff, 0xff, 0xff, 0xff, 0xff,
    0xff, 0xff, 0xff, 0xff, 0xff, 0xff, 0xff, 0xff, 0xff, 0xff, 0xff, 0xff,
    0xff, 0xff, 0xff, 0xff, 0xff, 0xff, 0xff, 0xff, 0xff, 0xff, 0xff, 0xff,
    0xff, 0xff, 0xff, 0xff, 0xff, 0xff, 0xff, 0xff, 0xff, 0xff, 0xff, 0xff,
    0xff, 0xff, 0xff, 0xff, 0xff, 0xff, 0xff, 0xff, 0xff, 0xff, 0xff, 0xff,
    0xff, 0xff, 0xff, 0xff, 0xff, 0xff, 0xff, 0xff, 0xff, 0xff, 0xff, 0xff,
    0xff, 0xff, 0xff, 0xff, 0xff, 0xff, 0xff, 0xff, 0xff, 0xff, 0xff, 0xff,
    0xff, 0xff, 0xff, 0xff, 0xff, 0xff, 0xff, 0xff, 0xff, 0xff, 0xff, 0xff,
    0xff, 0xff, 0xff, 0xff, 0xff, 0xff, 0xff, 0xff, 0xff, 0xff, 0xff, 0xff,
    0xff, 0xff, 0xff, 0xff, 0xff, 0xff, 0xff, 0xff, 0xff, 0xff, 0xff, 0xff,
    0xff, 0xff, 0xff, 0xff, 0xff, 0xff, 0xff, 0xff, 0xff, 0xff, 0xff, 0xff,
    0xff, 0xff, 0xff, 0xff, 0xfe, 0xff, 0xbe, 0xff, 0x98, 0xd6, 0x50, 0x8c,
    0x98, 0xde, 0x5a, 0xef, 0x1a, 0xe7, 0x77, 0xd6, 0xd9, 0xde, 0x12, 0xad,
    0x16, 0xc6, 0x1a, 0xe7, 0x2f, 0x8c, 0x37, 0xce, 0xff, 0xff, 0xff, 0xff,
    0xff, 0xff, 0xff, 0xff, 0xff, 0xff, 0xff, 0xff, 0xff, 0xff, 0xff, 0xff,
    0xff, 0xff, 0xff, 0xf7, 0xbf, 0xc7, 0x75, 0x2c, 0xd9, 0x14, 0x1c, 0x05,
    0x3c, 0x0d, 0xb8, 0x1c, 0xb1, 0x23, 0x6e, 0x43, 0x14, 0x95, 0xb3, 0x94,
    0x34, 0xa5, 0x18, 0xc6, 0xb5, 0xb5, 0xb4, 0xbd, 0xf5, 0xc5, 0x79, 0xce,
    0x18, 0xc6, 0xb6, 0xc5, 0x79, 0xde, 0x19, 0xc6, 0x33, 0x6c, 0x90, 0x0a,
    0x18, 0x1c, 0xbc, 0x0c, 0xfd, 0x0c, 0xfc, 0x14, 0x79, 0x1c, 0x31, 0x1b,
    0x9f, 0xc7, 0xff, 0xf7, 0xff, 0xff, 0xff, 0xff, 0xff, 0xff, 0xff, 0xff,
    0xff, 0xff, 0xff, 0xff, 0xff, 0xff, 0xff, 0xff, 0xfe, 0xff, 0xfa, 0xe6,
    0x13, 0xa5, 0x17, 0xce, 0x57, 0xce, 0xd6, 0xc5, 0x95, 0xbd, 0x54, 0xb5,
    0x94, 0xb5, 0xfe, 0xff, 0xb5, 0xbd, 0x4f, 0x8c, 0x5b, 0xef, 0xff, 0xff,
    0xff, 0xff, 0xff, 0xff, 0xff, 0xff, 0xff, 0xff, 0xff, 0xff, 0xff, 0xff,
    0xff, 0xff, 0xff, 0xff, 0xff, 0xff, 0xff, 0xff, 0xff, 0xff, 0xff, 0xff,
    0xff, 0xff, 0xff, 0xff, 0xff, 0xff, 0xff, 0xff, 0xff, 0xff, 0xff, 0xff,
    0xff, 0xff, 0xff, 0xff, 0xff, 0xff, 0xff, 0xff, 0xff, 0xff, 0xff, 0xff,
    0xff, 0xff, 0xff, 0xff, 0xff, 0xff, 0xff, 0xff, 0xff, 0xff, 0xff, 0xff,
    0xff, 0xff, 0xff, 0xff, 0xff, 0xff, 0xff, 0xff, 0xff, 0xff, 0xff, 0xff,
    0xff, 0xff, 0xff, 0xff, 0xff, 0xff, 0xff, 0xff, 0xff, 0xff, 0xff, 0xff,
    0xff, 0xff, 0xff, 0xff, 0xff, 0xff, 0xff, 0xff, 0xff, 0xff, 0xff, 0xff,
    0xff, 0xff, 0xff, 0xff, 0xff, 0xff, 0xff, 0xff, 0xff, 0xff, 0xff, 0xff,
    0xff, 0xff, 0xff, 0xff, 0xff, 0xff, 0xff, 0xff, 0xff, 0xff, 0xff, 0xff,
    0xff, 0xff, 0xff, 0xff, 0xff, 0xff, 0xff, 0xff, 0xff, 0xff, 0xff, 0xff,
    0xff, 0xff, 0xff, 0xff, 0xff, 0xff, 0xff, 0xff, 0xff, 0xff, 0xff, 0xff,
    0xff, 0xff, 0xff, 0xff, 0xff, 0xff, 0xff, 0xff, 0xff, 0xff, 0xff, 0xff,
    0xff, 0xff, 0xff, 0xff, 0xff, 0xff, 0xff, 0xff, 0xff, 0xff, 0xff, 0xff,
    0xff, 0xff, 0x5b, 0xef, 0x91, 0x94, 0xd5, 0xbd, 0xd9, 0xde, 0x77, 0xd6,
    0x5b, 0xef, 0xb8, 0xde, 0xd2, 0xa4, 0x7c, 0xf7, 0x5c, 0xf7, 0x74, 0xb5,
    0xb5, 0xbd, 0xde, 0xff, 0xff, 0xff, 0xff, 0xff, 0xff, 0xff, 0xff, 0xff,
    0xff, 0xff, 0xff, 0xff, 0xff, 0xff, 0xff, 0xff, 0xff, 0xf7, 0xbe, 0xc7,
    0x55, 0x34, 0xb9, 0x1c, 0xfb, 0x04, 0x1b, 0x0d, 0xb8, 0x24, 0xb2, 0x2b,
    0x8f, 0x4b, 0x97, 0xa5, 0xf4, 0x9c, 0xf4, 0xa4, 0x35, 0xb5, 0xd6, 0xc5,
    0x73, 0xbd, 0xb5, 0xc5, 0x74, 0xb5, 0x54, 0xad, 0x94, 0xc5, 0xb5, 0xcd,
    0x18, 0xce, 0x53, 0x74, 0x52, 0x2b, 0x79, 0x2c, 0xbb, 0x14, 0xdc, 0x0c,
    0xdb, 0x1c, 0x78, 0x24, 0x31, 0x23, 0x9f, 0xcf, 0xff, 0xff, 0xff, 0xff,
    0xff, 0xff, 0xff, 0xff, 0xff, 0xff, 0xff, 0xff, 0xff, 0xff, 0xff, 0xff,
    0xff, 0xff, 0xff, 0xff, 0x58, 0xce, 0xb1, 0x9c, 0x58, 0xd6, 0xd9, 0xde,
    0x7c, 0xf7, 0xdd, 0xff, 0x3b, 0xef, 0x74, 0xb5, 0x5b, 0xf7, 0xd2, 0xa4,
    0x70, 0x94, 0xbd, 0xff, 0xff, 0xff, 0xff, 0xff, 0xde, 0xff, 0xff, 0xff,
    0xff, 0xff, 0xff, 0xff, 0xff, 0xff, 0xff, 0xff, 0xff, 0xff, 0xff, 0xff,
    0xff, 0xff, 0xff, 0xff, 0xff, 0xff, 0xff, 0xff, 0xff, 0xff, 0xff, 0xff,
    0xff, 0xff, 0xff, 0xff, 0xff, 0xff, 0xff, 0xff, 0xff, 0xff, 0xff, 0xff,
    0xff, 0xff, 0xff, 0xff, 0xff, 0xff, 0xff, 0xff, 0xff, 0xff, 0xff, 0xff,
    0xff, 0xff, 0xff, 0xff, 0xff, 0xff, 0xff, 0xff, 0xff, 0xff, 0xff, 0xff,
    0xff, 0xff, 0xff, 0xff, 0xff, 0xff, 0xff, 0xff, 0xff, 0xff, 0xff, 0xff,
    0xff, 0xff, 0xff, 0xff, 0xff, 0xff, 0xff, 0xff, 0xff, 0xff, 0xff, 0xff,
    0xff, 0xff, 0xff, 0xff, 0xff, 0xff, 0xff, 0xff, 0xff, 0xff, 0xff, 0xff,
    0xff, 0xff, 0xff, 0xff, 0xff, 0xff, 0xff, 0xff, 0xff, 0xff, 0xff, 0xff,
    0xff, 0xff, 0xff, 0xff, 0xff, 0xff, 0xff, 0xff, 0xff, 0xff, 0xff, 0xff,
    0xff, 0xff, 0xff, 0xff, 0xff, 0xff, 0xff, 0xff, 0xff, 0xff, 0xff, 0xff,
    0xff, 0xff, 0xff, 0xff, 0xff, 0xff, 0xff, 0xff, 0xff, 0xff, 0xff, 0xff,
    0xff, 0xff, 0xff, 0xff, 0xff, 0xff, 0xff, 0xff, 0xff, 0xff, 0xff, 0xff,
    0xff, 0xff, 0xff, 0xff, 0xff, 0xff, 0xff, 0xff, 0x9d, 0xff, 0xf2, 0xa4,
    0x74, 0xb5, 0xfd, 0xff, 0xfe, 0xff, 0xfe, 0xff, 0xd1, 0xa4, 0x36, 0xce,
    0xfe, 0xff, 0x7c, 0xf7, 0x33, 0xad, 0x13, 0xa5, 0xbe, 0xff, 0xff, 0xff,
    0xff, 0xff, 0xff, 0xff, 0xff, 0xff, 0xff, 0xff, 0xff, 0xff, 0xff, 0xff,
    0xff, 0xff, 0xff, 0xf7, 0x9f, 0xcf, 0x55, 0x34, 0xb9, 0x24, 0xdb, 0x14,
    0xfb, 0x14, 0x98, 0x24, 0xd3, 0x2b, 0x0f, 0x3b, 0x97, 0x9d, 0x36, 0xa5,
    0x56, 0xad, 0xf4, 0xa4, 0xb6, 0xbd, 0x33, 0xb5, 0x54, 0xb5, 0x95, 0xb5,
    0x74, 0xb5, 0x16, 0xce, 0x74, 0xbd, 0x96, 0xb5, 0x6f, 0x5b, 0x31, 0x23,
    0x58, 0x2c, 0xbb, 0x1c, 0xdb, 0x14, 0xba, 0x1c, 0x56, 0x2c, 0x30, 0x2b,
    0x9f, 0xd7, 0xff, 0xff, 0xff, 0xff, 0xff, 0xff, 0xff, 0xff, 0xff, 0xff,
    0xff, 0xff, 0xff, 0xff, 0xff, 0xff, 0xff, 0xff, 0xde, 0xff, 0xb5, 0xbd,
    0x12, 0xa5, 0xfa, 0xe6, 0x7c, 0xf7, 0xfe, 0xff, 0xfe, 0xff, 0xde, 0xff,
    0x78, 0xd6, 0xd9, 0xe6, 0x90, 0x9c, 0x13, 0xad, 0xde, 0xff, 0xde, 0xff,
    0xff, 0xff, 0xff, 0xff, 0xff, 0xff, 0xff, 0xff, 0xff, 0xff, 0xff, 0xff,
    0xff, 0xff, 0xff, 0xff, 0xff, 0xff, 0xff, 0xff, 0xff, 0xff, 0xff, 0xff,
    0xff, 0xff, 0xff, 0xff, 0xff, 0xff, 0xff, 0xff, 0xff, 0xff, 0xff, 0xff,
    0xff, 0xff, 0xff, 0xff, 0xff, 0xff, 0xff, 0xff, 0xff, 0xff, 0xff, 0xff,
    0xff, 0xff, 0xff, 0xff, 0xff, 0xff, 0xff, 0xff, 0xff, 0xff, 0xff, 0xff,
    0xff, 0xff, 0xff, 0xff, 0xff, 0xff, 0xff, 0xff, 0xff, 0xff, 0xff, 0xff,
    0xff, 0xff, 0xff, 0xff, 0xff, 0xff, 0xff, 0xff, 0xff, 0xff, 0xff, 0xff,
    0xff, 0xff, 0xff, 0xff, 0xff, 0xff, 0xff, 0xff, 0xff, 0xff, 0xff, 0xff,
    0xff, 0xff, 0xff, 0xff, 0xff, 0xff, 0xff, 0xff, 0xff, 0xff, 0xff, 0xff,
    0xff, 0xff, 0xff, 0xff, 0xff, 0xff, 0xff, 0xff, 0xff, 0xff, 0xff, 0xff,
    0xff, 0xff, 0xff, 0xff, 0xff, 0xff, 0xff, 0xff, 0xff, 0xff, 0xff, 0xff,
    0xff, 0xff, 0xff, 0xff, 0xff, 0xff, 0xff, 0xff, 0xff, 0xff, 0xff, 0xff,
    0xff, 0xff, 0xff, 0xff, 0xff, 0xff, 0xff, 0xff, 0xff, 0xff, 0xff, 0xff,
    0xff, 0xff, 0xff, 0xff, 0xff, 0xff, 0xff, 0xff, 0xff, 0xff, 0xff, 0xff,
    0xff, 0xff, 0x9c, 0xf7, 0x33, 0xad, 0xb1, 0x9c, 0xdd, 0xff, 0xfe, 0xff,
    0x98, 0xd6, 0xd1, 0x9c, 0x9c, 0xf7, 0xfe, 0xff, 0xbd, 0xff, 0xd6, 0xc5,
    0xf2, 0x9c, 0x3b, 0xef, 0xff, 0xff, 0xff, 0xff, 0xff, 0xff, 0xff, 0xff,
    0xff, 0xff, 0xff, 0xff, 0xff, 0xff, 0xff, 0xff, 0xff, 0xff, 0x7f, 0xcf,
    0x34, 0x3c, 0x99, 0x2c, 0xbb, 0x14, 0xdb, 0x1c, 0x99, 0x24, 0xd5, 0x2b,
    0xf3, 0x43, 0x58, 0x8d, 0x79, 0x9d, 0xd9, 0xad, 0xfa, 0xb5, 0x5b, 0xc6,
    0xf8, 0xbd, 0x18, 0xbe, 0xf8, 0xad, 0xd7, 0xad, 0x99, 0xce, 0x79, 0xce,
    0x19, 0xb6, 0xd1, 0x53, 0x11, 0x1b, 0x58, 0x24, 0xba, 0x1c, 0xbb, 0x1c,
    0x99, 0x24, 0x55, 0x34, 0x0f, 0x33, 0x9f, 0xdf, 0xff, 0xff, 0xff, 0xff,
    0xff, 0xff, 0xff, 0xff, 0xff, 0xff, 0xff, 0xff, 0xff, 0xff, 0xff, 0xff,
    0xfe, 0xff, 0x7c, 0xf7, 0x74, 0xb5, 0xd5, 0xbd, 0xb9, 0xde, 0xd9, 0xde,
    0xfe, 0xff, 0xfe, 0xff, 0xbd, 0xff, 0xb9, 0xde, 0x78, 0xd6, 0x90, 0x94,
    0xd6, 0xc5, 0xfe, 0xff, 0xde, 0xff, 0xff, 0xff, 0xff, 0xff, 0xff, 0xff,
    0xff, 0xff, 0xff, 0xff, 0xff, 0xff, 0xff, 0xff, 0xff, 0xff, 0xff, 0xff,
    0xff, 0xff, 0xff, 0xff, 0xff, 0xff, 0xff, 0xff, 0xff, 0xff, 0xff, 0xff,
    0xff, 0xff, 0xff, 0xff, 0xff, 0xff, 0xff, 0xff, 0xff, 0xff, 0xff, 0xff,
    0xff, 0xff, 0xff, 0xff, 0xff, 0xff, 0xff, 0xff, 0xff, 0xff, 0xff, 0xff,
    0xff, 0xff, 0xff, 0xff, 0xff, 0xff, 0xff, 0xff, 0xff, 0xff, 0xff, 0xff,
    0xff, 0xff, 0xff, 0xff, 0xff, 0xff, 0xff, 0xff, 0xff, 0xff, 0xff, 0xff,
    0xff, 0xff, 0xff, 0xff, 0xff, 0xff, 0xff, 0xff, 0xff, 0xff, 0xff, 0xff,
    0xff, 0xff, 0xff, 0xff, 0xff, 0xff, 0xff, 0xff, 0xff, 0xff, 0xff, 0xff,
    0xff, 0xff, 0xff, 0xff, 0xff, 0xff, 0xff, 0xff, 0xff, 0xff, 0xff, 0xff,
    0xff, 0xff, 0xff, 0xff, 0xff, 0xff, 0xff, 0xff, 0xff, 0xff, 0xff, 0xff,
    0xff, 0xff, 0xff, 0xff, 0xff, 0xff, 0xff, 0xff, 0xff, 0xff, 0xff, 0xff,
    0xff, 0xff, 0xff, 0xff, 0xff, 0xff, 0xff, 0xff, 0xff, 0xff, 0xff, 0xff,
    0xff, 0xff, 0xff, 0xff, 0xff, 0xff, 0xff, 0xff, 0xff, 0xff, 0xff, 0xff,
    0xff, 0xff, 0xff, 0xff, 0xde, 0xff, 0xff, 0xff, 0xff, 0xff, 0x37, 0xce,
    0xb1, 0x9c, 0x3b, 0xef, 0xf9, 0xe6, 0x70, 0x94, 0x5b, 0xef, 0x3b, 0xef,
    0x57, 0xce, 0x33, 0xad, 0xfa, 0xe6, 0x90, 0x94, 0x57, 0xce, 0xfe, 0xff,
    0xff, 0xff, 0xff, 0xff, 0xff, 0xff, 0xff, 0xff, 0xff, 0xff, 0xff, 0xff,
    0xff, 0xff, 0xff, 0xf7, 0x7f, 0xcf, 0x34, 0x44, 0x98, 0x2c, 0xba, 0x1c,
    0xbb, 0x1c, 0x9a, 0x24, 0xf6, 0x23, 0xf4, 0x33, 0x72, 0x3b, 0xef, 0x32,
    0xef, 0x32, 0x50, 0x43, 0x2f, 0x3b, 0xee, 0x3a, 0x0e, 0x3b, 0x8c, 0x22,
    0x6c, 0x22, 0xab, 0x32, 0xac, 0x32, 0x0e, 0x3b, 0xef, 0x22, 0x32, 0x0b,
    0x99, 0x24, 0xbb, 0x14, 0xba, 0x1c, 0x98, 0x2c, 0x35, 0x34, 0x2f, 0x33,
    0x9f, 0xdf, 0xff, 0xff, 0xff, 0xff, 0xff, 0xff, 0xff, 0xff, 0xff, 0xff,
    0xff, 0xff, 0xff, 0xff, 0xff, 0xff, 0xbe, 0xff, 0x3b, 0xe7, 0x90, 0x94,
    0xb9, 0xde, 0x1b, 0xef, 0x99, 0xde, 0xfe, 0xff, 0xde, 0xff, 0x3b, 0xef,
    0x99, 0xde, 0x16, 0xce, 0x91, 0x9c, 0x58, 0xd6, 0xff, 0xff, 0xff, 0xff,
    0xff, 0xff, 0xff, 0xff, 0xff, 0xff, 0xff, 0xff, 0xff, 0xff, 0xff, 0xff,
    0xff, 0xff, 0xff, 0xff, 0xff, 0xff, 0xff, 0xff, 0xff, 0xff, 0xff, 0xff,
    0xff, 0xff, 0xff, 0xff, 0xff, 0xff, 0xff, 0xff, 0xff, 0xff, 0xff, 0xff,
    0xff, 0xff, 0xff, 0xff, 0xff, 0xff, 0xff, 0xff, 0xff, 0xff, 0xff, 0xff,
    0xff, 0xff, 0xff, 0xff, 0xff, 0xff, 0xff, 0xff, 0xff, 0xff, 0xff, 0xff,
    0xff, 0xff, 0xff, 0xff, 0xff, 0xff, 0xff, 0xff, 0xff, 0xff, 0xff, 0xff,
    0xff, 0xff, 0xff, 0xff, 0xff, 0xff, 0xff, 0xff, 0xff, 0xff, 0xff, 0xff,
    0xff, 0xff, 0xff, 0xff, 0xff, 0xff, 0xff, 0xff, 0xff, 0xff, 0xff, 0xff,
    0xff, 0xff, 0xff, 0xff, 0xff, 0xff, 0xff, 0xff, 0xff, 0xff, 0xff, 0xff,
    0xff, 0xff, 0xff, 0xff, 0xff, 0xff, 0xff, 0xff, 0xff, 0xff, 0xff, 0xff,
    0xff, 0xff, 0xff, 0xff, 0xff, 0xff, 0xff, 0xff, 0xff, 0xff, 0xff, 0xff,
    0xff, 0xff, 0xff, 0xff, 0xff, 0xff, 0xff, 0xff, 0xff, 0xff, 0xff, 0xff,
    0xff, 0xff, 0xff, 0xff, 0xff, 0xff, 0xff, 0xff, 0xff, 0xff, 0xff, 0xff,
    0xff, 0xff, 0xff, 0xff, 0xff, 0xff, 0xff, 0xff, 0xff, 0xff, 0xff, 0xff,
    0xff, 0xff, 0xff, 0xff, 0x1a, 0xe7, 0x6f, 0x8c, 0x98, 0xd6, 0x16, 0xc6,
    0x13, 0xad, 0x57, 0xd6, 0xfa, 0xe6, 0x7c, 0xf7, 0xbd, 0xff, 0x5b, 0xef,
    0x53, 0xad, 0x53, 0xad, 0xde, 0xff, 0xde, 0xff, 0xff, 0xff, 0xde, 0xff,
    0xff, 0xff, 0xbf, 0xff, 0xff, 0xff, 0xff, 0xff, 0xff, 0xf7, 0x9f, 0xcf,
    0xf3, 0x3b, 0xb8, 0x34, 0x9a, 0x1c, 0xdb, 0x1c, 0xba, 0x1c, 0xd6, 0x0b,
    0x56, 0x2c, 0xf0, 0x0a, 0xaf, 0x02, 0xaf, 0x0a, 0xcf, 0x0a, 0xcf, 0x0a,
    0x0c, 0x02, 0x2d, 0x02, 0x2e, 0x02, 0xf1, 0x0a, 0x6e, 0x02, 0x6d, 0x02,
    0x2d, 0x02, 0x6f, 0x02, 0x54, 0x03, 0xdb, 0x1c, 0x9b, 0x0c, 0x7a, 0x0c,
    0xb9, 0x2c, 0x56, 0x3c, 0xae, 0x22, 0xff, 0xe7, 0xff, 0xff, 0xff, 0xff,
    0xff, 0xff, 0xff, 0xff, 0xff, 0xff, 0xff, 0xff, 0xff, 0xff, 0xff, 0xff,
    0xde, 0xff, 0xf6, 0xbd, 0x53, 0xad, 0xd9, 0xde, 0x1a, 0xe7, 0xde, 0xff,
    0x7c, 0xf7, 0xde, 0xff, 0xfa, 0xe6, 0x3b, 0xef, 0x13, 0xad, 0x71, 0x94,
    0x9d, 0xf7, 0xde, 0xff, 0xff, 0xff, 0xff, 0xff, 0xff, 0xff, 0xff, 0xff,
    0xff, 0xff, 0xff, 0xff, 0xff, 0xff, 0xff, 0xff, 0xff, 0xff, 0xff, 0xff,
    0xff, 0xff, 0xff, 0xff, 0xff, 0xff, 0xff, 0xff, 0xff, 0xff, 0xff, 0xff,
    0xff, 0xff, 0xff, 0xff, 0xff, 0xff, 0xff, 0xff, 0xff, 0xff, 0xff, 0xff,
    0xff, 0xff, 0xff, 0xff, 0xff, 0xff, 0xff, 0xff, 0xff, 0xff, 0xff, 0xff,
    0xff, 0xff, 0xff, 0xff, 0xff, 0xff, 0xff, 0xff, 0xff, 0xff, 0xff, 0xff,
    0xff, 0xff, 0xff, 0xff, 0xff, 0xff, 0xff, 0xff, 0xff, 0xff, 0xff, 0xff,
    0xff, 0xff, 0xff, 0xff, 0xff, 0xff, 0xff, 0xff, 0xff, 0xff, 0xff, 0xff,
    0xff, 0xff, 0xff, 0xff, 0xff, 0xff, 0xff, 0xff, 0xff, 0xff, 0xff, 0xff,
    0xff, 0xff, 0xff, 0xff, 0xff, 0xff, 0xff, 0xff, 0xff, 0xff, 0xff, 0xff,
    0xff, 0xff, 0xff, 0xff, 0xff, 0xff, 0xff, 0xff, 0xff, 0xff, 0xff, 0xff,
    0xff, 0xff, 0xff, 0xff, 0xff, 0xff, 0xff, 0xff, 0xff, 0xff, 0xff, 0xff,
    0xff, 0xff, 0xff, 0xff, 0xff, 0xff, 0xff, 0xff, 0xff, 0xff, 0xff, 0xff,
    0xff, 0xff, 0xff, 0xff, 0xff, 0xff, 0xff, 0xff, 0xff, 0xff, 0xff, 0xff,
    0xff, 0xff, 0xff, 0xff, 0xff, 0xff, 0xff, 0xff, 0xff, 0xff, 0x9c, 0xf7,
    0xf2, 0xa4, 0xd5, 0xbd, 0xfa, 0xe6, 0x9c, 0xf7, 0x5c, 0xef, 0xfe, 0xff,
    0xbd, 0xff, 0x5b, 0xf7, 0xfe, 0xff, 0x37, 0xce, 0x70, 0x94, 0x1a, 0xe7,
    0xfe, 0xff, 0xff, 0xff, 0xde, 0xff, 0xff, 0xff, 0xff, 0xff, 0x1c, 0xe7,
    0x7e, 0xef, 0xff, 0xf7, 0xdf, 0xdf, 0xba, 0x7d, 0x36, 0x34, 0x58, 0x24,
    0x79, 0x14, 0xda, 0x24, 0x58, 0x1c, 0x15, 0x1c, 0x76, 0x2c, 0xd8, 0x3c,
    0x96, 0x34, 0x97, 0x2c, 0xd8, 0x34, 0x97, 0x2c, 0x36, 0x1c, 0x58, 0x24,
    0xba, 0x2c, 0xd9, 0x3c, 0x76, 0x34, 0xf5, 0x23, 0x98, 0x34, 0x9a, 0x1c,
    0x7a, 0x0c, 0xfc, 0x1c, 0x5d, 0x35, 0x78, 0x2c, 0x71, 0x23, 0x54, 0x5c,
    0xff, 0xe7, 0x3d, 0xdf, 0x9e, 0xef, 0xff, 0xff, 0x9f, 0xf7, 0xff, 0xff,
    0xff, 0xff, 0xff, 0xff, 0xfe, 0xff, 0xde, 0xff, 0xd2, 0x9c, 0x95, 0xb5,
    0x3b, 0xef, 0xb5, 0xbd, 0x5b, 0xef, 0xfe, 0xff, 0xbd, 0xff, 0xfe, 0xff,
    0x3b, 0xef, 0xb2, 0x9c, 0x33, 0xad, 0xbd, 0xff, 0xff, 0xff, 0xff, 0xff,
    0xff, 0xff, 0xff, 0xff, 0xff, 0xff, 0xff, 0xff, 0xff, 0xff, 0xff, 0xff,
    0xff, 0xff, 0xff, 0xff, 0xff, 0xff, 0xff, 0xff, 0xff, 0xff, 0xff, 0xff,
    0xff, 0xff, 0xff, 0xff, 0xff, 0xff, 0xff, 0xff, 0xff, 0xff, 0xff, 0xff,
    0xff, 0xff, 0xff, 0xff, 0xff, 0xff, 0xff, 0xff, 0xff, 0xff, 0xff, 0xff,
    0xff, 0xff, 0xff, 0xff, 0xff, 0xff, 0xff, 0xff, 0xff, 0xff, 0xff, 0xff,
    0xff, 0xff, 0xff, 0xff, 0xff, 0xff, 0xff, 0xff, 0xff, 0xff, 0xff, 0xff,
    0xff, 0xff, 0xff, 0xff, 0xff, 0xff, 0xff, 0xff, 0xff, 0xff, 0xff, 0xff,
    0xff, 0xff, 0xff, 0xff, 0xff, 0xff, 0xff, 0xff, 0xff, 0xff, 0xff, 0xff,
    0xff, 0xff, 0xff, 0xff, 0xff, 0xff, 0xff, 0xff, 0xff, 0xff, 0xff, 0xff,
    0xff, 0xff, 0xff, 0xff, 0xff, 0xff, 0xff, 0xff, 0xff, 0xff, 0xff, 0xff,
    0xff, 0xff, 0xff, 0xff, 0xff, 0xff, 0xff, 0xff, 0xff, 0xff, 0xff, 0xff,
    0xff, 0xff, 0xff, 0xff, 0xff, 0xff, 0xff, 0xff, 0xff, 0xff, 0xff, 0xff,
    0xff, 0xff, 0xff, 0xff, 0xff, 0xff, 0xff, 0xff, 0xff, 0xff, 0xff, 0xff,
    0xff, 0xff, 0xff, 0xff, 0xff, 0xff, 0xff, 0xff, 0xff, 0xff, 0xff, 0xff,
    0xff, 0xff, 0xfe, 0xff, 0xfe, 0xff, 0x95, 0xbd, 0xd1, 0x9c, 0x5b, 0xef,
    0xfa, 0xe6, 0x5c, 0xf7, 0x57, 0xce, 0x99, 0xd6, 0x78, 0xd6, 0x57, 0xce,
    0x3a, 0xef, 0x6f, 0x94, 0xf5, 0xbd, 0xfe, 0xff, 0xfe, 0xff, 0xde, 0xff,
    0xff, 0xff, 0xff, 0xff, 0x7a, 0xd6, 0x18, 0xc6, 0xfc, 0xde, 0xdf, 0xe7,
    0xde, 0xb6, 0x76, 0x54, 0x16, 0x34, 0x78, 0x34, 0x99, 0x34, 0xb9, 0x3c,
    0xb8, 0x3c, 0x76, 0x34, 0x14, 0x2c, 0x96, 0x34, 0xb8, 0x34, 0x36, 0x1c,
    0x36, 0x1c, 0xb9, 0x24, 0xfb, 0x2c, 0xf6, 0x13, 0x57, 0x34, 0x77, 0x3c,
    0x56, 0x34, 0xb8, 0x3c, 0xb9, 0x2c, 0x78, 0x24, 0x17, 0x14, 0x36, 0x24,
    0x72, 0x23, 0xee, 0x22, 0x39, 0xa6, 0xbf, 0xe7, 0xf7, 0xb5, 0x17, 0xbe,
    0x7e, 0xf7, 0xdf, 0xff, 0xff, 0xff, 0xff, 0xff, 0xff, 0xff, 0xff, 0xff,
    0x79, 0xd6, 0xb1, 0x94, 0xfa, 0xe6, 0xfe, 0xff, 0xb9, 0xde, 0x37, 0xce,
    0x7c, 0xf7, 0xff, 0xff, 0xfe, 0xff, 0x57, 0xce, 0x50, 0x94, 0x38, 0xce,
    0xde, 0xff, 0xff, 0xff, 0xff, 0xff, 0xff, 0xff, 0xdf, 0xff, 0xff, 0xff,
    0xff, 0xff, 0xff, 0xff, 0xff, 0xff, 0xff, 0xff, 0xff, 0xff, 0xff, 0xff,
    0xff, 0xff, 0xff, 0xff, 0xff, 0xff, 0xff, 0xff, 0xff, 0xff, 0xff, 0xff,
    0xff, 0xff, 0xff, 0xff, 0xff, 0xff, 0xff, 0xff, 0xff, 0xff, 0xff, 0xff,
    0xff, 0xff, 0xff, 0xff, 0xff, 0xff, 0xff, 0xff, 0xff, 0xff, 0xff, 0xff,
    0xff, 0xff, 0xff, 0xff, 0xff, 0xff, 0xff, 0xff, 0xff, 0xff, 0xff, 0xff,
    0xff, 0xff, 0xff, 0xff, 0xff, 0xff, 0xff, 0xff, 0xff, 0xff, 0xff, 0xff,
    0xff, 0xff, 0xff, 0xff, 0xff, 0xff, 0xff, 0xff, 0xff, 0xff, 0xff, 0xff,
    0xff, 0xff, 0xff, 0xff, 0xff, 0xff, 0xff, 0xff, 0xff, 0xff, 0xff, 0xff,
    0xff, 0xff, 0xff, 0xff, 0xff, 0xff, 0xff, 0xff, 0xff, 0xff, 0xff, 0xff,
    0xff, 0xff, 0xff, 0xff, 0xff, 0xff, 0xff, 0xff, 0xff, 0xff, 0xff, 0xff,
    0xff, 0xff, 0xff, 0xff, 0xff, 0xff, 0xff, 0xff, 0xff, 0xff, 0xff, 0xff,
    0xff, 0xff, 0xff, 0xff, 0xff, 0xff, 0xff, 0xff, 0xff, 0xff, 0xff, 0xff,
    0xff, 0xff, 0xff, 0xff, 0xff, 0xff, 0xff, 0xff, 0xff, 0xff, 0xff, 0xff,
    0xff, 0xff, 0xff, 0xff, 0xff, 0xff, 0xff, 0xff, 0xff, 0xff, 0xff, 0xff,
    0x99, 0xd6, 0x50, 0x8c, 0xb9, 0xde, 0xf7, 0xc5, 0xfa, 0xe6, 0xbd, 0xff,
    0xfe, 0xff, 0xfe, 0xff, 0x1a, 0xe7, 0x77, 0xd6, 0xf5, 0xc5, 0x70, 0x8c,
    0x9c, 0xf7, 0xff, 0xff, 0xff, 0xff, 0x7d, 0xf7, 0x18, 0xc6, 0x34, 0xa5,
    0xf0, 0x7b, 0x15, 0xa5, 0xff, 0xff, 0xff, 0xf7, 0x1f, 0xc7, 0xd8, 0x64,
    0xb4, 0x3b, 0x6f, 0x0a, 0x8f, 0x0a, 0xaf, 0x12, 0x51, 0x23, 0xae, 0x12,
    0xef, 0x12, 0xb3, 0x2b, 0x15, 0x2c, 0x98, 0x34, 0x57, 0x2c, 0x79, 0x34,
    0x94, 0x13, 0x52, 0x1b, 0x30, 0x23, 0xce, 0x12, 0x6d, 0x02, 0xf0, 0x0a,
    0x31, 0x13, 0xb3, 0x23, 0x6d, 0x02, 0xd1, 0x43, 0x5a, 0xae, 0xff, 0xff,
    0x79, 0xce, 0x71, 0x8c, 0xb2, 0x9c, 0x9a, 0xd6, 0xff, 0xff, 0xff, 0xff,
    0xdf, 0xff, 0xdf, 0xff, 0xff, 0xff, 0xb1, 0x94, 0xd6, 0xbd, 0x9d, 0xff,
    0xfe, 0xff, 0xfa, 0xe6, 0xd5, 0xbd, 0xf6, 0xc5, 0x7c, 0xf7, 0x9d, 0xff,
    0x74, 0xb5, 0x70, 0x94, 0x5c, 0xf7, 0xdf, 0xff, 0xff, 0xff, 0xff, 0xff,
    0xff, 0xff, 0xdf, 0xff, 0xff, 0xff, 0xff, 0xff, 0xff, 0xff, 0xff, 0xff,
    0xff, 0xff, 0xff, 0xff, 0xff, 0xff, 0xff, 0xff, 0xff, 0xff, 0xff, 0xff,
    0xff, 0xff, 0xff, 0xff, 0xff, 0xff, 0xff, 0xff, 0xff, 0xff, 0xff, 0xff,
    0xff, 0xff, 0xff, 0xff, 0xff, 0xff, 0xff, 0xff, 0xff, 0xff, 0xff, 0xff,
    0xff, 0xff, 0xff, 0xff, 0xff, 0xff, 0xff, 0xff, 0xff, 0xff, 0xff, 0xff,
    0xff, 0xff, 0xff, 0xff, 0xff, 0xff, 0xff, 0xff, 0xff, 0xff, 0xff, 0xff,
    0xff, 0xff, 0xff, 0xff, 0xff, 0xff, 0xff, 0xff, 0xff, 0xff, 0xff, 0xff,
    0xff, 0xff, 0xff, 0xff, 0xff, 0xff, 0xff, 0xff, 0xff, 0xff, 0xff, 0xff,
    0xff, 0xff, 0xff, 0xff, 0xff, 0xff, 0xff, 0xff, 0xff, 0xff, 0xff, 0xff,
    0xff, 0xff, 0xff, 0xff, 0xff, 0xff, 0xff, 0xff, 0xff, 0xff, 0xff, 0xff,
    0xff, 0xff, 0xff, 0xff, 0xff, 0xff, 0xff, 0xff, 0xff, 0xff, 0xff, 0xff,
    0xff, 0xff, 0xff, 0xff, 0xff, 0xff, 0xff, 0xff, 0xff, 0xff, 0xff, 0xff,
    0xff, 0xff, 0xff, 0xff, 0xff, 0xff, 0xff, 0xff, 0xff, 0xff, 0xff, 0xff,
    0xff, 0xff, 0xff, 0xff, 0xff, 0xff, 0xff, 0xff, 0xff, 0xff, 0xde, 0xff,
    0xff, 0xff, 0xff, 0xff, 0xfe, 0xff, 0x9d, 0xf7, 0xf2, 0xa4, 0x74, 0xb5,
    0xde, 0xff, 0xbd, 0xff, 0xff, 0xff, 0xbd, 0xff, 0xde, 0xff, 0xd9, 0xde,
    0x36, 0xce, 0xb8, 0xde, 0xd1, 0x9c, 0x57, 0xce, 0xff, 0xff, 0xfe, 0xff,
    0x79, 0xd6, 0xb6, 0xb5, 0xdb, 0xde, 0x1c, 0xef, 0xb7, 0xc5, 0xfc, 0xee,
    0x9c, 0xd6, 0x5f, 0xe7, 0x9f, 0xe7, 0x9f, 0xd7, 0x1f, 0xc7, 0x9e, 0xb6,
    0x7c, 0xae, 0xdd, 0xb6, 0x7c, 0xae, 0x9d, 0xae, 0x79, 0x85, 0x93, 0x43,
    0xb4, 0x3b, 0x36, 0x44, 0x0d, 0x02, 0x76, 0x5c, 0x78, 0x85, 0x1a, 0x9e,
    0x7a, 0xae, 0x5a, 0xa6, 0xbc, 0xae, 0x9c, 0xa6, 0x5b, 0x9e, 0xfd, 0xbe,
    0xdf, 0xe7, 0x7d, 0xef, 0xbe, 0xff, 0x7c, 0xf7, 0x3b, 0xef, 0x99, 0xd6,
    0xb7, 0xbd, 0xdf, 0xff, 0xff, 0xff, 0xff, 0xff, 0xff, 0xff, 0x99, 0xd6,
    0xb1, 0x9c, 0xb9, 0xd6, 0x3b, 0xef, 0xfa, 0xe6, 0x74, 0xb5, 0xbd, 0xff,
    0xd9, 0xde, 0xd6, 0xc5, 0x78, 0xd6, 0xd2, 0x9c, 0x34, 0xad, 0xff, 0xff,
    0xbe, 0xff, 0xff, 0xff, 0xff, 0xff, 0xff, 0xff, 0xff, 0xff, 0xff, 0xff,
    0xff, 0xff, 0xff, 0xff, 0xff, 0xff, 0xff, 0xff, 0xff, 0xff, 0xff, 0xff,
    0xff, 0xff, 0xff, 0xff, 0xff, 0xff, 0xff, 0xff, 0xff, 0xff, 0xff, 0xff,
    0xff, 0xff, 0xff, 0xff, 0xff, 0xff, 0xff, 0xff, 0xff, 0xff, 0xff, 0xff,
    0xff, 0xff, 0xff, 0xff, 0xff, 0xff, 0xff, 0xff, 0xff, 0xff, 0xff, 0xff,
    0xff, 0xff, 0xff, 0xff, 0xff, 0xff, 0xff, 0xff, 0xff, 0xff, 0xff, 0xff,
    0xff, 0xff, 0xff, 0xff, 0xff, 0xff, 0xff, 0xff, 0xff, 0xff, 0xff, 0xff,
    0xff, 0xff, 0xff, 0xff, 0xff, 0xff, 0xff, 0xff, 0xff, 0xff, 0xff, 0xff,
    0xff, 0xff, 0xff, 0xff, 0xff, 0xff, 0xff, 0xff, 0xff, 0xff, 0xff, 0xff,
    0xff, 0xff, 0xff, 0xff, 0xff, 0xff, 0xff, 0xff, 0xff, 0xff, 0xff, 0xff,
    0xff, 0xff, 0xff, 0xff, 0xff, 0xff, 0xff, 0xff, 0xff, 0xff, 0xff, 0xff,
    0xff, 0xff, 0xff, 0xff, 0xff, 0xff, 0xff, 0xff, 0xff, 0xff, 0xff, 0xff,
    0xff, 0xff, 0xff, 0xff, 0xff, 0xff, 0xff, 0xff, 0xff, 0xff, 0xff, 0xff,
    0xff, 0xff, 0xff, 0xff, 0xff, 0xff, 0xff, 0xff, 0xff, 0xff, 0xff, 0xff,
    0xff, 0xff, 0xff, 0xff, 0xbe, 0xff, 0xff, 0xff, 0xff, 0xff, 0xde, 0xff,
    0xfe, 0xff, 0xf6, 0xc5, 0xb1, 0x94, 0xb9, 0xde, 0xff, 0xff, 0xff, 0xff,
    0x9d, 0xff, 0xf5, 0xc5, 0x12, 0xa5, 0x1a, 0xe7, 0xdd, 0xff, 0x73, 0xad,
    0x90, 0x94, 0xbd, 0xf7, 0xff, 0xff, 0xfb, 0xe6, 0xf7, 0xbd, 0xf4, 0xa4,
    0xd3, 0xa4, 0x14, 0xad, 0x55, 0xbd, 0x56, 0xb5, 0x36, 0xad, 0xb8, 0xb5,
    0xb5, 0x8c, 0xb9, 0xad, 0x98, 0xa5, 0xdd, 0xce, 0x9f, 0xe7, 0xff, 0xf7,
    0xff, 0xf7, 0xff, 0xf7, 0xff, 0xdf, 0x59, 0x85, 0x8b, 0x09, 0x59, 0x85,
    0xdf, 0xe7, 0xff, 0xf7, 0xff, 0xff, 0xde, 0xf7, 0x3b, 0xdf, 0x59, 0xb6,
    0x59, 0xb6, 0x97, 0x9d, 0x39, 0xb6, 0xb7, 0xb5, 0x75, 0xb5, 0xd6, 0xc5,
    0x13, 0xad, 0x14, 0xad, 0xd7, 0xbd, 0xd7, 0xbd, 0x7e, 0xf7, 0xff, 0xff,
    0xff, 0xff, 0x5c, 0xef, 0x71, 0x94, 0x58, 0xce, 0x37, 0xce, 0x70, 0x8c,
    0x54, 0xad, 0x70, 0x94, 0x90, 0x9c, 0xee, 0x83, 0x37, 0xce, 0x99, 0xde,
    0x50, 0x94, 0x58, 0xd6, 0xff, 0xff, 0xdf, 0xff, 0xdf, 0xff, 0xff, 0xff,
    0xff, 0xff, 0xff, 0xff, 0xff, 0xff, 0xff, 0xff, 0xff, 0xff, 0xff, 0xff,
    0xff, 0xff, 0xff, 0xff, 0xff, 0xff, 0xff, 0xff, 0xff, 0xff, 0xff, 0xff,
    0xff, 0xff, 0xff, 0xff, 0xff, 0xff, 0xff, 0xff, 0xff, 0xff, 0xff, 0xff,
    0xff, 0xff, 0xff, 0xff, 0xff, 0xff, 0xff, 0xff, 0xff, 0xff, 0xff, 0xff,
    0xff, 0xff, 0xff, 0xff, 0xff, 0xff, 0xff, 0xff, 0xff, 0xff, 0xff, 0xff,
    0xff, 0xff, 0xff, 0xff, 0xff, 0xff, 0xff, 0xff, 0xff, 0xff, 0xff, 0xff,
    0xff, 0xff, 0xff, 0xff, 0xff, 0xff, 0xff, 0xff, 0xff, 0xff, 0xff, 0xff,
    0xff, 0xff, 0xff, 0xff, 0xff, 0xff, 0xff, 0xff, 0xff, 0xff, 0xff, 0xff,
    0xff, 0xff, 0xff, 0xff, 0xff, 0xff, 0xff, 0xff, 0xff, 0xff, 0xff, 0xff,
    0xff, 0xff, 0xff, 0xff, 0xff, 0xff, 0xff, 0xff, 0xff, 0xff, 0xff, 0xff,
    0xff, 0xff, 0xff, 0xff, 0xff, 0xff, 0xff, 0xff, 0xff, 0xff, 0xff, 0xff,
    0xff, 0xff, 0xff, 0xff, 0xff, 0xff, 0xff, 0xff, 0xff, 0xff, 0xff, 0xff,
    0xff, 0xff, 0xff, 0xff, 0xff, 0xff, 0xff, 0xff, 0xff, 0xff, 0xff, 0xff,
    0xff, 0xff, 0xff, 0xff, 0xff, 0xff, 0xff, 0xff, 0xff, 0xff, 0xff, 0xff,
    0xff, 0xff, 0xff, 0xff, 0xbe, 0xff, 0xfe, 0xff, 0xfa, 0xe6, 0xd1, 0x9c,
    0xb9, 0xde, 0x58, 0xd6, 0xb5, 0xbd, 0xf2, 0xa4, 0x73, 0xb5, 0xfa, 0xe6,
    0x7b, 0xf7, 0xfd, 0xff, 0x1a, 0xe7, 0xb1, 0x94, 0xd5, 0xbd, 0x5c, 0xef,
    0x7d, 0xf7, 0x9a, 0xd6, 0xf4, 0xa4, 0x71, 0x8c, 0x54, 0xad, 0x2f, 0x8c,
    0xef, 0x83, 0x0b, 0x6b, 0xcf, 0x7b, 0x31, 0x84, 0xb6, 0xb5, 0xb6, 0xb5,
    0x1b, 0xdf, 0x78, 0xce, 0x5b, 0xef, 0xff, 0xff, 0xff, 0xff, 0xff, 0xf7,
    0x9f, 0xdf, 0xbd, 0xc6, 0xff, 0xef, 0xff, 0xff, 0xff, 0xff, 0x5c, 0xf7,
    0xf5, 0xc5, 0xb9, 0xde, 0x95, 0xad, 0x59, 0xc6, 0x14, 0x95, 0x56, 0xa5,
    0x11, 0x8c, 0x2d, 0x73, 0x72, 0x94, 0x11, 0x84, 0x15, 0x9d, 0xf9, 0xb5,
    0x9b, 0xd6, 0xbf, 0xf7, 0xff, 0xff, 0xbe, 0xf7, 0xf7, 0xc5, 0x91, 0x94,
    0x9d, 0xf7, 0x98, 0xd6, 0x7c, 0xf7, 0x3b, 0xef, 0xbd, 0xff, 0xff, 0xff,
    0xdd, 0xff, 0x5b, 0xef, 0xd2, 0xa4, 0x33, 0xad, 0x5c, 0xf7, 0xff, 0xff,
    0xff, 0xff, 0xff, 0xff, 0xff, 0xff, 0xff, 0xff, 0xff, 0xff, 0xff, 0xff,
    0xff, 0xff, 0xff, 0xff, 0xff, 0xff, 0xff, 0xff, 0xff, 0xff, 0xff, 0xff,
    0xff, 0xff, 0xff, 0xff, 0xff, 0xff, 0xff, 0xff, 0xff, 0xff, 0xff, 0xff,
    0xff, 0xff, 0xff, 0xff, 0xff, 0xff, 0xff, 0xff, 0xff, 0xff, 0xff, 0xff,
    0xff, 0xff, 0xff, 0xff, 0xff, 0xff, 0xff, 0xff, 0xff, 0xff, 0xff, 0xff,
    0xff, 0xff, 0xff, 0xff, 0xff, 0xff, 0xff, 0xff, 0xff, 0xff, 0xff, 0xff,
    0xff, 0xff, 0xff, 0xff, 0xff, 0xff, 0xff, 0xff, 0xff, 0xff, 0xff, 0xff,
    0xff, 0xff, 0xff, 0xff, 0xff, 0xff, 0xff, 0xff, 0xff, 0xff, 0xff, 0xff,
    0xff, 0xff, 0xff, 0xff, 0xff, 0xff, 0xff, 0xff, 0xff, 0xff, 0xff, 0xff,
    0xff, 0xff, 0xff, 0xff, 0xff, 0xff, 0xff, 0xff, 0xff, 0xff, 0xff, 0xff,
    0xff, 0xff, 0xff, 0xff, 0xff, 0xff, 0xff, 0xff, 0xff, 0xff, 0xff, 0xff,
    0xff, 0xff, 0xff, 0xff, 0xff, 0xff, 0xff, 0xff, 0xff, 0xff, 0xff, 0xff,
    0xff, 0xff, 0xff, 0xff, 0xff, 0xff, 0xff, 0xff, 0xff, 0xff, 0xff, 0xff,
    0xff, 0xff, 0xff, 0xff, 0xff, 0xff, 0xff, 0xff, 0xff, 0xff, 0xff, 0xff,
    0xff, 0xff, 0xff, 0xff, 0xff, 0xff, 0xff, 0xff, 0xff, 0xff, 0xff, 0xff,
    0xff, 0xff, 0xbd, 0xff, 0x95, 0xb5, 0xb1, 0x9c, 0x3c, 0xef, 0x74, 0xb5,
    0xb9, 0xde, 0xfe, 0xff, 0xbc, 0xf7, 0xdd, 0xff, 0xdd, 0xff, 0xfd, 0xff,
    0x56, 0xce, 0x50, 0x8c, 0xd9, 0xde, 0x5c, 0xef, 0x17, 0xc6, 0xb6, 0xbd,
    0xf3, 0xa4, 0x74, 0xad, 0x91, 0x9c, 0xf2, 0xa4, 0x2f, 0x8c, 0xef, 0x83,
    0x14, 0xa5, 0xf3, 0xa4, 0x91, 0x94, 0x7c, 0xf7, 0xf5, 0xc5, 0x19, 0xe7,
    0xfe, 0xff, 0xfe, 0xff, 0xff, 0xff, 0xff, 0xff, 0xff, 0xf7, 0xff, 0xff,
    0xbf, 0xf7, 0xff, 0xff, 0x1b, 0xef, 0x33, 0xb5, 0x5b, 0xf7, 0x71, 0x94,
    0x8e, 0x73, 0x93, 0x94, 0xb3, 0x94, 0x72, 0x94, 0x10, 0x8c, 0xb3, 0x9c,
    0x2d, 0x63, 0xd5, 0x94, 0xf8, 0xb5, 0xdc, 0xde, 0xff, 0xff, 0xff, 0xff,
    0xba, 0xd6, 0xd2, 0x9c, 0x38, 0xce, 0xde, 0xff, 0xff, 0xff, 0x9c, 0xf7,
    0xfe, 0xff, 0xbd, 0xff, 0xdd, 0xff, 0xff, 0xff, 0x16, 0xc6, 0xb1, 0x9c,
    0x17, 0xc6, 0xff, 0xff, 0xff, 0xff, 0xff, 0xff, 0xff, 0xff, 0xdf, 0xff,
    0xff, 0xff, 0xff, 0xff, 0xff, 0xff, 0xff, 0xff, 0xff, 0xff, 0xff, 0xff,
    0xff, 0xff, 0xff, 0xff, 0xff, 0xff, 0xff, 0xff, 0xff, 0xff, 0xff, 0xff,
    0xff, 0xff, 0xff, 0xff, 0xff, 0xff, 0xff, 0xff, 0xff, 0xff, 0xff, 0xff,
    0xff, 0xff, 0xff, 0xff, 0xff, 0xff, 0xff, 0xff, 0xff, 0xff, 0xff, 0xff,
    0xff, 0xff, 0xff, 0xff, 0xff, 0xff, 0xff, 0xff, 0xff, 0xff, 0xff, 0xff,
    0xff, 0xff, 0xff, 0xff, 0xff, 0xff, 0xff, 0xff, 0xff, 0xff, 0xff, 0xff,
    0xff, 0xff, 0xff, 0xff, 0xff, 0xff, 0xff, 0xff, 0xff, 0xff, 0xff, 0xff,
    0xff, 0xff, 0xff, 0xff, 0xff, 0xff, 0xff, 0xff, 0xff, 0xff, 0xff, 0xff,
    0xff, 0xff, 0xff, 0xff, 0xff, 0xff, 0xff, 0xff, 0xff, 0xff, 0xff, 0xff,
    0xff, 0xff, 0xff, 0xff, 0xff, 0xff, 0xff, 0xff, 0xff, 0xff, 0xff, 0xff,
    0xff, 0xff, 0xff, 0xff, 0xff, 0xff, 0xff, 0xff, 0xff, 0xff, 0xff, 0xff,
    0xff, 0xff, 0xff, 0xff, 0xff, 0xff, 0xff, 0xff, 0xff, 0xff, 0xff, 0xff,
    0xff, 0xff, 0xff, 0xff, 0xff, 0xff, 0xff, 0xff, 0xff, 0xff, 0xff, 0xff,
    0xff, 0xff, 0xff, 0xff, 0xff, 0xff, 0xff, 0xff, 0xff, 0xff, 0xff, 0xff,
    0xff, 0xff, 0xff, 0xff, 0xff, 0xff, 0xff, 0xff, 0xbe, 0xff, 0x3c, 0xe7,
    0xd2, 0xa4, 0xf6, 0xc5, 0x9d, 0xf7, 0xde, 0xff, 0xfd, 0xff, 0x57, 0xce,
    0x98, 0xd6, 0x73, 0xb5, 0x3a, 0xef, 0xfd, 0xff, 0xd1, 0xa4, 0xd1, 0x9c,
    0x1b, 0xe7, 0x7c, 0xf7, 0x17, 0xce, 0x99, 0xde, 0xd6, 0xbd, 0xd6, 0xbd,
    0xf7, 0xc5, 0x18, 0xc6, 0xd6, 0xbd, 0xd6, 0xbd, 0x75, 0xad, 0x8e, 0x73,
    0xda, 0xde, 0x99, 0xd6, 0x9a, 0xde, 0xff, 0xff, 0xff, 0xff, 0xff, 0xff,
    0xff, 0xff, 0xbf, 0xf7, 0xbf, 0xf7, 0xff, 0xff, 0xdf, 0xff, 0xbe, 0xff,
    0xb6, 0xbd, 0x1c, 0xef, 0x18, 0xc6, 0x51, 0x8c, 0x96, 0xb5, 0x55, 0xad,
    0x35, 0xad, 0x96, 0xb5, 0xb6, 0xbd, 0xb6, 0xb5, 0xd7, 0xbd, 0x38, 0xc6,
    0x5c, 0xef, 0xfe, 0xff, 0x1b, 0xef, 0x34, 0xad, 0x75, 0xb5, 0xfe, 0xff,
    0xbd, 0xff, 0xff, 0xff, 0xfe, 0xff, 0xfe, 0xff, 0xff, 0xff, 0xff, 0xff,
    0x9d, 0xff, 0x33, 0xa5, 0x50, 0x8c, 0x5c, 0xef, 0xff, 0xff, 0xff, 0xff,
    0xff, 0xff, 0xff, 0xff, 0xff, 0xff, 0xff, 0xff, 0xff, 0xff, 0xff, 0xff,
    0xff, 0xff, 0xff, 0xff, 0xff, 0xff, 0xff, 0xff, 0xff, 0xff, 0xff, 0xff,
    0xff, 0xff, 0xff, 0xff, 0xff, 0xff, 0xff, 0xff, 0xff, 0xff, 0xff, 0xff,
    0xff, 0xff, 0xff, 0xff, 0xff, 0xff, 0xff, 0xff, 0xff, 0xff, 0xff, 0xff,
    0xff, 0xff, 0xff, 0xff, 0xff, 0xff, 0xff, 0xff, 0xff, 0xff, 0xff, 0xff,
    0xff, 0xff, 0xff, 0xff, 0xff, 0xff, 0xff, 0xff, 0xff, 0xff, 0xff, 0xff,
    0xff, 0xff, 0xff, 0xff, 0xff, 0xff, 0xff, 0xff, 0xff, 0xff, 0xff, 0xff,
    0xff, 0xff, 0xff, 0xff, 0xff, 0xff, 0xff, 0xff, 0xff, 0xff, 0xff, 0xff,
    0xff, 0xff, 0xff, 0xff, 0xff, 0xff, 0xff, 0xff, 0xff, 0xff, 0xff, 0xff,
    0xff, 0xff, 0xff, 0xff, 0xff, 0xff, 0xff, 0xff, 0xff, 0xff, 0xff, 0xff,
    0xff, 0xff, 0xff, 0xff, 0xff, 0xff, 0xff, 0xff, 0xff, 0xff, 0xff, 0xff,
    0xff, 0xff, 0xff, 0xff, 0xff, 0xff, 0xff, 0xff, 0xff, 0xff, 0xff, 0xff,
    0xff, 0xff, 0xff, 0xff, 0xff, 0xff, 0xff, 0xff, 0xff, 0xff, 0xff, 0xff,
    0xff, 0xff, 0xff, 0xff, 0xff, 0xff, 0xff, 0xff, 0xff, 0xff, 0xff, 0xff,
    0xff, 0xff, 0xff, 0xff, 0xff, 0xff, 0xff, 0xff, 0xff, 0xff, 0xff, 0xff,
    0xff, 0xff, 0xff, 0xff, 0x9e, 0xf7, 0x75, 0xb5, 0xb1, 0x9c, 0x9c, 0xf7,
    0xdd, 0xff, 0x5b, 0xef, 0xd5, 0xbd, 0x4f, 0x94, 0xd1, 0x9c, 0x73, 0xb5,
    0xf9, 0xe6, 0xbc, 0xff, 0x12, 0xad, 0xb1, 0xa4, 0x5b, 0xf7, 0xff, 0xff,
    0xfe, 0xff, 0xff, 0xff, 0xff, 0xff, 0xff, 0xff, 0xdf, 0xff, 0x7d, 0xf7,
    0x7e, 0xf7, 0xdb, 0xe6, 0xd3, 0x9c, 0x96, 0xb5, 0xd3, 0xa4, 0x19, 0xce,
    0x9a, 0xd6, 0x3d, 0xef, 0x7e, 0xf7, 0x5e, 0xf7, 0xff, 0xff, 0xff, 0xff,
    0x5d, 0xef, 0xfc, 0xe6, 0x7e, 0xf7, 0x75, 0xad, 0xf7, 0xbd, 0xd7, 0xbd,
    0x55, 0xad, 0xbe, 0xf7, 0x7d, 0xf7, 0x9e, 0xf7, 0xff, 0xff, 0xff, 0xff,
    0x9e, 0xf7, 0x9e, 0xf7, 0xff, 0xff, 0xff, 0xff, 0x3b, 0xef, 0x74, 0xb5,
    0x13, 0xa5, 0xda, 0xe6, 0xff, 0xff, 0x1b, 0xe7, 0x7c, 0xf7, 0xde, 0xff,
    0xff, 0xff, 0xde, 0xff, 0xff, 0xff, 0x78, 0xce, 0x71, 0x94, 0x17, 0xc6,
    0xbe, 0xf7, 0xff, 0xff, 0xff, 0xff, 0xff, 0xff, 0xff, 0xff, 0xff, 0xff,
    0xff, 0xff, 0xff, 0xff, 0xff, 0xff, 0xff, 0xff, 0xff, 0xff, 0xff, 0xff,
    0xff, 0xff, 0xff, 0xff, 0xff, 0xff, 0xff, 0xff, 0xff, 0xff, 0xff, 0xff,
    0xff, 0xff, 0xff, 0xff, 0xff, 0xff, 0xff, 0xff, 0xff, 0xff, 0xff, 0xff,
    0xff, 0xff, 0xff, 0xff, 0xff, 0xff, 0xff, 0xff, 0xff, 0xff, 0xff, 0xff,
    0xff, 0xff, 0xff, 0xff, 0xff, 0xff, 0xff, 0xff, 0xff, 0xff, 0xff, 0xff,
    0xff, 0xff, 0xff, 0xff, 0xff, 0xff, 0xff, 0xff, 0xff, 0xff, 0xff, 0xff,
    0xff, 0xff, 0xff, 0xff, 0xff, 0xff, 0xff, 0xff, 0xff, 0xff, 0xff, 0xff,
    0xff, 0xff, 0xff, 0xff, 0xff, 0xff, 0xff, 0xff, 0xff, 0xff, 0xff, 0xff,
    0xff, 0xff, 0xff, 0xff, 0xff, 0xff, 0xff, 0xff, 0xff, 0xff, 0xff, 0xff,
    0xff, 0xff, 0xff, 0xff, 0xff, 0xff, 0xff, 0xff, 0xff, 0xff, 0xff, 0xff,
    0xff, 0xff, 0xff, 0xff, 0xff, 0xff, 0xff, 0xff, 0xff, 0xff, 0xff, 0xff,
    0xff, 0xff, 0xff, 0xff, 0xff, 0xff, 0xff, 0xff, 0xff, 0xff, 0xff, 0xff,
    0xff, 0xff, 0xff, 0xff, 0xff, 0xff, 0xff, 0xff, 0xff, 0xff, 0xff, 0xff,
    0xff, 0xff, 0xff, 0xff, 0xff, 0xff, 0xff, 0xff, 0xff, 0xff, 0xff, 0xff,
    0xff, 0xff, 0xff, 0xff, 0xff, 0xff, 0xff, 0xff, 0xff, 0xff, 0xff, 0xff,
    0x1b, 0xe7, 0xb1, 0x9c, 0x95, 0xb5, 0xfe, 0xff, 0xd9, 0xe6, 0x6f, 0x94,
    0x2e, 0x8c, 0x2e, 0x8c, 0xf1, 0xa4, 0x5a, 0xef, 0xfe, 0xff, 0xb9, 0xde,
    0x33, 0xad, 0xd1, 0xa4, 0x9d, 0xff, 0xff, 0xff, 0xdf, 0xff, 0xff, 0xff,
    0xff, 0xff, 0xff, 0xff, 0xff, 0xff, 0xff, 0xff, 0xdf, 0xff, 0xba, 0xde,
    0x14, 0xad, 0x92, 0x9c, 0xb7, 0xbd, 0x55, 0xb5, 0x55, 0xad, 0x96, 0xb5,
    0x72, 0x94, 0xb7, 0xbd, 0xf4, 0xa4, 0x39, 0xce, 0xd7, 0xbd, 0x14, 0xa5,
    0xd3, 0x9c, 0x39, 0xce, 0x59, 0xce, 0x59, 0xce, 0xff, 0xff, 0xff, 0xff,
    0xff, 0xff, 0xff, 0xff, 0xff, 0xff, 0xff, 0xff, 0xff, 0xff, 0xff, 0xff,
    0x9d, 0xf7, 0x54, 0xb5, 0x12, 0xa5, 0x1a, 0xe7, 0xfe, 0xff, 0xd5, 0xbd,
    0xd2, 0x9c, 0x17, 0xc6, 0xda, 0xde, 0xde, 0xff, 0xff, 0xff, 0x5c, 0xef,
    0xd2, 0x9c, 0xd2, 0x9c, 0xbd, 0xf7, 0xfe, 0xff, 0xff, 0xff, 0xff, 0xff,
    0xff, 0xff, 0xff, 0xff, 0xff, 0xff, 0xff, 0xff, 0xff, 0xff, 0xff, 0xff,
    0xff, 0xff, 0xff, 0xff, 0xff, 0xff, 0xff, 0xff, 0xff, 0xff, 0xff, 0xff,
    0xff, 0xff, 0xff, 0xff, 0xff, 0xff, 0xff, 0xff, 0xff, 0xff, 0xff, 0xff,
    0xff, 0xff, 0xff, 0xff, 0xff, 0xff, 0xff, 0xff, 0xff, 0xff, 0xff, 0xff,
    0xff, 0xff, 0xff, 0xff, 0xff, 0xff, 0xff, 0xff, 0xff, 0xff, 0xff, 0xff,
    0xff, 0xff, 0xff, 0xff, 0xff, 0xff, 0xff, 0xff, 0xff, 0xff, 0xff, 0xff,
    0xff, 0xff, 0xff, 0xff, 0xff, 0xff, 0xff, 0xff, 0xff, 0xff, 0xff, 0xff,
    0xff, 0xff, 0xff, 0xff, 0xff, 0xff, 0xff, 0xff, 0xff, 0xff, 0xff, 0xff,
    0xff, 0xff, 0xff, 0xff, 0xff, 0xff, 0xff, 0xff, 0xff, 0xff, 0xff, 0xff,
    0xff, 0xff, 0xff, 0xff, 0xff, 0xff, 0xff, 0xff, 0xff, 0xff, 0xff, 0xff,
    0xff, 0xff, 0xff, 0xff, 0xff, 0xff, 0xff, 0xff, 0xff, 0xff, 0xff, 0xff,
    0xff, 0xff, 0xff, 0xff, 0xff, 0xff, 0xff, 0xff, 0xff, 0xff, 0xff, 0xff,
    0xff, 0xff, 0xff, 0xff, 0xff, 0xff, 0xff, 0xff, 0xff, 0xff, 0xff, 0xff,
    0xff, 0xff, 0xff, 0xff, 0xff, 0xff, 0xff, 0xff, 0xff, 0xff, 0xff, 0xff,
    0xff, 0xff, 0xff, 0xff, 0xff, 0xff, 0xff, 0xff, 0xff, 0xff, 0xff, 0xff,
    0xff, 0xff, 0xff, 0xff, 0xff, 0xff, 0xff, 0xff, 0x78, 0xd6, 0xef, 0x83,
    0xfa, 0xe6, 0x9c, 0xf7, 0x12, 0xa5, 0x12, 0xa5, 0xf1, 0xa4, 0xd5, 0xbd,
    0x7b, 0xf7, 0xfe, 0xff, 0x98, 0xd6, 0xfa, 0xe6, 0x74, 0xb5, 0xd1, 0x9c,
    0x3b, 0xef, 0xff, 0xff, 0xff, 0xff, 0xbe, 0xff, 0xbe, 0xff, 0xff, 0xff,
    0xff, 0xff, 0xbf, 0xff, 0x38, 0xce, 0xb3, 0x9c, 0x71, 0x94, 0x0c, 0x6b,
    0x14, 0xad, 0x31, 0x8c, 0xaf, 0x7b, 0xcf, 0x83, 0xf8, 0xc5, 0xb3, 0x9c,
    0x30, 0x84, 0x92, 0x94, 0xf4, 0xa4, 0xb3, 0x9c, 0x34, 0xad, 0x79, 0xd6,
    0x1c, 0xe7, 0x9e, 0xf7, 0xff, 0xff, 0xff, 0xff, 0xde, 0xff, 0xbe, 0xff,
    0xff, 0xff, 0xde, 0xff, 0x3c, 0xef, 0xd2, 0xa4, 0x13, 0xad, 0x1a, 0xe7,
    0xfe, 0xff, 0xda, 0xe6, 0x70, 0x94, 0x90, 0x94, 0x70, 0x94, 0xf6, 0xbd,
    0x7c, 0xf7, 0xfe, 0xff, 0xd6, 0xbd, 0x70, 0x8c, 0x58, 0xce, 0xfe, 0xff,
    0xff, 0xff, 0xff, 0xff, 0xff, 0xff, 0xff, 0xff, 0xff, 0xff, 0xff, 0xff,
    0xff, 0xff, 0xff, 0xff, 0xff, 0xff, 0xff, 0xff, 0xff, 0xff, 0xff, 0xff,
    0xff, 0xff, 0xff, 0xff, 0xff, 0xff, 0xff, 0xff, 0xff, 0xff, 0xff, 0xff,
    0xff, 0xff, 0xff, 0xff, 0xff, 0xff, 0xff, 0xff, 0xff, 0xff, 0xff, 0xff,
    0xff, 0xff, 0xff, 0xff, 0xff, 0xff, 0xff, 0xff, 0xff, 0xff, 0xff, 0xff,
    0xff, 0xff, 0xff, 0xff, 0xff, 0xff, 0xff, 0xff, 0xff, 0xff, 0xff, 0xff,
    0xff, 0xff, 0xff, 0xff, 0xff, 0xff, 0xff, 0xff, 0xff, 0xff, 0xff, 0xff,
    0xff, 0xff, 0xff, 0xff, 0xff, 0xff, 0xff, 0xff, 0xff, 0xff, 0xff, 0xff,
    0xff, 0xff, 0xff, 0xff, 0xff, 0xff, 0xff, 0xff, 0xff, 0xff, 0xff, 0xff,
    0xff, 0xff, 0xff, 0xff, 0xff, 0xff, 0xff, 0xff, 0xff, 0xff, 0xff, 0xff,
    0xff, 0xff, 0xff, 0xff, 0xff, 0xff, 0xff, 0xff, 0xff, 0xff, 0xff, 0xff,
    0xff, 0xff, 0xff, 0xff, 0xff, 0xff, 0xff, 0xff, 0xff, 0xff, 0xff, 0xff,
    0xff, 0xff, 0xff, 0xff, 0xff, 0xff, 0xff, 0xff, 0xff, 0xff, 0xff, 0xff,
    0xff, 0xff, 0xff, 0xff, 0xff, 0xff, 0xff, 0xff, 0xff, 0xff, 0xff, 0xff,
    0xff, 0xff, 0xff, 0xff, 0xff, 0xff, 0xff, 0xff, 0xff, 0xff, 0xff, 0xff,
    0xff, 0xff, 0xff, 0xff, 0xff, 0xff, 0xff, 0xff, 0xff, 0xff, 0xff, 0xff,
    0xff, 0xff, 0xbd, 0xff, 0x54, 0xad, 0x13, 0xa5, 0x5b, 0xef, 0xdd, 0xff,
    0x94, 0xb5, 0xd9, 0xde, 0xb8, 0xde, 0xfe, 0xff, 0x3b, 0xef, 0xf2, 0xa4,
    0x77, 0xd6, 0x1a, 0xef, 0x13, 0xad, 0xd2, 0xa4, 0x99, 0xd6, 0xff, 0xff,
    0xff, 0xff, 0xff, 0xff, 0xde, 0xff, 0xff, 0xff, 0xbe, 0xff, 0x38, 0xce,
    0xb2, 0x9c, 0x14, 0xa5, 0x9a, 0xd6, 0x55, 0xb5, 0x92, 0x94, 0x5d, 0xf7,
    0x51, 0x8c, 0x95, 0xb5, 0x39, 0xce, 0x96, 0xb5, 0xb2, 0x9c, 0xf3, 0xa4,
    0xd7, 0xbd, 0xd3, 0x9c, 0x75, 0xad, 0xde, 0xff, 0xff, 0xff, 0xff, 0xff,
    0xff, 0xff, 0xff, 0xff, 0xff, 0xff, 0xff, 0xff, 0xba, 0xd6, 0x54, 0xad,
    0x95, 0xb5, 0x1a, 0xe7, 0xfe, 0xff, 0xdd, 0xff, 0x98, 0xd6, 0xb1, 0x9c,
    0xb1, 0x9c, 0x70, 0x94, 0x57, 0xce, 0x7c, 0xef, 0x98, 0xd6, 0x91, 0x94,
    0xb5, 0xb5, 0xbd, 0xff, 0xfe, 0xff, 0xff, 0xff, 0xff, 0xff, 0xff, 0xff,
    0xff, 0xff, 0xff, 0xff, 0xff, 0xff, 0xff, 0xff, 0xff, 0xff, 0xff, 0xff,
    0xff, 0xff, 0xff, 0xff, 0xff, 0xff, 0xff, 0xff, 0xff, 0xff, 0xff, 0xff,
    0xff, 0xff, 0xff, 0xff, 0xff, 0xff, 0xff, 0xff, 0xff, 0xff, 0xff, 0xff,
    0xff, 0xff, 0xff, 0xff, 0xff, 0xff, 0xff, 0xff, 0xff, 0xff, 0xff, 0xff,
    0xff, 0xff, 0xff, 0xff, 0xff, 0xff, 0xff, 0xff, 0xff, 0xff, 0xff, 0xff,
    0xff, 0xff, 0xff, 0xff, 0xff, 0xff, 0xff, 0xff, 0xff, 0xff, 0xff, 0xff,
    0xff, 0xff, 0xff, 0xff, 0xff, 0xff, 0xff, 0xff, 0xff, 0xff, 0xff, 0xff,
    0xff, 0xff, 0xff, 0xff, 0xff, 0xff, 0xff, 0xff, 0xff, 0xff, 0xff, 0xff,
    0xff, 0xff, 0xff, 0xff, 0xff, 0xff, 0xff, 0xff, 0xff, 0xff, 0xff, 0xff,
    0xff, 0xff, 0xff, 0xff, 0xff, 0xff, 0xff, 0xff, 0xff, 0xff, 0xff, 0xff,
    0xff, 0xff, 0xff, 0xff, 0xff, 0xff, 0xff, 0xff, 0xff, 0xff, 0xff, 0xff,
    0xff, 0xff, 0xff, 0xff, 0xff, 0xff, 0xff, 0xff, 0xff, 0xff, 0xff, 0xff,
    0xff, 0xff, 0xff, 0xff, 0xff, 0xff, 0xff, 0xff, 0xff, 0xff, 0xff, 0xff,
    0xff, 0xff, 0xff, 0xff, 0xff, 0xff, 0xff, 0xff, 0xff, 0xff, 0xff, 0xff,
    0xff, 0xff, 0xff, 0xff, 0xff, 0xff, 0xff, 0xff, 0xff, 0xff, 0xff, 0xff,
    0xff, 0xff, 0xff, 0xff, 0xff, 0xff, 0xff, 0xff, 0xde, 0xff, 0x3b, 0xe7,
    0xd2, 0x9c, 0x13, 0xad, 0xfe, 0xff, 0x7c, 0xf7, 0xdd, 0xff, 0xbc, 0xff,
    0x5b, 0xef, 0x37, 0xce, 0x33, 0xad, 0xb5, 0xbd, 0x9c, 0xff, 0xde, 0xff,
    0x33, 0xad, 0x91, 0x9c, 0xf7, 0xc5, 0x3c, 0xef, 0xff, 0xff, 0xff, 0xff,
    0xdf, 0xff, 0xff, 0xff, 0xdf, 0xff, 0xfb, 0xe6, 0x59, 0xd6, 0xd7, 0xbd,
    0x55, 0xad, 0xf3, 0xa4, 0xd3, 0xa4, 0x92, 0x9c, 0x34, 0xad, 0xf3, 0xa4,
    0xf3, 0xa4, 0x55, 0xad, 0x55, 0xad, 0x96, 0xb5, 0xda, 0xde, 0xff, 0xff,
    0xdf, 0xff, 0xff, 0xff, 0xff, 0xff, 0xbe, 0xff, 0xbe, 0xff, 0x3c, 0xef,
    0x37, 0xc6, 0x55, 0xad, 0x33, 0xa5, 0x3b, 0xef, 0xfe, 0xff, 0xfe, 0xff,
    0xbd, 0xff, 0xbd, 0xff, 0xb5, 0xbd, 0xd1, 0x9c, 0x17, 0xce, 0x3b, 0xe7,
    0x3b, 0xef, 0x90, 0x94, 0xd1, 0x9c, 0x7c, 0xf7, 0xfe, 0xff, 0xfe, 0xff,
    0xff, 0xff, 0xff, 0xff, 0xff, 0xff, 0xff, 0xff, 0xff, 0xff, 0xff, 0xff,
    0xff, 0xff, 0xff, 0xff, 0xff, 0xff, 0xff, 0xff, 0xff, 0xff, 0xff, 0xff,
    0xff, 0xff, 0xff, 0xff, 0xff, 0xff, 0xff, 0xff, 0xff, 0xff, 0xff, 0xff,
    0xff, 0xff, 0xff, 0xff, 0xff, 0xff, 0xff, 0xff, 0xff, 0xff, 0xff, 0xff,
    0xff, 0xff, 0xff, 0xff, 0xff, 0xff, 0xff, 0xff, 0xff, 0xff, 0xff, 0xff,
    0xff, 0xff, 0xff, 0xff, 0xff, 0xff, 0xff, 0xff, 0xff, 0xff, 0xff, 0xff,
    0xff, 0xff, 0xff, 0xff, 0xff, 0xff, 0xff, 0xff, 0xff, 0xff, 0xff, 0xff,
    0xff, 0xff, 0xff, 0xff, 0xff, 0xff, 0xff, 0xff, 0xff, 0xff, 0xff, 0xff,
    0xff, 0xff, 0xff, 0xff, 0xff, 0xff, 0xff, 0xff, 0xff, 0xff, 0xff, 0xff,
    0xff, 0xff, 0xff, 0xff, 0xff, 0xff, 0xff, 0xff, 0xff, 0xff, 0xff, 0xff,
    0xff, 0xff, 0xff, 0xff, 0xff, 0xff, 0xff, 0xff, 0xff, 0xff, 0xff, 0xff,
    0xff, 0xff, 0xff, 0xff, 0xff, 0xff, 0xff, 0xff, 0xff, 0xff, 0xff, 0xff,
    0xff, 0xff, 0xff, 0xff, 0xff, 0xff, 0xff, 0xff, 0xff, 0xff, 0xff, 0xff,
    0xff, 0xff, 0xff, 0xff, 0xff, 0xff, 0xff, 0xff, 0xff, 0xff, 0xff, 0xff,
    0xff, 0xff, 0xff, 0xff, 0xff, 0xff, 0xff, 0xff, 0xff, 0xff, 0xff, 0xff,
    0xff, 0xff, 0xff, 0xff, 0xff, 0xff, 0xff, 0xff, 0xff, 0xff, 0xff, 0xff,
    0xff, 0xff, 0xde, 0xff, 0xde, 0xff, 0xb9, 0xd6, 0x70, 0x8c, 0xf6, 0xc5,
    0xff, 0xff, 0xbd, 0xf7, 0x7c, 0xf7, 0xd5, 0xbd, 0x3b, 0xef, 0x95, 0xbd,
    0x57, 0xce, 0xfe, 0xff, 0xfe, 0xff, 0x3b, 0xef, 0x17, 0xc6, 0x74, 0xb5,
    0xf3, 0xa4, 0x79, 0xd6, 0xde, 0xff, 0xfe, 0xff, 0xff, 0xff, 0xff, 0xff,
    0xff, 0xff, 0xff, 0xff, 0xff, 0xff, 0xde, 0xff, 0xde, 0xff, 0x9e, 0xf7,
    0xdf, 0xff, 0xbe, 0xff, 0x9e, 0xf7, 0xff, 0xff, 0xde, 0xff, 0xbe, 0xff,
    0xff, 0xff, 0xff, 0xff, 0xde, 0xff, 0xff, 0xff, 0xbe, 0xff, 0xff, 0xff,
    0xff, 0xff, 0x3b, 0xe7, 0xb6, 0xb5, 0xf2, 0xa4, 0xf6, 0xbd, 0x5c, 0xef,
    0x57, 0xce, 0xb8, 0xde, 0x1a, 0xef, 0x7b, 0xf7, 0xfe, 0xff, 0xdd, 0xff,
    0xd9, 0xde, 0x9c, 0xf7, 0xd9, 0xde, 0x16, 0xc6, 0x91, 0x94, 0x58, 0xce,
    0xff, 0xff, 0xfe, 0xff, 0xff, 0xff, 0xff, 0xff, 0xff, 0xff, 0xff, 0xff,
    0xff, 0xff, 0xff, 0xff, 0xff, 0xff, 0xff, 0xff, 0xff, 0xff, 0xff, 0xff,
    0xff, 0xff, 0xff, 0xff, 0xff, 0xff, 0xff, 0xff, 0xff, 0xff, 0xff, 0xff,
    0xff, 0xff, 0xff, 0xff, 0xff, 0xff, 0xff, 0xff, 0xff, 0xff, 0xff, 0xff,
    0xff, 0xff, 0xff, 0xff, 0xff, 0xff, 0xff, 0xff, 0xff, 0xff, 0xff, 0xff,
    0xff, 0xff, 0xff, 0xff, 0xff, 0xff, 0xff, 0xff, 0xff, 0xff, 0xff, 0xff,
    0xff, 0xff, 0xff, 0xff, 0xff, 0xff, 0xff, 0xff, 0xff, 0xff, 0xff, 0xff,
    0xff, 0xff, 0xff, 0xff, 0xff, 0xff, 0xff, 0xff, 0xff, 0xff, 0xff, 0xff,
    0xff, 0xff, 0xff, 0xff, 0xff, 0xff, 0xff, 0xff, 0xff, 0xff, 0xff, 0xff,
    0xff, 0xff, 0xff, 0xff, 0xff, 0xff, 0xff, 0xff, 0xff, 0xff, 0xff, 0xff,
    0xff, 0xff, 0xff, 0xff, 0xff, 0xff, 0xff, 0xff, 0xff, 0xff, 0xff, 0xff,
    0xff, 0xff, 0xff, 0xff, 0xff, 0xff, 0xff, 0xff, 0xff, 0xff, 0xff, 0xff,
    0xff, 0xff, 0xff, 0xff, 0xff, 0xff, 0xff, 0xff, 0xff, 0xff, 0xff, 0xff,
    0xff, 0xff, 0xff, 0xff, 0xff, 0xff, 0xff, 0xff, 0xff, 0xff, 0xff, 0xff,
    0xff, 0xff, 0xff, 0xff, 0xff, 0xff, 0xff, 0xff, 0xff, 0xff, 0xff, 0xff,
    0xff, 0xff, 0xff, 0xff, 0xff, 0xff, 0xff, 0xff, 0xff, 0xff, 0xff, 0xff,
    0xff, 0xff, 0xff, 0xff, 0xff, 0xff, 0xff, 0xff, 0xff, 0xff, 0xff, 0xff,
    0xff, 0xff, 0xf7, 0xc5, 0x91, 0x94, 0x17, 0xce, 0x5c, 0xef, 0x94, 0xb5,
    0x9c, 0xf7, 0xde, 0xff, 0xd1, 0x9c, 0x57, 0xd6, 0x77, 0xd6, 0xf6, 0xc5,
    0x53, 0xad, 0x1a, 0xe7, 0xda, 0xde, 0x95, 0xbd, 0xf2, 0xa4, 0x95, 0xb5,
    0xba, 0xde, 0xde, 0xff, 0xff, 0xff, 0xff, 0xff, 0xbe, 0xff, 0xff, 0xff,
    0xff, 0xff, 0xde, 0xff, 0xff, 0xff, 0xdf, 0xff, 0xff, 0xff, 0xff, 0xff,
    0xde, 0xff, 0xdf, 0xff, 0xff, 0xff, 0xde, 0xff, 0xff, 0xff, 0xff, 0xff,
    0xff, 0xff, 0xde, 0xff, 0xda, 0xde, 0x95, 0xb5, 0xd2, 0x9c, 0x95, 0xb5,
    0xda, 0xde, 0x1b, 0xe7, 0x98, 0xde, 0xd9, 0xde, 0x4f, 0x94, 0xb4, 0xbd,
    0xfe, 0xff, 0xfd, 0xff, 0xfe, 0xff, 0xbd, 0xff, 0xdd, 0xff, 0xb5, 0xb5,
    0x90, 0x94, 0x17, 0xc6, 0xfe, 0xff, 0xff, 0xff, 0xff, 0xff, 0xff, 0xff,
    0xff, 0xff, 0xff, 0xff, 0xff, 0xff, 0xff, 0xff, 0xff, 0xff, 0xff, 0xff,
    0xff, 0xff, 0xff, 0xff, 0xff, 0xff, 0xff, 0xff, 0xff, 0xff, 0xff, 0xff,
    0xff, 0xff, 0xff, 0xff, 0xff, 0xff, 0xff, 0xff, 0xff, 0xff, 0xff, 0xff,
    0xff, 0xff, 0xff, 0xff, 0xff, 0xff, 0xff, 0xff, 0xff, 0xff, 0xff, 0xff,
    0xff, 0xff, 0xff, 0xff, 0xff, 0xff, 0xff, 0xff, 0xff, 0xff, 0xff, 0xff,
    0xff, 0xff, 0xff, 0xff, 0xff, 0xff, 0xff, 0xff, 0xff, 0xff, 0xff, 0xff,
    0xff, 0xff, 0xff, 0xff, 0xff, 0xff, 0xff, 0xff, 0xff, 0xff, 0xff, 0xff,
    0xff, 0xff, 0xff, 0xff, 0xff, 0xff, 0xff, 0xff, 0xff, 0xff, 0xff, 0xff,
    0xff, 0xff, 0xff, 0xff, 0xff, 0xff, 0xff, 0xff, 0xff, 0xff, 0xff, 0xff,
    0xff, 0xff, 0xff, 0xff, 0xff, 0xff, 0xff, 0xff, 0xff, 0xff, 0xff, 0xff,
    0xff, 0xff, 0xff, 0xff, 0xff, 0xff, 0xff, 0xff, 0xff, 0xff, 0xff, 0xff,
    0xff, 0xff, 0xff, 0xff, 0xff, 0xff, 0xff, 0xff, 0xff, 0xff, 0xff, 0xff,
    0xff, 0xff, 0xff, 0xff, 0xff, 0xff, 0xff, 0xff, 0xff, 0xff, 0xff, 0xff,
    0xff, 0xff, 0xff, 0xff, 0xff, 0xff, 0xff, 0xff, 0xff, 0xff, 0xff, 0xff,
    0xff, 0xff, 0xff, 0xff, 0xff, 0xff, 0xff, 0xff, 0xff, 0xff, 0xff, 0xff,
    0xff, 0xff, 0xff, 0xff, 0xff, 0xff, 0xff, 0xff, 0xff, 0xff, 0xff, 0xff,
    0xff, 0xff, 0xff, 0xff, 0xff, 0xff, 0xff, 0xff, 0xde, 0xff, 0xd6, 0xbd,
    0xf2, 0x9c, 0x17, 0xc6, 0x5c, 0xf7, 0x3b, 0xef, 0x5c, 0xef, 0xb5, 0xbd,
    0xf6, 0xc5, 0x7b, 0xf7, 0x16, 0xc6, 0xd1, 0xa4, 0x1b, 0xe7, 0xbd, 0xff,
    0xfe, 0xff, 0xfa, 0xe6, 0x94, 0xb5, 0xb2, 0x9c, 0xf2, 0xa4, 0x99, 0xd6,
    0x1b, 0xe7, 0xbe, 0xff, 0xff, 0xff, 0xfe, 0xff, 0xde, 0xff, 0xff, 0xff,
    0xbe, 0xff, 0xff, 0xff, 0xff, 0xff, 0xfe, 0xff, 0xff, 0xff, 0x7d, 0xf7,
    0xff, 0xff, 0xff, 0xff, 0x3b, 0xef, 0x38, 0xce, 0x13, 0xa5, 0x74, 0xb5,
    0x54, 0xad, 0xfa, 0xe6, 0xfa, 0xe6, 0x12, 0xa5, 0x5b, 0xef, 0xfe, 0xff,
    0xfe, 0xff, 0x1a, 0xef, 0x12, 0xa5, 0xd9, 0xde, 0xbd, 0xff, 0xfe, 0xff,
    0xdd, 0xff, 0x95, 0xb5, 0x4f, 0x8c, 0x17, 0xc6, 0xbd, 0xff, 0xfe, 0xff,
    0xde, 0xff, 0xff, 0xff, 0xff, 0xff, 0xfe, 0xff, 0xff, 0xff, 0xff, 0xff,
    0xff, 0xff, 0xff, 0xff, 0xff, 0xff, 0xff, 0xff, 0xff, 0xff, 0xff, 0xff,
    0xff, 0xff, 0xff, 0xff, 0xff, 0xff, 0xff, 0xff, 0xff, 0xff, 0xff, 0xff,
    0xff, 0xff, 0xff, 0xff, 0xff, 0xff, 0xff, 0xff, 0xff, 0xff, 0xff, 0xff,
    0xff, 0xff, 0xff, 0xff, 0xff, 0xff, 0xff, 0xff, 0xff, 0xff, 0xff, 0xff,
    0xff, 0xff, 0xff, 0xff, 0xff, 0xff, 0xff, 0xff, 0xff, 0xff, 0xff, 0xff,
    0xff, 0xff, 0xff, 0xff, 0xff, 0xff, 0xff, 0xff, 0xff, 0xff, 0xff, 0xff,
    0xff, 0xff, 0xff, 0xff, 0xff, 0xff, 0xff, 0xff, 0xff, 0xff, 0xff, 0xff,
    0xff, 0xff, 0xff, 0xff, 0xff, 0xff, 0xff, 0xff, 0xff, 0xff, 0xff, 0xff,
    0xff, 0xff, 0xff, 0xff, 0xff, 0xff, 0xff, 0xff, 0xff, 0xff, 0xff, 0xff,
    0xff, 0xff, 0xff, 0xff, 0xff, 0xff, 0xff, 0xff, 0xff, 0xff, 0xff, 0xff,
    0xff, 0xff, 0xff, 0xff, 0xff, 0xff, 0xff, 0xff, 0xff, 0xff, 0xff, 0xff,
    0xff, 0xff, 0xff, 0xff, 0xff, 0xff, 0xff, 0xff, 0xff, 0xff, 0xff, 0xff,
    0xff, 0xff, 0xff, 0xff, 0xff, 0xff, 0xff, 0xff, 0xff, 0xff, 0xff, 0xff,
    0xff, 0xff, 0xff, 0xff, 0xff, 0xff, 0xff, 0xff, 0xff, 0xff, 0xff, 0xff,
    0xff, 0xff, 0xff, 0xff, 0xff, 0xff, 0xff, 0xff, 0xff, 0xff, 0xff, 0xff,
    0xff, 0xff, 0xff, 0xff, 0xff, 0xff, 0xff, 0xff, 0xff, 0xff, 0xdf, 0xff,
    0xdf, 0xff, 0xff, 0xff, 0x5c, 0xef, 0xb6, 0xb5, 0xd2, 0x9c, 0x79, 0xd6,
    0xff, 0xff, 0xff, 0xff, 0x9c, 0xf7, 0xfe, 0xff, 0xfa, 0xe6, 0xd1, 0xa4,
    0xb9, 0xde, 0xfe, 0xff, 0xdd, 0xff, 0xfe, 0xff, 0x3b, 0xef, 0x1a, 0xe7,
    0x3b, 0xef, 0xf6, 0xc5, 0x33, 0xad, 0x13, 0xad, 0xd2, 0xa4, 0xb5, 0xbd,
    0x99, 0xd6, 0xfb, 0xe6, 0x1b, 0xef, 0x7c, 0xf7, 0x7d, 0xf7, 0x1b, 0xe7,
    0xfb, 0xe6, 0xda, 0xe6, 0x99, 0xd6, 0x75, 0xb5, 0xd2, 0x9c, 0xb1, 0x9c,
    0xf2, 0xa4, 0x37, 0xce, 0x3b, 0xe7, 0xfe, 0xff, 0xdd, 0xff, 0xd9, 0xde,
    0x54, 0xad, 0x57, 0xce, 0xfe, 0xff, 0x7b, 0xf7, 0xfe, 0xff, 0x32, 0xad,
    0xd5, 0xbd, 0xfe, 0xff, 0xfd, 0xff, 0x53, 0xad, 0x4f, 0x8c, 0x37, 0xce,
    0x5c, 0xef, 0xff, 0xff, 0xff, 0xff, 0xfe, 0xff, 0xff, 0xff, 0xff, 0xff,
    0xff, 0xff, 0xff, 0xff, 0xff, 0xff, 0xff, 0xff, 0xff, 0xff, 0xff, 0xff,
    0xff, 0xff, 0xff, 0xff, 0xff, 0xff, 0xff, 0xff, 0xff, 0xff, 0xff, 0xff,
    0xff, 0xff, 0xff, 0xff, 0xff, 0xff, 0xff, 0xff, 0xff, 0xff, 0xff, 0xff,
    0xff, 0xff, 0xff, 0xff, 0xff, 0xff, 0xff, 0xff, 0xff, 0xff, 0xff, 0xff,
    0xff, 0xff, 0xff, 0xff, 0xff, 0xff, 0xff, 0xff, 0xff, 0xff, 0xff, 0xff,
    0xff, 0xff, 0xff, 0xff, 0xff, 0xff, 0xff, 0xff, 0xff, 0xff, 0xff, 0xff,
    0xff, 0xff, 0xff, 0xff, 0xff, 0xff, 0xff, 0xff, 0xff, 0xff, 0xff, 0xff,
    0xff, 0xff, 0xff, 0xff, 0xff, 0xff, 0xff, 0xff, 0xff, 0xff, 0xff, 0xff,
    0xff, 0xff, 0xff, 0xff, 0xff, 0xff, 0xff, 0xff, 0xff, 0xff, 0xff, 0xff,
    0xff, 0xff, 0xff, 0xff, 0xff, 0xff, 0xff, 0xff, 0xff, 0xff, 0xff, 0xff,
    0xff, 0xff, 0xff, 0xff, 0xff, 0xff, 0xff, 0xff, 0xff, 0xff, 0xff, 0xff,
    0xff, 0xff, 0xff, 0xff, 0xff, 0xff, 0xff, 0xff, 0xff, 0xff, 0xff, 0xff,
    0xff, 0xff, 0xff, 0xff, 0xff, 0xff, 0xff, 0xff, 0xff, 0xff, 0xff, 0xff,
    0xff, 0xff, 0xff, 0xff, 0xff, 0xff, 0xff, 0xff, 0xff, 0xff, 0xff, 0xff,
    0xff, 0xff, 0xff, 0xff, 0xff, 0xff, 0xff, 0xff, 0xff, 0xff, 0xff, 0xff,
    0xff, 0xff, 0xff, 0xff, 0xff, 0xff, 0xff, 0xff, 0xff, 0xff, 0xff, 0xff,
    0xff, 0xff, 0xff, 0xff, 0xff, 0xff, 0xdf, 0xff, 0xff, 0xff, 0xff, 0xff,
    0x3c, 0xef, 0x17, 0xc6, 0x30, 0x8c, 0xf6, 0xbd, 0x9d, 0xf7, 0xfe, 0xff,
    0x7c, 0xf7, 0x74, 0xb5, 0x94, 0xb5, 0xdd, 0xff, 0xfe, 0xff, 0xfe, 0xff,
    0xbd, 0xff, 0x53, 0xad, 0x91, 0x94, 0xd9, 0xde, 0xfe, 0xff, 0x7c, 0xf7,
    0x7c, 0xf7, 0x78, 0xce, 0xd6, 0xc5, 0x53, 0xad, 0xb2, 0x9c, 0x91, 0x9c,
    0x54, 0xad, 0x91, 0x94, 0xd2, 0x9c, 0xf2, 0xa4, 0xf2, 0xa4, 0xb5, 0xbd,
    0xb5, 0xbd, 0xfa, 0xe6, 0xde, 0xff, 0xde, 0xff, 0xfa, 0xe6, 0x74, 0xb5,
    0x9d, 0xff, 0xfe, 0xff, 0xde, 0xff, 0x98, 0xd6, 0xd1, 0xa4, 0x7c, 0xf7,
    0xfe, 0xff, 0xbc, 0xff, 0x36, 0xce, 0x3a, 0xef, 0x7c, 0xf7, 0xf2, 0xa4,
    0x0f, 0x84, 0x58, 0xd6, 0xbd, 0xff, 0xff, 0xff, 0xff, 0xff, 0xff, 0xff,
    0xff, 0xff, 0xff, 0xff, 0xff, 0xff, 0xff, 0xff, 0xff, 0xff, 0xff, 0xff,
    0xff, 0xff, 0xff, 0xff, 0xff, 0xff, 0xff, 0xff, 0xff, 0xff, 0xff, 0xff,
    0xff, 0xff, 0xff, 0xff, 0xff, 0xff, 0xff, 0xff, 0xff, 0xff, 0xff, 0xff,
    0xff, 0xff, 0xff, 0xff, 0xff, 0xff, 0xff, 0xff, 0xff, 0xff, 0xff, 0xff,
    0xff, 0xff, 0xff, 0xff, 0xff, 0xff, 0xff, 0xff, 0xff, 0xff, 0xff, 0xff,
    0xff, 0xff, 0xff, 0xff, 0xff, 0xff, 0xff, 0xff, 0xff, 0xff, 0xff, 0xff,
    0xff, 0xff, 0xff, 0xff, 0xff, 0xff, 0xff, 0xff, 0xff, 0xff, 0xff, 0xff,
    0xff, 0xff, 0xff, 0xff, 0xff, 0xff, 0xff, 0xff, 0xff, 0xff, 0xff, 0xff,
    0xff, 0xff, 0xff, 0xff, 0xff, 0xff, 0xff, 0xff, 0xff, 0xff, 0xff, 0xff,
    0xff, 0xff, 0xff, 0xff, 0xff, 0xff, 0xff, 0xff, 0xff, 0xff, 0xff, 0xff,
    0xff, 0xff, 0xff, 0xff, 0xff, 0xff, 0xff, 0xff, 0xff, 0xff, 0xff, 0xff,
    0xff, 0xff, 0xff, 0xff, 0xff, 0xff, 0xff, 0xff, 0xff, 0xff, 0xff, 0xff,
    0xff, 0xff, 0xff, 0xff, 0xff, 0xff, 0xff, 0xff, 0xff, 0xff, 0xff, 0xff,
    0xff, 0xff, 0xff, 0xff, 0xff, 0xff, 0xff, 0xff, 0xff, 0xff, 0xff, 0xff,
    0xff, 0xff, 0xff, 0xff, 0xff, 0xff, 0xff, 0xff, 0xff, 0xff, 0xff, 0xff,
    0xff, 0xff, 0xff, 0xff, 0xff, 0xff, 0xff, 0xff, 0xff, 0xff, 0xff, 0xff,
    0xff, 0xff, 0xff, 0xff, 0xff, 0xff, 0xff, 0xff, 0xff, 0xff, 0xff, 0xff,
    0xff, 0xff, 0xdf, 0xff, 0xff, 0xff, 0xff, 0xff, 0xff, 0xff, 0x38, 0xce,
    0x50, 0x8c, 0x34, 0xad, 0xbd, 0xff, 0xb9, 0xde, 0x33, 0xa5, 0xd9, 0xde,
    0xfe, 0xff, 0xfe, 0xff, 0xd9, 0xde, 0xb9, 0xde, 0x3a, 0xef, 0x16, 0xce,
    0xd5, 0xbd, 0xfe, 0xff, 0xfe, 0xff, 0xde, 0xff, 0x7c, 0xef, 0xd9, 0xde,
    0x3b, 0xef, 0x1a, 0xe7, 0x3b, 0xef, 0x9c, 0xf7, 0x7c, 0xf7, 0x5c, 0xf7,
    0x1a, 0xe7, 0xfa, 0xe6, 0x1b, 0xe7, 0x98, 0xd6, 0xfa, 0xe6, 0xff, 0xff,
    0xbd, 0xff, 0x17, 0xce, 0x90, 0x94, 0xfd, 0xff, 0xfe, 0xff, 0xbd, 0xff,
    0x7c, 0xf7, 0x12, 0xa5, 0x78, 0xd6, 0x5b, 0xef, 0x78, 0xd6, 0x1a, 0xe7,
    0xd9, 0xde, 0xd2, 0xa4, 0x91, 0x9c, 0x58, 0xce, 0xde, 0xff, 0xff, 0xff,
    0xff, 0xff, 0xff, 0xff, 0xff, 0xff, 0xff, 0xff, 0xff, 0xff, 0xff, 0xff,
    0xff, 0xff, 0xff, 0xff, 0xff, 0xff, 0xff, 0xff, 0xff, 0xff, 0xff, 0xff,
    0xff, 0xff, 0xff, 0xff, 0xff, 0xff, 0xff, 0xff, 0xff, 0xff, 0xff, 0xff,
    0xff, 0xff, 0xff, 0xff, 0xff, 0xff, 0xff, 0xff, 0xff, 0xff, 0xff, 0xff,
    0xff, 0xff, 0xff, 0xff, 0xff, 0xff, 0xff, 0xff, 0xff, 0xff, 0xff, 0xff,
    0xff, 0xff, 0xff, 0xff, 0xff, 0xff, 0xff, 0xff, 0xff, 0xff, 0xff, 0xff,
    0xff, 0xff, 0xff, 0xff, 0xff, 0xff, 0xff, 0xff, 0xff, 0xff, 0xff, 0xff,
    0xff, 0xff, 0xff, 0xff, 0xff, 0xff, 0xff, 0xff, 0xff, 0xff, 0xff, 0xff,
    0xff, 0xff, 0xff, 0xff, 0xff, 0xff, 0xff, 0xff, 0xff, 0xff, 0xff, 0xff,
    0xff, 0xff, 0xff, 0xff, 0xff, 0xff, 0xff, 0xff, 0xff, 0xff, 0xff, 0xff,
    0xff, 0xff, 0xff, 0xff, 0xff, 0xff, 0xff, 0xff, 0xff, 0xff, 0xff, 0xff,
    0xff, 0xff, 0xff, 0xff, 0xff, 0xff, 0xff, 0xff, 0xff, 0xff, 0xff, 0xff,
    0xff, 0xff, 0xff, 0xff, 0xff, 0xff, 0xff, 0xff, 0xff, 0xff, 0xff, 0xff,
    0xff, 0xff, 0xff, 0xff, 0xff, 0xff, 0xff, 0xff, 0xff, 0xff, 0xff, 0xff,
    0xff, 0xff, 0xff, 0xff, 0xff, 0xff, 0xff, 0xff, 0xff, 0xff, 0xff, 0xff,
    0xff, 0xff, 0xff, 0xff, 0xff, 0xff, 0xff, 0xff, 0xff, 0xff, 0xff, 0xff,
    0xff, 0xff, 0xff, 0xff, 0xff, 0xff, 0xff, 0xff, 0xff, 0xff, 0xff, 0xff,
    0xff, 0xff, 0xbf, 0xf7, 0xff, 0xff, 0xff, 0xff, 0xff, 0xff, 0xdf, 0xff,
    0xff, 0xff, 0xdf, 0xff, 0xff, 0xff, 0x99, 0xd6, 0xb2, 0x9c, 0x53, 0xad,
    0x57, 0xce, 0xf9, 0xde, 0xfd, 0xff, 0xdc, 0xff, 0x3a, 0xef, 0x57, 0xce,
    0xd5, 0xbd, 0x1a, 0xe7, 0x36, 0xc6, 0xd1, 0x9c, 0xfe, 0xff, 0xfe, 0xff,
    0xfe, 0xff, 0xb9, 0xde, 0xd1, 0x9c, 0xda, 0xde, 0xfa, 0xe6, 0xb9, 0xde,
    0xf6, 0xc5, 0xfe, 0xff, 0xd6, 0xc5, 0x54, 0xad, 0x1b, 0xef, 0x7c, 0xf7,
    0x58, 0xd6, 0xd2, 0xa4, 0xfa, 0xe6, 0xfe, 0xff, 0xdd, 0xff, 0xf1, 0xa4,
    0xd9, 0xde, 0xfe, 0xff, 0xfe, 0xff, 0xfe, 0xff, 0xd5, 0xbd, 0x32, 0xad,
    0x7b, 0xf7, 0x98, 0xd6, 0xf6, 0xc5, 0xb1, 0x9c, 0xd1, 0x9c, 0xda, 0xe6,
    0xff, 0xff, 0xfe, 0xff, 0xff, 0xff, 0xde, 0xff, 0xff, 0xff, 0xff, 0xff,
    0xff, 0xff, 0xff, 0xff, 0xff, 0xff, 0xff, 0xff, 0xff, 0xff, 0xff, 0xff,
    0xff, 0xff, 0xff, 0xff, 0xff, 0xff, 0xff, 0xff, 0xff, 0xff, 0xff, 0xff,
    0xff, 0xff, 0xff, 0xff, 0xff, 0xff, 0xff, 0xff, 0xff, 0xff, 0xff, 0xff,
    0xff, 0xff, 0xff, 0xff, 0xff, 0xff, 0xff, 0xff, 0xff, 0xff, 0xff, 0xff,
    0xff, 0xff, 0xff, 0xff, 0xff, 0xff, 0xff, 0xff, 0xff, 0xff, 0xff, 0xff,
    0xff, 0xff, 0xff, 0xff, 0xff, 0xff, 0xff, 0xff, 0xff, 0xff, 0xff, 0xff,
    0xff, 0xff, 0xff, 0xff, 0xff, 0xff, 0xff, 0xff, 0xff, 0xff, 0xff, 0xff,
    0xff, 0xff, 0xff, 0xff, 0xff, 0xff, 0xff, 0xff, 0xff, 0xff, 0xff, 0xff,
    0xff, 0xff, 0xff, 0xff, 0xff, 0xff, 0xff, 0xff, 0xff, 0xff, 0xff, 0xff,
    0xff, 0xff, 0xff, 0xff, 0xff, 0xff, 0xff, 0xff, 0xff, 0xff, 0xff, 0xff,
    0xff, 0xff, 0xff, 0xff, 0xff, 0xff, 0xff, 0xff, 0xff, 0xff, 0xff, 0xff,
    0xff, 0xff, 0xff, 0xff, 0xff, 0xff, 0xff, 0xff, 0xff, 0xff, 0xff, 0xff,
    0xff, 0xff, 0xff, 0xff, 0xff, 0xff, 0xff, 0xff, 0xff, 0xff, 0xff, 0xff,
    0xff, 0xff, 0xff, 0xff, 0xff, 0xff, 0xff, 0xff, 0xff, 0xff, 0xff, 0xff,
    0xff, 0xff, 0xff, 0xff, 0xff, 0xff, 0xff, 0xff, 0xff, 0xff, 0xff, 0xff,
    0xff, 0xff, 0xff, 0xff, 0xff, 0xff, 0xff, 0xff, 0xff, 0xff, 0xff, 0xff,
    0xff, 0xff, 0xff, 0xff, 0xff, 0xff, 0xff, 0xff, 0xff, 0xff, 0xff, 0xff,
    0xff, 0xff, 0xdf, 0xff, 0xff, 0xff, 0xff, 0xff, 0xbe, 0xf7, 0x9e, 0xf7,
    0xff, 0xff, 0xb9, 0xd6, 0x13, 0xa5, 0x13, 0xad, 0xf5, 0xbd, 0xf9, 0xe6,
    0x3a, 0xef, 0xd5, 0xbd, 0x9c, 0xf7, 0x5b, 0xef, 0xf9, 0xde, 0x74, 0xb5,
    0x6f, 0x94, 0xfe, 0xff, 0xbd, 0xff, 0xfe, 0xff, 0xd9, 0xde, 0x33, 0xad,
    0xfe, 0xff, 0xfe, 0xff, 0xdd, 0xff, 0xd1, 0x9c, 0x98, 0xd6, 0x99, 0xd6,
    0x74, 0xb5, 0xde, 0xff, 0xfe, 0xff, 0x1a, 0xe7, 0xb5, 0xbd, 0x5b, 0xef,
    0xfe, 0xff, 0xfe, 0xff, 0x12, 0xad, 0xd5, 0xbd, 0xfe, 0xff, 0xdd, 0xff,
    0xbc, 0xff, 0xd9, 0xe6, 0x77, 0xd6, 0xd9, 0xe6, 0x53, 0xb5, 0xf2, 0xa4,
    0x74, 0xb5, 0xfa, 0xe6, 0xde, 0xff, 0xff, 0xff, 0xff, 0xff, 0xff, 0xff,
    0xff, 0xff, 0xff, 0xff, 0xff, 0xff, 0xff, 0xff, 0xff, 0xff, 0xff, 0xff,
    0xff, 0xff, 0xff, 0xff, 0xff, 0xff, 0xff, 0xff, 0xff, 0xff, 0xff, 0xff,
    0xff, 0xff, 0xff, 0xff, 0xff, 0xff, 0xff, 0xff, 0xff, 0xff, 0xff, 0xff,
    0xff, 0xff, 0xff, 0xff, 0xff, 0xff, 0xff, 0xff, 0xff, 0xff, 0xff, 0xff,
    0xff, 0xff, 0xff, 0xff, 0xff, 0xff, 0xff, 0xff, 0xff, 0xff, 0xff, 0xff,
    0xff, 0xff, 0xff, 0xff, 0xff, 0xff, 0xff, 0xff, 0xff, 0xff, 0xff, 0xff,
    0xff, 0xff, 0xff, 0xff, 0xff, 0xff, 0xff, 0xff, 0xff, 0xff, 0xff, 0xff,
    0xff, 0xff, 0xff, 0xff, 0xff, 0xff, 0xff, 0xff, 0xff, 0xff, 0xff, 0xff,
    0xff, 0xff, 0xff, 0xff, 0xff, 0xff, 0xff, 0xff, 0xff, 0xff, 0xff, 0xff,
    0xff, 0xff, 0xff, 0xff, 0xff, 0xff, 0xff, 0xff, 0xff, 0xff, 0xff, 0xff,
    0xff, 0xff, 0xff, 0xff, 0xff, 0xff, 0xff, 0xff, 0xff, 0xff, 0xff, 0xff,
    0xff, 0xff, 0xff, 0xff, 0xff, 0xff, 0xff, 0xff, 0xff, 0xff, 0xff, 0xff,
    0xff, 0xff, 0xff, 0xff, 0xff, 0xff, 0xff, 0xff, 0xff, 0xff, 0xff, 0xff,
    0xff, 0xff, 0xff, 0xff, 0xff, 0xff, 0xff, 0xff, 0xff, 0xff, 0xff, 0xff,
    0xff, 0xff, 0xff, 0xff, 0xff, 0xff, 0xff, 0xff, 0xff, 0xff, 0xff, 0xff,
    0xff, 0xff, 0xff, 0xff, 0xff, 0xff, 0xff, 0xff, 0xff, 0xff, 0xff, 0xff,
    0xff, 0xff, 0xff, 0xff, 0xff, 0xff, 0xff, 0xff, 0xff, 0xff, 0xff, 0xff,
    0xff, 0xff, 0xff, 0xff, 0xff, 0xff, 0xff, 0xff, 0xdf, 0xff, 0xff, 0xff,
    0xff, 0xff, 0xff, 0xff, 0xff, 0xff, 0xff, 0xff, 0xff, 0xff, 0xfe, 0xff,
    0x17, 0xce, 0x90, 0x94, 0x32, 0xa5, 0x36, 0xce, 0x5b, 0xef, 0xfd, 0xff,
    0xfd, 0xff, 0xdd, 0xff, 0xf9, 0xde, 0xf1, 0xa4, 0x7b, 0xf7, 0xfe, 0xff,
    0xdd, 0xff, 0x57, 0xce, 0x53, 0xad, 0x9c, 0xf7, 0xde, 0xff, 0xfe, 0xff,
    0x12, 0xa5, 0x78, 0xd6, 0x58, 0xd6, 0x90, 0x9c, 0xb9, 0xde, 0x98, 0xd6,
    0x77, 0xd6, 0x1a, 0xe7, 0xfe, 0xff, 0xdd, 0xff, 0xfe, 0xff, 0x37, 0xce,
    0x53, 0xad, 0xd9, 0xe6, 0xbc, 0xff, 0xfe, 0xff, 0x5b, 0xef, 0xb4, 0xbd,
    0x2f, 0x8c, 0xd1, 0x9c, 0x58, 0xd6, 0x7c, 0xf7, 0xff, 0xff, 0xfe, 0xff,
    0xff, 0xff, 0xbe, 0xff, 0xff, 0xff, 0xff, 0xff, 0xff, 0xff, 0xff, 0xff,
    0xff, 0xff, 0xff, 0xff, 0xff, 0xff, 0xff, 0xff, 0xff, 0xff, 0xff, 0xff,
    0xff, 0xff, 0xff, 0xff, 0xff, 0xff, 0xff, 0xff, 0xff, 0xff, 0xff, 0xff,
    0xff, 0xff, 0xff, 0xff, 0xff, 0xff, 0xff, 0xff, 0xff, 0xff, 0xff, 0xff,
    0xff, 0xff, 0xff, 0xff, 0xff, 0xff, 0xff, 0xff, 0xff, 0xff, 0xff, 0xff,
    0xff, 0xff, 0xff, 0xff, 0xff, 0xff, 0xff, 0xff, 0xff, 0xff, 0xff, 0xff,
    0xff, 0xff, 0xff, 0xff, 0xff, 0xff, 0xff, 0xff, 0xff, 0xff, 0xff, 0xff,
    0xff, 0xff, 0xff, 0xff, 0xff, 0xff, 0xff, 0xff, 0xff, 0xff, 0xff, 0xff,
    0xff, 0xff, 0xff, 0xff, 0xff, 0xff, 0xff, 0xff, 0xff, 0xff, 0xff, 0xff,
    0xff, 0xff, 0xff, 0xff, 0xff, 0xff, 0xff, 0xff, 0xff, 0xff, 0xff, 0xff,
    0xff, 0xff, 0xff, 0xff, 0xff, 0xff, 0xff, 0xff, 0xff, 0xff, 0xff, 0xff,
    0xff, 0xff, 0xff, 0xff, 0xff, 0xff, 0xff, 0xff, 0xff, 0xff, 0xff, 0xff,
    0xff, 0xff, 0xff, 0xff, 0xff, 0xff, 0xff, 0xff, 0xff, 0xff, 0xff, 0xff,
    0xff, 0xff, 0xff, 0xff, 0xff, 0xff, 0xff, 0xff, 0xff, 0xff, 0xff, 0xff,
    0xff, 0xff, 0xff, 0xff, 0xff, 0xff, 0xff, 0xff, 0xff, 0xff, 0xff, 0xff,
    0xff, 0xff, 0xff, 0xff, 0xff, 0xff, 0xff, 0xff, 0xff, 0xff, 0xff, 0xff,
    0xff, 0xff, 0xff, 0xff, 0xff, 0xff, 0xff, 0xff, 0xff, 0xff, 0xff, 0xff,
    0xff, 0xff, 0xff, 0xff, 0xff, 0xff, 0xff, 0xff, 0xff, 0xff, 0xff, 0xff,
    0xff, 0xff, 0xff, 0xff, 0xff, 0xff, 0xdf, 0xff, 0xff, 0xff, 0xff, 0xff,
    0xff, 0xff, 0xff, 0xff, 0xff, 0xff, 0xfe, 0xff, 0x7c, 0xf7, 0xf5, 0xbd,
    0x6f, 0x94, 0xb0, 0x94, 0x36, 0xce, 0xbc, 0xff, 0xbc, 0xff, 0x3b, 0xef,
    0x12, 0xa5, 0x78, 0xce, 0xfe, 0xff, 0xfe, 0xff, 0xb4, 0xb5, 0xf5, 0xbd,
    0xfe, 0xff, 0xfd, 0xff, 0x9c, 0xf7, 0xd1, 0x9c, 0x98, 0xd6, 0xfa, 0xe6,
    0xb0, 0x9c, 0x78, 0xd6, 0xf6, 0xc5, 0xb1, 0xa4, 0xb4, 0xbd, 0xf9, 0xe6,
    0xbd, 0xff, 0xdd, 0xff, 0x1a, 0xe7, 0xf6, 0xc5, 0x3a, 0xef, 0xf9, 0xe6,
    0xb4, 0xbd, 0x90, 0x9c, 0x4f, 0x94, 0x17, 0xc6, 0x5c, 0xef, 0xfe, 0xff,
    0xde, 0xff, 0xff, 0xff, 0x9d, 0xff, 0xff, 0xff, 0xff, 0xff, 0xff, 0xff,
    0xff, 0xff, 0xff, 0xff, 0xff, 0xff, 0xff, 0xff, 0xff, 0xff, 0xff, 0xff,
    0xff, 0xff, 0xff, 0xff, 0xff, 0xff, 0xff, 0xff, 0xff, 0xff, 0xff, 0xff,
    0xff, 0xff, 0xff, 0xff, 0xff, 0xff, 0xff, 0xff, 0xff, 0xff, 0xff, 0xff,
    0xff, 0xff, 0xff, 0xff, 0xff, 0xff, 0xff, 0xff, 0xff, 0xff, 0xff, 0xff,
    0xff, 0xff, 0xff, 0xff, 0xff, 0xff, 0xff, 0xff, 0xff, 0xff, 0xff, 0xff,
    0xff, 0xff, 0xff, 0xff, 0xff, 0xff, 0xff, 0xff, 0xff, 0xff, 0xff, 0xff,
    0xff, 0xff, 0xff, 0xff, 0xff, 0xff, 0xff, 0xff, 0xff, 0xff, 0xff, 0xff,
    0xff, 0xff, 0xff, 0xff, 0xff, 0xff, 0xff, 0xff, 0xff, 0xff, 0xff, 0xff,
    0xff, 0xff, 0xff, 0xff, 0xff, 0xff, 0xff, 0xff, 0xff, 0xff, 0xff, 0xff,
    0xff, 0xff, 0xff, 0xff, 0xff, 0xff, 0xff, 0xff, 0xff, 0xff, 0xff, 0xff,
    0xff, 0xff, 0xff, 0xff, 0xff, 0xff, 0xff, 0xff, 0xff, 0xff, 0xff, 0xff,
    0xff, 0xff, 0xff, 0xff, 0xff, 0xff, 0xff, 0xff, 0xff, 0xff, 0xff, 0xff,
    0xff, 0xff, 0xff, 0xff, 0xff, 0xff, 0xff, 0xff, 0xff, 0xff, 0xff, 0xff,
    0xff, 0xff, 0xff, 0xff, 0xff, 0xff, 0xff, 0xff, 0xff, 0xff, 0xff, 0xff,
    0xff, 0xff, 0xff, 0xff, 0xff, 0xff, 0xff, 0xff, 0xff, 0xff, 0xff, 0xff,
    0xff, 0xff, 0xff, 0xff, 0xff, 0xff, 0xff, 0xff, 0xff, 0xff, 0xff, 0xff,
    0xff, 0xff, 0xff, 0xff, 0xff, 0xff, 0xff, 0xff, 0xff, 0xff, 0xff, 0xff,
    0xff, 0xff, 0xff, 0xff, 0xff, 0xff, 0xff, 0xff, 0xff, 0xff, 0xff, 0xff,
    0xff, 0xff, 0xff, 0xff, 0xff, 0xff, 0xff, 0xff, 0xff, 0xff, 0xff, 0xff,
    0xff, 0xff, 0xfe, 0xff, 0xdd, 0xff, 0x9c, 0xf7, 0xd5, 0xbd, 0xd0, 0x9c,
    0x90, 0x94, 0x94, 0xb5, 0xb9, 0xde, 0x1b, 0xe7, 0x7c, 0xef, 0xfd, 0xff,
    0xf9, 0xde, 0x73, 0xad, 0x56, 0xce, 0x9b, 0xf7, 0x39, 0xe7, 0x93, 0xb5,
    0x73, 0xb5, 0xdc, 0xff, 0xb8, 0xe6, 0xf0, 0xac, 0x5b, 0xff, 0xdc, 0xff,
    0xf9, 0xee, 0x16, 0xd6, 0xd5, 0xc5, 0x98, 0xe6, 0xbc, 0xff, 0x1a, 0xf7,
    0x37, 0xd6, 0x33, 0xb5, 0x90, 0x9c, 0xd1, 0xa4, 0xd5, 0xcd, 0xda, 0xe6,
    0xfe, 0xff, 0xff, 0xff, 0xff, 0xff, 0xff, 0xff, 0xff, 0xff, 0xff, 0xff,
    0xff, 0xff, 0xff, 0xff, 0xff, 0xff, 0xff, 0xff, 0xff, 0xff, 0xff, 0xff,
    0xff, 0xff, 0xff, 0xff, 0xff, 0xff, 0xff, 0xff, 0xff, 0xff, 0xff, 0xff,
    0xff, 0xff, 0xff, 0xff, 0xff, 0xff, 0xff, 0xff, 0xff, 0xff, 0xff, 0xff,
    0xff, 0xff, 0xff, 0xff, 0xff, 0xff, 0xff, 0xff, 0xff, 0xff, 0xff, 0xff,
    0xff, 0xff, 0xff, 0xff, 0xff, 0xff, 0xff, 0xff, 0xff, 0xff, 0xff, 0xff,
    0xff, 0xff, 0xff, 0xff, 0xff, 0xff, 0xff, 0xff, 0xff, 0xff, 0xff, 0xff,
    0xff, 0xff, 0xff, 0xff, 0xff, 0xff, 0xff, 0xff, 0xff, 0xff, 0xff, 0xff,
    0xff, 0xff, 0xff, 0xff, 0xff, 0xff, 0xff, 0xff, 0xff, 0xff, 0xff, 0xff,
    0xff, 0xff, 0xff, 0xff, 0xff, 0xff, 0xff, 0xff, 0xff, 0xff, 0xff, 0xff,
    0xff, 0xff, 0xff, 0xff, 0xff, 0xff, 0xff, 0xff, 0xff, 0xff, 0xff, 0xff,
    0xff, 0xff, 0xff, 0xff, 0xff, 0xff, 0xff, 0xff, 0xff, 0xff, 0xff, 0xff,
    0xff, 0xff, 0xff, 0xff, 0xff, 0xff, 0xff, 0xff, 0xff, 0xff, 0xff, 0xff,
    0xff, 0xff, 0xff, 0xff, 0xff, 0xff, 0xff, 0xff, 0xff, 0xff, 0xff, 0xff,
    0xff, 0xff, 0xff, 0xff, 0xff, 0xff, 0xff, 0xff, 0xff, 0xff, 0xff, 0xff,
    0xff, 0xff, 0xff, 0xff, 0xff, 0xff, 0xff, 0xff, 0xff, 0xff, 0xff, 0xff,
    0xff, 0xff, 0xff, 0xff, 0xff, 0xff, 0xff, 0xff, 0xff, 0xff, 0xff, 0xff,
    0xff, 0xff, 0xff, 0xff, 0xff, 0xff, 0xff, 0xff, 0xff, 0xff, 0xff, 0xff,
    0xff, 0xff, 0xff, 0xff, 0xff, 0xff, 0xff, 0xff, 0xff, 0xff, 0xff, 0xff,
    0xff, 0xff, 0xff, 0xff, 0xff, 0xff, 0xff, 0xff, 0xff, 0xff, 0xff, 0xff,
    0xff, 0xff, 0xff, 0xff, 0xff, 0xff, 0xff, 0xff, 0xff, 0xff, 0xfe, 0xff,
    0xde, 0xff, 0xfe, 0xff, 0x5b, 0xf7, 0x37, 0xce, 0x54, 0xad, 0x91, 0x94,
    0x91, 0x94, 0x75, 0xad, 0x78, 0xce, 0xf9, 0xde, 0x3a, 0xe7, 0x39, 0xe7,
    0x19, 0xe7, 0xf8, 0xde, 0x19, 0xe7, 0xbc, 0xff, 0xfd, 0xff, 0xb8, 0xde,
    0x15, 0xce, 0xfd, 0xff, 0xfd, 0xff, 0x5b, 0xf7, 0x19, 0xef, 0x57, 0xd6,
    0x16, 0xce, 0x53, 0xb5, 0xb1, 0xa4, 0x70, 0x9c, 0xf3, 0xac, 0x17, 0xd6,
    0x3b, 0xef, 0xbe, 0xff, 0xff, 0xff, 0xff, 0xff, 0xff, 0xff, 0xff, 0xff,
    0xff, 0xff, 0xff, 0xff, 0xff, 0xff, 0xff, 0xff, 0xff, 0xff, 0xff, 0xff,
    0xff, 0xff, 0xff, 0xff, 0xff, 0xff, 0xff, 0xff, 0xff, 0xff, 0xff, 0xff,
    0xff, 0xff, 0xff, 0xff, 0xff, 0xff, 0xff, 0xff, 0xff, 0xff, 0xff, 0xff,
    0xff, 0xff, 0xff, 0xff, 0xff, 0xff, 0xff, 0xff, 0xff, 0xff, 0xff, 0xff,
    0xff, 0xff, 0xff, 0xff, 0xff, 0xff, 0xff, 0xff, 0xff, 0xff, 0xff, 0xff,
    0xff, 0xff, 0xff, 0xff, 0xff, 0xff, 0xff, 0xff, 0xff, 0xff, 0xff, 0xff,
    0xff, 0xff, 0xff, 0xff, 0xff, 0xff, 0xff, 0xff, 0xff, 0xff, 0xff, 0xff,
    0xff, 0xff, 0xff, 0xff, 0xff, 0xff, 0xff, 0xff, 0xff, 0xff, 0xff, 0xff,
    0xff, 0xff, 0xff, 0xff, 0xff, 0xff, 0xff, 0xff, 0xff, 0xff, 0xff, 0xff,
    0xff, 0xff, 0xff, 0xff, 0xff, 0xff, 0xff, 0xff, 0xff, 0xff, 0xff, 0xff,
    0xff, 0xff, 0xff, 0xff, 0xff, 0xff, 0xff, 0xff, 0xff, 0xff, 0xff, 0xff,
    0xff, 0xff, 0xff, 0xff, 0xff, 0xff, 0xff, 0xff, 0xff, 0xff, 0xff, 0xff,
    0xff, 0xff, 0xff, 0xff, 0xff, 0xff, 0xff, 0xff, 0xff, 0xff, 0xff, 0xff,
    0xff, 0xff, 0xff, 0xff, 0xff, 0xff, 0xff, 0xff, 0xff, 0xff, 0xff, 0xff,
    0xff, 0xff, 0xff, 0xff, 0xff, 0xff, 0xff, 0xff, 0xff, 0xff, 0xff, 0xff,
    0xff, 0xff, 0xff, 0xff, 0xff, 0xff, 0xff, 0xff, 0xff, 0xff, 0xff, 0xff,
    0xff, 0xff, 0xff, 0xff, 0xff, 0xff, 0xff, 0xff, 0xff, 0xff, 0xff, 0xff,
    0xff, 0xff, 0xff, 0xff, 0xff, 0xff, 0xff, 0xff, 0xff, 0xff, 0xff, 0xff,
    0xff, 0xff, 0xff, 0xff, 0xff, 0xff, 0xff, 0xff, 0xff, 0xff, 0xff, 0xff,
    0xff, 0xff, 0xff, 0xff, 0xff, 0xff, 0xff, 0xff, 0xff, 0xff, 0xff, 0xff,
    0xff, 0xff, 0xff, 0xff, 0xff, 0xff, 0xff, 0xff, 0x9d, 0xff, 0xfe, 0xff,
    0xff, 0xff, 0x9e, 0xff, 0xdb, 0xde, 0x18, 0xc6, 0x55, 0xad, 0xd3, 0x9c,
    0x30, 0x84, 0x13, 0xa5, 0xf1, 0xa4, 0x32, 0xa5, 0x74, 0xb5, 0x94, 0xbd,
    0x37, 0xce, 0x74, 0xbd, 0x16, 0xc6, 0xb5, 0xb5, 0xd5, 0xbd, 0xf2, 0x9c,
    0xb1, 0x94, 0xf2, 0x9c, 0x13, 0xa5, 0xf2, 0x9c, 0x34, 0xad, 0x17, 0xc6,
    0x3c, 0xe7, 0xff, 0xff, 0xff, 0xff, 0xdf, 0xff, 0xff, 0xff, 0xff, 0xff,
    0xff, 0xff, 0xff, 0xff, 0xff, 0xff, 0xff, 0xff, 0xff, 0xff, 0xff, 0xff,
    0xff, 0xff, 0xff, 0xff, 0xff, 0xff, 0xff, 0xff, 0xff, 0xff, 0xff, 0xff,
    0xff, 0xff, 0xff, 0xff, 0xff, 0xff, 0xff, 0xff, 0xff, 0xff, 0xff, 0xff,
    0xff, 0xff, 0xff, 0xff, 0xff, 0xff, 0xff, 0xff, 0xff, 0xff, 0xff, 0xff,
    0xff, 0xff, 0xff, 0xff, 0xff, 0xff, 0xff, 0xff, 0xff, 0xff, 0xff, 0xff,
    0xff, 0xff, 0xff, 0xff, 0xff, 0xff, 0xff, 0xff, 0xff, 0xff, 0xff, 0xff,
    0xff, 0xff, 0xff, 0xff, 0xff, 0xff, 0xff, 0xff, 0xff, 0xff, 0xff, 0xff,
    0xff, 0xff, 0xff, 0xff, 0xff, 0xff, 0xff, 0xff, 0xff, 0xff, 0xff, 0xff,
    0xff, 0xff, 0xff, 0xff, 0xff, 0xff, 0xff, 0xff, 0xff, 0xff, 0xff, 0xff,
    0xff, 0xff, 0xff, 0xff, 0xff, 0xff, 0xff, 0xff, 0xff, 0xff, 0xff, 0xff,
    0xff, 0xff, 0xff, 0xff, 0xff, 0xff, 0xff, 0xff, 0xff, 0xff, 0xff, 0xff,
    0xff, 0xff, 0xff, 0xff, 0xff, 0xff, 0xff, 0xff, 0xff, 0xff, 0xff, 0xff,
    0xff, 0xff, 0xff, 0xff, 0xff, 0xff, 0xff, 0xff, 0xff, 0xff, 0xff, 0xff,
    0xff, 0xff, 0xff, 0xff, 0xff, 0xff, 0xff, 0xff, 0xff, 0xff, 0xff, 0xff,
    0xff, 0xff, 0xff, 0xff, 0xff, 0xff, 0xff, 0xff, 0xff, 0xff, 0xff, 0xff,
    0xff, 0xff, 0xff, 0xff, 0xff, 0xff, 0xff, 0xff, 0xff, 0xff, 0xff, 0xff,
    0xff, 0xff, 0xff, 0xff, 0xff, 0xff, 0xff, 0xff, 0xff, 0xff, 0xff, 0xff,
    0xff, 0xff, 0xff, 0xff, 0xff, 0xff, 0xff, 0xff, 0xff, 0xff, 0xff, 0xff,
    0xff, 0xff, 0xff, 0xff, 0xff, 0xff, 0xff, 0xff, 0xff, 0xff, 0xff, 0xff,
    0xff, 0xff, 0xff, 0xff, 0xff, 0xff, 0xff, 0xff, 0xff, 0xff, 0xff, 0xff,
    0xff, 0xff, 0xff, 0xff, 0xff, 0xff, 0xff, 0xff, 0xff, 0xff, 0xff, 0xff,
    0xff, 0xff, 0xff, 0xff, 0xff, 0xff, 0xdf, 0xff, 0xbf, 0xff, 0xff, 0xff,
    0xff, 0xff, 0x9f, 0xff, 0x1c, 0xef, 0x1c, 0xef, 0xb9, 0xde, 0xb5, 0xbd,
    0x74, 0xbd, 0x33, 0xad, 0xb2, 0xa4, 0xf3, 0xac, 0x13, 0xad, 0x34, 0xa5,
    0x33, 0xa5, 0x34, 0xa5, 0x95, 0xb5, 0x38, 0xc6, 0x79, 0xce, 0x1b, 0xdf,
    0x7d, 0xef, 0xbf, 0xf7, 0xff, 0xff, 0xff, 0xff, 0xff, 0xff, 0xff, 0xff,
    0xff, 0xff, 0xff, 0xff, 0xff, 0xff, 0xff, 0xff, 0xff, 0xff, 0xff, 0xff,
    0xff, 0xff, 0xff, 0xff, 0xff, 0xff, 0xff, 0xff, 0xff, 0xff, 0xff, 0xff,
    0xff, 0xff, 0xff, 0xff, 0xff, 0xff, 0xff, 0xff, 0xff, 0xff, 0xff, 0xff,
    0xff, 0xff, 0xff, 0xff, 0xff, 0xff, 0xff, 0xff, 0xff, 0xff, 0xff, 0xff,
    0xff, 0xff, 0xff, 0xff, 0xff, 0xff, 0xff, 0xff, 0xff, 0xff, 0xff, 0xff,
    0xff, 0xff, 0xff, 0xff, 0xff, 0xff, 0xff, 0xff, 0xff, 0xff, 0xff, 0xff,
    0xff, 0xff, 0xff, 0xff, 0xff, 0xff, 0xff, 0xff, 0xff, 0xff, 0xff, 0xff,
    0xff, 0xff, 0xff, 0xff, 0xff, 0xff, 0xff, 0xff, 0xff, 0xff, 0xff, 0xff,
    0xff, 0xff, 0xff, 0xff, 0xff, 0xff, 0xff, 0xff, 0xff, 0xff, 0xff, 0xff,
    0xff, 0xff, 0xff, 0xff, 0xff, 0xff, 0xff, 0xff, 0xff, 0xff, 0xff, 0xff,
    0xff, 0xff, 0xff, 0xff, 0xff, 0xff, 0xff, 0xff, 0xff, 0xff, 0xff, 0xff,
    0xff, 0xff, 0xff, 0xff, 0xff, 0xff, 0xff, 0xff, 0xff, 0xff, 0xff, 0xff,
    0xff, 0xff, 0xff, 0xff, 0xff, 0xff, 0xff, 0xff, 0xff, 0xff, 0xff, 0xff,
    0xff, 0xff, 0xff, 0xff, 0xff, 0xff, 0xff, 0xff, 0xff, 0xff, 0xff, 0xff,
    0xff, 0xff, 0xff, 0xff, 0xff, 0xff, 0xff, 0xff, 0xff, 0xff, 0xff, 0xff,
    0xff, 0xff, 0xff, 0xff, 0xff, 0xff, 0xff, 0xff, 0xff, 0xff, 0xff, 0xff,
    0xff, 0xff, 0xff, 0xff, 0xff, 0xff, 0xff, 0xff, 0xff, 0xff, 0xff, 0xff,
    0xdf, 0xff, 0xff, 0xff, 0xff, 0xff, 0xff, 0xff, 0xdf, 0xff, 0xff, 0xff,
    0xff, 0xff, 0xff, 0xff, 0xff, 0xff, 0xff, 0xff, 0xff, 0xff, 0xff, 0xff,
    0xff, 0xff, 0xff, 0xff, 0xff, 0xff, 0xff, 0xff, 0xff, 0xff, 0xff, 0xff,
    0xff, 0xff, 0xff, 0xff, 0xff, 0xff, 0xff, 0xff, 0xff, 0xff, 0xff, 0xff,
    0xdf, 0xff, 0xdf, 0xff, 0xff, 0xff, 0xff, 0xff, 0xde, 0xff, 0xde, 0xff,
    0xff, 0xff, 0xff, 0xff, 0xff, 0xff, 0xff, 0xff, 0xff, 0xff, 0xff, 0xff,
    0xbe, 0xff, 0xbe, 0xff, 0xff, 0xff, 0xde, 0xff, 0xfe, 0xff, 0xff, 0xff,
    0x7d, 0xff, 0x7d, 0xf7, 0xbe, 0xff, 0xff, 0xff, 0xde, 0xf7, 0xff, 0xff,
    0xff, 0xff, 0xff, 0xff, 0xff, 0xff, 0xff, 0xff, 0xff, 0xff, 0xff, 0xff,
    0x9e, 0xef, 0x9f, 0xf7, 0xff, 0xff, 0xff, 0xff, 0xff, 0xff, 0xff, 0xff,
    0xff, 0xff, 0xff, 0xff, 0xff, 0xff, 0xff, 0xff, 0xff, 0xff, 0xff, 0xff,
    0xff, 0xff, 0xff, 0xff, 0xff, 0xff, 0xff, 0xff, 0xff, 0xff, 0xff, 0xff,
    0xff, 0xff, 0xff, 0xff, 0xff, 0xff, 0xff, 0xff, 0xff, 0xff, 0xff, 0xff,
    0xff, 0xff, 0xff, 0xff, 0xff, 0xff, 0xff, 0xff, 0xff, 0xff, 0xff, 0xff,
    0xff, 0xff, 0xff, 0xff, 0xff, 0xff, 0xff, 0xff, 0xff, 0xff, 0xff, 0xff,
    0xff, 0xff, 0xff, 0xff, 0xff, 0xff, 0xff, 0xff, 0xff, 0xff, 0xff, 0xff,
    0xff, 0xff, 0xff, 0xff, 0xff, 0xff, 0xff, 0xff, 0xff, 0xff, 0xff, 0xff,
    0xff, 0xff, 0xff, 0xff, 0xff, 0xff, 0xff, 0xff, 0xff, 0xff, 0xff, 0xff,
    0xff, 0xff, 0xff, 0xff, 0xff, 0xff, 0xff, 0xff, 0xff, 0xff, 0xff, 0xff,
    0xff, 0xff, 0xff, 0xff, 0xff, 0xff, 0xff, 0xff, 0xff, 0xff, 0xff, 0xff,
    0xff, 0xff, 0xff, 0xff, 0xff, 0xff, 0xff, 0xff, 0xff, 0xff, 0xff, 0xff,
    0xff, 0xff, 0xff, 0xff, 0xff, 0xff, 0xff, 0xff, 0xff, 0xff, 0xff, 0xff,
    0xff, 0xff, 0xff, 0xff, 0xff, 0xff, 0xff, 0xff, 0xff, 0xff, 0xff, 0xff,
    0xff, 0xff, 0xff, 0xff, 0xff, 0xff, 0xff, 0xff, 0xff, 0xff, 0xff, 0xff,
    0xff, 0xff, 0xff, 0xff, 0xff, 0xff, 0xff, 0xff, 0xff, 0xff, 0xff, 0xff,
    0xff, 0xff, 0xff, 0xff, 0xff, 0xff, 0xff, 0xff, 0xff, 0xff, 0xff, 0xff,
    0xff, 0xff, 0xff, 0xff, 0xff, 0xff, 0xff, 0xff, 0xff, 0xff, 0xff, 0xff,
    0xff, 0xff, 0xff, 0xff, 0xff, 0xff, 0xff, 0xff, 0xff, 0xff, 0xff, 0xff,
    0xff, 0xff, 0xff, 0xff, 0xff, 0xff, 0xff, 0xff, 0xff, 0xff, 0xff, 0xff,
    0xff, 0xff, 0xff, 0xff, 0xff, 0xff, 0xff, 0xff, 0xff, 0xff, 0xff, 0xff,
    0xff, 0xff, 0xff, 0xff, 0xff, 0xff, 0xff, 0xff, 0xff, 0xff, 0xff, 0xff,
    0xff, 0xff, 0xff, 0xff, 0xfe, 0xff, 0xfe, 0xff, 0xff, 0xff, 0xbe, 0xff,
    0x9e, 0xff, 0xbf, 0xff, 0xff, 0xff, 0xff, 0xff, 0xde, 0xff, 0xfe, 0xff,
    0xbd, 0xff, 0x9d, 0xff, 0xff, 0xff, 0xbf, 0xff, 0xff, 0xff, 0xff, 0xff,
    0xff, 0xff, 0xfe, 0xff, 0xff, 0xff, 0xde, 0xf7, 0xff, 0xff, 0xff, 0xff,
    0xff, 0xff, 0xbe, 0xf7, 0xff, 0xff, 0xff, 0xff, 0xff, 0xff, 0xff, 0xff,
    0xff, 0xff, 0xff, 0xff, 0xff, 0xff, 0xff, 0xff, 0xff, 0xff, 0xff, 0xff,
    0xff, 0xff, 0xff, 0xff, 0xff, 0xff, 0xff, 0xff, 0xff, 0xff, 0xff, 0xff,
    0xff, 0xff, 0xff, 0xff, 0xff, 0xff, 0xff, 0xff, 0xff, 0xff, 0xff, 0xff,
    0xff, 0xff, 0xff, 0xff, 0xff, 0xff, 0xff, 0xff, 0xff, 0xff, 0xff, 0xff,
    0xff, 0xff, 0xff, 0xff, 0xff, 0xff, 0xff, 0xff, 0xff, 0xff, 0xff, 0xff,
    0xff, 0xff, 0xff, 0xff, 0xff, 0xff, 0xff, 0xff, 0xff, 0xff, 0xff, 0xff,
    0xff, 0xff, 0xff, 0xff, 0xff, 0xff, 0xff, 0xff, 0xff, 0xff, 0xff, 0xff,
    0xff, 0xff, 0xff, 0xff, 0xff, 0xff, 0xff, 0xff, 0xff, 0xff, 0xff, 0xff,
    0xff, 0xff, 0xff, 0xff, 0xff, 0xff, 0xff, 0xff, 0xff, 0xff, 0xff, 0xff,
    0xff, 0xff, 0xff, 0xff, 0xff, 0xff, 0xff, 0xff, 0xff, 0xff, 0xff, 0xff,
    0xff, 0xff, 0xff, 0xff, 0xff, 0xff, 0xff, 0xff, 0xff, 0xff, 0xff, 0xff,
    0xff, 0xff, 0xff, 0xff, 0xff, 0xff, 0xff, 0xff, 0xff, 0xff, 0xff, 0xff,
    0xff, 0xff, 0xff, 0xff, 0xff, 0xff, 0xff, 0xff, 0xff, 0xff, 0xff, 0xff,
    0xff, 0xff, 0xff, 0xff, 0xff, 0xff, 0xff, 0xff, 0xff, 0xff, 0xff, 0xff,
    0xff, 0xff, 0xff, 0xff, 0xff, 0xff, 0xff, 0xff, 0xff, 0xff, 0xff, 0xff,
    0xff, 0xff, 0xff, 0xff, 0xff, 0xff, 0xff, 0xff, 0xff, 0xff, 0xff, 0xff,
    0xff, 0xff, 0xff, 0xff, 0xff, 0xff, 0xff, 0xff, 0xff, 0xff, 0xff, 0xff,
    0xff, 0xff, 0xff, 0xff, 0xff, 0xff, 0xff, 0xff, 0xff, 0xff, 0xff, 0xff,
    0xff, 0xff, 0xff, 0xff, 0xff, 0xff, 0xff, 0xff, 0xff, 0xff, 0xff, 0xff,
    0xff, 0xff, 0xff, 0xff, 0xff, 0xff, 0xff, 0xff, 0xff, 0xff, 0xff, 0xff,
    0xff, 0xff, 0xff, 0xff, 0xff, 0xff, 0xff, 0xff, 0xff, 0xff, 0xff, 0xff,
    0xff, 0xff, 0xff, 0xff, 0xff, 0xff, 0xff, 0xff, 0xfe, 0xff, 0xfd, 0xff,
    0xfe, 0xff, 0xff, 0xff, 0xff, 0xff, 0xff, 0xff, 0xff, 0xff, 0xfe, 0xff,
    0xfe, 0xff, 0xdd, 0xff, 0xfe, 0xff, 0xfe, 0xff, 0xfe, 0xff, 0xfe, 0xff,
    0xbd, 0xff, 0xde, 0xff, 0xde, 0xff, 0xff, 0xff, 0xff, 0xff, 0xff, 0xff,
    0xde, 0xff, 0xff, 0xff, 0xfe, 0xff, 0xfe, 0xff, 0xff, 0xff, 0xff, 0xff,
    0xdf, 0xff, 0xbe, 0xff, 0xde, 0xff, 0xff, 0xff, 0xff, 0xff, 0xff, 0xff,
    0xff, 0xff, 0xff, 0xff, 0xff, 0xff, 0xff, 0xff, 0xff, 0xff, 0xff, 0xff,
    0xff, 0xff, 0xff, 0xff, 0xff, 0xff, 0xff, 0xff, 0xff, 0xff, 0xff, 0xff,
    0xff, 0xff, 0xff, 0xff, 0xff, 0xff, 0xff, 0xff, 0xff, 0xff, 0xff, 0xff,
    0xff, 0xff, 0xff, 0xff, 0xff, 0xff, 0xff, 0xff, 0xff, 0xff, 0xff, 0xff,
    0xff, 0xff, 0xff, 0xff, 0xff, 0xff, 0xff, 0xff, 0xff, 0xff, 0xff, 0xff,
    0xff, 0xff, 0xff, 0xff, 0xff, 0xff, 0xff, 0xff, 0xff, 0xff, 0xff, 0xff,
    0xff, 0xff, 0xff, 0xff, 0xff, 0xff, 0xff, 0xff, 0xff, 0xff, 0xff, 0xff,
    0xff, 0xff, 0xff, 0xff, 0xff, 0xff, 0xff, 0xff, 0xff, 0xff, 0xff, 0xff,
    0xff, 0xff, 0xff, 0xff, 0xff, 0xff, 0xff, 0xff, 0xff, 0xff, 0xff, 0xff,
    0xff, 0xff, 0xff, 0xff, 0xff, 0xff, 0xff, 0xff, 0xff, 0xff, 0xff, 0xff,
    0xff, 0xff, 0xff, 0xff, 0xff, 0xff, 0xff, 0xff, 0xff, 0xff, 0xff, 0xff,
    0xff, 0xff, 0xff, 0xff, 0xff, 0xff, 0xff, 0xff, 0xff, 0xff, 0xff, 0xff,
    0xff, 0xff, 0xff, 0xff, 0xff, 0xff, 0xff, 0xff, 0xff, 0xff, 0xff, 0xff,
    0xff, 0xff, 0xff, 0xff, 0xff, 0xff, 0xff, 0xff, 0xff, 0xff, 0xff, 0xff,
    0xff, 0xff, 0xff, 0xff, 0xff, 0xff, 0xff, 0xff, 0xff, 0xff, 0xff, 0xff,
    0xff, 0xff, 0xff, 0xff, 0xff, 0xff, 0xff, 0xff, 0xff, 0xff, 0xff, 0xff,
    0xff, 0xff, 0xff, 0xff, 0xff, 0xff, 0xff, 0xff, 0xff, 0xff, 0xff, 0xff,
    0xff, 0xff, 0xff, 0xff, 0xff, 0xff, 0xff, 0xff, 0xff, 0xff, 0xff, 0xff,
    0xff, 0xff, 0xff, 0xff, 0xff, 0xff, 0xff, 0xff, 0xff, 0xff, 0xff, 0xff,
    0xff, 0xff, 0xff, 0xff, 0xff, 0xff, 0xff, 0xff, 0xff, 0xff, 0xff, 0xff,
    0xff, 0xff, 0xff, 0xff, 0xff, 0xff, 0xff, 0xff, 0xff, 0xff, 0xff, 0xff,
    0xff, 0xff, 0xfe, 0xff, 0xff, 0xff, 0xff, 0xff, 0xff, 0xff, 0xff, 0xff,
    0xff, 0xff, 0xff, 0xf7, 0xff, 0xf7, 0xfe, 0xf7, 0xff, 0xff, 0xfe, 0xf7,
    0xfe, 0xf7, 0xfe, 0xff, 0xff, 0xf7, 0xff, 0xff, 0xff, 0xff, 0xff, 0xff,
    0xde, 0xff, 0xde, 0xff, 0xff, 0xff, 0xbe, 0xff, 0xff, 0xff, 0xde, 0xff,
    0xff, 0xff, 0xff, 0xff, 0xff, 0xff, 0xff, 0xff, 0xff, 0xff, 0xff, 0xff,
    0xff, 0xff, 0xff, 0xff, 0xff, 0xff, 0xff, 0xff, 0xff, 0xff, 0xff, 0xff,
    0xff, 0xff, 0xff, 0xff, 0xfe, 0xff, 0xff, 0xff, 0xff, 0xff, 0xff, 0xff,
    0xff, 0xff, 0xff, 0xff, 0xff, 0xff, 0xff, 0xff, 0xff, 0xff, 0xff, 0xff,
    0xff, 0xff, 0xff, 0xff, 0xff, 0xff, 0xff, 0xff, 0xff, 0xff, 0xff, 0xff,
    0xff, 0xff, 0xff, 0xff, 0xff, 0xff, 0xff, 0xff, 0xff, 0xff, 0xff, 0xff,
    0xff, 0xff, 0xff, 0xff, 0xff, 0xff, 0xff, 0xff, 0xff, 0xff, 0xff, 0xff,
    0xff, 0xff, 0xff, 0xff, 0xff, 0xff, 0xff, 0xff, 0xff, 0xff, 0xff, 0xff,
    0xff, 0xff, 0xff, 0xff, 0xff, 0xff, 0xff, 0xff, 0xff, 0xff, 0xff, 0xff,
    0xff, 0xff, 0xff, 0xff, 0xff, 0xff, 0xff, 0xff, 0xff, 0xff, 0xff, 0xff,
    0xff, 0xff, 0xff, 0xff, 0xff, 0xff, 0xff, 0xff, 0xff, 0xff, 0xff, 0xff,
    0xff, 0xff, 0xff, 0xff, 0xff, 0xff, 0xff, 0xff, 0xff, 0xff, 0xff, 0xff,
    0xde, 0xff, 0xff, 0xff, 0xff, 0xff, 0xff, 0xff, 0xff, 0xff, 0xff, 0xff,
    0xff, 0xff, 0xff, 0xf7, 0xff, 0xf7, 0xff, 0xf7, 0xff, 0xf7, 0xff, 0xff,
    0xff, 0xff, 0xff, 0xff, 0xff, 0xff, 0xff, 0xff, 0xff, 0xff, 0xff, 0xff,
    0xff, 0xff, 0xff, 0xff, 0xff, 0xff, 0xff, 0xff, 0xff, 0xff, 0xff, 0xff,
    0xff, 0xff, 0xff, 0xff, 0xff, 0xff, 0xff, 0xff, 0xff, 0xff, 0xff, 0xff,
    0xff, 0xff, 0xff, 0xff, 0xff, 0xf7, 0xff, 0xef, 0xff, 0xef, 0xff, 0xf7,
    0xff, 0xef, 0xff, 0xef, 0xff, 0xf7, 0xff, 0xf7, 0xff, 0xf7, 0xff, 0xf7,
    0xff, 0xf7, 0xff, 0xf7, 0xff, 0xf7, 0xff, 0xf7, 0xff, 0xf7, 0xff, 0xf7,
    0xff, 0xf7, 0xff, 0xf7, 0xff, 0xf7, 0xff, 0xf7, 0xff, 0xf7, 0xff, 0xf7,
    0xff, 0xff, 0xff, 0xf7, 0xff, 0xf7, 0xff, 0xf7, 0xff, 0xf7, 0xff, 0xf7,
    0xff, 0xf7, 0xff, 0xf7, 0xff, 0xf7, 0xff, 0xf7, 0xff, 0xef, 0xff, 0xef,
    0xff, 0xef, 0xff, 0xef, 0xff, 0xef, 0xff, 0xf7, 0xff, 0xf7, 0xff, 0xf7,
    0xff, 0xf7, 0xff, 0xf7, 0xff, 0xf7, 0xff, 0xf7, 0xff, 0xf7, 0xff, 0xf7,
    0xff, 0xf7, 0xff, 0xf7, 0xff, 0xf7, 0xff, 0xf7, 0xff, 0xff, 0xff, 0xff,
    0xff, 0xff, 0xff, 0xff, 0xff, 0xff, 0xff, 0xff, 0xff, 0xf7, 0xff, 0xff,
    0xff, 0xff, 0xff, 0xff, 0xff, 0xff, 0xff, 0xff, 0xff, 0xff, 0xff, 0xff,
    0xff, 0xff, 0xff, 0xff, 0xff, 0xff, 0xff, 0xff, 0xff, 0xff, 0xff, 0xff,
    0xff, 0xff, 0xff, 0xff, 0xff, 0xff, 0xff, 0xff, 0xff, 0xff, 0xff, 0xff,
    0xff, 0xff, 0xff, 0xff, 0xff, 0xff, 0xff, 0xff, 0xff, 0xff, 0xff, 0xff,
    0xff, 0xff, 0xff, 0xff, 0xff, 0xff, 0xff, 0xff, 0xff, 0xff, 0xff, 0xff,
    0xff, 0xff, 0xff, 0xff, 0xff, 0xff, 0xff, 0xff, 0xff, 0xff, 0xff, 0xff,
    0xff, 0xff, 0xff, 0xff, 0xff, 0xff, 0xff, 0xff, 0xff, 0xff, 0xff, 0xff,
    0xff, 0xff, 0xff, 0xff, 0xff, 0xff, 0xff, 0xff, 0xff, 0xff, 0xff, 0xff,
    0xff, 0xff, 0xff, 0xff, 0xff, 0xff, 0xff, 0xff, 0xff, 0xff, 0xff, 0xff,
    0xff, 0xff, 0xff, 0xff, 0xff, 0xff, 0xff, 0xff, 0xff, 0xff, 0xff, 0xff,
    0xff, 0xff, 0xff, 0xff, 0xff, 0xff, 0xff, 0xff, 0xff, 0xff, 0xff, 0xff,
    0xff, 0xff, 0xff, 0xff, 0xdf, 0xff, 0xfe, 0xff, 0xff, 0xff, 0xde, 0xff,
    0xdf, 0xf7, 0xff, 0xff, 0xff, 0xf7, 0xff, 0xf7, 0xff, 0xf7, 0xff, 0xf7,
    0xff, 0xef, 0xff, 0xef, 0xff, 0xef, 0xff, 0xef, 0xff, 0xef, 0xff, 0xef,
    0xff, 0xef, 0xff, 0xf7, 0xff, 0xef, 0xff, 0xef, 0xff, 0xef, 0xff, 0xef,
    0xff, 0xef, 0xff, 0xef, 0xff, 0xef, 0xff, 0xef, 0xff, 0xef, 0xff, 0xef,
    0xff, 0xef, 0xff, 0xef, 0xff, 0xef, 0xff, 0xef, 0xff, 0xef, 0xff, 0xef,
    0xff, 0xe7, 0xff, 0xe7, 0xff, 0xe7, 0xff, 0xdf, 0xdf, 0xdf, 0xdf, 0xdf,
    0xdf, 0xdf, 0xbf, 0xd7, 0xbf, 0xdf, 0xbf, 0xd7, 0xbf, 0xdf, 0xbf, 0xd7,
    0xbf, 0xdf, 0xbf, 0xd7, 0xbf, 0xdf, 0x9f, 0xdf, 0x9f, 0xdf, 0x9f, 0xdf,
    0x9f, 0xe7, 0xbf, 0xdf, 0xbf, 0xe7, 0xbf, 0xe7, 0xbf, 0xdf, 0x9f, 0xdf,
    0x9f, 0xdf, 0x9f, 0xdf, 0x9f, 0xdf, 0x9f, 0xe7, 0x9f, 0xdf, 0xbf, 0xe7,
    0xbf, 0xdf, 0xff, 0xdf, 0xff, 0xdf, 0xff, 0xdf, 0xff, 0xdf, 0xdf, 0xdf,
    0xdf, 0xdf, 0xdf, 0xe7, 0xff, 0xdf, 0xbf, 0xdf, 0xff, 0xe7, 0xff, 0xe7,
    0x9f, 0xd7, 0x5f, 0xd7, 0xff, 0xe7, 0xff, 0xef, 0xbf, 0xe7, 0xbf, 0xe7,
    0xdf, 0xe7, 0xdf, 0xef, 0xff, 0xe7, 0xff, 0xef, 0xff, 0xef, 0xdf, 0xef,
    0xff, 0xe7, 0xdf, 0xef, 0xdf, 0xe7, 0xff, 0xef, 0xff, 0xe7, 0xff, 0xef,
    0xff, 0xef, 0xff, 0xef, 0xff, 0xef, 0xff, 0xef, 0xff, 0xef, 0xff, 0xf7,
    0xff, 0xef, 0xff, 0xf7, 0xff, 0xef, 0xff, 0xf7, 0xff, 0xf7, 0xff, 0xef,
    0xff, 0xef, 0xff, 0xef, 0xff, 0xef, 0xff, 0xf7, 0xff, 0xf7, 0xff, 0xf7,
    0xff, 0xf7, 0xff, 0xf7, 0xff, 0xf7, 0xff, 0xf7, 0xff, 0xf7, 0xff, 0xf7,
    0xff, 0xf7, 0xff, 0xf7, 0xff, 0xf7, 0xff, 0xef, 0xff, 0xf7, 0xff, 0xf7,
    0xff, 0xf7, 0xff, 0xf7, 0xff, 0xf7, 0xff, 0xf7, 0xff, 0xf7, 0xff, 0xf7,
    0xff, 0xf7, 0xff, 0xf7, 0xff, 0xf7, 0xff, 0xf7, 0xff, 0xff, 0xff, 0xf7,
    0xff, 0xf7, 0xff, 0xff, 0xff, 0xf7, 0xff, 0xf7, 0xff, 0xff, 0xff, 0xf7,
    0xff, 0xf7, 0xff, 0xf7, 0xff, 0xf7, 0xff, 0xff, 0xff, 0xf7, 0xff, 0xf7,
    0xff, 0xf7, 0xff, 0xf7, 0xff, 0xef, 0xff, 0xef, 0xff, 0xf7, 0xff, 0xf7,
    0xff, 0xff, 0xff, 0xf7, 0xff, 0xff, 0xff, 0xff, 0xff, 0xff, 0xfe, 0xff,
    0xfe, 0xff, 0xff, 0xff, 0xdf, 0xff, 0xff, 0xff, 0xff, 0xff, 0x3e, 0xd7,
    0x1a, 0xae, 0xb9, 0x9d, 0x79, 0x8d, 0x79, 0x8d, 0x79, 0x8d, 0x59, 0x8d,
    0x38, 0x8d, 0x38, 0x8d, 0x18, 0x8d, 0x18, 0x8d, 0x38, 0x85, 0x38, 0x85,
    0x38, 0x85, 0x38, 0x85, 0x38, 0x85, 0x38, 0x85, 0x38, 0x85, 0x38, 0x85,
    0x38, 0x85, 0x38, 0x85, 0x38, 0x85, 0x38, 0x85, 0x38, 0x85, 0x38, 0x85,
    0x38, 0x85, 0x38, 0x85, 0xf7, 0x74, 0xd7, 0x74, 0xd6, 0x6c, 0xb6, 0x6c,
    0x96, 0x6c, 0x75, 0x64, 0x75, 0x64, 0x75, 0x64, 0x75, 0x64, 0x75, 0x64,
    0x75, 0x64, 0x75, 0x64, 0x75, 0x64, 0x75, 0x64, 0x75, 0x64, 0x55, 0x64,
    0x55, 0x6c, 0x55, 0x6c, 0x35, 0x6c, 0x55, 0x6c, 0x55, 0x6c, 0x35, 0x6c,
    0x55, 0x6c, 0x55, 0x6c, 0x35, 0x6c, 0x55, 0x6c, 0x55, 0x6c, 0x55, 0x6c,
    0x55, 0x6c, 0x55, 0x6c, 0x55, 0x6c, 0x55, 0x6c, 0x76, 0x64, 0x97, 0x64,
    0x77, 0x6c, 0x77, 0x6c, 0x77, 0x6c, 0x77, 0x6c, 0x77, 0x6c, 0x76, 0x6c,
    0xb7, 0x74, 0xb6, 0x74, 0xb6, 0x74, 0xd6, 0x7c, 0xb7, 0x74, 0xd7, 0x74,
    0xf8, 0x7c, 0xb7, 0x74, 0xb7, 0x74, 0xd7, 0x74, 0xd7, 0x74, 0xd7, 0x74,
    0xf7, 0x74, 0xf7, 0x74, 0xd7, 0x74, 0xf8, 0x74, 0x38, 0x7d, 0x38, 0x7d,
    0x39, 0x85, 0x39, 0x7d, 0x39, 0x85, 0x39, 0x7d, 0x39, 0x85, 0x38, 0x85,
    0x79, 0x8d, 0x79, 0x8d, 0x79, 0x8d, 0x99, 0x8d, 0x99, 0x8d, 0x99, 0x95,
    0x9a, 0x95, 0xba, 0x95, 0xfb, 0x9d, 0xfb, 0x9d, 0xfb, 0x9d, 0x1b, 0xa6,
    0x1c, 0xa6, 0x3c, 0xa6, 0x3c, 0xa6, 0x3c, 0xa6, 0x7d, 0xb6, 0x7c, 0xb6,
    0x7d, 0xb6, 0x9d, 0xb6, 0x9d, 0xbe, 0xbe, 0xbe, 0xbe, 0xbe, 0xbe, 0xbe,
    0x1f, 0xcf, 0x1f, 0xcf, 0x1f, 0xcf, 0x3f, 0xcf, 0x3f, 0xcf, 0x3f, 0xcf,
    0x3f, 0xcf, 0x5f, 0xcf, 0x7f, 0xd7, 0x7f, 0xd7, 0x7f, 0xd7, 0x9f, 0xdf,
    0x9f, 0xdf, 0xbf, 0xdf, 0xdf, 0xdf, 0xdf, 0xdf, 0xbf, 0xdf, 0xbf, 0xdf,
    0xdf, 0xe7, 0xdf, 0xe7, 0xff, 0xe7, 0xff, 0xe7, 0xff, 0xe7, 0xff, 0xe7,
    0xff, 0xef, 0xff, 0xe7, 0xff, 0xe7, 0xff, 0xef, 0xff, 0xef, 0xff, 0xef,
    0xff, 0xef, 0xff, 0xef, 0xdf, 0xef, 0xff, 0xf7, 0xff, 0xff, 0xff, 0xff,
    0xff, 0xff, 0xff, 0xff, 0xfe, 0xff, 0xff, 0xff, 0xff, 0xff, 0xff, 0xff,
    0xff, 0xff, 0xff, 0xf7, 0x1a, 0xae, 0xb1, 0x53, 0x30, 0x43, 0x92, 0x4b,
    0x93, 0x4b, 0x93, 0x4b, 0x93, 0x43, 0x93, 0x4b, 0x72, 0x43, 0x72, 0x4b,
    0x93, 0x43, 0x73, 0x43, 0x93, 0x3b, 0x74, 0x3b, 0x74, 0x3b, 0x74, 0x3b,
    0x93, 0x43, 0x74, 0x3b, 0x74, 0x3b, 0x74, 0x3b, 0x73, 0x3b, 0x74, 0x3b,
    0x73, 0x3b, 0x74, 0x3b, 0x73, 0x3b, 0x74, 0x3b, 0x73, 0x3b, 0xb4, 0x43,
    0xb4, 0x43, 0xb4, 0x43, 0x94, 0x43, 0x94, 0x43, 0x94, 0x43, 0x94, 0x43,
    0x94, 0x43, 0x94, 0x3b, 0x93, 0x43, 0x94, 0x43, 0x94, 0x3b, 0x93, 0x43,
    0x94, 0x3b, 0x94, 0x43, 0x93, 0x43, 0x74, 0x43, 0x74, 0x43, 0x73, 0x43,
    0x74, 0x43, 0x73, 0x43, 0x74, 0x43, 0x74, 0x43, 0x73, 0x43, 0x74, 0x4b,
    0x94, 0x43, 0x74, 0x4b, 0x74, 0x43, 0x94, 0x43, 0x74, 0x4b, 0x94, 0x43,
    0x94, 0x43, 0x94, 0x43, 0x94, 0x3b, 0x75, 0x3b, 0x95, 0x3b, 0x75, 0x43,
    0x75, 0x43, 0x74, 0x43, 0x74, 0x43, 0xd5, 0x4b, 0x52, 0x43, 0x52, 0x3b,
    0x93, 0x43, 0x73, 0x43, 0x53, 0x43, 0x74, 0x43, 0x94, 0x43, 0x94, 0x3b,
    0x94, 0x3b, 0x94, 0x3b, 0x94, 0x3b, 0x94, 0x43, 0xb4, 0x43, 0x94, 0x3b,
    0x94, 0x43, 0x74, 0x3b, 0x74, 0x3b, 0x73, 0x3b, 0x94, 0x3b, 0x93, 0x3b,
    0x94, 0x3b, 0x94, 0x3b, 0x93, 0x3b, 0x73, 0x3b, 0x73, 0x3b, 0x73, 0x3b,
    0x93, 0x3b, 0x93, 0x43, 0x93, 0x43, 0x93, 0x3b, 0xb3, 0x43, 0x73, 0x3b,
    0x73, 0x3b, 0x73, 0x3b, 0x93, 0x3b, 0x93, 0x3b, 0x93, 0x3b, 0x93, 0x43,
    0x93, 0x43, 0x93, 0x4b, 0x92, 0x4b, 0x93, 0x4b, 0x93, 0x4b, 0xb3, 0x53,
    0xb3, 0x4b, 0xb3, 0x53, 0xb3, 0x53, 0x92, 0x4b, 0x92, 0x4b, 0x93, 0x4b,
    0x93, 0x4b, 0xb3, 0x4b, 0xb3, 0x53, 0xb3, 0x53, 0xd3, 0x53, 0xf3, 0x5b,
    0xf3, 0x53, 0xf3, 0x5b, 0x13, 0x5c, 0x13, 0x64, 0x34, 0x5c, 0x34, 0x64,
    0x34, 0x64, 0x75, 0x6c, 0x95, 0x6c, 0x95, 0x74, 0xb6, 0x74, 0xd6, 0x74,
    0xf7, 0x7c, 0x17, 0x7d, 0x17, 0x7d, 0x78, 0x8d, 0x79, 0x8d, 0x99, 0x8d,
    0xb9, 0x95, 0xb9, 0x95, 0xda, 0x9d, 0xfa, 0x9d, 0xf9, 0xa5, 0x1a, 0xae,
    0x5e, 0xd7, 0xff, 0xff, 0xff, 0xff, 0xff, 0xff, 0xff, 0xff, 0xfe, 0xff,
    0xfe, 0xff, 0xff, 0xff, 0xff, 0xff, 0xff, 0xff, 0xff, 0xef, 0xfa, 0x9d,
    0x71, 0x4b, 0x72, 0x43, 0x94, 0x43, 0xb4, 0x3b, 0xb4, 0x3b, 0xb4, 0x3b,
    0xb4, 0x3b, 0xb5, 0x3b, 0xb4, 0x43, 0xb4, 0x3b, 0xb5, 0x3b, 0xb5, 0x3b,
    0xb6, 0x3b, 0xb5, 0x3b, 0xb6, 0x3b, 0xb5, 0x3b, 0xb6, 0x3b, 0xb5, 0x3b,
    0xb6, 0x3b, 0xb5, 0x3b, 0xb6, 0x3b, 0xb5, 0x3b, 0xb6, 0x3b, 0xb5, 0x3b,
    0xb6, 0x3b, 0xb5, 0x3b, 0x95, 0x3b, 0x95, 0x3b, 0x95, 0x3b, 0x95, 0x3b,
    0x95, 0x3b, 0x95, 0x3b, 0xb5, 0x3b, 0xb5, 0x3b, 0x95, 0x3b, 0x95, 0x3b,
    0x95, 0x3b, 0x95, 0x3b, 0x95, 0x3b, 0x95, 0x3b, 0x95, 0x3b, 0x95, 0x3b,
    0x95, 0x3b, 0x95, 0x3b, 0x95, 0x3b, 0x95, 0x3b, 0x95, 0x3b, 0x95, 0x3b,
    0x95, 0x3b, 0x95, 0x3b, 0xb5, 0x3b, 0x95, 0x3b, 0xb5, 0x3b, 0x95, 0x3b,
    0x95, 0x3b, 0x95, 0x3b, 0x95, 0x3b, 0x95, 0x3b, 0x96, 0x3b, 0xb6, 0x3b,
    0x96, 0x3b, 0x96, 0x3b, 0x96, 0x3b, 0x96, 0x3b, 0x95, 0x43, 0x95, 0x43,
    0x94, 0x43, 0x53, 0x3b, 0x93, 0x43, 0xd4, 0x4b, 0x94, 0x43, 0x53, 0x3b,
    0x75, 0x3b, 0x95, 0x3b, 0x95, 0x33, 0x95, 0x33, 0x95, 0x33, 0x95, 0x33,
    0x95, 0x33, 0x95, 0x33, 0x95, 0x33, 0x95, 0x33, 0xb5, 0x3b, 0xb5, 0x3b,
    0xb5, 0x33, 0xb5, 0x3b, 0xb5, 0x3b, 0xd5, 0x3b, 0xb6, 0x3b, 0xd5, 0x3b,
    0x95, 0x33, 0x94, 0x33, 0x95, 0x3b, 0x95, 0x33, 0x95, 0x3b, 0x95, 0x33,
    0x95, 0x33, 0xb5, 0x33, 0xb5, 0x3b, 0xd5, 0x3b, 0xb5, 0x3b, 0xb5, 0x3b,
    0xb5, 0x3b, 0xb5, 0x3b, 0xb5, 0x3b, 0xb5, 0x3b, 0x94, 0x3b, 0x94, 0x3b,
    0x94, 0x43, 0x93, 0x3b, 0x94, 0x43, 0x93, 0x3b, 0x74, 0x3b, 0x93, 0x3b,
    0x94, 0x43, 0x94, 0x3b, 0x94, 0x43, 0xb4, 0x43, 0x94, 0x43, 0xb4, 0x43,
    0xb4, 0x43, 0x94, 0x43, 0x93, 0x43, 0x93, 0x43, 0xb3, 0x43, 0xb3, 0x43,
    0xb3, 0x43, 0xb3, 0x43, 0xb3, 0x43, 0xb3, 0x43, 0x93, 0x43, 0x93, 0x43,
    0x93, 0x43, 0x93, 0x3b, 0xb3, 0x43, 0x93, 0x43, 0xb3, 0x43, 0xb3, 0x43,
    0x93, 0x43, 0x93, 0x43, 0x93, 0x43, 0x93, 0x43, 0x92, 0x43, 0x92, 0x43,
    0x92, 0x4b, 0x91, 0x4b, 0xd2, 0x5b, 0x3a, 0xae, 0xff, 0xef, 0xff, 0xff,
    0xff, 0xff, 0xff, 0xff, 0xff, 0xff, 0xfe, 0xff, 0xfe, 0xff, 0xff, 0xff,
    0xff, 0xf7, 0xff, 0xef, 0x1b, 0xa6, 0x92, 0x43, 0xf5, 0x4b, 0x94, 0x33,
    0x95, 0x33, 0xb5, 0x33, 0x95, 0x33, 0x96, 0x33, 0x95, 0x33, 0x95, 0x33,
    0x96, 0x33, 0x96, 0x33, 0xb6, 0x33, 0xb6, 0x33, 0xb6, 0x33, 0x96, 0x33,
    0xb6, 0x33, 0xb6, 0x33, 0x96, 0x33, 0x96, 0x33, 0x96, 0x33, 0x96, 0x33,
    0x96, 0x2b, 0x96, 0x33, 0x96, 0x33, 0x96, 0x33, 0x96, 0x33, 0x96, 0x33,
    0x95, 0x33, 0x76, 0x33, 0x95, 0x33, 0x96, 0x33, 0x95, 0x33, 0x96, 0x33,
    0x96, 0x3b, 0x96, 0x33, 0x95, 0x33, 0x96, 0x33, 0x95, 0x33, 0x96, 0x33,
    0x95, 0x33, 0x96, 0x33, 0x95, 0x33, 0x96, 0x33, 0xb6, 0x33, 0xb6, 0x33,
    0x95, 0x33, 0x96, 0x33, 0x95, 0x33, 0x96, 0x33, 0x95, 0x33, 0x96, 0x33,
    0xb5, 0x33, 0x96, 0x33, 0xb5, 0x33, 0x96, 0x33, 0x95, 0x33, 0x96, 0x33,
    0x96, 0x33, 0xb6, 0x33, 0xb6, 0x33, 0x96, 0x33, 0x96, 0x3b, 0x96, 0x3b,
    0x96, 0x3b, 0x95, 0x3b, 0x95, 0x3b, 0x73, 0x3b, 0xd4, 0x43, 0x7b, 0x7d,
    0x1f, 0xaf, 0x3e, 0x96, 0x36, 0x4c, 0x74, 0x33, 0xd6, 0x43, 0xb6, 0x3b,
    0xd6, 0x33, 0xb6, 0x33, 0xd6, 0x33, 0xd6, 0x33, 0xd6, 0x33, 0xd6, 0x33,
    0xd6, 0x33, 0xb6, 0x33, 0xb5, 0x33, 0xb6, 0x2b, 0xb6, 0x33, 0xb6, 0x33,
    0xb5, 0x33, 0xb6, 0x33, 0xb6, 0x33, 0xb6, 0x33, 0xb5, 0x3b, 0xb6, 0x3b,
    0xb5, 0x33, 0xb6, 0x33, 0xb5, 0x3b, 0xb6, 0x33, 0xb5, 0x33, 0x95, 0x33,
    0xb5, 0x33, 0xb6, 0x33, 0xb5, 0x33, 0xb6, 0x33, 0xb5, 0x33, 0xb6, 0x33,
    0xb5, 0x33, 0xb5, 0x3b, 0xb5, 0x3b, 0xb5, 0x3b, 0xb5, 0x3b, 0xb5, 0x3b,
    0xb5, 0x3b, 0xb5, 0x3b, 0xb5, 0x3b, 0xb5, 0x3b, 0xb5, 0x3b, 0xb5, 0x3b,
    0x95, 0x33, 0xb5, 0x33, 0x95, 0x3b, 0x95, 0x33, 0xb4, 0x33, 0x94, 0x3b,
    0xb4, 0x33, 0x94, 0x3b, 0x94, 0x33, 0x94, 0x33, 0x94, 0x33, 0x94, 0x33,
    0x93, 0x33, 0xb4, 0x3b, 0xb4, 0x3b, 0xd4, 0x3b, 0xb4, 0x3b, 0xb4, 0x3b,
    0xb4, 0x3b, 0x94, 0x3b, 0x94, 0x33, 0xb5, 0x3b, 0xb5, 0x3b, 0xb5, 0x3b,
    0xb5, 0x3b, 0x94, 0x3b, 0x94, 0x3b, 0x93, 0x43, 0x72, 0x43, 0x30, 0x43,
    0xfb, 0xa5, 0xff, 0xef, 0xff, 0xf7, 0xdf, 0xf7, 0xff, 0xff, 0xff, 0xff,
    0xfe, 0xff, 0xff, 0xff, 0xff, 0xff, 0xff, 0xf7, 0xff, 0xef, 0x1c, 0x9e,
    0x31, 0x33, 0x94, 0x33, 0xd6, 0x3b, 0xd6, 0x33, 0xd7, 0x33, 0xd7, 0x33,
    0xd7, 0x2b, 0xd7, 0x33, 0xd7, 0x33, 0xb7, 0x33, 0xb6, 0x33, 0xb6, 0x33,
    0xb6, 0x33, 0xb6, 0x33, 0xb6, 0x33, 0xb6, 0x33, 0xb6, 0x33, 0xb6, 0x33,
    0xb6, 0x33, 0xb6, 0x33, 0xb6, 0x33, 0xb6, 0x33, 0xb6, 0x33, 0xb6, 0x33,
    0xb6, 0x33, 0xb6, 0x33, 0xb6, 0x33, 0xb5, 0x33, 0xb6, 0x33, 0x95, 0x33,
    0x95, 0x33, 0xb5, 0x33, 0xb6, 0x33, 0xb5, 0x33, 0xb6, 0x3b, 0xb5, 0x33,
    0xb6, 0x33, 0xb6, 0x3b, 0xb6, 0x33, 0xb5, 0x33, 0xb6, 0x3b, 0xb6, 0x33,
    0xd6, 0x33, 0xd6, 0x33, 0xd6, 0x33, 0xd5, 0x33, 0xd6, 0x33, 0xd5, 0x33,
    0xd6, 0x33, 0xd5, 0x33, 0xd6, 0x33, 0xd6, 0x33, 0xd6, 0x33, 0xd5, 0x33,
    0xd6, 0x33, 0xd5, 0x33, 0xb5, 0x33, 0xb5, 0x33, 0xb5, 0x33, 0xb6, 0x33,
    0xb6, 0x33, 0xb6, 0x33, 0xb5, 0x33, 0x95, 0x3b, 0x95, 0x3b, 0xb4, 0x3b,
    0x93, 0x33, 0xf8, 0x64, 0x7f, 0xb7, 0xff, 0xd7, 0xdf, 0xa6, 0x35, 0x4c,
    0x32, 0x2b, 0xb4, 0x3b, 0x95, 0x33, 0x95, 0x33, 0x95, 0x33, 0x95, 0x33,
    0x96, 0x33, 0x95, 0x33, 0x96, 0x33, 0xb5, 0x33, 0xd6, 0x33, 0xb6, 0x33,
    0xb5, 0x33, 0xb6, 0x33, 0xb5, 0x33, 0xb5, 0x33, 0xb6, 0x33, 0xb5, 0x33,
    0xb5, 0x33, 0xb5, 0x3b, 0x95, 0x33, 0xb5, 0x33, 0x95, 0x33, 0x95, 0x33,
    0x95, 0x3b, 0x95, 0x33, 0x95, 0x3b, 0x95, 0x3b, 0x95, 0x33, 0x95, 0x3b,
    0x95, 0x3b, 0xb5, 0x3b, 0x95, 0x33, 0xb6, 0x33, 0x96, 0x33, 0x96, 0x33,
    0xb6, 0x33, 0xb6, 0x33, 0x96, 0x33, 0xb6, 0x33, 0xb6, 0x33, 0xb6, 0x33,
    0xb6, 0x33, 0xb6, 0x33, 0x96, 0x33, 0xb6, 0x33, 0x96, 0x33, 0x96, 0x2b,
    0x96, 0x33, 0xb6, 0x33, 0xd6, 0x33, 0xb6, 0x33, 0xd6, 0x33, 0xb6, 0x33,
    0xb6, 0x33, 0xb6, 0x33, 0xb6, 0x33, 0xb6, 0x33, 0xb6, 0x33, 0xb6, 0x33,
    0xb6, 0x33, 0xb6, 0x33, 0xb6, 0x33, 0xb6, 0x33, 0xb6, 0x33, 0xb6, 0x33,
    0xb6, 0x33, 0x96, 0x33, 0x96, 0x33, 0xb6, 0x33, 0xb6, 0x3b, 0x95, 0x3b,
    0xb5, 0x43, 0x94, 0x43, 0x72, 0x4b, 0xfc, 0xa5, 0xff, 0xef, 0xff, 0xf7,
    0xff, 0xff, 0xff, 0xff, 0xff, 0xff, 0xff, 0xff, 0xff, 0xff, 0xff, 0xff,
    0xff, 0xef, 0xff, 0xef, 0x5c, 0xa6, 0x72, 0x3b, 0xb5, 0x3b, 0x96, 0x33,
    0xb6, 0x2b, 0xb7, 0x2b, 0xd7, 0x2b, 0xb7, 0x2b, 0xd7, 0x2b, 0xb7, 0x33,
    0xb6, 0x33, 0x95, 0x3b, 0x94, 0x3b, 0x95, 0x3b, 0x95, 0x3b, 0x95, 0x3b,
    0xb5, 0x3b, 0x95, 0x3b, 0xb5, 0x3b, 0x96, 0x33, 0xb6, 0x33, 0xb6, 0x33,
    0x95, 0x33, 0xb5, 0x33, 0xb5, 0x33, 0x95, 0x3b, 0x95, 0x3b, 0x94, 0x3b,
    0x94, 0x43, 0x94, 0x3b, 0xb4, 0x3b, 0x95, 0x3b, 0xb5, 0x3b, 0xb5, 0x3b,
    0xb5, 0x33, 0xb5, 0x33, 0xb5, 0x33, 0xb5, 0x33, 0xb5, 0x33, 0xb5, 0x33,
    0xb5, 0x3b, 0xb5, 0x3b, 0xb5, 0x33, 0xb5, 0x33, 0xd5, 0x33, 0xd5, 0x33,
    0xd5, 0x33, 0xd5, 0x2b, 0xb5, 0x33, 0xb4, 0x33, 0xb4, 0x33, 0xb5, 0x33,
    0xb5, 0x33, 0xb5, 0x33, 0xb4, 0x33, 0xb4, 0x33, 0xb4, 0x33, 0xb4, 0x33,
    0x94, 0x33, 0x94, 0x33, 0x94, 0x33, 0x95, 0x33, 0x95, 0x33, 0x95, 0x33,
    0x94, 0x3b, 0x93, 0x3b, 0x92, 0x43, 0x34, 0x54, 0xff, 0xae, 0xff, 0xdf,
    0xff, 0xa6, 0x54, 0x54, 0xb2, 0x3b, 0xf4, 0x43, 0xb4, 0x3b, 0xb5, 0x3b,
    0xb6, 0x3b, 0xb6, 0x33, 0x96, 0x33, 0x95, 0x3b, 0x95, 0x3b, 0x95, 0x3b,
    0x94, 0x43, 0x94, 0x43, 0x94, 0x3b, 0x95, 0x3b, 0x95, 0x3b, 0xb5, 0x33,
    0x95, 0x33, 0x95, 0x3b, 0x94, 0x3b, 0xb4, 0x3b, 0xb5, 0x3b, 0x95, 0x3b,
    0xb5, 0x3b, 0x96, 0x3b, 0x95, 0x3b, 0x95, 0x3b, 0xb5, 0x3b, 0xb5, 0x3b,
    0xb5, 0x3b, 0xb5, 0x3b, 0xb5, 0x3b, 0x94, 0x3b, 0x94, 0x3b, 0x95, 0x3b,
    0x95, 0x3b, 0xd6, 0x3b, 0xd6, 0x33, 0xb6, 0x33, 0xb6, 0x33, 0xd7, 0x33,
    0xb6, 0x33, 0xb7, 0x33, 0xb6, 0x33, 0x96, 0x33, 0x96, 0x33, 0x95, 0x33,
    0x95, 0x33, 0x95, 0x33, 0x94, 0x33, 0x94, 0x3b, 0x95, 0x33, 0x95, 0x33,
    0x95, 0x33, 0x95, 0x33, 0x96, 0x33, 0xb6, 0x33, 0xb6, 0x33, 0xb7, 0x33,
    0xb7, 0x2b, 0xb7, 0x33, 0xb6, 0x33, 0xb5, 0x33, 0x95, 0x33, 0x95, 0x33,
    0xb6, 0x33, 0x96, 0x33, 0xb7, 0x2b, 0xd7, 0x33, 0xb7, 0x33, 0xb7, 0x33,
    0xb7, 0x33, 0xb6, 0x33, 0xb6, 0x3b, 0x95, 0x3b, 0x94, 0x43, 0x73, 0x43,
    0xba, 0x95, 0x9f, 0xdf, 0xff, 0xff, 0xff, 0xff, 0xff, 0xff, 0xdf, 0xff,
    0xff, 0xff, 0xdf, 0xff, 0xff, 0xff, 0xff, 0xf7, 0xff, 0xef, 0x3c, 0xa6,
    0x73, 0x3b, 0x95, 0x3b, 0xb6, 0x33, 0xf8, 0x33, 0xb6, 0x2b, 0xb5, 0x33,
    0xb5, 0x33, 0xd5, 0x3b, 0x13, 0x2b, 0xb5, 0x4b, 0xd3, 0x53, 0x0f, 0x43,
    0xb3, 0x53, 0xf5, 0x5b, 0x93, 0x4b, 0xb3, 0x43, 0x93, 0x3b, 0xb4, 0x3b,
    0x96, 0x33, 0x97, 0x33, 0xb6, 0x33, 0x95, 0x33, 0x16, 0x44, 0x94, 0x33,
    0x74, 0x3b, 0x32, 0x3b, 0x31, 0x43, 0xd3, 0x5b, 0xd3, 0x5b, 0xb3, 0x4b,
    0xd4, 0x4b, 0xd4, 0x43, 0x74, 0x3b, 0x94, 0x33, 0x17, 0x44, 0x75, 0x33,
    0x75, 0x33, 0xd6, 0x3b, 0x74, 0x33, 0x95, 0x3b, 0x17, 0x4c, 0x54, 0x33,
    0xb6, 0x3b, 0xb5, 0x33, 0xb5, 0x2b, 0xf6, 0x33, 0x94, 0x2b, 0x93, 0x3b,
    0xd4, 0x5b, 0x52, 0x43, 0x95, 0x3b, 0x74, 0x2b, 0xf4, 0x43, 0xd2, 0x3b,
    0x13, 0x4c, 0xd2, 0x4b, 0x72, 0x4b, 0x52, 0x53, 0x93, 0x53, 0x93, 0x4b,
    0xd6, 0x43, 0x96, 0x33, 0xb6, 0x3b, 0x94, 0x3b, 0xf3, 0x5b, 0x0f, 0x43,
    0x54, 0x64, 0x9d, 0xae, 0x5c, 0x9e, 0x74, 0x5c, 0x91, 0x3b, 0xb2, 0x43,
    0xd3, 0x3b, 0x73, 0x2b, 0x74, 0x33, 0x75, 0x33, 0x18, 0x4c, 0xd7, 0x3b,
    0x75, 0x3b, 0xb5, 0x4b, 0x73, 0x4b, 0xb4, 0x5b, 0xf4, 0x63, 0x72, 0x53,
    0xb4, 0x4b, 0x74, 0x3b, 0xb5, 0x3b, 0xd5, 0x43, 0x53, 0x33, 0x35, 0x54,
    0x15, 0x4c, 0x93, 0x33, 0x58, 0x4c, 0x96, 0x33, 0x55, 0x33, 0x96, 0x43,
    0xb6, 0x4b, 0x74, 0x3b, 0x54, 0x2b, 0x15, 0x3c, 0x15, 0x3c, 0x71, 0x2b,
    0xd3, 0x43, 0xb3, 0x43, 0x95, 0x3b, 0x75, 0x33, 0x95, 0x33, 0xd5, 0x43,
    0xb4, 0x43, 0x95, 0x43, 0x95, 0x2b, 0xd7, 0x33, 0x54, 0x2b, 0x95, 0x3b,
    0x94, 0x3b, 0xf6, 0x43, 0x32, 0x2b, 0xd5, 0x43, 0x71, 0x43, 0x33, 0x64,
    0xf3, 0x5b, 0xf3, 0x53, 0x93, 0x43, 0xb3, 0x3b, 0x53, 0x33, 0x74, 0x3b,
    0x96, 0x3b, 0x96, 0x2b, 0xd8, 0x2b, 0x97, 0x23, 0xd7, 0x3b, 0x53, 0x33,
    0xb4, 0x4b, 0xb7, 0x74, 0xd4, 0x53, 0xd5, 0x43, 0x96, 0x33, 0xb7, 0x2b,
    0xb6, 0x33, 0xb6, 0x33, 0xb6, 0x2b, 0x96, 0x33, 0xb6, 0x33, 0xb6, 0x33,
    0xb5, 0x3b, 0x74, 0x3b, 0x72, 0x43, 0x38, 0x8d, 0xdf, 0xef, 0xff, 0xff,
    0xff, 0xff, 0xff, 0xff, 0xff, 0xff, 0xff, 0xff, 0xff, 0xff, 0xff, 0xff,
    0xff, 0xff, 0xff, 0xef, 0x3b, 0xa6, 0x72, 0x43, 0x75, 0x3b, 0x96, 0x33,
    0xd7, 0x33, 0xb5, 0x2b, 0xd5, 0x33, 0xb4, 0x33, 0xd5, 0x43, 0x53, 0x3b,
    0x56, 0x64, 0x3b, 0xae, 0x7c, 0xb6, 0xbe, 0xbe, 0xfc, 0xa5, 0x39, 0x85,
    0x38, 0x7d, 0x75, 0x5c, 0x32, 0x2b, 0x95, 0x33, 0xf7, 0x3b, 0x96, 0x33,
    0xd5, 0x3b, 0x32, 0x2b, 0x93, 0x43, 0x36, 0x54, 0xf9, 0x7c, 0x7d, 0xb6,
    0xfe, 0xce, 0x3f, 0xcf, 0xff, 0xbe, 0x5d, 0xa6, 0x18, 0x7d, 0x15, 0x4c,
    0xb4, 0x3b, 0x73, 0x3b, 0x53, 0x33, 0xd5, 0x43, 0x94, 0x3b, 0xf5, 0x4b,
    0x3e, 0x96, 0x5f, 0x9e, 0xf9, 0x6c, 0x95, 0x3b, 0x95, 0x33, 0xb5, 0x33,
    0xd5, 0x33, 0xd4, 0x3b, 0xd7, 0x6c, 0x1c, 0xae, 0x1d, 0xae, 0x58, 0x5c,
    0xb9, 0x5c, 0x3c, 0x8e, 0x5b, 0x9e, 0x7b, 0xa6, 0x3b, 0xa6, 0x5c, 0xb6,
    0x3c, 0xbe, 0x5c, 0xbe, 0x3d, 0xae, 0x7f, 0x9e, 0xff, 0x85, 0xb5, 0x43,
    0x56, 0x5c, 0x1b, 0xae, 0x3a, 0xae, 0xb8, 0x9d, 0x7c, 0xae, 0x5c, 0xa6,
    0x1b, 0x9e, 0x5c, 0x9e, 0x3c, 0x96, 0x59, 0x75, 0x56, 0x4c, 0x16, 0x4c,
    0x53, 0x33, 0x54, 0x33, 0xb5, 0x43, 0xb5, 0x4b, 0x5a, 0x85, 0x3d, 0xb6,
    0xff, 0xce, 0x1f, 0xd7, 0x9e, 0xbe, 0x1d, 0xa6, 0xb7, 0x64, 0x93, 0x43,
    0x11, 0x2b, 0xb3, 0x43, 0x5d, 0x9e, 0x5f, 0xbf, 0x13, 0x4c, 0x74, 0x33,
    0x96, 0x3b, 0x76, 0x3b, 0x35, 0x3b, 0xb6, 0x4b, 0xd6, 0x43, 0x74, 0x2b,
    0xd4, 0x2b, 0xd3, 0x33, 0x34, 0x4c, 0x3b, 0x96, 0x3d, 0x9e, 0x19, 0x75,
    0xb5, 0x43, 0xf6, 0x4b, 0xbc, 0x85, 0x1d, 0x9e, 0x9b, 0x85, 0xd6, 0x3b,
    0xd6, 0x3b, 0xd6, 0x43, 0x74, 0x43, 0xf1, 0x32, 0x15, 0x54, 0x16, 0x4c,
    0xbb, 0x8d, 0x9d, 0xbe, 0xdd, 0xc6, 0x3e, 0xcf, 0xbd, 0xb6, 0xfb, 0x95,
    0xf8, 0x74, 0xf4, 0x53, 0x93, 0x3b, 0x95, 0x3b, 0xb7, 0x33, 0xb8, 0x2b,
    0xd8, 0x2b, 0x96, 0x33, 0xb4, 0x43, 0xb2, 0x53, 0xde, 0xbe, 0x9a, 0x95,
    0x73, 0x43, 0xb6, 0x33, 0xd7, 0x33, 0xb6, 0x33, 0xb5, 0x33, 0xb5, 0x33,
    0xb5, 0x33, 0xb6, 0x33, 0xb6, 0x33, 0xb5, 0x3b, 0x93, 0x3b, 0x72, 0x43,
    0x17, 0x85, 0xdf, 0xef, 0xff, 0xff, 0xff, 0xff, 0xff, 0xff, 0xff, 0xff,
    0xff, 0xff, 0xdf, 0xff, 0xff, 0xff, 0xff, 0xff, 0xff, 0xef, 0x3b, 0xa6,
    0x73, 0x43, 0x95, 0x3b, 0x96, 0x33, 0xb7, 0x33, 0xb5, 0x2b, 0xd5, 0x33,
    0xb4, 0x33, 0xb4, 0x3b, 0x94, 0x43, 0x1a, 0x7d, 0xff, 0xe7, 0xdf, 0xdf,
    0xdf, 0xdf, 0xff, 0xe7, 0xff, 0xe7, 0xff, 0xe7, 0xff, 0xb6, 0x39, 0x75,
    0x74, 0x3b, 0xb5, 0x43, 0x95, 0x3b, 0x94, 0x3b, 0x92, 0x3b, 0x17, 0x75,
    0x9e, 0xae, 0x9f, 0xd7, 0xdf, 0xe7, 0xff, 0xef, 0xff, 0xef, 0xff, 0xdf,
    0xff, 0xe7, 0xff, 0xe7, 0x7f, 0xbf, 0x79, 0x7d, 0x34, 0x4c, 0x71, 0x3b,
    0xd3, 0x43, 0x92, 0x43, 0x54, 0x5c, 0xff, 0xdf, 0xff, 0xd7, 0xfc, 0x95,
    0x94, 0x43, 0xb5, 0x3b, 0xb4, 0x33, 0xb4, 0x33, 0xd4, 0x3b, 0x7a, 0x85,
    0xbf, 0xe7, 0xff, 0xf7, 0xd9, 0x6c, 0x7c, 0x75, 0xdf, 0xc7, 0xff, 0xdf,
    0xff, 0xdf, 0xdf, 0xdf, 0xff, 0xf7, 0xff, 0xf7, 0xdf, 0xf7, 0xdf, 0xef,
    0xff, 0xdf, 0xff, 0xcf, 0x14, 0x54, 0x58, 0x8d, 0xdf, 0xef, 0xff, 0xff,
    0xdf, 0xef, 0xff, 0xef, 0xff, 0xe7, 0xbf, 0xdf, 0xff, 0xe7, 0xff, 0xe7,
    0x3c, 0x9e, 0x92, 0x43, 0x72, 0x3b, 0x92, 0x43, 0xb2, 0x43, 0x59, 0x7d,
    0xdf, 0xd7, 0xff, 0xe7, 0xff, 0xe7, 0xff, 0xe7, 0xff, 0xef, 0xff, 0xef,
    0xff, 0xe7, 0xff, 0xd7, 0x1f, 0xb7, 0xd6, 0x6c, 0x70, 0x3b, 0x78, 0x85,
    0xff, 0xe7, 0xbd, 0xae, 0x97, 0x5c, 0x13, 0x33, 0xd6, 0x4b, 0xb6, 0x4b,
    0x34, 0x33, 0x95, 0x3b, 0xd6, 0x33, 0xb5, 0x2b, 0xb4, 0x2b, 0xf7, 0x64,
    0xff, 0xd7, 0xff, 0xdf, 0xdb, 0x95, 0x73, 0x43, 0x15, 0x54, 0x1f, 0xbf,
    0xff, 0xdf, 0x3f, 0xbf, 0xb5, 0x43, 0x74, 0x3b, 0xb4, 0x4b, 0x52, 0x3b,
    0xf5, 0x53, 0x9b, 0x8d, 0xbf, 0xc7, 0xff, 0xd7, 0xff, 0xef, 0xdf, 0xe7,
    0xdf, 0xdf, 0xff, 0xe7, 0xff, 0xe7, 0x7f, 0xc7, 0x3d, 0x9e, 0x56, 0x5c,
    0x74, 0x3b, 0xd7, 0x3b, 0x96, 0x2b, 0xb7, 0x2b, 0x74, 0x33, 0x15, 0x4c,
    0xf7, 0x7c, 0xff, 0xef, 0x5f, 0xc7, 0xd3, 0x4b, 0x95, 0x33, 0xd7, 0x33,
    0xb5, 0x33, 0xb5, 0x33, 0xb6, 0x33, 0xb6, 0x33, 0xb6, 0x2b, 0xb5, 0x33,
    0xb5, 0x33, 0xb4, 0x43, 0x73, 0x43, 0xd7, 0x7c, 0xdf, 0xef, 0xff, 0xff,
    0xff, 0xff, 0xff, 0xff, 0xff, 0xff, 0xff, 0xff, 0xdf, 0xff, 0xff, 0xff,
    0xff, 0xff, 0xff, 0xf7, 0x3b, 0xa6, 0x73, 0x43, 0x95, 0x3b, 0xb7, 0x3b,
    0xb7, 0x33, 0xb5, 0x2b, 0xf6, 0x33, 0xb4, 0x33, 0x94, 0x3b, 0x94, 0x43,
    0x5a, 0x7d, 0xff, 0xdf, 0xff, 0xef, 0xbf, 0xe7, 0xdf, 0xdf, 0xdf, 0xdf,
    0xff, 0xdf, 0xff, 0xe7, 0xdf, 0xd7, 0x15, 0x54, 0x53, 0x3b, 0xd4, 0x53,
    0xb2, 0x4b, 0x78, 0x85, 0x3f, 0xc7, 0xff, 0xef, 0xff, 0xef, 0xff, 0xe7,
    0x3f, 0xc7, 0x1e, 0xbf, 0x9f, 0xcf, 0x9f, 0xcf, 0xbf, 0xcf, 0xff, 0xd7,
    0xff, 0xdf, 0x1b, 0x96, 0x53, 0x5c, 0x70, 0x43, 0x91, 0x4b, 0x74, 0x64,
    0xff, 0xe7, 0xff, 0xdf, 0x1b, 0x9e, 0x73, 0x43, 0xb5, 0x3b, 0xd5, 0x3b,
    0x94, 0x33, 0x93, 0x3b, 0x9a, 0x8d, 0xff, 0xf7, 0xff, 0xf7, 0x98, 0x6c,
    0xf9, 0x64, 0x9f, 0xc7, 0xff, 0xe7, 0xff, 0xd7, 0xff, 0xe7, 0xff, 0xf7,
    0x9f, 0xef, 0xff, 0xff, 0x7f, 0xdf, 0x9f, 0xcf, 0x9f, 0xbf, 0x34, 0x5c,
    0x99, 0x95, 0xff, 0xf7, 0xff, 0xff, 0xff, 0xf7, 0xbf, 0xe7, 0xff, 0xe7,
    0xbf, 0xdf, 0x9f, 0xdf, 0xff, 0xe7, 0x5e, 0xa6, 0x14, 0x54, 0x30, 0x3b,
    0x54, 0x5c, 0x9c, 0xae, 0xff, 0xdf, 0xff, 0xe7, 0x5f, 0xc7, 0xff, 0xdf,
    0x3f, 0xbf, 0xde, 0xb6, 0x3f, 0xc7, 0xff, 0xdf, 0xff, 0xe7, 0xff, 0xdf,
    0x57, 0x7d, 0xb1, 0x43, 0x7c, 0x9e, 0xbf, 0xdf, 0xff, 0xef, 0xff, 0xb6,
    0x15, 0x54, 0x94, 0x43, 0xb5, 0x43, 0x74, 0x3b, 0x74, 0x33, 0xf7, 0x33,
    0xd6, 0x2b, 0xb4, 0x2b, 0xf8, 0x64, 0xff, 0xdf, 0xff, 0xef, 0xba, 0x95,
    0x51, 0x4b, 0xd4, 0x53, 0x5f, 0xc7, 0xff, 0xef, 0x3f, 0xc7, 0x93, 0x43,
    0x73, 0x3b, 0x32, 0x43, 0x14, 0x5c, 0x1d, 0xa6, 0xff, 0xdf, 0xff, 0xdf,
    0xff, 0xdf, 0xdf, 0xdf, 0xbd, 0xbe, 0x7f, 0xcf, 0x7f, 0xc7, 0xdf, 0xd7,
    0xff, 0xdf, 0xff, 0xe7, 0x59, 0x7d, 0x73, 0x3b, 0xf6, 0x43, 0x96, 0x2b,
    0x95, 0x2b, 0x94, 0x33, 0x14, 0x54, 0x3f, 0xc7, 0xff, 0xef, 0xff, 0xdf,
    0x38, 0x75, 0x94, 0x33, 0xd6, 0x3b, 0x95, 0x33, 0xb5, 0x33, 0xd6, 0x33,
    0xb6, 0x33, 0xb6, 0x2b, 0x96, 0x2b, 0x95, 0x33, 0xb4, 0x3b, 0x93, 0x4b,
    0x75, 0x74, 0xff, 0xef, 0xff, 0xff, 0xff, 0xff, 0xff, 0xff, 0xff, 0xff,
    0xff, 0xff, 0xff, 0xff, 0xff, 0xff, 0xff, 0xff, 0xff, 0xef, 0x5b, 0xa6,
    0x73, 0x43, 0x95, 0x3b, 0xd7, 0x3b, 0xb7, 0x33, 0xb5, 0x2b, 0xf6, 0x3b,
    0xb4, 0x33, 0x94, 0x3b, 0x74, 0x3b, 0x3a, 0x7d, 0xff, 0xef, 0xff, 0xef,
    0xba, 0x9d, 0x34, 0x6c, 0xb5, 0x7c, 0x7b, 0xae, 0xff, 0xef, 0xbf, 0xd7,
    0xdb, 0x9d, 0x51, 0x43, 0xb3, 0x5b, 0xd6, 0x7c, 0x9f, 0xd7, 0xff, 0xef,
    0xff, 0xe7, 0xfc, 0xa5, 0x76, 0x6c, 0xd4, 0x53, 0x72, 0x4b, 0x72, 0x4b,
    0x55, 0x64, 0x3c, 0x9e, 0xdf, 0xd7, 0xff, 0xdf, 0xdf, 0xd7, 0xb9, 0x95,
    0x70, 0x4b, 0xb1, 0x53, 0x95, 0x74, 0xff, 0xdf, 0xff, 0xe7, 0xfc, 0x9d,
    0x53, 0x43, 0x74, 0x3b, 0xd5, 0x43, 0xb4, 0x3b, 0xb3, 0x3b, 0xbb, 0x95,
    0xff, 0xf7, 0xdf, 0xef, 0x1a, 0x7d, 0xb4, 0x3b, 0x34, 0x5c, 0xf2, 0x53,
    0xf1, 0x5b, 0xd8, 0x9d, 0xff, 0xf7, 0xff, 0xff, 0xb4, 0x84, 0xf2, 0x63,
    0x15, 0x4c, 0x35, 0x4c, 0x92, 0x3b, 0x78, 0x8d, 0xff, 0xf7, 0xff, 0xf7,
    0x16, 0x95, 0xd1, 0x63, 0x14, 0x64, 0x75, 0x6c, 0x14, 0x64, 0x35, 0x64,
    0xd5, 0x53, 0x32, 0x3b, 0x72, 0x3b, 0x7c, 0x9e, 0xbf, 0xd7, 0xff, 0xef,
    0xff, 0xef, 0xd9, 0x9d, 0x35, 0x5c, 0xd4, 0x4b, 0xd3, 0x43, 0x34, 0x5c,
    0x37, 0x85, 0xdd, 0xbe, 0xdf, 0xdf, 0xb9, 0x8d, 0xb3, 0x43, 0xfb, 0x95,
    0xff, 0xf7, 0xdf, 0xf7, 0xff, 0xe7, 0xdf, 0xb6, 0xf5, 0x53, 0x12, 0x33,
    0xd5, 0x43, 0xd6, 0x3b, 0x96, 0x23, 0xd7, 0x2b, 0xb5, 0x33, 0xb7, 0x64,
    0xff, 0xdf, 0xff, 0xef, 0xb9, 0x9d, 0xb1, 0x5b, 0xf3, 0x5b, 0x5f, 0xcf,
    0xff, 0xef, 0xff, 0xc6, 0xb3, 0x53, 0xb3, 0x4b, 0x92, 0x53, 0x3c, 0xae,
    0xff, 0xef, 0xff, 0xdf, 0x7f, 0xc7, 0x5a, 0x85, 0x13, 0x64, 0x34, 0x64,
    0x30, 0x3b, 0xd3, 0x4b, 0x38, 0x7d, 0xde, 0xae, 0xff, 0xd7, 0x7a, 0x85,
    0x93, 0x3b, 0xd5, 0x43, 0x95, 0x33, 0xb5, 0x3b, 0x93, 0x3b, 0xd7, 0x6c,
    0xff, 0xe7, 0xff, 0xef, 0xff, 0xe7, 0xde, 0xae, 0xd3, 0x3b, 0xd5, 0x3b,
    0x95, 0x33, 0xb5, 0x33, 0xb6, 0x33, 0xb6, 0x33, 0xb6, 0x2b, 0x96, 0x2b,
    0x95, 0x33, 0xb5, 0x3b, 0x93, 0x43, 0x34, 0x64, 0xff, 0xe7, 0xff, 0xf7,
    0xff, 0xff, 0xff, 0xff, 0xff, 0xff, 0xff, 0xff, 0xdf, 0xff, 0xff, 0xff,
    0xff, 0xff, 0xff, 0xf7, 0x5b, 0xa6, 0x93, 0x43, 0x95, 0x3b, 0xd7, 0x3b,
    0xb7, 0x2b, 0x95, 0x2b, 0xf5, 0x33, 0xd4, 0x33, 0xb4, 0x3b, 0x74, 0x43,
    0x19, 0x7d, 0xbf, 0xdf, 0xff, 0xef, 0x58, 0x95, 0x50, 0x53, 0xcd, 0x42,
    0x32, 0x6c, 0x7f, 0xd7, 0xff, 0xef, 0x7f, 0xd7, 0x71, 0x53, 0xf3, 0x63,
    0xfe, 0xc6, 0xff, 0xef, 0xdf, 0xdf, 0x99, 0x95, 0xd3, 0x5b, 0xd5, 0x4b,
    0x34, 0x3b, 0x95, 0x43, 0xf6, 0x53, 0x53, 0x3b, 0x11, 0x3b, 0x19, 0x85,
    0xbf, 0xd7, 0xff, 0xef, 0x5f, 0xcf, 0x95, 0x7c, 0xb1, 0x5b, 0x75, 0x74,
    0xdf, 0xe7, 0xff, 0xef, 0xdb, 0x9d, 0x74, 0x43, 0x74, 0x3b, 0xb5, 0x3b,
    0xb4, 0x3b, 0x93, 0x3b, 0xdb, 0x95, 0xff, 0xf7, 0xbf, 0xef, 0x19, 0x7d,
    0x73, 0x3b, 0x92, 0x43, 0x70, 0x43, 0xd1, 0x53, 0xf8, 0xa5, 0xff, 0xf7,
    0xff, 0xf7, 0x94, 0x74, 0xd2, 0x4b, 0xd4, 0x3b, 0x73, 0x2b, 0xf4, 0x4b,
    0x58, 0x85, 0xff, 0xe7, 0xff, 0xef, 0x17, 0x8d, 0x91, 0x53, 0x92, 0x4b,
    0x52, 0x43, 0x31, 0x43, 0x94, 0x4b, 0x94, 0x43, 0x94, 0x43, 0x18, 0x75,
    0xbf, 0xcf, 0xff, 0xef, 0x9f, 0xdf, 0x13, 0x64, 0x51, 0x4b, 0x52, 0x33,
    0xd5, 0x43, 0xd5, 0x43, 0x32, 0x33, 0xf0, 0x32, 0xf4, 0x5b, 0xfb, 0x9d,
    0x18, 0x7d, 0xb4, 0x4b, 0xba, 0x95, 0xff, 0xff, 0xdf, 0xff, 0xff, 0xef,
    0xff, 0xef, 0x5c, 0xa6, 0x15, 0x54, 0x73, 0x43, 0xb5, 0x3b, 0x96, 0x2b,
    0xd7, 0x33, 0x95, 0x33, 0x97, 0x64, 0xff, 0xe7, 0xff, 0xef, 0xb8, 0x9d,
    0x90, 0x53, 0xd2, 0x5b, 0x5f, 0xcf, 0xff, 0xf7, 0xdd, 0xc6, 0xd3, 0x5b,
    0xb2, 0x5b, 0xb6, 0x7c, 0xff, 0xef, 0xff, 0xe7, 0x1f, 0xc7, 0xf8, 0x74,
    0xf5, 0x4b, 0x30, 0x3b, 0x51, 0x43, 0xf5, 0x4b, 0xf4, 0x43, 0x92, 0x3b,
    0x75, 0x5c, 0x9a, 0x85, 0xb8, 0x64, 0x94, 0x43, 0x94, 0x3b, 0x54, 0x33,
    0xf5, 0x43, 0xf4, 0x4b, 0x7c, 0xa6, 0xff, 0xe7, 0xff, 0xef, 0xff, 0xef,
    0xdf, 0xd7, 0xb6, 0x64, 0xb4, 0x3b, 0x94, 0x3b, 0xb6, 0x3b, 0xb6, 0x33,
    0xb6, 0x33, 0xb6, 0x33, 0xb6, 0x33, 0xb6, 0x33, 0xb5, 0x3b, 0x94, 0x43,
    0xf4, 0x5b, 0xdf, 0xe7, 0xff, 0xf7, 0xff, 0xff, 0xff, 0xff, 0xff, 0xff,
    0xff, 0xff, 0xdf, 0xff, 0xff, 0xff, 0xff, 0xff, 0xff, 0xf7, 0x5b, 0xae,
    0x93, 0x43, 0x95, 0x3b, 0x97, 0x33, 0xb7, 0x33, 0xb5, 0x2b, 0xf5, 0x33,
    0xb4, 0x33, 0xb4, 0x3b, 0x95, 0x43, 0x19, 0x7d, 0xff, 0xef, 0xff, 0xf7,
    0xf6, 0x8c, 0xb2, 0x63, 0xb0, 0x5b, 0x32, 0x6c, 0x1d, 0xc7, 0xff, 0xe7,
    0x5f, 0xd7, 0x91, 0x5b, 0x37, 0x8d, 0xff, 0xef, 0xff, 0xef, 0x1a, 0xa6,
    0x13, 0x64, 0x32, 0x43, 0x96, 0x3b, 0xb8, 0x3b, 0xb7, 0x43, 0x75, 0x3b,
    0x34, 0x3b, 0x53, 0x43, 0xf5, 0x5b, 0xd8, 0x84, 0xdf, 0xe7, 0xff, 0xef,
    0x3c, 0xb6, 0x92, 0x5b, 0x54, 0x74, 0xdf, 0xe7, 0xff, 0xef, 0xbb, 0x9d,
    0x94, 0x4b, 0x74, 0x3b, 0xb5, 0x3b, 0xb5, 0x3b, 0x73, 0x3b, 0x9a, 0x8d,
    0xff, 0xf7, 0xdf, 0xef, 0x19, 0x7d, 0x94, 0x3b, 0xb2, 0x43, 0x30, 0x3b,
    0xd1, 0x53, 0xf9, 0xa5, 0xff, 0xef, 0xff, 0xf7, 0x33, 0x64, 0x72, 0x43,
    0xd5, 0x3b, 0x95, 0x2b, 0x15, 0x4c, 0x79, 0x85, 0xff, 0xef, 0xff, 0xef,
    0xd5, 0x7c, 0x92, 0x4b, 0xb3, 0x4b, 0x32, 0x3b, 0x32, 0x3b, 0xd4, 0x53,
    0x94, 0x43, 0x94, 0x43, 0x5d, 0xa6, 0xff, 0xef, 0x7f, 0xd7, 0x58, 0x8d,
    0xf3, 0x5b, 0x15, 0x5c, 0x12, 0x2b, 0x75, 0x33, 0xb6, 0x33, 0xb6, 0x3b,
    0xb5, 0x43, 0x73, 0x43, 0x15, 0x5c, 0x93, 0x4b, 0x53, 0x3b, 0xfc, 0x9d,
    0xdf, 0xf7, 0xff, 0xff, 0x5f, 0xd7, 0xff, 0xe7, 0xff, 0xe7, 0x9d, 0xae,
    0x34, 0x5c, 0x73, 0x3b, 0x95, 0x33, 0xb6, 0x3b, 0x74, 0x3b, 0x77, 0x64,
    0xff, 0xef, 0xff, 0xf7, 0x97, 0x95, 0x4f, 0x4b, 0xd2, 0x5b, 0x5f, 0xd7,
    0xff, 0xf7, 0xdd, 0xce, 0xb2, 0x5b, 0xd3, 0x5b, 0x7c, 0xbe, 0xff, 0xf7,
    0xff, 0xef, 0xd7, 0x7c, 0xd4, 0x4b, 0x11, 0x2b, 0x72, 0x43, 0x15, 0x4c,
    0x94, 0x33, 0x73, 0x2b, 0x93, 0x3b, 0xb3, 0x43, 0xd4, 0x4b, 0xf5, 0x4b,
    0xb5, 0x3b, 0x74, 0x33, 0x74, 0x3b, 0xb4, 0x43, 0xf7, 0x74, 0xbf, 0xd7,
    0xdf, 0xe7, 0x5e, 0xd7, 0xff, 0xe7, 0xff, 0xef, 0x3b, 0x9e, 0xd3, 0x53,
    0x94, 0x43, 0x95, 0x3b, 0x96, 0x33, 0xb6, 0x33, 0xb7, 0x33, 0xb7, 0x33,
    0xb6, 0x33, 0x95, 0x3b, 0xb4, 0x43, 0xb3, 0x53, 0xff, 0xe7, 0xff, 0xf7,
    0xff, 0xff, 0xff, 0xff, 0xff, 0xff, 0xff, 0xff, 0xff, 0xff, 0xff, 0xff,
    0xff, 0xff, 0xff, 0xef, 0x5c, 0xa6, 0x93, 0x43, 0x96, 0x3b, 0x96, 0x33,
    0xd7, 0x33, 0xd6, 0x33, 0xd6, 0x33, 0x94, 0x33, 0xb4, 0x3b, 0xb5, 0x43,
    0x19, 0x7d, 0xbf, 0xdf, 0xff, 0xf7, 0x37, 0x95, 0x90, 0x5b, 0x4f, 0x53,
    0x52, 0x6c, 0x9e, 0xd7, 0xff, 0xef, 0x9d, 0xbe, 0xb2, 0x5b, 0xbd, 0xbe,
    0xff, 0xef, 0xbf, 0xdf, 0x74, 0x6c, 0xb2, 0x53, 0x53, 0x3b, 0x97, 0x33,
    0x97, 0x33, 0x76, 0x33, 0xb6, 0x3b, 0xd6, 0x4b, 0x73, 0x43, 0x52, 0x43,
    0xf4, 0x63, 0x3f, 0xcf, 0xff, 0xef, 0x5f, 0xd7, 0xd1, 0x63, 0x74, 0x7c,
    0xff, 0xef, 0xdf, 0xe7, 0x1c, 0xae, 0x94, 0x4b, 0x54, 0x3b, 0xd6, 0x3b,
    0xd6, 0x3b, 0x73, 0x3b, 0x9a, 0x8d, 0xff, 0xf7, 0xff, 0xf7, 0xd8, 0x6c,
    0x94, 0x3b, 0xb3, 0x43, 0x51, 0x3b, 0xd2, 0x53, 0xd9, 0x9d, 0xff, 0xef,
    0xff, 0xf7, 0x95, 0x74, 0x93, 0x3b, 0xd6, 0x3b, 0xb5, 0x33, 0x94, 0x3b,
    0x59, 0x85, 0xff, 0xf7, 0xff, 0xef, 0xb9, 0x9d, 0x34, 0x6c, 0x96, 0x6c,
    0xd7, 0x74, 0x97, 0x6c, 0x56, 0x64, 0xd4, 0x53, 0x97, 0x6c, 0xbf, 0xd7,
    0xff, 0xe7, 0x7f, 0xcf, 0x71, 0x4b, 0x52, 0x43, 0xb4, 0x43, 0xf6, 0x43,
    0x96, 0x33, 0x96, 0x33, 0xf7, 0x3b, 0xd6, 0x43, 0x54, 0x33, 0xb5, 0x43,
    0x74, 0x43, 0x74, 0x43, 0xdc, 0x9d, 0xdf, 0xf7, 0x9f, 0xf7, 0x1a, 0xae,
    0x3f, 0xc7, 0xff, 0xe7, 0xff, 0xe7, 0xfb, 0x9d, 0xd3, 0x53, 0x74, 0x3b,
    0xb5, 0x43, 0x53, 0x3b, 0x76, 0x6c, 0xff, 0xef, 0xff, 0xf7, 0x98, 0x95,
    0x90, 0x53, 0xf2, 0x5b, 0x9f, 0xd7, 0xff, 0xef, 0xfe, 0xce, 0xf2, 0x63,
    0x54, 0x6c, 0xff, 0xef, 0xdf, 0xe7, 0xbd, 0xbe, 0xb2, 0x53, 0xb4, 0x43,
    0x94, 0x3b, 0xf5, 0x4b, 0x32, 0x2b, 0xd6, 0x33, 0xf7, 0x33, 0xd5, 0x3b,
    0xb4, 0x3b, 0x74, 0x33, 0x74, 0x33, 0x95, 0x3b, 0x95, 0x3b, 0xb5, 0x43,
    0x93, 0x43, 0xda, 0x9d, 0xff, 0xe7, 0xff, 0xef, 0x35, 0x8d, 0x7e, 0xdf,
    0xff, 0xef, 0x3e, 0xcf, 0x34, 0x64, 0x94, 0x43, 0x95, 0x3b, 0x95, 0x33,
    0x96, 0x33, 0xb7, 0x33, 0xd7, 0x33, 0xb6, 0x2b, 0x95, 0x33, 0xb4, 0x43,
    0x92, 0x4b, 0xff, 0xe7, 0xff, 0xef, 0xff, 0xff, 0xff, 0xff, 0xff, 0xff,
    0xff, 0xff, 0xff, 0xff, 0xff, 0xff, 0xff, 0xff, 0xff, 0xef, 0x9c, 0xb6,
    0x93, 0x43, 0x95, 0x3b, 0x96, 0x33, 0xb7, 0x33, 0xd6, 0x33, 0xd5, 0x33,
    0xb4, 0x33, 0xd5, 0x43, 0x54, 0x3b, 0x39, 0x85, 0xff, 0xf7, 0xdf, 0xef,
    0x1a, 0xb6, 0x17, 0x8d, 0xb8, 0x9d, 0x5e, 0xcf, 0xff, 0xef, 0xff, 0xe7,
    0xda, 0x9d, 0x92, 0x53, 0x3f, 0xcf, 0xff, 0xe7, 0x9f, 0xc7, 0x50, 0x3b,
    0xf5, 0x53, 0x95, 0x3b, 0xb6, 0x33, 0xd7, 0x33, 0xb6, 0x33, 0x95, 0x33,
    0x74, 0x3b, 0x72, 0x3b, 0x71, 0x43, 0xb1, 0x53, 0x3a, 0xae, 0xff, 0xe7,
    0xff, 0xef, 0x94, 0x7c, 0x32, 0x74, 0xff, 0xf7, 0xbf, 0xe7, 0xfb, 0x9d,
    0xb4, 0x4b, 0x95, 0x3b, 0xb6, 0x3b, 0xb6, 0x33, 0xb4, 0x3b, 0xbb, 0x8d,
    0xff, 0xf7, 0xff, 0xef, 0x19, 0x75, 0x95, 0x3b, 0x94, 0x43, 0x93, 0x43,
    0x92, 0x4b, 0xfa, 0x9d, 0xff, 0xef, 0xff, 0xef, 0x75, 0x6c, 0x73, 0x43,
    0xb5, 0x3b, 0x95, 0x3b, 0xb3, 0x4b, 0x58, 0x8d, 0xff, 0xff, 0xff, 0xff,
    0xff, 0xf7, 0xff, 0xef, 0xff, 0xe7, 0xff, 0xe7, 0xff, 0xe7, 0xff, 0xe7,
    0xda, 0x9d, 0xf6, 0x84, 0xff, 0xef, 0xbf, 0xd7, 0x3b, 0x9e, 0x50, 0x3b,
    0xb3, 0x3b, 0xd4, 0x3b, 0x53, 0x2b, 0xf6, 0x3b, 0x95, 0x33, 0x95, 0x33,
    0xb6, 0x33, 0xb6, 0x33, 0x94, 0x33, 0x94, 0x3b, 0x93, 0x43, 0xfb, 0x9d,
    0xff, 0xff, 0xbf, 0xf7, 0xb5, 0x7c, 0x74, 0x6c, 0x7f, 0xd7, 0xff, 0xef,
    0xff, 0xe7, 0xfa, 0x9d, 0xd4, 0x53, 0x32, 0x43, 0x52, 0x4b, 0x96, 0x7c,
    0xdf, 0xef, 0xff, 0xef, 0xd9, 0x95, 0xb2, 0x4b, 0xf3, 0x5b, 0x3f, 0xc7,
    0xff, 0xf7, 0x1e, 0xcf, 0x13, 0x64, 0x58, 0x8d, 0xdf, 0xe7, 0xff, 0xef,
    0x78, 0x95, 0x92, 0x4b, 0x93, 0x3b, 0x94, 0x33, 0x94, 0x3b, 0x37, 0x4c,
    0x96, 0x23, 0x76, 0x23, 0xb6, 0x33, 0xb5, 0x33, 0xd6, 0x33, 0x96, 0x33,
    0x75, 0x33, 0x95, 0x3b, 0x94, 0x43, 0x15, 0x64, 0x5f, 0xcf, 0xff, 0xef,
    0x1d, 0xcf, 0xaf, 0x63, 0x76, 0x9d, 0xff, 0xf7, 0xdf, 0xef, 0x37, 0x8d,
    0x52, 0x43, 0xd5, 0x43, 0xf6, 0x43, 0x55, 0x2b, 0xd7, 0x33, 0x96, 0x2b,
    0xb6, 0x33, 0x95, 0x33, 0x94, 0x3b, 0xb3, 0x4b, 0xbf, 0xdf, 0xff, 0xef,
    0xff, 0xff, 0xff, 0xff, 0xff, 0xff, 0xff, 0xff, 0xff, 0xff, 0xff, 0xff,
    0xff, 0xff, 0xff, 0xef, 0x9c, 0xb6, 0x73, 0x43, 0x95, 0x3b, 0x97, 0x33,
    0xb7, 0x33, 0xd6, 0x2b, 0xd5, 0x33, 0xb4, 0x33, 0xd5, 0x43, 0x54, 0x3b,
    0x19, 0x85, 0xff, 0xef, 0xff, 0xff, 0xff, 0xf7, 0xff, 0xef, 0xff, 0xef,
    0xff, 0xe7, 0xff, 0xdf, 0xbd, 0xb6, 0xd3, 0x5b, 0xb3, 0x53, 0xff, 0xe7,
    0xbf, 0xd7, 0xfe, 0xb6, 0x54, 0x54, 0xf1, 0x2a, 0xd6, 0x3b, 0xd7, 0x33,
    0x76, 0x23, 0xb6, 0x2b, 0x16, 0x44, 0xd4, 0x43, 0x72, 0x3b, 0x91, 0x43,
    0x70, 0x4b, 0x98, 0x95, 0xff, 0xe7, 0xdf, 0xe7, 0xd4, 0x84, 0xb3, 0x7c,
    0xdf, 0xe7, 0xff, 0xef, 0x1a, 0xa6, 0x52, 0x3b, 0x34, 0x33, 0x95, 0x33,
    0xb5, 0x33, 0x94, 0x33, 0xba, 0x8d, 0xff, 0xf7, 0xff, 0xef, 0x19, 0x6d,
    0xb5, 0x33, 0xb5, 0x3b, 0x74, 0x43, 0x93, 0x43, 0x1b, 0x9e, 0xff, 0xe7,
    0xff, 0xef, 0x76, 0x6c, 0x73, 0x43, 0xb5, 0x3b, 0x95, 0x3b, 0x93, 0x4b,
    0x37, 0x95, 0xff, 0xff, 0xff, 0xff, 0xff, 0xf7, 0xdf, 0xe7, 0xff, 0xe7,
    0xff, 0xe7, 0xff, 0xe7, 0xdf, 0xe7, 0xfa, 0x9d, 0x98, 0x95, 0xff, 0xef,
    0xff, 0xef, 0x57, 0x7d, 0xd3, 0x43, 0xd3, 0x3b, 0xf5, 0x3b, 0x94, 0x33,
    0x94, 0x33, 0xd6, 0x3b, 0xb5, 0x33, 0x96, 0x2b, 0xb6, 0x2b, 0xb5, 0x33,
    0xf5, 0x43, 0xb3, 0x4b, 0xda, 0x9d, 0xff, 0xef, 0xff, 0xf7, 0xd5, 0x7c,
    0x70, 0x4b, 0x58, 0x8d, 0x3e, 0xcf, 0xff, 0xef, 0x9f, 0xdf, 0x9a, 0x95,
    0x14, 0x64, 0x31, 0x53, 0x34, 0x74, 0xff, 0xf7, 0xff, 0xef, 0xb9, 0x8d,
    0xb2, 0x43, 0x14, 0x5c, 0x5f, 0xcf, 0xff, 0xef, 0xfd, 0xc6, 0xd3, 0x5b,
    0x79, 0x8d, 0xff, 0xef, 0xff, 0xe7, 0xf7, 0x84, 0x30, 0x3b, 0x94, 0x3b,
    0xd5, 0x3b, 0xb4, 0x33, 0xb5, 0x33, 0x96, 0x23, 0xd8, 0x2b, 0xb6, 0x2b,
    0x96, 0x2b, 0xd7, 0x33, 0xd8, 0x33, 0xb7, 0x3b, 0xd6, 0x43, 0x73, 0x43,
    0x39, 0x8d, 0xff, 0xef, 0xff, 0xef, 0x36, 0x9d, 0x8f, 0x63, 0x32, 0x7c,
    0xbf, 0xef, 0xdf, 0xf7, 0x5f, 0xdf, 0xd4, 0x5b, 0x73, 0x3b, 0xb5, 0x3b,
    0x75, 0x33, 0xd7, 0x33, 0x96, 0x2b, 0xb6, 0x33, 0xb5, 0x33, 0x94, 0x3b,
    0xb3, 0x4b, 0x9f, 0xd7, 0xff, 0xef, 0xff, 0xff, 0xff, 0xff, 0xff, 0xff,
    0xff, 0xff, 0xff, 0xff, 0xff, 0xff, 0xff, 0xff, 0xff, 0xef, 0x9d, 0xae,
    0x93, 0x43, 0x95, 0x3b, 0x96, 0x33, 0xb7, 0x33, 0xd6, 0x2b, 0xb5, 0x33,
    0xb4, 0x33, 0xd4, 0x3b, 0x53, 0x3b, 0x39, 0x85, 0xff, 0xef, 0xff, 0xff,
    0xff, 0xef, 0xff, 0xe7, 0xff, 0xdf, 0x3f, 0xbf, 0xfa, 0x95, 0x95, 0x64,
    0x52, 0x3b, 0xf4, 0x5b, 0xff, 0xdf, 0xff, 0xdf, 0xbe, 0xae, 0x14, 0x4c,
    0xd5, 0x43, 0x54, 0x2b, 0xd7, 0x33, 0x76, 0x23, 0xd7, 0x33, 0x16, 0x3c,
    0x94, 0x33, 0x93, 0x3b, 0xd3, 0x4b, 0xb2, 0x4b, 0x99, 0x95, 0xff, 0xe7,
    0xdf, 0xdf, 0xb4, 0x7c, 0xd5, 0x84, 0xbf, 0xdf, 0xff, 0xef, 0xda, 0x9d,
    0xb4, 0x4b, 0xd6, 0x3b, 0xf7, 0x3b, 0xd7, 0x3b, 0x94, 0x33, 0x9a, 0x85,
    0xff, 0xef, 0xff, 0xe7, 0x19, 0x6d, 0x95, 0x33, 0xb6, 0x3b, 0x75, 0x3b,
    0x94, 0x43, 0xfc, 0x9d, 0xff, 0xe7, 0xff, 0xef, 0x77, 0x6c, 0x75, 0x43,
    0xb6, 0x3b, 0x95, 0x3b, 0x94, 0x4b, 0x38, 0x8d, 0xff, 0xff, 0xff, 0xff,
    0x1a, 0xb6, 0x58, 0x8d, 0x79, 0x85, 0x9a, 0x8d, 0x58, 0x85, 0x38, 0x8d,
    0x95, 0x6c, 0x17, 0x85, 0xdf, 0xe7, 0xff, 0xef, 0x58, 0x85, 0xd4, 0x43,
    0x74, 0x2b, 0xd5, 0x3b, 0xb5, 0x3b, 0xd5, 0x3b, 0x74, 0x33, 0xf7, 0x3b,
    0x18, 0x34, 0xd7, 0x2b, 0x76, 0x2b, 0x74, 0x33, 0x52, 0x43, 0xdb, 0x9d,
    0xdf, 0xe7, 0xff, 0xf7, 0xd6, 0x74, 0xef, 0x32, 0x91, 0x4b, 0x17, 0x85,
    0x5f, 0xd7, 0xff, 0xf7, 0xbf, 0xdf, 0xba, 0xa5, 0xd2, 0x63, 0xf2, 0x6b,
    0xff, 0xf7, 0xff, 0xef, 0x9a, 0x85, 0x93, 0x43, 0x14, 0x54, 0x7f, 0xcf,
    0xff, 0xef, 0xfe, 0xc6, 0xd2, 0x53, 0x99, 0x8d, 0xff, 0xef, 0xff, 0xe7,
    0x37, 0x85, 0x92, 0x43, 0xd5, 0x43, 0xf6, 0x3b, 0x53, 0x2b, 0xb5, 0x33,
    0xf8, 0x33, 0xf8, 0x2b, 0xb6, 0x2b, 0xb6, 0x33, 0xd7, 0x33, 0x97, 0x2b,
    0x55, 0x2b, 0x55, 0x3b, 0xf5, 0x5b, 0x7f, 0xd7, 0xff, 0xf7, 0x7f, 0xdf,
    0x33, 0x74, 0xb0, 0x63, 0x8f, 0x63, 0x9c, 0xc6, 0x9f, 0xef, 0xff, 0xf7,
    0x38, 0x85, 0x52, 0x3b, 0x74, 0x3b, 0x95, 0x3b, 0xb6, 0x33, 0xb6, 0x33,
    0xb6, 0x33, 0xb6, 0x33, 0x94, 0x3b, 0xb3, 0x4b, 0x5f, 0xcf, 0xff, 0xf7,
    0xff, 0xff, 0xff, 0xff, 0xff, 0xff, 0xff, 0xff, 0xff, 0xff, 0xff, 0xff,
    0xff, 0xff, 0xff, 0xef, 0x9d, 0xb6, 0x94, 0x4b, 0x95, 0x3b, 0x96, 0x33,
    0xb7, 0x33, 0xd6, 0x2b, 0xd5, 0x33, 0xb4, 0x33, 0xd5, 0x43, 0x54, 0x3b,
    0x39, 0x85, 0xff, 0xf7, 0xdf, 0xf7, 0x1b, 0xb6, 0xf7, 0x84, 0xb7, 0x6c,
    0x75, 0x5c, 0xf4, 0x4b, 0x51, 0x33, 0xb4, 0x43, 0xd4, 0x53, 0x3f, 0xbf,
    0xff, 0xe7, 0x3f, 0xbf, 0xd3, 0x43, 0x36, 0x54, 0x75, 0x33, 0x96, 0x2b,
    0xb7, 0x33, 0xb6, 0x33, 0x54, 0x33, 0x74, 0x33, 0xb4, 0x43, 0x93, 0x43,
    0x71, 0x43, 0x7d, 0xae, 0xff, 0xef, 0xff, 0xe7, 0x33, 0x6c, 0x94, 0x7c,
    0xff, 0xef, 0xbf, 0xe7, 0xfb, 0x9d, 0x93, 0x43, 0x74, 0x3b, 0xb6, 0x33,
    0xb6, 0x33, 0x94, 0x33, 0xba, 0x8d, 0xff, 0xf7, 0xff, 0xef, 0x19, 0x6d,
    0xb6, 0x33, 0x96, 0x3b, 0x76, 0x43, 0x75, 0x43, 0xfc, 0x95, 0xff, 0xe7,
    0xff, 0xef, 0x97, 0x64, 0x96, 0x3b, 0xb7, 0x33, 0x96, 0x33, 0x94, 0x43,
    0x59, 0x8d, 0xff, 0xff, 0xff, 0xf7, 0x16, 0x85, 0xb2, 0x53, 0xb3, 0x43,
    0xd4, 0x43, 0x92, 0x4b, 0xb3, 0x4b, 0xb3, 0x4b, 0xd7, 0x74, 0xff, 0xef,
    0xff, 0xef, 0xdf, 0xb6, 0x94, 0x3b, 0x54, 0x2b, 0x95, 0x3b, 0x74, 0x33,
    0xb5, 0x3b, 0x55, 0x33, 0x96, 0x33, 0x76, 0x2b, 0x76, 0x2b, 0xb7, 0x3b,
    0xd6, 0x43, 0x94, 0x4b, 0xfb, 0x9d, 0xff, 0xef, 0xff, 0xe7, 0xf7, 0x74,
    0x93, 0x43, 0x52, 0x43, 0x71, 0x4b, 0x58, 0x8d, 0x7f, 0xd7, 0xff, 0xef,
    0x9f, 0xdf, 0xb8, 0xa5, 0x73, 0x84, 0xff, 0xf7, 0xff, 0xef, 0x9a, 0x8d,
    0xb4, 0x4b, 0xf4, 0x53, 0x9f, 0xcf, 0xff, 0xef, 0x1f, 0xcf, 0xd2, 0x53,
    0x38, 0x7d, 0xff, 0xe7, 0xff, 0xe7, 0xfa, 0x9d, 0x92, 0x43, 0x73, 0x33,
    0xd6, 0x3b, 0x74, 0x33, 0x94, 0x33, 0x96, 0x33, 0xb6, 0x2b, 0xb6, 0x2b,
    0x75, 0x2b, 0xd7, 0x33, 0xf8, 0x3b, 0xb6, 0x3b, 0x54, 0x3b, 0x19, 0x85,
    0xff, 0xef, 0xff, 0xef, 0xff, 0xef, 0x3f, 0xd7, 0x3f, 0xcf, 0x3f, 0xd7,
    0xff, 0xef, 0xff, 0xff, 0x7f, 0xe7, 0xbe, 0xbe, 0xd4, 0x53, 0x73, 0x3b,
    0xb5, 0x3b, 0xb5, 0x33, 0xd7, 0x33, 0xb6, 0x33, 0xb5, 0x33, 0x94, 0x3b,
    0x93, 0x4b, 0x1f, 0xc7, 0xff, 0xf7, 0xff, 0xff, 0xff, 0xff, 0xff, 0xff,
    0xff, 0xff, 0xff, 0xff, 0xff, 0xff, 0xff, 0xff, 0xff, 0xef, 0xbd, 0xb6,
    0x93, 0x4b, 0x95, 0x3b, 0x96, 0x33, 0xb7, 0x33, 0xd6, 0x2b, 0xb4, 0x33,
    0xb4, 0x33, 0xd5, 0x43, 0x54, 0x3b, 0x19, 0x85, 0xff, 0xf7, 0xdf, 0xef,
    0x58, 0x95, 0x72, 0x4b, 0x52, 0x33, 0xb3, 0x3b, 0xd4, 0x3b, 0x73, 0x33,
    0x53, 0x3b, 0x93, 0x43, 0x7e, 0xae, 0xff, 0xdf, 0xff, 0xdf, 0x78, 0x85,
    0xf1, 0x32, 0x16, 0x4c, 0x96, 0x3b, 0xf7, 0x43, 0x96, 0x3b, 0x75, 0x33,
    0xf6, 0x4b, 0xb5, 0x43, 0x73, 0x43, 0x15, 0x5c, 0x7f, 0xcf, 0xff, 0xe7,
    0x3f, 0xcf, 0x92, 0x5b, 0x34, 0x74, 0xff, 0xef, 0xff, 0xef, 0xfb, 0xa5,
    0xb3, 0x4b, 0x74, 0x3b, 0xb5, 0x3b, 0xb5, 0x3b, 0xb4, 0x3b, 0xda, 0x8d,
    0xff, 0xf7, 0xff, 0xef, 0x18, 0x75, 0x95, 0x3b, 0x97, 0x3b, 0x76, 0x43,
    0x75, 0x43, 0xfc, 0x9d, 0xff, 0xef, 0xff, 0xe7, 0x98, 0x5c, 0xb6, 0x33,
    0xd8, 0x2b, 0xb7, 0x2b, 0xb4, 0x3b, 0x59, 0x85, 0xff, 0xf7, 0xff, 0xef,
    0xf8, 0x7c, 0x73, 0x3b, 0x94, 0x3b, 0xb5, 0x3b, 0x94, 0x3b, 0x73, 0x3b,
    0x73, 0x3b, 0x36, 0x5c, 0x7f, 0xd7, 0xff, 0xe7, 0x7f, 0xcf, 0x36, 0x5c,
    0x74, 0x3b, 0xb6, 0x43, 0x96, 0x3b, 0x96, 0x3b, 0x96, 0x3b, 0xd7, 0x3b,
    0x97, 0x33, 0x76, 0x33, 0xb6, 0x43, 0x75, 0x43, 0x33, 0x43, 0x1c, 0xa6,
    0xff, 0xef, 0xdf, 0xe7, 0xd7, 0x6c, 0x15, 0x4c, 0xb5, 0x43, 0x12, 0x3b,
    0xb3, 0x53, 0x18, 0x85, 0x7f, 0xcf, 0xff, 0xef, 0xdf, 0xe7, 0x19, 0xb6,
    0xff, 0xff, 0xff, 0xef, 0xbb, 0x95, 0x93, 0x4b, 0xf3, 0x5b, 0x7f, 0xcf,
    0xff, 0xef, 0x3e, 0xcf, 0xb2, 0x53, 0x34, 0x5c, 0x3f, 0xc7, 0xff, 0xe7,
    0x3f, 0xc7, 0xf4, 0x53, 0x11, 0x2b, 0x16, 0x44, 0x15, 0x54, 0x94, 0x43,
    0x75, 0x33, 0x95, 0x33, 0x36, 0x44, 0x73, 0x33, 0x95, 0x33, 0x95, 0x33,
    0x95, 0x43, 0xb4, 0x53, 0xff, 0xc6, 0xdf, 0xef, 0xff, 0xf7, 0xff, 0xf7,
    0xff, 0xef, 0xff, 0xe7, 0xff, 0xe7, 0xff, 0xe7, 0xff, 0xf7, 0xff, 0xf7,
    0xdf, 0xdf, 0xb7, 0x74, 0x72, 0x3b, 0x94, 0x3b, 0x95, 0x33, 0xf6, 0x3b,
    0xb6, 0x33, 0x95, 0x33, 0x94, 0x3b, 0x93, 0x4b, 0xbe, 0xbe, 0xff, 0xf7,
    0xff, 0xff, 0xff, 0xff, 0xdf, 0xff, 0xff, 0xff, 0xff, 0xff, 0xff, 0xff,
    0xff, 0xff, 0xff, 0xef, 0xbd, 0xb6, 0xb3, 0x4b, 0x95, 0x3b, 0x97, 0x33,
    0xb7, 0x33, 0xd6, 0x2b, 0xd5, 0x33, 0xb4, 0x33, 0xd4, 0x3b, 0x73, 0x3b,
    0x39, 0x85, 0xdf, 0xef, 0xdf, 0xef, 0x9a, 0x95, 0x73, 0x43, 0x74, 0x3b,
    0xf5, 0x3b, 0x15, 0x3c, 0xb4, 0x3b, 0x53, 0x3b, 0xb4, 0x4b, 0xb7, 0x74,
    0xdf, 0xdf, 0xff, 0xef, 0x7f, 0xcf, 0x35, 0x64, 0x52, 0x43, 0x33, 0x33,
    0xb5, 0x43, 0x74, 0x3b, 0x94, 0x43, 0x94, 0x43, 0x11, 0x33, 0x15, 0x5c,
    0xbf, 0xb6, 0xff, 0xe7, 0xff, 0xe7, 0x79, 0x95, 0x91, 0x5b, 0x14, 0x6c,
    0xbf, 0xe7, 0xff, 0xf7, 0x9a, 0x9d, 0x92, 0x4b, 0x73, 0x3b, 0xb5, 0x3b,
    0xb5, 0x3b, 0x93, 0x3b, 0xb9, 0x8d, 0xff, 0xf7, 0xff, 0xef, 0x18, 0x75,
    0x95, 0x3b, 0x96, 0x43, 0x76, 0x43, 0x75, 0x43, 0xfc, 0x9d, 0xff, 0xef,
    0xff, 0xef, 0xb7, 0x5c, 0xb6, 0x33, 0xd7, 0x2b, 0xb6, 0x2b, 0xb4, 0x43,
    0x59, 0x8d, 0xff, 0xf7, 0xff, 0xef, 0x39, 0x85, 0x73, 0x3b, 0xb5, 0x3b,
    0xb6, 0x33, 0x95, 0x3b, 0xb5, 0x3b, 0x95, 0x3b, 0xd5, 0x4b, 0xba, 0x95,
    0xff, 0xef, 0xdf, 0xdf, 0x3d, 0xa6, 0xd4, 0x53, 0x53, 0x3b, 0x95, 0x3b,
    0x75, 0x3b, 0x95, 0x33, 0x96, 0x3b, 0x54, 0x3b, 0xd5, 0x4b, 0x37, 0x5c,
    0xb4, 0x4b, 0x11, 0x3b, 0xfb, 0x9d, 0xff, 0xef, 0xff, 0xe7, 0x96, 0x64,
    0xb4, 0x3b, 0x95, 0x3b, 0x96, 0x43, 0x74, 0x43, 0x94, 0x4b, 0x7a, 0x85,
    0x7f, 0xcf, 0xff, 0xf7, 0xbf, 0xe7, 0xff, 0xff, 0xff, 0xf7, 0xbb, 0xa5,
    0x72, 0x4b, 0xf3, 0x5b, 0x3f, 0xcf, 0xff, 0xef, 0xfe, 0xc6, 0xb1, 0x53,
    0xd2, 0x53, 0x3c, 0xa6, 0xff, 0xef, 0xff, 0xe7, 0xfb, 0x95, 0x15, 0x4c,
    0x73, 0x3b, 0x52, 0x3b, 0x93, 0x4b, 0xb5, 0x3b, 0x73, 0x33, 0x72, 0x3b,
    0xb3, 0x43, 0x97, 0x5c, 0xd5, 0x43, 0x52, 0x3b, 0x76, 0x6c, 0xff, 0xf7,
    0xff, 0xff, 0xfd, 0xd6, 0x7b, 0xbe, 0x9d, 0xb6, 0x1f, 0xbf, 0xbe, 0xae,
    0x9e, 0xae, 0xbd, 0xbe, 0xff, 0xf7, 0xff, 0xe7, 0xfb, 0x9d, 0xb3, 0x4b,
    0x73, 0x3b, 0x94, 0x33, 0xd6, 0x3b, 0xb6, 0x33, 0xb5, 0x33, 0x94, 0x3b,
    0x93, 0x43, 0x5d, 0xb6, 0xff, 0xf7, 0xff, 0xff, 0xff, 0xff, 0xdf, 0xff,
    0xff, 0xff, 0xff, 0xff, 0xff, 0xff, 0xff, 0xff, 0xff, 0xf7, 0xbd, 0xb6,
    0xb4, 0x4b, 0x95, 0x3b, 0x96, 0x33, 0xb7, 0x33, 0xd6, 0x2b, 0xb5, 0x33,
    0xb4, 0x33, 0xd5, 0x43, 0x54, 0x3b, 0x39, 0x7d, 0xff, 0xef, 0xff, 0xef,
    0x9a, 0x95, 0x94, 0x43, 0x95, 0x33, 0xb5, 0x33, 0xd5, 0x2b, 0xb4, 0x33,
    0xd6, 0x43, 0xb4, 0x4b, 0x72, 0x4b, 0x5c, 0xb6, 0xff, 0xe7, 0xff, 0xef,
    0xff, 0xce, 0x35, 0x64, 0xd3, 0x53, 0x92, 0x43, 0x72, 0x43, 0xb2, 0x4b,
    0x91, 0x43, 0x13, 0x54, 0x3b, 0x9e, 0xff, 0xdf, 0xff, 0xe7, 0x1e, 0xc7,
    0xf2, 0x63, 0xb0, 0x5b, 0x32, 0x74, 0x9f, 0xe7, 0xff, 0xf7, 0xf9, 0xad,
    0x71, 0x4b, 0x93, 0x43, 0xd5, 0x43, 0xb4, 0x3b, 0x72, 0x3b, 0x98, 0x8d,
    0xff, 0xf7, 0xff, 0xf7, 0x18, 0x75, 0x95, 0x3b, 0x76, 0x43, 0x56, 0x43,
    0x55, 0x4b, 0xfc, 0x9d, 0xff, 0xef, 0xff, 0xef, 0x95, 0x64, 0x94, 0x3b,
    0xd5, 0x33, 0xb4, 0x33, 0xb2, 0x4b, 0x57, 0x95, 0xff, 0xff, 0xff, 0xf7,
    0xf7, 0x84, 0x72, 0x43, 0xb5, 0x43, 0x54, 0x33, 0x75, 0x3b, 0x95, 0x43,
    0x75, 0x43, 0x32, 0x3b, 0x95, 0x6c, 0x9f, 0xd7, 0xff, 0xef, 0xff, 0xe7,
    0xb9, 0x95, 0x34, 0x5c, 0xb3, 0x43, 0x93, 0x3b, 0xd4, 0x3b, 0x73, 0x3b,
    0x71, 0x43, 0xf7, 0x7c, 0x9d, 0xb6, 0xd9, 0x95, 0xd2, 0x53, 0xb9, 0x95,
    0xff, 0xef, 0xff, 0xf7, 0x96, 0x64, 0x95, 0x3b, 0x76, 0x33, 0xd8, 0x3b,
    0x76, 0x3b, 0x94, 0x3b, 0x15, 0x4c, 0x78, 0x85, 0x7e, 0xd7, 0xff, 0xf7,
    0xff, 0xff, 0xff, 0xff, 0xbb, 0xa5, 0x52, 0x53, 0xf3, 0x5b, 0x3f, 0xcf,
    0xff, 0xf7, 0xdd, 0xc6, 0xd2, 0x53, 0xb2, 0x4b, 0xf6, 0x7c, 0x7f, 0xcf,
    0xff, 0xdf, 0xbf, 0xcf, 0x1c, 0x8e, 0x15, 0x54, 0x51, 0x43, 0x93, 0x4b,
    0xf5, 0x4b, 0x93, 0x43, 0x91, 0x43, 0x38, 0x7d, 0xff, 0xae, 0x59, 0x7d,
    0xd4, 0x53, 0x5d, 0xae, 0xff, 0xef, 0x7f, 0xe7, 0x15, 0x95, 0xf1, 0x6b,
    0x91, 0x4b, 0xd3, 0x4b, 0x52, 0x3b, 0x14, 0x54, 0x54, 0x64, 0x5f, 0xd7,
    0xff, 0xe7, 0x7f, 0xcf, 0x56, 0x64, 0x93, 0x43, 0x94, 0x33, 0xb5, 0x33,
    0xb6, 0x33, 0xb5, 0x33, 0x94, 0x3b, 0x93, 0x4b, 0x3c, 0xa6, 0xff, 0xf7,
    0xff, 0xff, 0xff, 0xff, 0xdf, 0xff, 0xff, 0xff, 0xff, 0xff, 0xff, 0xff,
    0xff, 0xff, 0xff, 0xf7, 0xbe, 0xb6, 0xb3, 0x4b, 0x95, 0x3b, 0x96, 0x33,
    0xb6, 0x33, 0xd6, 0x33, 0xd5, 0x33, 0xb4, 0x33, 0xd5, 0x3b, 0x54, 0x3b,
    0x3a, 0x7d, 0xff, 0xef, 0xff, 0xe7, 0x7a, 0x8d, 0xb4, 0x43, 0xb5, 0x3b,
    0x95, 0x2b, 0xb5, 0x2b, 0xf6, 0x3b, 0x95, 0x3b, 0x53, 0x3b, 0xd4, 0x5b,
    0xb2, 0x5b, 0x5f, 0xd7, 0xff, 0xef, 0xff, 0xe7, 0x9f, 0xdf, 0x1b, 0xa6,
    0xb5, 0x74, 0x53, 0x64, 0xd5, 0x74, 0x78, 0x8d, 0x7f, 0xc7, 0xff, 0xe7,
    0xff, 0xdf, 0xdf, 0xd7, 0x57, 0x85, 0x2e, 0x43, 0xd0, 0x5b, 0x52, 0x74,
    0xff, 0xf7, 0xff, 0xef, 0xdd, 0xc6, 0x78, 0x8d, 0x79, 0x85, 0x9a, 0x85,
    0xf8, 0x6c, 0x14, 0x54, 0xb9, 0x95, 0xff, 0xef, 0xff, 0xef, 0x17, 0x75,
    0x94, 0x3b, 0x95, 0x43, 0x55, 0x43, 0x74, 0x4b, 0xfc, 0x9d, 0xff, 0xef,
    0xff, 0xef, 0x96, 0x64, 0xb3, 0x3b, 0xb4, 0x3b, 0xb3, 0x3b, 0xb2, 0x4b,
    0x57, 0x95, 0xff, 0xff, 0xff, 0xf7, 0x5b, 0xb6, 0xf7, 0x7c, 0x9b, 0x8d,
    0x5b, 0x7d, 0x5b, 0x85, 0x3a, 0x7d, 0x98, 0x6c, 0xb4, 0x4b, 0x51, 0x4b,
    0xd5, 0x7c, 0xbf, 0xdf, 0xff, 0xef, 0xff, 0xef, 0x1d, 0xbf, 0x58, 0x85,
    0xd6, 0x6c, 0x74, 0x5c, 0x58, 0x7d, 0x7c, 0xae, 0xff, 0xdf, 0xff, 0xe7,
    0xb8, 0x9d, 0x90, 0x4b, 0xfa, 0x9d, 0xff, 0xef, 0xff, 0xef, 0xb6, 0x64,
    0xf6, 0x43, 0x96, 0x33, 0x97, 0x33, 0x55, 0x33, 0xd6, 0x43, 0x73, 0x33,
    0xb3, 0x43, 0xd9, 0x95, 0xff, 0xef, 0xdf, 0xef, 0xff, 0xf7, 0xda, 0xa5,
    0x72, 0x53, 0x14, 0x64, 0x7f, 0xcf, 0xff, 0xef, 0xdd, 0xbe, 0xf3, 0x53,
    0x71, 0x43, 0x50, 0x43, 0xb9, 0x8d, 0xdf, 0xdf, 0xff, 0xe7, 0xff, 0xcf,
    0x1f, 0xb7, 0xba, 0x95, 0x34, 0x6c, 0x35, 0x64, 0x18, 0x7d, 0x9c, 0xae,
    0xff, 0xdf, 0xff, 0xdf, 0x58, 0x7d, 0xb2, 0x53, 0xff, 0xdf, 0xff, 0xef,
    0x5f, 0xdf, 0xd1, 0x63, 0x2f, 0x4b, 0xb2, 0x4b, 0x93, 0x3b, 0x73, 0x33,
    0xd4, 0x4b, 0x72, 0x43, 0x5c, 0xa6, 0xff, 0xdf, 0xff, 0xef, 0x18, 0x75,
    0xd4, 0x43, 0xd4, 0x3b, 0x95, 0x33, 0xb5, 0x33, 0xb5, 0x3b, 0x94, 0x3b,
    0x93, 0x43, 0x1c, 0xa6, 0xff, 0xf7, 0xff, 0xff, 0xff, 0xff, 0xdf, 0xff,
    0xfe, 0xff, 0xde, 0xff, 0xff, 0xff, 0xff, 0xff, 0xff, 0xf7, 0xfe, 0xbe,
    0x93, 0x4b, 0x74, 0x3b, 0xb5, 0x3b, 0xd6, 0x33, 0x75, 0x2b, 0x95, 0x33,
    0xf6, 0x3b, 0x74, 0x33, 0xd5, 0x43, 0x3a, 0x7d, 0xff, 0xdf, 0xdf, 0xdf,
    0x7a, 0x8d, 0x52, 0x3b, 0x94, 0x3b, 0xf5, 0x43, 0x94, 0x33, 0xb6, 0x3b,
    0xb6, 0x3b, 0xb5, 0x43, 0x73, 0x3b, 0x31, 0x3b, 0x75, 0x6c, 0x9d, 0xb6,
    0xff, 0xe7, 0xff, 0xef, 0xff, 0xef, 0xff, 0xef, 0xff, 0xe7, 0xff, 0xe7,
    0xff, 0xef, 0xff, 0xef, 0xff, 0xdf, 0x5f, 0xc7, 0x95, 0x64, 0xf2, 0x4b,
    0xf2, 0x53, 0x2f, 0x3b, 0x94, 0x6c, 0xff, 0xdf, 0xff, 0xe7, 0xff, 0xef,
    0xff, 0xef, 0xff, 0xe7, 0xff, 0xe7, 0xff, 0xb6, 0xb1, 0x4b, 0x78, 0x8d,
    0xff, 0xe7, 0xff, 0xe7, 0x38, 0x7d, 0x73, 0x43, 0x93, 0x43, 0xb4, 0x4b,
    0x73, 0x4b, 0xdb, 0x95, 0xff, 0xe7, 0xff, 0xdf, 0xb8, 0x5c, 0x73, 0x2b,
    0xd4, 0x3b, 0xf4, 0x43, 0x30, 0x3b, 0x77, 0x8d, 0xff, 0xf7, 0xff, 0xf7,
    0xff, 0xf7, 0xff, 0xe7, 0xff, 0xe7, 0xff, 0xe7, 0xff, 0xdf, 0xff, 0xdf,
    0x9f, 0xa6, 0xb4, 0x4b, 0x72, 0x4b, 0x93, 0x53, 0x17, 0x85, 0x3f, 0xcf,
    0xff, 0xef, 0xff, 0xef, 0xff, 0xe7, 0xff, 0xe7, 0xff, 0xe7, 0xff, 0xdf,
    0xff, 0xe7, 0xff, 0xef, 0xdf, 0xdf, 0x58, 0x85, 0x92, 0x53, 0x9a, 0x95,
    0xff, 0xe7, 0xff, 0xdf, 0xb6, 0x6c, 0x32, 0x33, 0xb5, 0x43, 0x95, 0x3b,
    0xb6, 0x43, 0x75, 0x3b, 0xd6, 0x43, 0x12, 0x33, 0x56, 0x5c, 0x79, 0x85,
    0xdf, 0xdf, 0xff, 0xef, 0xba, 0x95, 0x71, 0x4b, 0xf2, 0x53, 0x7f, 0xc7,
    0xff, 0xe7, 0x5f, 0xc7, 0xd2, 0x4b, 0xf3, 0x4b, 0x71, 0x3b, 0x91, 0x43,
    0x99, 0x85, 0x1f, 0xbf, 0xff, 0xe7, 0xff, 0xe7, 0xff, 0xdf, 0xdf, 0xe7,
    0xff, 0xef, 0xff, 0xef, 0xff, 0xdf, 0xff, 0xe7, 0xbf, 0xd7, 0xd7, 0x74,
    0x7d, 0xae, 0xff, 0xdf, 0xff, 0xe7, 0x58, 0x8d, 0x92, 0x4b, 0x51, 0x43,
    0x73, 0x3b, 0xd5, 0x43, 0xd4, 0x43, 0x73, 0x33, 0xb5, 0x43, 0x56, 0x5c,
    0xbf, 0xd7, 0xff, 0xe7, 0xfe, 0xb6, 0x14, 0x4c, 0xb4, 0x3b, 0xb4, 0x33,
    0xf6, 0x33, 0x95, 0x33, 0x73, 0x3b, 0xb3, 0x4b, 0xba, 0x95, 0xff, 0xf7,
    0xff, 0xf7, 0xdf, 0xff, 0xff, 0xff, 0xfe, 0xff, 0xde, 0xff, 0xff, 0xff,
    0xff, 0xff, 0xff, 0xf7, 0xfe, 0xbe, 0x93, 0x4b, 0x93, 0x3b, 0x94, 0x33,
    0xb6, 0x3b, 0x95, 0x2b, 0x95, 0x33, 0xd6, 0x3b, 0x95, 0x33, 0xb5, 0x3b,
    0xd9, 0x64, 0xdf, 0xd7, 0x9f, 0xcf, 0x9a, 0x8d, 0x93, 0x43, 0x94, 0x3b,
    0xb5, 0x3b, 0x75, 0x33, 0x96, 0x33, 0x75, 0x33, 0x75, 0x33, 0x95, 0x33,
    0xd5, 0x43, 0xb4, 0x43, 0xf4, 0x53, 0x58, 0x85, 0xde, 0xb6, 0xff, 0xe7,
    0xff, 0xe7, 0xff, 0xe7, 0xff, 0xe7, 0xdf, 0xdf, 0x3f, 0xc7, 0xdb, 0x95,
    0x96, 0x6c, 0x91, 0x43, 0x71, 0x33, 0xb2, 0x3b, 0x91, 0x3b, 0xd6, 0x6c,
    0xbf, 0xcf, 0xdf, 0xd7, 0xff, 0xe7, 0xdf, 0xd7, 0xbf, 0xd7, 0xff, 0xdf,
    0xfe, 0xb6, 0x55, 0x64, 0xdb, 0x8d, 0xdf, 0xcf, 0x9f, 0xc7, 0x97, 0x64,
    0x73, 0x3b, 0x73, 0x43, 0xb3, 0x4b, 0x93, 0x4b, 0xbb, 0x8d, 0xff, 0xd7,
    0xff, 0xcf, 0x78, 0x4c, 0x75, 0x2b, 0xb5, 0x3b, 0xd5, 0x43, 0x92, 0x43,
    0x99, 0x8d, 0xff, 0xdf, 0xff, 0xe7, 0xdf, 0xe7, 0xdf, 0xdf, 0xff, 0xe7,
    0xff, 0xe7, 0xff, 0xd7, 0xff, 0xcf, 0x9e, 0xa6, 0x36, 0x54, 0x94, 0x43,
    0x12, 0x3b, 0x32, 0x43, 0x55, 0x64, 0x1b, 0x9e, 0x9f, 0xd7, 0xff, 0xe7,
    0xdf, 0xdf, 0xff, 0xdf, 0xff, 0xe7, 0xff, 0xdf, 0xdd, 0xb6, 0x58, 0x85,
    0x92, 0x4b, 0x93, 0x43, 0x1d, 0x96, 0xff, 0xd7, 0xbf, 0xcf, 0x18, 0x75,
    0x93, 0x43, 0xb4, 0x43, 0x74, 0x33, 0x95, 0x3b, 0x75, 0x3b, 0xb5, 0x3b,
    0x33, 0x33, 0x74, 0x3b, 0xf5, 0x4b, 0x3e, 0x96, 0xff, 0xd7, 0xfb, 0x95,
    0x71, 0x43, 0x55, 0x5c, 0x3f, 0xb7, 0xdf, 0xcf, 0xdf, 0xa6, 0xb3, 0x43,
    0xb3, 0x43, 0x72, 0x3b, 0xb3, 0x43, 0x72, 0x3b, 0xb7, 0x64, 0x5c, 0x9e,
    0x7f, 0xc7, 0xff, 0xe7, 0xff, 0xef, 0xff, 0xe7, 0xbf, 0xdf, 0xdf, 0xdf,
    0x9d, 0xae, 0x59, 0x85, 0x13, 0x5c, 0xdf, 0xb6, 0xff, 0xdf, 0x7f, 0xc7,
    0x35, 0x54, 0x93, 0x43, 0x73, 0x3b, 0x94, 0x3b, 0xd5, 0x43, 0xb5, 0x3b,
    0x74, 0x33, 0xb5, 0x3b, 0x16, 0x4c, 0x9d, 0xae, 0xff, 0xdf, 0xbf, 0xcf,
    0xd8, 0x64, 0xb4, 0x3b, 0x74, 0x2b, 0xd5, 0x33, 0xb5, 0x33, 0x93, 0x3b,
    0xb3, 0x43, 0xba, 0x95, 0xff, 0xf7, 0xff, 0xf7, 0xff, 0xff, 0xff, 0xff,
    0xff, 0xff, 0xff, 0xff, 0xff, 0xff, 0xff, 0xff, 0xff, 0xef, 0xff, 0xbe,
    0x93, 0x4b, 0x94, 0x3b, 0x74, 0x33, 0xd6, 0x3b, 0x96, 0x2b, 0x95, 0x2b,
    0xd6, 0x3b, 0x95, 0x33, 0x95, 0x33, 0x17, 0x4c, 0xd8, 0x64, 0xd8, 0x6c,
    0x15, 0x54, 0x73, 0x3b, 0x95, 0x33, 0xd6, 0x3b, 0xb6, 0x33, 0x96, 0x2b,
    0xb6, 0x33, 0x96, 0x33, 0xb6, 0x33, 0xb5, 0x3b, 0x73, 0x33, 0x32, 0x33,
    0xb3, 0x43, 0x55, 0x64, 0xb5, 0x6c, 0x17, 0x7d, 0x79, 0x8d, 0x59, 0x85,
    0xd8, 0x7c, 0x76, 0x64, 0xd4, 0x4b, 0x52, 0x33, 0x93, 0x3b, 0xb4, 0x3b,
    0xb4, 0x3b, 0x93, 0x33, 0xb4, 0x43, 0x19, 0x6d, 0xd8, 0x74, 0xf8, 0x74,
    0xf7, 0x74, 0xf7, 0x6c, 0x18, 0x75, 0xb7, 0x64, 0x52, 0x3b, 0x36, 0x54,
    0x1a, 0x75, 0xd9, 0x64, 0x16, 0x4c, 0x95, 0x3b, 0xb5, 0x43, 0xb4, 0x43,
    0x33, 0x33, 0x16, 0x54, 0xf9, 0x74, 0xb9, 0x64, 0x18, 0x3c, 0xb6, 0x2b,
    0xd6, 0x33, 0xb5, 0x3b, 0x32, 0x33, 0x14, 0x54, 0xf7, 0x74, 0xb6, 0x74,
    0xf6, 0x7c, 0xd6, 0x74, 0xf7, 0x74, 0xf7, 0x74, 0xb7, 0x64, 0xf8, 0x6c,
    0x77, 0x54, 0x53, 0x2b, 0x54, 0x33, 0xb6, 0x43, 0xd5, 0x4b, 0x73, 0x3b,
    0x92, 0x43, 0x75, 0x5c, 0x58, 0x7d, 0xd9, 0x8d, 0x1a, 0x96, 0x78, 0x85,
    0xd6, 0x6c, 0xf4, 0x4b, 0xb3, 0x43, 0x94, 0x43, 0x54, 0x3b, 0x16, 0x4c,
    0xb8, 0x64, 0xf8, 0x64, 0xb4, 0x43, 0x94, 0x3b, 0xb5, 0x3b, 0x74, 0x33,
    0xd6, 0x3b, 0xb6, 0x3b, 0x95, 0x33, 0xb6, 0x33, 0x95, 0x33, 0x54, 0x33,
    0x16, 0x4c, 0x3e, 0x96, 0xf9, 0x6c, 0xb3, 0x43, 0x93, 0x3b, 0xb8, 0x5c,
    0xf9, 0x64, 0x97, 0x5c, 0x73, 0x33, 0xd5, 0x3b, 0xb4, 0x3b, 0xb4, 0x3b,
    0x94, 0x3b, 0xb4, 0x3b, 0xf4, 0x4b, 0x56, 0x5c, 0xf8, 0x74, 0x7a, 0x85,
    0x99, 0x8d, 0x79, 0x85, 0x96, 0x6c, 0x14, 0x54, 0xb3, 0x4b, 0x52, 0x3b,
    0x76, 0x5c, 0xf8, 0x6c, 0x98, 0x64, 0x73, 0x33, 0xb5, 0x3b, 0x95, 0x3b,
    0xb5, 0x3b, 0xb5, 0x33, 0x96, 0x33, 0x95, 0x33, 0xb6, 0x33, 0xb5, 0x3b,
    0xd4, 0x4b, 0x18, 0x7d, 0x19, 0x75, 0xd5, 0x43, 0xb5, 0x33, 0xb6, 0x33,
    0xd6, 0x33, 0xd5, 0x33, 0x94, 0x33, 0xb3, 0x43, 0x99, 0x8d, 0xff, 0xef,
    0xff, 0xf7, 0xff, 0xff, 0xff, 0xff, 0xff, 0xff, 0xff, 0xff, 0xff, 0xff,
    0xff, 0xf7, 0xff, 0xef, 0x1f, 0xbf, 0xb4, 0x4b, 0x94, 0x3b, 0x95, 0x33,
    0xd6, 0x33, 0xb6, 0x33, 0x96, 0x2b, 0xd6, 0x33, 0xb6, 0x33, 0x96, 0x2b,
    0xb5, 0x3b, 0x94, 0x33, 0x73, 0x33, 0xb4, 0x3b, 0xb5, 0x3b, 0xb6, 0x33,
    0xd6, 0x33, 0xb7, 0x33, 0x96, 0x2b, 0xd8, 0x33, 0xb7, 0x33, 0x95, 0x2b,
    0x95, 0x33, 0xb5, 0x3b, 0xd5, 0x3b, 0x94, 0x3b, 0x72, 0x3b, 0x52, 0x3b,
    0xd3, 0x43, 0xf5, 0x53, 0xb4, 0x43, 0x33, 0x3b, 0x32, 0x33, 0x74, 0x3b,
    0xb5, 0x3b, 0xd5, 0x3b, 0x16, 0x44, 0xb5, 0x33, 0xd5, 0x3b, 0x74, 0x33,
    0xb4, 0x3b, 0x74, 0x3b, 0x53, 0x3b, 0x93, 0x3b, 0x73, 0x3b, 0xb4, 0x3b,
    0x94, 0x3b, 0x33, 0x2b, 0x74, 0x33, 0xb5, 0x3b, 0x75, 0x33, 0xb6, 0x3b,
    0x95, 0x3b, 0xb6, 0x3b, 0xb6, 0x3b, 0x75, 0x3b, 0x95, 0x3b, 0x95, 0x3b,
    0x74, 0x33, 0xb7, 0x2b, 0xb7, 0x2b, 0xb7, 0x33, 0xb6, 0x33, 0x74, 0x33,
    0x94, 0x3b, 0x93, 0x3b, 0x32, 0x3b, 0xb3, 0x4b, 0x72, 0x3b, 0x93, 0x43,
    0xb3, 0x3b, 0x73, 0x33, 0xb5, 0x3b, 0xf6, 0x43, 0xb6, 0x33, 0xb6, 0x33,
    0x96, 0x33, 0xb6, 0x3b, 0xd6, 0x3b, 0xb4, 0x3b, 0x72, 0x33, 0x72, 0x3b,
    0xb3, 0x43, 0x92, 0x3b, 0x72, 0x33, 0x92, 0x3b, 0x93, 0x33, 0xb4, 0x3b,
    0xf6, 0x43, 0xb6, 0x33, 0x54, 0x2b, 0x74, 0x33, 0x94, 0x3b, 0x74, 0x33,
    0xd6, 0x3b, 0xd6, 0x33, 0x75, 0x2b, 0xd7, 0x33, 0xb6, 0x33, 0x96, 0x2b,
    0xd7, 0x33, 0x17, 0x44, 0xb5, 0x33, 0x54, 0x2b, 0x16, 0x44, 0xb4, 0x3b,
    0xd5, 0x3b, 0x94, 0x3b, 0x95, 0x33, 0x94, 0x33, 0x75, 0x33, 0xb5, 0x33,
    0xd6, 0x33, 0xb5, 0x33, 0x95, 0x33, 0xd5, 0x3b, 0x95, 0x33, 0x94, 0x33,
    0x94, 0x3b, 0x94, 0x3b, 0x93, 0x3b, 0x93, 0x43, 0xb4, 0x43, 0x94, 0x43,
    0x93, 0x3b, 0x94, 0x3b, 0xb5, 0x43, 0xd5, 0x43, 0xb4, 0x3b, 0xb5, 0x3b,
    0xd5, 0x3b, 0xb5, 0x33, 0xd6, 0x33, 0xb6, 0x33, 0xb6, 0x33, 0xb6, 0x2b,
    0xb6, 0x33, 0xb6, 0x2b, 0x95, 0x33, 0x94, 0x43, 0x73, 0x3b, 0x33, 0x33,
    0x54, 0x2b, 0xf7, 0x3b, 0xd7, 0x33, 0x96, 0x2b, 0xd6, 0x33, 0x94, 0x3b,
    0x93, 0x43, 0x79, 0x8d, 0xff, 0xef, 0xff, 0xf7, 0xff, 0xff, 0xff, 0xff,
    0xff, 0xff, 0xff, 0xff, 0xff, 0xff, 0xff, 0xf7, 0xff, 0xef, 0x1f, 0xbf,
    0xb4, 0x4b, 0x94, 0x3b, 0x95, 0x33, 0xd6, 0x33, 0xb6, 0x33, 0x96, 0x2b,
    0xb6, 0x33, 0xb6, 0x33, 0xb6, 0x33, 0x95, 0x33, 0x17, 0x44, 0xd6, 0x3b,
    0xd6, 0x3b, 0xd6, 0x33, 0x95, 0x2b, 0x96, 0x2b, 0xb7, 0x33, 0xb7, 0x2b,
    0xd7, 0x33, 0x96, 0x2b, 0x96, 0x2b, 0xf7, 0x3b, 0xf7, 0x3b, 0x95, 0x33,
    0x95, 0x33, 0xf6, 0x3b, 0xd6, 0x3b, 0xd5, 0x3b, 0xb5, 0x3b, 0x95, 0x3b,
    0xb6, 0x43, 0xd6, 0x3b, 0xb6, 0x3b, 0x96, 0x2b, 0x96, 0x2b, 0xd7, 0x33,
    0x95, 0x23, 0xf7, 0x3b, 0xb6, 0x33, 0xd6, 0x3b, 0xd6, 0x3b, 0xb6, 0x3b,
    0xb5, 0x3b, 0xb5, 0x3b, 0xd6, 0x3b, 0xd6, 0x3b, 0xf7, 0x3b, 0xd7, 0x3b,
    0xd7, 0x33, 0xb7, 0x33, 0xb7, 0x33, 0xb7, 0x33, 0x76, 0x33, 0x76, 0x2b,
    0xb6, 0x33, 0xd7, 0x3b, 0xd7, 0x3b, 0xd7, 0x3b, 0xb8, 0x33, 0xd8, 0x2b,
    0xb7, 0x2b, 0x96, 0x2b, 0xb6, 0x33, 0xf7, 0x3b, 0xf6, 0x3b, 0xf6, 0x43,
    0x94, 0x33, 0x74, 0x33, 0x95, 0x3b, 0xd6, 0x3b, 0xb5, 0x33, 0x96, 0x33,
    0x96, 0x33, 0x96, 0x2b, 0x18, 0x3c, 0x76, 0x23, 0x35, 0x23, 0xd7, 0x33,
    0x38, 0x44, 0xd6, 0x33, 0x94, 0x33, 0x94, 0x33, 0x94, 0x33, 0xb5, 0x33,
    0xf6, 0x3b, 0x16, 0x3c, 0xb6, 0x2b, 0xb6, 0x2b, 0xf7, 0x33, 0xb6, 0x2b,
    0x17, 0x44, 0xd6, 0x3b, 0xb6, 0x33, 0xd6, 0x33, 0x96, 0x2b, 0x75, 0x2b,
    0xd7, 0x33, 0xd6, 0x33, 0xf7, 0x33, 0x96, 0x2b, 0xd6, 0x33, 0x96, 0x2b,
    0xd6, 0x33, 0x95, 0x33, 0x95, 0x33, 0xb5, 0x33, 0xb6, 0x33, 0xb5, 0x33,
    0xd7, 0x3b, 0xb6, 0x33, 0xd7, 0x33, 0x75, 0x2b, 0x96, 0x2b, 0xf7, 0x33,
    0x96, 0x2b, 0x96, 0x33, 0xd7, 0x33, 0xf7, 0x3b, 0xd6, 0x3b, 0x95, 0x3b,
    0x95, 0x3b, 0xd5, 0x3b, 0x94, 0x33, 0x94, 0x33, 0x94, 0x33, 0xd5, 0x3b,
    0xb5, 0x33, 0x95, 0x2b, 0x75, 0x2b, 0xb5, 0x33, 0xb6, 0x33, 0xd6, 0x33,
    0xb6, 0x33, 0xb6, 0x2b, 0xb7, 0x2b, 0xd7, 0x33, 0xb7, 0x2b, 0x96, 0x2b,
    0xf7, 0x4b, 0x95, 0x43, 0x75, 0x33, 0xd7, 0x3b, 0xf8, 0x33, 0x96, 0x2b,
    0x96, 0x23, 0xf6, 0x3b, 0x94, 0x3b, 0x93, 0x43, 0x78, 0x8d, 0xff, 0xef,
    0xff, 0xf7, 0xff, 0xff, 0xff, 0xff, 0xff, 0xff, 0xff, 0xff, 0xff, 0xff,
    0xff, 0xf7, 0xff, 0xef, 0x1f, 0xbf, 0xd4, 0x4b, 0x93, 0x3b, 0xb4, 0x3b,
    0xb5, 0x3b, 0xb6, 0x33, 0xb5, 0x33, 0x95, 0x33, 0xb6, 0x33, 0xd6, 0x3b,
    0x95, 0x33, 0x95, 0x33, 0x75, 0x2b, 0x96, 0x2b, 0xb6, 0x33, 0x96, 0x2b,
    0x96, 0x33, 0xd6, 0x33, 0xd6, 0x33, 0x96, 0x2b, 0xb6, 0x33, 0xd7, 0x3b,
    0xb6, 0x33, 0x95, 0x2b, 0x95, 0x2b, 0xb6, 0x33, 0xb6, 0x33, 0x74, 0x2b,
    0x74, 0x33, 0x75, 0x33, 0x95, 0x33, 0xb6, 0x3b, 0xb7, 0x3b, 0x96, 0x33,
    0x76, 0x2b, 0xb7, 0x2b, 0xf7, 0x33, 0x75, 0x23, 0xd7, 0x33, 0x96, 0x2b,
    0xb6, 0x33, 0x75, 0x33, 0x95, 0x33, 0x95, 0x33, 0x95, 0x2b, 0xb6, 0x33,
    0x75, 0x2b, 0xb6, 0x33, 0x76, 0x2b, 0x97, 0x2b, 0x96, 0x2b, 0xb7, 0x33,
    0xb7, 0x3b, 0x77, 0x33, 0x76, 0x2b, 0x96, 0x33, 0x96, 0x3b, 0x75, 0x33,
    0x76, 0x33, 0xd7, 0x33, 0xd8, 0x33, 0xb7, 0x33, 0x96, 0x2b, 0xb6, 0x33,
    0x96, 0x33, 0x75, 0x2b, 0x95, 0x33, 0xd6, 0x3b, 0xb6, 0x33, 0xb6, 0x33,
    0xb6, 0x3b, 0xd6, 0x3b, 0xb6, 0x33, 0xb6, 0x33, 0xb7, 0x33, 0xd7, 0x33,
    0xf8, 0x33, 0xf8, 0x33, 0xd7, 0x33, 0x96, 0x2b, 0x95, 0x2b, 0xb6, 0x33,
    0xd6, 0x33, 0xf7, 0x3b, 0xd6, 0x33, 0x75, 0x2b, 0xb6, 0x33, 0xb6, 0x2b,
    0x95, 0x23, 0xf7, 0x33, 0x96, 0x2b, 0xb6, 0x33, 0x75, 0x2b, 0x75, 0x2b,
    0xb6, 0x33, 0x95, 0x2b, 0xb6, 0x33, 0xf6, 0x33, 0xd6, 0x33, 0xd6, 0x33,
    0xb6, 0x2b, 0xd6, 0x33, 0x55, 0x23, 0xf7, 0x3b, 0xb6, 0x33, 0xd7, 0x3b,
    0x75, 0x33, 0x55, 0x2b, 0x55, 0x2b, 0x96, 0x33, 0xb6, 0x33, 0xb7, 0x33,
    0x96, 0x2b, 0xb7, 0x33, 0xd7, 0x33, 0xf8, 0x33, 0xb7, 0x33, 0x96, 0x33,
    0x95, 0x33, 0x75, 0x33, 0x95, 0x33, 0x95, 0x33, 0xb5, 0x3b, 0xb5, 0x33,
    0xd6, 0x3b, 0xf6, 0x3b, 0xf6, 0x3b, 0xb5, 0x33, 0xb5, 0x33, 0xd6, 0x33,
    0xf7, 0x3b, 0xb6, 0x33, 0xb6, 0x33, 0xb6, 0x33, 0xb6, 0x33, 0xd7, 0x2b,
    0xd7, 0x33, 0xd7, 0x33, 0x96, 0x33, 0x55, 0x33, 0x95, 0x43, 0x76, 0x3b,
    0xb6, 0x3b, 0x96, 0x2b, 0xd7, 0x33, 0xd7, 0x33, 0xb6, 0x33, 0x94, 0x3b,
    0x92, 0x43, 0x78, 0x8d, 0xff, 0xef, 0xff, 0xf7, 0xff, 0xff, 0xff, 0xff,
    0xff, 0xff, 0xff, 0xff, 0xff, 0xff, 0xff, 0xf7, 0xff, 0xef, 0x1f, 0xc7,
    0xd3, 0x53, 0x93, 0x43, 0x94, 0x3b, 0xb4, 0x3b, 0xb5, 0x3b, 0xb5, 0x3b,
    0x95, 0x33, 0xb5, 0x3b, 0xb5, 0x3b, 0x95, 0x33, 0x95, 0x33, 0xb6, 0x33,
    0xd6, 0x3b, 0xd6, 0x3b, 0xd6, 0x3b, 0xd6, 0x3b, 0x95, 0x3b, 0x74, 0x33,
    0x75, 0x3b, 0xf6, 0x43, 0xd6, 0x3b, 0x54, 0x2b, 0x74, 0x33, 0xf6, 0x3b,
    0xd6, 0x3b, 0x54, 0x2b, 0xd6, 0x3b, 0xf6, 0x43, 0xf7, 0x43, 0xd7, 0x43,
    0x95, 0x33, 0x75, 0x33, 0x96, 0x33, 0xd7, 0x3b, 0xb6, 0x33, 0xd6, 0x33,
    0xb6, 0x2b, 0xd6, 0x33, 0x95, 0x33, 0xf6, 0x43, 0x95, 0x3b, 0xb6, 0x43,
    0xb5, 0x3b, 0x95, 0x33, 0xd6, 0x3b, 0x95, 0x33, 0xb6, 0x3b, 0x75, 0x33,
    0xd7, 0x3b, 0x96, 0x33, 0x76, 0x33, 0x96, 0x33, 0xb6, 0x3b, 0xb6, 0x3b,
    0xf7, 0x43, 0xb6, 0x43, 0x95, 0x3b, 0x95, 0x3b, 0x75, 0x33, 0x95, 0x3b,
    0x96, 0x3b, 0xb6, 0x3b, 0xd7, 0x3b, 0xd6, 0x3b, 0x96, 0x33, 0xb5, 0x33,
    0xd6, 0x3b, 0x95, 0x33, 0x74, 0x2b, 0x54, 0x2b, 0x95, 0x33, 0x95, 0x33,
    0x96, 0x3b, 0xf7, 0x3b, 0x95, 0x2b, 0xb6, 0x2b, 0xb6, 0x2b, 0x75, 0x2b,
    0x95, 0x33, 0xf7, 0x3b, 0xd7, 0x3b, 0x95, 0x33, 0x54, 0x2b, 0xd6, 0x3b,
    0xb6, 0x33, 0xd6, 0x3b, 0xb6, 0x33, 0x74, 0x23, 0xf7, 0x33, 0xf7, 0x3b,
    0x75, 0x33, 0x96, 0x3b, 0xd6, 0x3b, 0xd6, 0x3b, 0xd6, 0x3b, 0xd5, 0x3b,
    0x95, 0x33, 0x94, 0x2b, 0xb5, 0x2b, 0xf6, 0x3b, 0xd6, 0x3b, 0x95, 0x33,
    0x95, 0x33, 0x95, 0x3b, 0xb6, 0x3b, 0x95, 0x33, 0xd6, 0x43, 0xd6, 0x43,
    0x95, 0x3b, 0xb6, 0x3b, 0xd6, 0x3b, 0xf7, 0x3b, 0x96, 0x33, 0x55, 0x2b,
    0x76, 0x33, 0x96, 0x33, 0x96, 0x33, 0xb6, 0x33, 0xd6, 0x3b, 0xd6, 0x43,
    0xb5, 0x3b, 0x74, 0x33, 0xd6, 0x3b, 0x94, 0x33, 0x54, 0x2b, 0x54, 0x2b,
    0xd5, 0x33, 0xd6, 0x3b, 0xb5, 0x33, 0x54, 0x2b, 0xb5, 0x33, 0xb5, 0x33,
    0xb6, 0x33, 0xb6, 0x33, 0xb6, 0x33, 0x96, 0x33, 0xb6, 0x33, 0xb5, 0x3b,
    0x95, 0x3b, 0xb6, 0x4b, 0x95, 0x3b, 0xb6, 0x3b, 0x55, 0x2b, 0x17, 0x44,
    0xd6, 0x3b, 0x54, 0x33, 0x73, 0x3b, 0x91, 0x4b, 0x78, 0x95, 0xff, 0xf7,
    0xff, 0xff, 0xff, 0xff, 0xff, 0xff, 0xff, 0xff, 0xff, 0xff, 0xff, 0xff,
    0xff, 0xf7, 0xff, 0xf7, 0x1f, 0xcf, 0xd2, 0x53, 0x92, 0x43, 0x93, 0x43,
    0x73, 0x3b, 0xb4, 0x43, 0xd4, 0x43, 0x94, 0x3b, 0x94, 0x3b, 0x94, 0x43,
    0x74, 0x3b, 0xb5, 0x3b, 0xd5, 0x43, 0x94, 0x3b, 0x53, 0x3b, 0x94, 0x3b,
    0x94, 0x43, 0x94, 0x43, 0x94, 0x43, 0x94, 0x43, 0x73, 0x3b, 0x73, 0x43,
    0xb5, 0x43, 0xb5, 0x43, 0x74, 0x33, 0x74, 0x33, 0xd6, 0x43, 0xb4, 0x3b,
    0x94, 0x33, 0x74, 0x3b, 0x74, 0x3b, 0x95, 0x43, 0x95, 0x43, 0x95, 0x3b,
    0x95, 0x3b, 0x94, 0x3b, 0xb5, 0x3b, 0xb5, 0x3b, 0xb5, 0x3b, 0x73, 0x33,
    0xd5, 0x4b, 0x53, 0x3b, 0x94, 0x43, 0x94, 0x3b, 0x74, 0x33, 0xd5, 0x43,
    0x94, 0x3b, 0xb5, 0x3b, 0x74, 0x33, 0xd6, 0x43, 0x75, 0x3b, 0x95, 0x3b,
    0x95, 0x43, 0x95, 0x43, 0x94, 0x43, 0x74, 0x3b, 0x74, 0x3b, 0x94, 0x43,
    0xb5, 0x4b, 0x94, 0x43, 0x94, 0x43, 0x94, 0x43, 0x94, 0x3b, 0x94, 0x3b,
    0x94, 0x3b, 0xb5, 0x3b, 0xd5, 0x3b, 0x74, 0x33, 0xb5, 0x3b, 0xb4, 0x3b,
    0x94, 0x3b, 0xd5, 0x43, 0x94, 0x43, 0x74, 0x3b, 0x94, 0x3b, 0xb4, 0x3b,
    0xb4, 0x3b, 0xd5, 0x3b, 0xb5, 0x3b, 0xb4, 0x3b, 0x95, 0x3b, 0x95, 0x3b,
    0x95, 0x3b, 0x75, 0x3b, 0xd6, 0x43, 0x74, 0x33, 0x94, 0x3b, 0xd5, 0x43,
    0xb4, 0x3b, 0xd5, 0x3b, 0x53, 0x33, 0x74, 0x3b, 0x95, 0x43, 0xb5, 0x43,
    0x53, 0x3b, 0x73, 0x3b, 0x94, 0x3b, 0x93, 0x3b, 0xd4, 0x3b, 0xb3, 0x3b,
    0xb4, 0x3b, 0x52, 0x33, 0xd4, 0x43, 0x74, 0x3b, 0x95, 0x43, 0x74, 0x3b,
    0x74, 0x43, 0x53, 0x3b, 0xb4, 0x43, 0x94, 0x43, 0xb4, 0x43, 0x53, 0x33,
    0xd5, 0x43, 0xb5, 0x3b, 0x95, 0x3b, 0x95, 0x3b, 0xb5, 0x3b, 0xb5, 0x3b,
    0x74, 0x3b, 0x74, 0x3b, 0x94, 0x3b, 0x94, 0x43, 0x94, 0x3b, 0x94, 0x3b,
    0xb4, 0x3b, 0xf5, 0x43, 0x94, 0x3b, 0xb4, 0x3b, 0x53, 0x33, 0xb4, 0x43,
    0xb5, 0x43, 0xb4, 0x3b, 0x94, 0x3b, 0x94, 0x3b, 0xb5, 0x3b, 0x94, 0x3b,
    0x73, 0x3b, 0x94, 0x3b, 0xb4, 0x43, 0x73, 0x43, 0x93, 0x43, 0x74, 0x3b,
    0xb5, 0x43, 0x33, 0x2b, 0x95, 0x3b, 0x94, 0x3b, 0xd4, 0x4b, 0x52, 0x43,
    0x71, 0x53, 0x77, 0x95, 0xff, 0xf7, 0xff, 0xff, 0xff, 0xff, 0xff, 0xff,
    0xff, 0xff, 0xff, 0xff, 0xff, 0xff, 0xff, 0xff, 0xff, 0xf7, 0xdd, 0xc6,
    0x37, 0x8d, 0x13, 0x64, 0x55, 0x64, 0x55, 0x64, 0x55, 0x64, 0x35, 0x64,
    0x35, 0x64, 0x35, 0x5c, 0x35, 0x64, 0x35, 0x5c, 0x36, 0x5c, 0x36, 0x5c,
    0x35, 0x5c, 0x15, 0x5c, 0xf4, 0x5b, 0xf4, 0x5b, 0xf3, 0x5b, 0xf3, 0x5b,
    0xf3, 0x5b, 0xf3, 0x5b, 0xd4, 0x5b, 0xd4, 0x53, 0xd4, 0x53, 0xf4, 0x53,
    0xd4, 0x4b, 0xd4, 0x4b, 0xd4, 0x4b, 0xd3, 0x4b, 0xb3, 0x4b, 0xb3, 0x4b,
    0x93, 0x4b, 0xb3, 0x4b, 0xb3, 0x4b, 0xb3, 0x4b, 0xb3, 0x43, 0xb3, 0x43,
    0xb3, 0x4b, 0xb3, 0x4b, 0xb3, 0x4b, 0xb2, 0x4b, 0x92, 0x53, 0x93, 0x53,
    0xb3, 0x4b, 0xb3, 0x4b, 0xb3, 0x4b, 0xb3, 0x4b, 0x93, 0x4b, 0x93, 0x4b,
    0x93, 0x4b, 0x93, 0x4b, 0xb3, 0x4b, 0xb3, 0x4b, 0xb3, 0x4b, 0x93, 0x53,
    0x93, 0x4b, 0xb2, 0x4b, 0xb3, 0x53, 0xb2, 0x53, 0x92, 0x53, 0x92, 0x53,
    0xb2, 0x53, 0xb3, 0x4b, 0xb3, 0x4b, 0x93, 0x4b, 0xb3, 0x43, 0xb3, 0x43,
    0xb3, 0x4b, 0xb3, 0x43, 0xb3, 0x4b, 0xb3, 0x4b, 0xb3, 0x4b, 0x93, 0x53,
    0x93, 0x53, 0x92, 0x4b, 0xb2, 0x4b, 0xb3, 0x4b, 0xb3, 0x4b, 0xb3, 0x4b,
    0x93, 0x4b, 0x93, 0x4b, 0x93, 0x4b, 0x94, 0x4b, 0x93, 0x4b, 0x94, 0x4b,
    0x94, 0x4b, 0xb3, 0x4b, 0xb3, 0x4b, 0xb3, 0x4b, 0xb3, 0x4b, 0xb3, 0x4b,
    0xb4, 0x4b, 0x94, 0x4b, 0x93, 0x53, 0x93, 0x4b, 0xb3, 0x4b, 0xb3, 0x4b,
    0xb2, 0x4b, 0xb2, 0x4b, 0xb2, 0x4b, 0xb2, 0x4b, 0xb2, 0x4b, 0x93, 0x4b,
    0x93, 0x53, 0x93, 0x4b, 0x94, 0x4b, 0x93, 0x53, 0xb3, 0x53, 0x92, 0x53,
    0xb3, 0x53, 0xb3, 0x4b, 0xb3, 0x4b, 0xb3, 0x4b, 0xb3, 0x4b, 0xb3, 0x4b,
    0xb3, 0x4b, 0xb3, 0x4b, 0xb3, 0x4b, 0xb3, 0x4b, 0xb3, 0x4b, 0xb3, 0x4b,
    0xb3, 0x4b, 0xb3, 0x4b, 0xb3, 0x4b, 0xb3, 0x4b, 0xb3, 0x4b, 0xb3, 0x4b,
    0xb3, 0x4b, 0xb3, 0x4b, 0xb3, 0x4b, 0xb3, 0x4b, 0xb3, 0x4b, 0xb3, 0x4b,
    0xb3, 0x53, 0xd3, 0x53, 0xd3, 0x53, 0xd4, 0x53, 0xd4, 0x53, 0xd4, 0x53,
    0xb3, 0x53, 0xd3, 0x5b, 0xf4, 0x53, 0x14, 0x54, 0x36, 0x5c, 0x56, 0x5c,
    0x56, 0x5c, 0x55, 0x64, 0x34, 0x6c, 0x17, 0x8d, 0x7b, 0xc6, 0x9f, 0xef,
    0xff, 0xff, 0xff, 0xff, 0xff, 0xff, 0xff, 0xff, 0xff, 0xff, 0xff, 0xff,
    0xff, 0xff, 0xff, 0xff, 0xff, 0xf7, 0xbf, 0xef, 0x9f, 0xdf, 0xbf, 0xdf,
    0xbf, 0xdf, 0xbf, 0xdf, 0xbf, 0xd7, 0xbf, 0xdf, 0xbf, 0xdf, 0x9f, 0xd7,
    0xbf, 0xd7, 0x5f, 0xcf, 0x5f, 0xcf, 0x5f, 0xcf, 0x5f, 0xcf, 0x5f, 0xd7,
    0x3f, 0xd7, 0x3f, 0xd7, 0x3f, 0xd7, 0xfe, 0xce, 0xfe, 0xce, 0xfe, 0xce,
    0xfe, 0xc6, 0xff, 0xc6, 0xff, 0xc6, 0xff, 0xbe, 0xff, 0xbe, 0xde, 0xbe,
    0xde, 0xbe, 0xde, 0xbe, 0xde, 0xbe, 0xbe, 0xbe, 0xbe, 0xbe, 0xbe, 0xbe,
    0xbe, 0xbe, 0xde, 0xbe, 0xfe, 0xbe, 0xfd, 0xb6, 0xdd, 0xbe, 0xde, 0xbe,
    0xdd, 0xbe, 0xbd, 0xc6, 0xbe, 0xc6, 0xdd, 0xbe, 0xde, 0xbe, 0xde, 0xb6,
    0xde, 0xbe, 0xde, 0xbe, 0xde, 0xbe, 0xde, 0xbe, 0xde, 0xbe, 0xde, 0xc6,
    0xde, 0xc6, 0xde, 0xc6, 0xde, 0xc6, 0xde, 0xc6, 0xde, 0xc6, 0xdd, 0xbe,
    0xdd, 0xc6, 0xdd, 0xc6, 0xdd, 0xc6, 0xdd, 0xc6, 0xdd, 0xc6, 0xde, 0xc6,
    0xdd, 0xbe, 0xde, 0xbe, 0xde, 0xbe, 0xfe, 0xbe, 0xfe, 0xbe, 0xdf, 0xbe,
    0xde, 0xbe, 0xde, 0xbe, 0xde, 0xc6, 0xde, 0xc6, 0xde, 0xc6, 0xdd, 0xbe,
    0xdd, 0xbe, 0xde, 0xc6, 0xde, 0xbe, 0xde, 0xc6, 0xde, 0xc6, 0xdf, 0xc6,
    0xde, 0xc6, 0xdf, 0xc6, 0xde, 0xc6, 0xbe, 0xc6, 0xde, 0xc6, 0xde, 0xbe,
    0xde, 0xbe, 0xde, 0xbe, 0xde, 0xc6, 0xdf, 0xc6, 0xdf, 0xc6, 0xdf, 0xc6,
    0xde, 0xc6, 0xde, 0xc6, 0xde, 0xc6, 0xfd, 0xc6, 0xdd, 0xc6, 0xdd, 0xbe,
    0xdd, 0xc6, 0xde, 0xc6, 0xde, 0xc6, 0xde, 0xc6, 0xbf, 0xc6, 0xdf, 0xc6,
    0xbf, 0xbe, 0xde, 0xc6, 0xdd, 0xc6, 0xdd, 0xc6, 0xde, 0xc6, 0xde, 0xc6,
    0xdd, 0xbe, 0xde, 0xbe, 0xfe, 0xc6, 0xfe, 0xbe, 0xde, 0xbe, 0xde, 0xc6,
    0xfe, 0xbe, 0xfe, 0xbe, 0xde, 0xbe, 0xfe, 0xc6, 0xde, 0xbe, 0xde, 0xbe,
    0xde, 0xbe, 0xde, 0xbe, 0xde, 0xbe, 0xde, 0xbe, 0xde, 0xbe, 0xde, 0xbe,
    0xde, 0xbe, 0xde, 0xc6, 0xde, 0xc6, 0xde, 0xc6, 0xde, 0xc6, 0xde, 0xc6,
    0xff, 0xc6, 0xff, 0xc6, 0xfe, 0xc6, 0x5f, 0xd7, 0x5f, 0xd7, 0x7f, 0xd7,
    0x7f, 0xcf, 0x9f, 0xcf, 0x9f, 0xd7, 0x9f, 0xd7, 0x9f, 0xdf, 0xbf, 0xe7,
    0xdf, 0xef, 0xff, 0xff, 0xff, 0xff, 0xff, 0xff, 0xdf, 0xff, 0xff, 0xff,
    0xff, 0xff, 0xff, 0xff, 0xff, 0xff, 0xff, 0xff, 0xff, 0xff, 0xff, 0xff,
    0xff, 0xf7, 0xff, 0xf7, 0xff, 0xf7, 0xff, 0xf7, 0xff, 0xf7, 0xff, 0xf7,
    0xff, 0xf7, 0xff, 0xf7, 0xff, 0xf7, 0xff, 0xf7, 0xff, 0xf7, 0xff, 0xf7,
    0xff, 0xf7, 0xff, 0xf7, 0xff, 0xf7, 0xff, 0xff, 0xff, 0xff, 0xff, 0xff,
    0xff, 0xff, 0xff, 0xff, 0xff, 0xff, 0xff, 0xff, 0xff, 0xf7, 0xff, 0xf7,
    0xff, 0xf7, 0xff, 0xf7, 0xff, 0xf7, 0xff, 0xf7, 0xff, 0xf7, 0xff, 0xf7,
    0xff, 0xff, 0xff, 0xff, 0xff, 0xf7, 0xff, 0xf7, 0xff, 0xf7, 0xff, 0xef,
    0xff, 0xef, 0xff, 0xf7, 0xff, 0xf7, 0xff, 0xf7, 0xff, 0xff, 0xff, 0xf7,
    0xff, 0xf7, 0xff, 0xef, 0xff, 0xef, 0xff, 0xf7, 0xff, 0xf7, 0xff, 0xf7,
    0xff, 0xf7, 0xff, 0xf7, 0xff, 0xf7, 0xff, 0xf7, 0xff, 0xf7, 0xff, 0xf7,
    0xff, 0xf7, 0xff, 0xf7, 0xff, 0xf7, 0xff, 0xf7, 0xff, 0xff, 0xff, 0xff,
    0xff, 0xff, 0xff, 0xff, 0xff, 0xf7, 0xff, 0xf7, 0xff, 0xf7, 0xff, 0xef,
    0xff, 0xef, 0xff, 0xf7, 0xff, 0xf7, 0xff, 0xf7, 0xff, 0xf7, 0xff, 0xf7,
    0xff, 0xff, 0xff, 0xff, 0xff, 0xf7, 0xff, 0xff, 0xff, 0xf7, 0xff, 0xff,
    0xff, 0xff, 0xff, 0xf7, 0xff, 0xff, 0xff, 0xf7, 0xff, 0xff, 0xff, 0xf7,
    0xff, 0xff, 0xff, 0xff, 0xff, 0xf7, 0xff, 0xf7, 0xff, 0xff, 0xff, 0xf7,
    0xff, 0xf7, 0xff, 0xff, 0xff, 0xf7, 0xff, 0xf7, 0xff, 0xff, 0xff, 0xf7,
    0xff, 0xf7, 0xff, 0xf7, 0xff, 0xf7, 0xff, 0xf7, 0xff, 0xf7, 0xff, 0xf7,
    0xff, 0xf7, 0xff, 0xff, 0xff, 0xf7, 0xff, 0xf7, 0xff, 0xff, 0xff, 0xf7,
    0xff, 0xf7, 0xff, 0xf7, 0xff, 0xf7, 0xff, 0xf7, 0xff, 0xf7, 0xff, 0xf7,
    0xff, 0xf7, 0xff, 0xf7, 0xff, 0xf7, 0xff, 0xf7, 0xff, 0xf7, 0xff, 0xf7,
    0xff, 0xf7, 0xff, 0xf7, 0xff, 0xf7, 0xff, 0xf7, 0xff, 0xf7, 0xff, 0xf7,
    0xff, 0xf7, 0xff, 0xf7, 0xff, 0xf7, 0xff, 0xf7, 0xff, 0xf7, 0xff, 0xf7,
    0xff, 0xf7, 0xff, 0xf7, 0xff, 0xf7, 0xff, 0xff, 0xff, 0xff, 0xff, 0xff,
    0xff, 0xf7, 0xff, 0xf7, 0xff, 0xef, 0xff, 0xef, 0xff, 0xef, 0xff, 0xef,
    0xff, 0xef, 0xff, 0xf7, 0xff, 0xff, 0xff, 0xff, 0xff, 0xff, 0xff, 0xff,
    0xdf, 0xff, 0xff, 0xff, 0xff, 0xff, 0xfe, 0xff, 0xff, 0xff, 0xff, 0xff,
    0xff, 0xff, 0xff, 0xff, 0xff, 0xff, 0xdf, 0xff, 0xff, 0xff, 0xff, 0xff,
    0xff, 0xff, 0xff, 0xf7, 0xff, 0xff, 0xff, 0xff, 0xff, 0xff, 0xff, 0xff,
    0xff, 0xff, 0xff, 0xff, 0xff, 0xff, 0xff, 0xff, 0xff, 0xff, 0xff, 0xff,
    0xff, 0xff, 0xff, 0xff, 0xff, 0xff, 0xff, 0xff, 0xff, 0xff, 0xff, 0xff,
    0xff, 0xff, 0xff, 0xff, 0xff, 0xff, 0xff, 0xff, 0xff, 0xf7, 0xff, 0xf7,
    0xff, 0xf7, 0xff, 0xff, 0xff, 0xff, 0xff, 0xff, 0xff, 0xff, 0xff, 0xff,
    0xff, 0xff, 0xff, 0xff, 0xff, 0xf7, 0xff, 0xf7, 0xff, 0xf7, 0xff, 0xf7,
    0xff, 0xff, 0xff, 0xff, 0xff, 0xff, 0xff, 0xf7, 0xff, 0xf7, 0xff, 0xff,
    0xff, 0xf7, 0xff, 0xf7, 0xff, 0xff, 0xff, 0xff, 0xff, 0xff, 0xff, 0xff,
    0xff, 0xff, 0xff, 0xff, 0xff, 0xff, 0xff, 0xf7, 0xff, 0xff, 0xff, 0xf7,
    0xff, 0xff, 0xff, 0xff, 0xff, 0xff, 0xff, 0xff, 0xff, 0xff, 0xff, 0xf7,
    0xff, 0xf7, 0xff, 0xf7, 0xff, 0xf7, 0xff, 0xf7, 0xff, 0xf7, 0xff, 0xff,
    0xff, 0xff, 0xff, 0xff, 0xff, 0xff, 0xff, 0xff, 0xff, 0xff, 0xff, 0xff,
    0xff, 0xff, 0xff, 0xff, 0xff, 0xff, 0xff, 0xff, 0xff, 0xff, 0xff, 0xff,
    0xff, 0xff, 0xff, 0xff, 0xff, 0xff, 0xff, 0xff, 0xff, 0xff, 0xff, 0xff,
    0xff, 0xff, 0xff, 0xff, 0xff, 0xff, 0xff, 0xff, 0xff, 0xff, 0xff, 0xff,
    0xff, 0xff, 0xff, 0xff, 0xff, 0xff, 0xff, 0xff, 0xff, 0xff, 0xff, 0xff,
    0xff, 0xff, 0xff, 0xff, 0xff, 0xff, 0xff, 0xff, 0xff, 0xff, 0xff, 0xff,
    0xff, 0xff, 0xff, 0xff, 0xff, 0xff, 0xff, 0xff, 0xff, 0xff, 0xff, 0xff,
    0xff, 0xff, 0xff, 0xff, 0xff, 0xff, 0xff, 0xff, 0xff, 0xff, 0xff, 0xff,
    0xff, 0xff, 0xff, 0xff, 0xff, 0xff, 0xff, 0xff, 0xff, 0xff, 0xff, 0xff,
    0xff, 0xf7, 0xff, 0xff, 0xff, 0xff, 0xff, 0xff, 0xff, 0xff, 0xff, 0xff,
    0xff, 0xff, 0xff, 0xff, 0xff, 0xff, 0xff, 0xff, 0xff, 0xff, 0xff, 0xff,
    0xff, 0xff, 0xff, 0xff, 0xff, 0xff, 0xff, 0xff, 0xff, 0xff, 0xff, 0xff,
    0xff, 0xff, 0xff, 0xff, 0xff, 0xf7, 0xff, 0xff, 0xff, 0xff, 0xdf, 0xf7,
    0xdf, 0xff, 0xff, 0xff, 0xff, 0xff, 0xff, 0xff, 0xff, 0xff, 0xff, 0xff,
    0xff, 0xff, 0xff, 0xff, 0xff, 0xff, 0xde, 0xff, 0xff, 0xff, 0xff, 0xff,
    0xff, 0xff, 0xff, 0xff, 0xff, 0xff, 0xff, 0xff, 0xff, 0xff, 0xff, 0xff,
    0xff, 0xff, 0xff, 0xff, 0xff, 0xff, 0xff, 0xff, 0xff, 0xff, 0xff, 0xff,
    0xff, 0xff, 0xff, 0xff, 0xff, 0xff, 0xff, 0xff, 0xff, 0xff, 0xff, 0xff,
    0xff, 0xff, 0xff, 0xff, 0xff, 0xff, 0xff, 0xff, 0xff, 0xff, 0xff, 0xff,
    0xff, 0xff, 0xff, 0xff, 0xff, 0xff, 0xff, 0xff, 0xff, 0xff, 0xff, 0xff,
    0xff, 0xff, 0xff, 0xff, 0xff, 0xff, 0xff, 0xff, 0xff, 0xff, 0xff, 0xff,
    0xff, 0xff, 0xff, 0xff, 0xff, 0xff, 0xff, 0xff, 0xff, 0xff, 0xff, 0xff,
    0xff, 0xff, 0xff, 0xff, 0xff, 0xff, 0xff, 0xff, 0xff, 0xff, 0xff, 0xff,
    0xff, 0xff, 0xff, 0xff, 0xff, 0xff, 0xff, 0xff, 0xff, 0xff, 0xff, 0xff,
    0xff, 0xff, 0xff, 0xff, 0xff, 0xff, 0xff, 0xff, 0xff, 0xff, 0xff, 0xff,
    0xff, 0xff, 0xff, 0xff, 0xff, 0xff, 0xff, 0xff, 0xff, 0xff, 0xff, 0xff,
    0xff, 0xff, 0xff, 0xff, 0xff, 0xff, 0xff, 0xff, 0xff, 0xff, 0xff, 0xff,
    0xff, 0xff, 0xff, 0xff, 0xff, 0xff, 0xff, 0xff, 0xff, 0xff, 0xff, 0xff,
    0xff, 0xff, 0xff, 0xff, 0xff, 0xff, 0xff, 0xff, 0xff, 0xff, 0xff, 0xff,
    0xff, 0xff, 0xff, 0xff, 0xff, 0xff, 0xff, 0xff, 0xff, 0xff, 0xff, 0xff,
    0xff, 0xff, 0xff, 0xff, 0xff, 0xff, 0xff, 0xff, 0xff, 0xff, 0xff, 0xff,
    0xff, 0xff, 0xff, 0xff, 0xff, 0xff, 0xff, 0xff, 0xff, 0xff, 0xff, 0xff,
    0xff, 0xff, 0xff, 0xff, 0xff, 0xff, 0xff, 0xff, 0xff, 0xff, 0xff, 0xff,
    0xff, 0xff, 0xff, 0xff, 0xff, 0xff, 0xff, 0xff, 0xff, 0xff, 0xff, 0xff,
    0xff, 0xff, 0xff, 0xff, 0xff, 0xff, 0xff, 0xff, 0xff, 0xff, 0xff, 0xff,
    0xff, 0xff, 0xff, 0xff, 0xff, 0xff, 0xff, 0xff, 0xff, 0xff, 0xff, 0xff,
    0xff, 0xff, 0xff, 0xff, 0xff, 0xff, 0xff, 0xff, 0xff, 0xff, 0xff, 0xff,
    0xff, 0xff, 0xff, 0xff, 0xff, 0xff, 0xff, 0xff, 0xff, 0xff, 0xff, 0xff,
    0xdf, 0xff, 0xff, 0xff, 0xff, 0xff, 0xff, 0xff, 0xff, 0xff, 0xff, 0xf7,
    0xff, 0xff, 0xff, 0xff, 0xff, 0xff, 0xff, 0xff, 0xff, 0xff, 0xff, 0xff,
    0xff, 0xff, 0xff, 0xff, 0xff, 0xff, 0xff, 0xff, 0xff, 0xff, 0xff, 0xff,
    0xff, 0xff, 0xff, 0xff, 0xff, 0xff, 0xdf, 0xff, 0xff, 0xff, 0xff, 0xff,
    0xff, 0xff, 0xff, 0xff, 0xff, 0xff, 0xff, 0xff, 0xff, 0xff, 0xff, 0xff,
    0xff, 0xff, 0xff, 0xff, 0xdf, 0xff, 0xff, 0xff, 0xff, 0xff, 0xff, 0xff,
    0xff, 0xff, 0xff, 0xff, 0xff, 0xff, 0xff, 0xff, 0xff, 0xff, 0xff, 0xff,
    0xff, 0xff, 0xff, 0xff, 0xff, 0xff, 0xff, 0xff, 0xff, 0xff, 0xff, 0xff,
    0xff, 0xff, 0xff, 0xff, 0xff, 0xff, 0xff, 0xff, 0xff, 0xff, 0xff, 0xff,
    0xff, 0xff, 0xff, 0xff, 0xff, 0xff, 0xff, 0xff, 0xff, 0xff, 0xff, 0xff,
    0xff, 0xff, 0xff, 0xff, 0xff, 0xff, 0xff, 0xff, 0xff, 0xff, 0xff, 0xff,
    0xff, 0xff, 0xff, 0xff, 0xff, 0xff, 0xff, 0xff, 0xff, 0xff, 0xff, 0xff,
    0xff, 0xff, 0xff, 0xff, 0xff, 0xff, 0xff, 0xff, 0xff, 0xff, 0xff, 0xff,
    0xff, 0xff, 0xff, 0xff, 0xff, 0xff, 0xff, 0xff, 0xff, 0xff, 0xff, 0xff,
    0xff, 0xff, 0xff, 0xff, 0xff, 0xff, 0xff, 0xff, 0xff, 0xff, 0xff, 0xff,
    0xff, 0xff, 0xff, 0xff, 0xff, 0xff, 0xff, 0xff, 0xff, 0xff, 0xff, 0xff,
    0xff, 0xff, 0xff, 0xff, 0xff, 0xff, 0xff, 0xff, 0xff, 0xff, 0xff, 0xff,
    0xff, 0xff, 0xff, 0xff, 0xff, 0xff, 0xff, 0xff, 0xff, 0xff, 0xff, 0xff,
    0xff, 0xff, 0xff, 0xff, 0xff, 0xff, 0xff, 0xff, 0xff, 0xff, 0xff, 0xff,
    0xff, 0xff, 0xff, 0xff, 0xff, 0xff, 0xff, 0xff, 0xff, 0xff, 0xff, 0xff,
    0xff, 0xff, 0xff, 0xff, 0xff, 0xff, 0xff, 0xff, 0xff, 0xff, 0xff, 0xff,
    0xff, 0xff, 0xff, 0xff, 0xff, 0xff, 0xff, 0xff, 0xff, 0xff, 0xff, 0xff,
    0xff, 0xff, 0xff, 0xff, 0xff, 0xff, 0xff, 0xff, 0xff, 0xff, 0xff, 0xff,
    0xff, 0xff, 0xff, 0xff, 0xff, 0xff, 0xff, 0xff, 0xff, 0xff, 0xff, 0xff,
    0xff, 0xff, 0xff, 0xff, 0xff, 0xff, 0xff, 0xff, 0xff, 0xff, 0xff, 0xff,
    0xff, 0xff, 0xff, 0xff, 0xff, 0xff, 0xff, 0xff, 0xff, 0xff, 0xff, 0xff,
    0xff, 0xff, 0xff, 0xff, 0xff, 0xff, 0xff, 0xff, 0xff, 0xff, 0xff, 0xff,
    0xff, 0xff, 0xff, 0xff, 0xff, 0xff, 0xff, 0xff, 0xff, 0xff, 0xde, 0xff,
    0xde, 0xff, 0xde, 0xff, 0xde, 0xff, 0xff, 0xff, 0xff, 0xff, 0xff, 0xff,
    0xff, 0xff, 0xff, 0xff, 0xff, 0xff, 0xff, 0xff, 0xff, 0xff, 0xff, 0xff,
    0xff, 0xff, 0xff, 0xff, 0xff, 0xff, 0xff, 0xff, 0xff, 0xff, 0xff, 0xff,
    0xff, 0xff, 0xff, 0xff, 0xff, 0xff, 0xff, 0xff, 0xff, 0xff, 0xff, 0xff,
    0xff, 0xff, 0xff, 0xff, 0xff, 0xff, 0xff, 0xff, 0xff, 0xff, 0xff, 0xff,
    0xff, 0xff, 0xff, 0xff, 0xff, 0xff, 0xff, 0xff, 0xff, 0xff, 0xff, 0xff,
    0xff, 0xff, 0xff, 0xff, 0xff, 0xff, 0xff, 0xff, 0xff, 0xff, 0xff, 0xff,
    0xff, 0xff, 0xff, 0xff, 0xff, 0xff, 0xff, 0xff, 0xff, 0xff, 0xff, 0xff,
    0xff, 0xff, 0xff, 0xff, 0xff, 0xff, 0xff, 0xff, 0xff, 0xff, 0xff, 0xff,
    0xff, 0xff, 0xff, 0xff, 0xff, 0xff, 0xff, 0xff, 0xff, 0xff, 0xff, 0xff,
    0xff, 0xff, 0xff, 0xff, 0xff, 0xff, 0xff, 0xff, 0xff, 0xff, 0xff, 0xff,
    0xff, 0xff, 0xff, 0xff, 0xff, 0xff, 0xff, 0xff, 0xff, 0xff, 0xff, 0xff,
    0xff, 0xff, 0xff, 0xff, 0xff, 0xff, 0xff, 0xff, 0xff, 0xff, 0xff, 0xff,
    0xff, 0xff, 0xff, 0xff, 0xff, 0xff, 0xff, 0xff, 0xff, 0xff, 0xff, 0xff,
    0xff, 0xff, 0xff, 0xff, 0xff, 0xff, 0xff, 0xff, 0xff, 0xff, 0xff, 0xff,
    0xff, 0xff, 0xff, 0xff, 0xff, 0xff, 0xff, 0xff, 0xff, 0xff, 0xff, 0xff,
    0xff, 0xff, 0xff, 0xff, 0xff, 0xff, 0xff, 0xff, 0xff, 0xff, 0xff, 0xff,
    0xff, 0xff, 0xff, 0xff, 0xff, 0xff, 0xff, 0xff, 0xff, 0xff, 0xff, 0xff,
    0xff, 0xff, 0xff, 0xff, 0xff, 0xff, 0xff, 0xff, 0xff, 0xff, 0xff, 0xff,
    0xff, 0xff, 0xff, 0xff, 0xfe, 0xff, 0xff, 0xff, 0xff, 0xff, 0xff, 0xff,
    0xff, 0xff, 0xff, 0xff, 0xff, 0xff, 0xff, 0xff, 0xff, 0xff, 0xff, 0xff,
    0xff, 0xff, 0xff, 0xff, 0xff, 0xff, 0xff, 0xff, 0xff, 0xff, 0xff, 0xff,
    0xff, 0xff, 0xff, 0xff, 0xff, 0xff, 0xff, 0xff, 0xff, 0xff, 0xff, 0xff,
    0xff, 0xff, 0xff, 0xff, 0xff, 0xff, 0xff, 0xff, 0xff, 0xff, 0xff, 0xff,
    0xff, 0xff, 0xff, 0xff, 0xff, 0xff, 0xff, 0xff, 0xff, 0xff, 0xff, 0xff,
    0xff, 0xff, 0xff, 0xff, 0xff, 0xff, 0xff, 0xff, 0xff, 0xff, 0xff, 0xff,
    0xff, 0xff, 0xff, 0xff, 0xff, 0xff, 0xff, 0xff, 0xfe, 0xff, 0xfe, 0xff,
    0xff, 0xff, 0xff, 0xff, 0xff, 0xff
};
